ID,Condition,MajorityOrder,NounPosition,markerNum,markerCase,Phase,Meaning,NounItem,Noun,binaryResp,InputSentence,Selection,TypedResponse,SpokenResponse,AnswerQuest,Trial,date&time
5511,extrapolation,unmarked,initial,gu,ti,Noun_Training,burglar,NA,NA,,tumbat,NA,NA,,NA,1,Mon Jun 18 11:35:38 2018
5511,extrapolation,unmarked,initial,gu,ti,Noun_Training,burglar,NA,NA,,tumbat,NA,NA,,NA,2,Mon Jun 18 11:35:42 2018
5511,extrapolation,unmarked,initial,gu,ti,Noun_Training,cowboy,NA,NA,,nork,NA,NA,,NA,3,Mon Jun 18 11:35:47 2018
5511,extrapolation,unmarked,initial,gu,ti,Noun_Training,chef,NA,NA,,negid,NA,NA,,NA,4,Mon Jun 18 11:35:52 2018
5511,extrapolation,unmarked,initial,gu,ti,Noun_Training,chef,NA,NA,,negid,NA,NA,,NA,5,Mon Jun 18 11:35:57 2018
5511,extrapolation,unmarked,initial,gu,ti,Noun_Training,waitress,NA,NA,,vaem,NA,NA,,NA,6,Mon Jun 18 11:36:02 2018
5511,extrapolation,unmarked,initial,gu,ti,Noun_Training,chef,NA,NA,,negid,NA,NA,,NA,7,Mon Jun 18 11:36:06 2018
5511,extrapolation,unmarked,initial,gu,ti,Noun_Training,cowboy,NA,NA,,nork,NA,NA,,NA,8,Mon Jun 18 11:36:11 2018
5511,extrapolation,unmarked,initial,gu,ti,Noun_Training,waitress,NA,NA,,vaem,NA,NA,,NA,9,Mon Jun 18 11:36:16 2018
5511,extrapolation,unmarked,initial,gu,ti,Noun_Training,burglar,NA,NA,,tumbat,NA,NA,,NA,10,Mon Jun 18 11:36:21 2018
5511,extrapolation,unmarked,initial,gu,ti,Noun_Training,chef,NA,NA,,negid,NA,NA,,NA,11,Mon Jun 18 11:36:26 2018
5511,extrapolation,unmarked,initial,gu,ti,Noun_Training,burglar,NA,NA,,tumbat,NA,NA,,NA,12,Mon Jun 18 11:36:31 2018
5511,extrapolation,unmarked,initial,gu,ti,Noun_Training,chef,NA,NA,,negid,NA,NA,,NA,13,Mon Jun 18 11:36:35 2018
5511,extrapolation,unmarked,initial,gu,ti,Noun_Training,cowboy,NA,NA,,nork,NA,NA,,NA,14,Mon Jun 18 11:36:40 2018
5511,extrapolation,unmarked,initial,gu,ti,Noun_Training,waitress,NA,NA,,vaem,NA,NA,,NA,15,Mon Jun 18 11:36:45 2018
5511,extrapolation,unmarked,initial,gu,ti,Noun_Training,cowboy,NA,NA,,nork,NA,NA,,NA,16,Mon Jun 18 11:36:50 2018
5511,extrapolation,unmarked,initial,gu,ti,Noun_Training,waitress,NA,NA,,vaem,NA,NA,,NA,17,Mon Jun 18 11:36:55 2018
5511,extrapolation,unmarked,initial,gu,ti,Noun_Training,waitress,NA,NA,,vaem,NA,NA,,NA,18,Mon Jun 18 11:37:00 2018
5511,extrapolation,unmarked,initial,gu,ti,Noun_Training,burglar,NA,NA,,tumbat,NA,NA,,NA,19,Mon Jun 18 11:37:05 2018
5511,extrapolation,unmarked,initial,gu,ti,Noun_Training,waitress,NA,NA,,vaem,NA,NA,,NA,20,Mon Jun 18 11:37:09 2018
5511,extrapolation,unmarked,initial,gu,ti,Noun_Training,cowboy,NA,NA,,nork,NA,NA,,NA,21,Mon Jun 18 11:37:14 2018
5511,extrapolation,unmarked,initial,gu,ti,Noun_Training,burglar,NA,NA,,tumbat,NA,NA,,NA,22,Mon Jun 18 11:37:19 2018
5511,extrapolation,unmarked,initial,gu,ti,Noun_Training,cowboy,NA,NA,,nork,NA,NA,,NA,23,Mon Jun 18 11:37:24 2018
5511,extrapolation,unmarked,initial,gu,ti,Noun_Training,chef,NA,NA,,negid,NA,NA,,NA,24,Mon Jun 18 11:37:29 2018
5511,extrapolation,unmarked,initial,gu,ti,Noun_Selection,waitress,NA,NA,,vaem,correct,NA,,NA,25,Mon Jun 18 11:37:51 2018
5511,extrapolation,unmarked,initial,gu,ti,Noun_Selection,cowboy,NA,NA,,nork,correct,NA,,NA,26,Mon Jun 18 11:37:56 2018
5511,extrapolation,unmarked,initial,gu,ti,Noun_Selection,waitress,NA,NA,,vaem,correct,NA,,NA,27,Mon Jun 18 11:37:59 2018
5511,extrapolation,unmarked,initial,gu,ti,Noun_Selection,burglar,NA,NA,,tumbat,correct,NA,,NA,28,Mon Jun 18 11:38:03 2018
5511,extrapolation,unmarked,initial,gu,ti,Noun_Selection,chef,NA,NA,,negid,wrong,NA,,NA,29,Mon Jun 18 11:38:10 2018
5511,extrapolation,unmarked,initial,gu,ti,Noun_Selection,cowboy,NA,NA,,nork,correct,NA,,NA,30,Mon Jun 18 11:38:14 2018
5511,extrapolation,unmarked,initial,gu,ti,Noun_Selection,waitress,NA,NA,,vaem,correct,NA,,NA,31,Mon Jun 18 11:38:17 2018
5511,extrapolation,unmarked,initial,gu,ti,Noun_Selection,burglar,NA,NA,,tumbat,correct,NA,,NA,32,Mon Jun 18 11:38:21 2018
5511,extrapolation,unmarked,initial,gu,ti,Noun_Selection,cowboy,NA,NA,,nork,wrong,NA,,NA,33,Mon Jun 18 11:38:26 2018
5511,extrapolation,unmarked,initial,gu,ti,Noun_Selection,burglar,NA,NA,,tumbat,correct,NA,,NA,34,Mon Jun 18 11:38:30 2018
5511,extrapolation,unmarked,initial,gu,ti,Noun_Selection,chef,NA,NA,,negid,correct,NA,,NA,35,Mon Jun 18 11:38:33 2018
5511,extrapolation,unmarked,initial,gu,ti,Noun_Selection,chef,NA,NA,,negid,correct,NA,,NA,36,Mon Jun 18 11:38:36 2018
5511,extrapolation,unmarked,initial,gu,ti,Noun_Testing,cowboy,NA,NA,,nork,NA,NA,negid,NA,37,Mon Jun 18 11:39:00 2018
5511,extrapolation,unmarked,initial,gu,ti,Noun_Testing,burglar,NA,NA,,tumbat,NA,NA,tumbat,NA,38,Mon Jun 18 11:39:05 2018
5511,extrapolation,unmarked,initial,gu,ti,Noun_Testing,chef,NA,NA,,negid,NA,NA,negid,NA,39,Mon Jun 18 11:39:10 2018
5511,extrapolation,unmarked,initial,gu,ti,Noun_Testing,waitress,NA,NA,,vaem,NA,NA,vaem,NA,40,Mon Jun 18 11:39:14 2018
5511,extrapolation,unmarked,initial,gu,ti,Noun_Testing,chef,NA,NA,,negid,NA,NA,nork,NA,41,Mon Jun 18 11:39:19 2018
5511,extrapolation,unmarked,initial,gu,ti,Noun_Testing,burglar,NA,NA,,tumbat,NA,NA,…,NA,42,Mon Jun 18 11:39:21 2018
5511,extrapolation,unmarked,initial,gu,ti,Noun_Testing,cowboy,NA,NA,,nork,NA,NA,nork,NA,43,Mon Jun 18 11:39:25 2018
5511,extrapolation,unmarked,initial,gu,ti,Noun_Testing,waitress,NA,NA,,vaem,NA,NA,vaem,NA,44,Mon Jun 18 11:39:30 2018
5511,extrapolation,unmarked,initial,gu,ti,Noun_Testing,chef,NA,NA,,negid,NA,NA,negid,NA,45,Mon Jun 18 11:39:35 2018
5511,extrapolation,unmarked,initial,gu,ti,Noun_Testing,cowboy,NA,NA,,nork,NA,NA,nork,NA,46,Mon Jun 18 11:39:40 2018
5511,extrapolation,unmarked,initial,gu,ti,Noun_Testing,waitress,NA,NA,,vaem,NA,NA,vaem,NA,47,Mon Jun 18 11:39:44 2018
5511,extrapolation,unmarked,initial,gu,ti,Noun_Testing,burglar,NA,NA,,tumbat,NA,NA,tumbat,NA,48,Mon Jun 18 11:39:49 2018
5511,extrapolation,unmarked,initial,gu,ti,SimplePhrase_Training,kick_cowboy_sg_burglar_sg,NA,NA,,kikim nork tumbat ti,NA,NA,,NA,49,Mon Jun 18 11:40:32 2018
5511,extrapolation,unmarked,initial,gu,ti,SimplePhrase_Training,point_burglar_pl_cowboy_sg,NA,NA,,poinim tumbat gu nork ti,NA,NA,,NA,50,Mon Jun 18 11:40:39 2018
5511,extrapolation,unmarked,initial,gu,ti,SimplePhrase_Training,point_cowboy_sg_chef_sg,NA,NA,,poinim nork negid ti,NA,NA,,NA,51,Mon Jun 18 11:40:47 2018
5511,extrapolation,unmarked,initial,gu,ti,SimplePhrase_Training,point_waitress_pl_burglar_sg,NA,NA,,poinim vaem gu tumbat ti,NA,NA,,NA,52,Mon Jun 18 11:40:54 2018
5511,extrapolation,unmarked,initial,gu,ti,SimplePhrase_Training,point_cowboy_sg_waitress_sg,NA,NA,,poinim nork vaem ti,NA,NA,,NA,53,Mon Jun 18 11:41:02 2018
5511,extrapolation,unmarked,initial,gu,ti,SimplePhrase_Training,kick_burglar_pl_cowboy_sg,NA,NA,,kikim tumbat gu nork ti,NA,NA,,NA,54,Mon Jun 18 11:41:09 2018
5511,extrapolation,unmarked,initial,gu,ti,SimplePhrase_Training,point_burglar_sg_waitress_sg,NA,NA,,poinim tumbat vaem ti,NA,NA,,NA,55,Mon Jun 18 11:41:17 2018
5511,extrapolation,unmarked,initial,gu,ti,SimplePhrase_Training,punch_burglar_sg_chef_sg,NA,NA,,straikim tumbat negid ti,NA,NA,,NA,56,Mon Jun 18 11:41:24 2018
5511,extrapolation,unmarked,initial,gu,ti,SimplePhrase_Training,kick_burglar_pl_chef_sg,NA,NA,,kikim tumbat gu negid ti,NA,NA,,NA,57,Mon Jun 18 11:41:32 2018
5511,extrapolation,unmarked,initial,gu,ti,SimplePhrase_Training,kick_waitress_pl_chef_sg,NA,NA,,kikim vaem gu negid ti,NA,NA,,NA,58,Mon Jun 18 11:41:39 2018
5511,extrapolation,unmarked,initial,gu,ti,SimplePhrase_Training,point_waitress_sg_cowboy_sg,NA,NA,,poinim vaem nork ti,NA,NA,,NA,59,Mon Jun 18 11:41:47 2018
5511,extrapolation,unmarked,initial,gu,ti,SimplePhrase_Training,punch_chef_pl_waitress_sg,NA,NA,,straikim negid gu vaem ti,NA,NA,,NA,60,Mon Jun 18 11:41:54 2018
5511,extrapolation,unmarked,initial,gu,ti,SimplePhrase_Training,point_chef_sg_burglar_sg,NA,NA,,poinim negid tumbat ti,NA,NA,,NA,61,Mon Jun 18 11:42:02 2018
5511,extrapolation,unmarked,initial,gu,ti,SimplePhrase_Training,waitress,NA,NA,,vaem,NA,NA,,NA,62,Mon Jun 18 11:42:06 2018
5511,extrapolation,unmarked,initial,gu,ti,SimplePhrase_Training,punch_waitress_pl_cowboy_sg,NA,NA,,straikim vaem gu nork ti,NA,NA,,NA,63,Mon Jun 18 11:42:14 2018
5511,extrapolation,unmarked,initial,gu,ti,SimplePhrase_Training,point_chef_pl_cowboy_sg,NA,NA,,poinim negid gu nork ti,NA,NA,,NA,64,Mon Jun 18 11:42:22 2018
5511,extrapolation,unmarked,initial,gu,ti,SimplePhrase_Training,point_waitress_pl_chef_sg,NA,NA,,poinim vaem gu negid ti,NA,NA,,NA,65,Mon Jun 18 11:42:29 2018
5511,extrapolation,unmarked,initial,gu,ti,SimplePhrase_Training,punch_cowboy_pl_waitress_sg,NA,NA,,straikim nork gu vaem ti,NA,NA,,NA,66,Mon Jun 18 11:42:37 2018
5511,extrapolation,unmarked,initial,gu,ti,SimplePhrase_Training,cowboy,NA,NA,,nork,NA,NA,,NA,67,Mon Jun 18 11:42:42 2018
5511,extrapolation,unmarked,initial,gu,ti,SimplePhrase_Training,kick_chef_pl_cowboy_sg,NA,NA,,kikim negid gu nork ti,NA,NA,,NA,68,Mon Jun 18 11:42:49 2018
5511,extrapolation,unmarked,initial,gu,ti,SimplePhrase_Training,kick_cowboy_sg_waitress_sg,NA,NA,,kikim nork vaem ti,NA,NA,,NA,69,Mon Jun 18 11:42:57 2018
5511,extrapolation,unmarked,initial,gu,ti,SimplePhrase_Training,punch_chef_sg_burglar_sg,NA,NA,,straikim negid tumbat ti,NA,NA,,NA,70,Mon Jun 18 11:43:04 2018
5511,extrapolation,unmarked,initial,gu,ti,SimplePhrase_Training,chef,NA,NA,,negid,NA,NA,,NA,71,Mon Jun 18 11:43:09 2018
5511,extrapolation,unmarked,initial,gu,ti,SimplePhrase_Training,kick_waitress_pl_burglar_sg,NA,NA,,kikim vaem gu tumbat ti,NA,NA,,NA,72,Mon Jun 18 11:43:16 2018
5511,extrapolation,unmarked,initial,gu,ti,SimplePhrase_Training,punch_cowboy_sg_chef_sg,NA,NA,,straikim nork negid ti,NA,NA,,NA,73,Mon Jun 18 11:43:24 2018
5511,extrapolation,unmarked,initial,gu,ti,SimplePhrase_Training,chef,NA,NA,,negid,NA,NA,,NA,74,Mon Jun 18 11:43:29 2018
5511,extrapolation,unmarked,initial,gu,ti,SimplePhrase_Training,punch_burglar_pl_cowboy_sg,NA,NA,,straikim tumbat gu nork ti,NA,NA,,NA,75,Mon Jun 18 11:43:37 2018
5511,extrapolation,unmarked,initial,gu,ti,SimplePhrase_Training,cowboy,NA,NA,,nork,NA,NA,,NA,76,Mon Jun 18 11:43:42 2018
5511,extrapolation,unmarked,initial,gu,ti,SimplePhrase_Training,burglar,NA,NA,,tumbat,NA,NA,,NA,77,Mon Jun 18 11:43:46 2018
5511,extrapolation,unmarked,initial,gu,ti,SimplePhrase_Training,punch_chef_sg_cowboy_sg,NA,NA,,straikim negid nork ti,NA,NA,,NA,78,Mon Jun 18 11:43:54 2018
5511,extrapolation,unmarked,initial,gu,ti,SimplePhrase_Training,waitress,NA,NA,,vaem,NA,NA,,NA,79,Mon Jun 18 11:43:59 2018
5511,extrapolation,unmarked,initial,gu,ti,SimplePhrase_Training,punch_cowboy_pl_burglar_sg,NA,NA,,straikim nork gu tumbat ti,NA,NA,,NA,80,Mon Jun 18 11:44:06 2018
5511,extrapolation,unmarked,initial,gu,ti,SimplePhrase_Training,kick_cowboy_pl_chef_sg,NA,NA,,kikim nork gu negid ti,NA,NA,,NA,81,Mon Jun 18 11:44:14 2018
5511,extrapolation,unmarked,initial,gu,ti,SimplePhrase_Training,punch_waitress_pl_burglar_sg,NA,NA,,straikim vaem gu tumbat ti,NA,NA,,NA,82,Mon Jun 18 11:44:21 2018
5511,extrapolation,unmarked,initial,gu,ti,SimplePhrase_Training,kick_chef_sg_waitress_sg,NA,NA,,kikim negid vaem ti,NA,NA,,NA,83,Mon Jun 18 11:44:29 2018
5511,extrapolation,unmarked,initial,gu,ti,SimplePhrase_Training,point_cowboy_pl_burglar_sg,NA,NA,,poinim nork gu tumbat ti,NA,NA,,NA,84,Mon Jun 18 11:44:36 2018
5511,extrapolation,unmarked,initial,gu,ti,SimplePhrase_Training,kick_burglar_sg_waitress_sg,NA,NA,,kikim tumbat vaem ti,NA,NA,,NA,85,Mon Jun 18 11:44:43 2018
5511,extrapolation,unmarked,initial,gu,ti,SimplePhrase_Training,point_burglar_sg_chef_sg,NA,NA,,poinim tumbat negid ti,NA,NA,,NA,86,Mon Jun 18 11:44:51 2018
5511,extrapolation,unmarked,initial,gu,ti,SimplePhrase_Training,kick_waitress_sg_cowboy_sg,NA,NA,,kikim vaem nork ti,NA,NA,,NA,87,Mon Jun 18 11:44:58 2018
5511,extrapolation,unmarked,initial,gu,ti,SimplePhrase_Training,punch_waitress_sg_chef_sg,NA,NA,,straikim vaem negid ti,NA,NA,,NA,88,Mon Jun 18 11:45:06 2018
5511,extrapolation,unmarked,initial,gu,ti,SimplePhrase_Training,punch_burglar_sg_waitress_sg,NA,NA,,straikim tumbat vaem ti,NA,NA,,NA,89,Mon Jun 18 11:45:13 2018
5511,extrapolation,unmarked,initial,gu,ti,SimplePhrase_Training,point_chef_pl_waitress_sg,NA,NA,,poinim negid gu vaem ti,NA,NA,,NA,90,Mon Jun 18 11:45:21 2018
5511,extrapolation,unmarked,initial,gu,ti,SimplePhrase_Training,burglar,NA,NA,,tumbat,NA,NA,,NA,91,Mon Jun 18 11:45:26 2018
5511,extrapolation,unmarked,initial,gu,ti,SimplePhrase_Training,kick_chef_sg_burglar_sg,NA,NA,,kikim negid tumbat ti,NA,NA,,NA,92,Mon Jun 18 11:45:33 2018
5511,extrapolation,unmarked,initial,gu,ti,SimplePhrase_Comprehension,punch_waitress_sg_cowboy_sg,NA,NA,,straikim vaem nork ti,correct,NA,,NA,93,Mon Jun 18 11:45:55 2018
5511,extrapolation,unmarked,initial,gu,ti,SimplePhrase_Comprehension,kick_burglar_sg_chef_sg,NA,NA,,kikim tumbat negid ti,correct,NA,,NA,94,Mon Jun 18 11:46:00 2018
5511,extrapolation,unmarked,initial,gu,ti,SimplePhrase_Comprehension,point_burglar_pl_chef_sg,NA,NA,,poinim tumbat gu negid ti,correct,NA,,NA,95,Mon Jun 18 11:46:06 2018
5511,extrapolation,unmarked,initial,gu,ti,SimplePhrase_Comprehension,point_cowboy_pl_chef_sg,NA,NA,,poinim nork gu negid ti,wrong,NA,,NA,96,Mon Jun 18 11:46:15 2018
5511,extrapolation,unmarked,initial,gu,ti,SimplePhrase_Comprehension,punch_chef_pl_burglar_sg,NA,NA,,straikim negid gu tumbat ti,correct,NA,,NA,97,Mon Jun 18 11:46:21 2018
5511,extrapolation,unmarked,initial,gu,ti,SimplePhrase_Comprehension,kick_cowboy_sg_chef_sg,NA,NA,,kikim nork negid ti,correct,NA,,NA,98,Mon Jun 18 11:46:26 2018
5511,extrapolation,unmarked,initial,gu,ti,SimplePhrase_Comprehension,kick_cowboy_pl_burglar_sg,NA,NA,,kikim nork gu tumbat ti,correct,NA,,NA,99,Mon Jun 18 11:46:32 2018
5511,extrapolation,unmarked,initial,gu,ti,SimplePhrase_Comprehension,point_waitress_pl_cowboy_sg,NA,NA,,poinim vaem gu nork ti,correct,NA,,NA,100,Mon Jun 18 11:46:38 2018
5511,extrapolation,unmarked,initial,gu,ti,SimplePhrase_Comprehension,punch_burglar_sg_cowboy_sg,NA,NA,,straikim tumbat nork ti,correct,NA,,NA,101,Mon Jun 18 11:46:44 2018
5511,extrapolation,unmarked,initial,gu,ti,SimplePhrase_Comprehension,point_cowboy_sg_burglar_sg,NA,NA,,poinim nork tumbat ti,correct,NA,,NA,102,Mon Jun 18 11:46:49 2018
5511,extrapolation,unmarked,initial,gu,ti,SimplePhrase_Comprehension,punch_waitress_sg_burglar_sg,NA,NA,,straikim vaem tumbat ti,correct,NA,,NA,103,Mon Jun 18 11:46:55 2018
5511,extrapolation,unmarked,initial,gu,ti,SimplePhrase_Comprehension,point_waitress_sg_chef_sg,NA,NA,,poinim vaem negid ti,correct,NA,,NA,104,Mon Jun 18 11:47:00 2018
5511,extrapolation,unmarked,initial,gu,ti,SimplePhrase_Comprehension,point_burglar_pl_waitress_sg,NA,NA,,poinim tumbat gu vaem ti,correct,NA,,NA,105,Mon Jun 18 11:47:06 2018
5511,extrapolation,unmarked,initial,gu,ti,SimplePhrase_Comprehension,kick_chef_pl_waitress_sg,NA,NA,,kikim negid gu vaem ti,correct,NA,,NA,106,Mon Jun 18 11:47:12 2018
5511,extrapolation,unmarked,initial,gu,ti,SimplePhrase_Comprehension,punch_cowboy_sg_burglar_sg,NA,NA,,straikim nork tumbat ti,correct,NA,,NA,107,Mon Jun 18 11:47:18 2018
5511,extrapolation,unmarked,initial,gu,ti,SimplePhrase_Comprehension,point_waitress_sg_burglar_sg,NA,NA,,poinim vaem tumbat ti,correct,NA,,NA,108,Mon Jun 18 11:47:23 2018
5511,extrapolation,unmarked,initial,gu,ti,SimplePhrase_Comprehension,punch_cowboy_pl_chef_sg,NA,NA,,straikim nork gu negid ti,correct,NA,,NA,109,Mon Jun 18 11:47:29 2018
5511,extrapolation,unmarked,initial,gu,ti,SimplePhrase_Comprehension,kick_waitress_pl_cowboy_sg,NA,NA,,kikim vaem gu nork ti,correct,NA,,NA,110,Mon Jun 18 11:47:35 2018
5511,extrapolation,unmarked,initial,gu,ti,SimplePhrase_Comprehension,kick_chef_sg_cowboy_sg,NA,NA,,kikim negid nork ti,correct,NA,,NA,111,Mon Jun 18 11:47:40 2018
5511,extrapolation,unmarked,initial,gu,ti,SimplePhrase_Comprehension,kick_chef_pl_burglar_sg,NA,NA,,kikim negid gu tumbat ti,correct,NA,,NA,112,Mon Jun 18 11:47:46 2018
5511,extrapolation,unmarked,initial,gu,ti,SimplePhrase_Typing,point_cowboy_sg_chef_sg,NA,NA,,poinim nork negid ti,NA,poinim nork negid ti,,NA,113,Mon Jun 18 11:48:28 2018
5511,extrapolation,unmarked,initial,gu,ti,SimplePhrase_Typing,chef,NA,NA,,negid,NA,negid,,NA,114,Mon Jun 18 11:48:36 2018
5511,extrapolation,unmarked,initial,gu,ti,SimplePhrase_Typing,point_cowboy_sg_waitress_sg,NA,NA,,poinim nork vaem ti,NA,poinim nork vaem ti,,NA,115,Mon Jun 18 11:48:48 2018
5511,extrapolation,unmarked,initial,gu,ti,SimplePhrase_Typing,point_chef_pl_waitress_sg,NA,NA,,poinim negid gu vaem ti,NA,poinim negid gu vaem ti,,NA,116,Mon Jun 18 11:49:00 2018
5511,extrapolation,unmarked,initial,gu,ti,SimplePhrase_Typing,point_waitress_pl_burglar_sg,NA,NA,,poinim vaem gu tumbat ti,NA,poinim vaem gu tumbat ti,,NA,117,Mon Jun 18 11:49:15 2018
5511,extrapolation,unmarked,initial,gu,ti,SimplePhrase_Typing,punch_chef_sg_burglar_sg,NA,NA,,straikim negid tumbat ti,NA,straikim negid tumbat ti,,NA,118,Mon Jun 18 11:49:26 2018
5511,extrapolation,unmarked,initial,gu,ti,SimplePhrase_Typing,kick_waitress_pl_chef_sg,NA,NA,,kikim vaem gu negid ti,NA,kikim vaem gu negid ti,,NA,119,Mon Jun 18 11:49:38 2018
5511,extrapolation,unmarked,initial,gu,ti,SimplePhrase_Typing,burglar,NA,NA,,tumbat,NA,tumbat,,NA,120,Mon Jun 18 11:49:44 2018
5511,extrapolation,unmarked,initial,gu,ti,SimplePhrase_Typing,kick_chef_sg_burglar_sg,NA,NA,,kikim negid tumbat ti,NA,kikim negid tumbat ti,,NA,121,Mon Jun 18 11:49:55 2018
5511,extrapolation,unmarked,initial,gu,ti,SimplePhrase_Typing,point_chef_pl_cowboy_sg,NA,NA,,poinim negid gu nork ti,NA,poinim negid gu nork ti,,NA,122,Mon Jun 18 11:50:08 2018
5511,extrapolation,unmarked,initial,gu,ti,SimplePhrase_Typing,cowboy,NA,NA,,nork,NA,nork,,NA,123,Mon Jun 18 11:50:14 2018
5511,extrapolation,unmarked,initial,gu,ti,SimplePhrase_Typing,waitress,NA,NA,,vaem,NA,vaem,,NA,124,Mon Jun 18 11:50:20 2018
5511,extrapolation,unmarked,initial,gu,ti,ComplexPhrase_Typing,punch_waitress_sg_chef_pl,chef,negid,1,straikim vaem negid gu ti,NA,straikim vaem negid gu ti,,NA,125,Mon Jun 18 11:50:52 2018
5511,extrapolation,unmarked,initial,gu,ti,ComplexPhrase_Typing,kick_chef_sg_burglar_pl,burglar,tumbat,1,kikim negid tumbat gu ti,NA,kikim negid tumbat gu ti,,NA,126,Mon Jun 18 11:51:02 2018
5511,extrapolation,unmarked,initial,gu,ti,ComplexPhrase_Typing,point_waitress_sg_chef_pl,chef,negid,1,poinim vaem negid gu ti,NA,poinim vaem negid gu ti,,NA,127,Mon Jun 18 11:51:12 2018
5511,extrapolation,unmarked,initial,gu,ti,ComplexPhrase_Typing,punch_cowboy_sg_waitress_pl,waitress,vaem,1,straikim nork vaem gu ti,NA,straikim nork vaem gu ti,,NA,128,Mon Jun 18 11:51:19 2018
5511,extrapolation,unmarked,initial,gu,ti,ComplexPhrase_Typing,kick_chef_sg_burglar_pl,burglar,tumbat,1,kikim negid tumbat gu ti,NA,kikim negid tumbat gu ti,,NA,129,Mon Jun 18 11:51:25 2018
5511,extrapolation,unmarked,initial,gu,ti,ComplexPhrase_Typing,punch_cowboy_sg_waitress_pl,waitress,vaem,1,straikim nork vaem gu ti,NA,straikim nork vaem gu ti,,NA,130,Mon Jun 18 11:51:34 2018
5511,extrapolation,unmarked,initial,gu,ti,ComplexPhrase_Typing,punch_waitress_sg_chef_pl,chef,negid,1,straikim vaem negid gu ti,NA,straikim vaem negid gu ti,,NA,131,Mon Jun 18 11:51:42 2018
5511,extrapolation,unmarked,initial,gu,ti,ComplexPhrase_Typing,point_waitress_sg_chef_pl,chef,negid,1,poinim vaem negid gu ti,NA,poinim vaem negid gu ti,,NA,132,Mon Jun 18 11:51:47 2018
5511,extrapolation,unmarked,initial,gu,ti,ComplexPhrase_Typing,punch_cowboy_sg_waitress_pl,waitress,vaem,1,straikim nork vaem gu ti,NA,straikim nork vaem gu ti,,NA,133,Mon Jun 18 11:51:52 2018
5511,extrapolation,unmarked,initial,gu,ti,ComplexPhrase_Typing,kick_chef_sg_burglar_pl,burglar,tumbat,1,kikim negid tumbat gu ti,NA,kikim negid tumbat gu ti,,NA,134,Mon Jun 18 11:51:58 2018
5511,extrapolation,unmarked,initial,gu,ti,ComplexPhrase_Typing,punch_waitress_sg_chef_pl,chef,negid,1,straikim vaem negid gu ti,NA,straikim vaem negid gu ti,,NA,135,Mon Jun 18 11:52:09 2018
5511,extrapolation,unmarked,initial,gu,ti,ComplexPhrase_Typing,point_waitress_sg_chef_pl,chef,negid,1,poinim vaem negid gu ti,NA,poinim vaem negid gu ti,,NA,136,Mon Jun 18 11:52:18 2018
5511,extrapolation,unmarked,initial,gu,ti,ComplexPhrase_Testing,punch_burglar_sg_waitress_pl,waitress,vaem,1,straikim tumbat vaem gu ti,NA,NA,straikim tumbat vaem gu ti,NA,137,Mon Jun 18 11:52:59 2018
5511,extrapolation,unmarked,initial,gu,ti,ComplexPhrase_Testing,punch_burglar_sg_waitress_sg,NA,NA,,straikim tumbat vaem ti,NA,NA,straikim tumbat vaem ti,NA,138,Mon Jun 18 11:53:04 2018
5511,extrapolation,unmarked,initial,gu,ti,ComplexPhrase_Testing,point_burglar_sg_chef_sg,NA,NA,,poinim tumbat negid ti,NA,NA,poinim tumbat negid ti,NA,139,Mon Jun 18 11:53:12 2018
5511,extrapolation,unmarked,initial,gu,ti,ComplexPhrase_Testing,kick_waitress_sg_cowboy_pl,cowboy,nork,1,kikim vaem nork gu ti,NA,NA,kikim vaem nork gu ti,NA,140,Mon Jun 18 11:53:21 2018
5511,extrapolation,unmarked,initial,gu,ti,ComplexPhrase_Testing,point_waitress_sg_cowboy_sg,NA,NA,,poinim vaem nork ti,NA,NA,poinim vaem nork ti,NA,141,Mon Jun 18 11:53:25 2018
5511,extrapolation,unmarked,initial,gu,ti,ComplexPhrase_Testing,point_chef_pl_waitress_sg,NA,NA,,poinim negid gu vaem ti,NA,NA,poinim negid gu vaem ti,NA,142,Mon Jun 18 11:53:32 2018
5511,extrapolation,unmarked,initial,gu,ti,ComplexPhrase_Testing,point_burglar_sg_cowboy_sg,NA,NA,,poinim tumbat nork ti,NA,NA,poinim tumbat nork ti,NA,143,Mon Jun 18 11:53:40 2018
5511,extrapolation,unmarked,initial,gu,ti,ComplexPhrase_Testing,kick_burglar_sg_cowboy_sg,NA,NA,,kikim tumbat nork ti,NA,NA,kikim tumbat nork ti,NA,144,Mon Jun 18 11:53:49 2018
5511,extrapolation,unmarked,initial,gu,ti,ComplexPhrase_Testing,punch_burglar_pl_chef_sg,NA,NA,,straikim tumbat gu negid ti,NA,NA,straikim tumbat gu negid ti,NA,145,Mon Jun 18 11:53:57 2018
5511,extrapolation,unmarked,initial,gu,ti,ComplexPhrase_Testing,point_waitress_sg_chef_pl,chef,negid,1,poinim vaem negid gu ti,NA,NA,poinim vaem negid gu ti,NA,146,Mon Jun 18 11:54:05 2018
5511,extrapolation,unmarked,initial,gu,ti,ComplexPhrase_Testing,point_waitress_sg_burglar_pl,burglar,tumbat,1,poinim vaem tumbat gu ti,NA,NA,poinim vaem tumbat gu ti,NA,147,Mon Jun 18 11:54:09 2018
5511,extrapolation,unmarked,initial,gu,ti,ComplexPhrase_Testing,kick_waitress_sg_cowboy_pl,cowboy,nork,1,kikim vaem nork gu ti,NA,NA,kikim vaem nork gu ti,NA,148,Mon Jun 18 11:54:13 2018
5511,extrapolation,unmarked,initial,gu,ti,ComplexPhrase_Testing,point_chef_sg_cowboy_pl,cowboy,nork,1,poinim negid nork gu ti,NA,NA,poinim negid nork gu ti,NA,149,Mon Jun 18 11:54:19 2018
5511,extrapolation,unmarked,initial,gu,ti,ComplexPhrase_Testing,punch_burglar_sg_waitress_pl,waitress,vaem,1,straikim tumbat vaem gu ti,NA,NA,straikim tumbat vaem gu ti,NA,150,Mon Jun 18 11:54:23 2018
5511,extrapolation,unmarked,initial,gu,ti,ComplexPhrase_Testing,punch_waitress_sg_chef_pl,chef,negid,1,straikim vaem negid gu ti,NA,NA,straikim vaem negid gu ti,NA,151,Mon Jun 18 11:54:26 2018
5511,extrapolation,unmarked,initial,gu,ti,ComplexPhrase_Testing,point_chef_pl_cowboy_sg,NA,NA,,poinim negid gu nork ti,NA,NA,poinim negid gu nork ti,NA,152,Mon Jun 18 11:54:32 2018
5511,extrapolation,unmarked,initial,gu,ti,ComplexPhrase_Testing,punch_chef_sg_burglar_sg,NA,NA,,straikim negid tumbat ti,NA,NA,straikim negid tumbat ti,NA,153,Mon Jun 18 11:54:40 2018
5511,extrapolation,unmarked,initial,gu,ti,ComplexPhrase_Testing,punch_chef_sg_cowboy_pl,cowboy,nork,1,straikim negid nork gu ti,NA,NA,straikim negid nork gu ti,NA,154,Mon Jun 18 11:54:48 2018
5511,extrapolation,unmarked,initial,gu,ti,ComplexPhrase_Testing,cowboy,NA,NA,,nork,NA,NA,nork,NA,155,Mon Jun 18 11:54:50 2018
5511,extrapolation,unmarked,initial,gu,ti,ComplexPhrase_Testing,punch_chef_sg_cowboy_pl,cowboy,nork,1,straikim negid nork gu ti,NA,NA,straikim negid nork gu ti,NA,156,Mon Jun 18 11:54:58 2018
5511,extrapolation,unmarked,initial,gu,ti,ComplexPhrase_Testing,burglar,NA,NA,,tumbat,NA,NA,tumbat,NA,157,Mon Jun 18 11:55:00 2018
5511,extrapolation,unmarked,initial,gu,ti,ComplexPhrase_Testing,point_chef_sg_cowboy_pl,cowboy,nork,1,poinim negid nork gu ti,NA,NA,poinim negid nork gu ti,NA,158,Mon Jun 18 11:55:07 2018
5511,extrapolation,unmarked,initial,gu,ti,ComplexPhrase_Testing,punch_waitress_sg_chef_pl,chef,negid,1,straikim vaem negid gu ti,NA,NA,straikim vaem negid gu ti,NA,159,Mon Jun 18 11:55:10 2018
5511,extrapolation,unmarked,initial,gu,ti,ComplexPhrase_Testing,punch_cowboy_sg_waitress_pl,waitress,vaem,1,straikim nork vaem gu ti,NA,NA,straikim nork vaem gu ti,NA,160,Mon Jun 18 11:55:14 2018
5511,extrapolation,unmarked,initial,gu,ti,ComplexPhrase_Testing,punch_cowboy_sg_waitress_pl,waitress,vaem,1,straikim nork vaem gu ti,NA,NA,straikim nork vaem gu ti,NA,161,Mon Jun 18 11:55:17 2018
5511,extrapolation,unmarked,initial,gu,ti,ComplexPhrase_Testing,point_waitress_sg_burglar_pl,burglar,tumbat,1,poinim vaem tumbat gu ti,NA,NA,poinim vaem tumbat gu ti,NA,162,Mon Jun 18 11:55:21 2018
5511,extrapolation,unmarked,initial,gu,ti,ComplexPhrase_Testing,point_waitress_sg_chef_pl,chef,negid,1,poinim vaem negid gu ti,NA,NA,poinim vaem negid gu ti,NA,163,Mon Jun 18 11:55:25 2018
5511,extrapolation,unmarked,initial,gu,ti,ComplexPhrase_Testing,kick_chef_sg_cowboy_pl,cowboy,nork,1,kikim negid nork gu ti,NA,NA,kikim negid nork gu ti,NA,164,Mon Jun 18 11:55:29 2018
5511,extrapolation,unmarked,initial,gu,ti,ComplexPhrase_Testing,kick_burglar_sg_chef_pl,chef,negid,1,kikim tumbat negid gu ti,NA,NA,kikim tumbat negid gu ti,NA,165,Mon Jun 18 11:55:35 2018
5511,extrapolation,unmarked,initial,gu,ti,ComplexPhrase_Testing,kick_chef_sg_cowboy_pl,cowboy,nork,1,kikim negid nork gu ti,NA,NA,kikim negid nork gu ti,NA,166,Mon Jun 18 11:55:38 2018
5511,extrapolation,unmarked,initial,gu,ti,ComplexPhrase_Testing,punch_burglar_sg_waitress_pl,waitress,vaem,1,straikim tumbat vaem gu ti,NA,NA,straikim tumbat vaem gu ti,NA,167,Mon Jun 18 11:55:43 2018
5511,extrapolation,unmarked,initial,gu,ti,ComplexPhrase_Testing,kick_chef_sg_burglar_pl,burglar,tumbat,1,kikim negid tumbat gu ti,NA,NA,kikim negid tumbat gu ti,NA,168,Mon Jun 18 11:55:48 2018
5511,extrapolation,unmarked,initial,gu,ti,ComplexPhrase_Testing,kick_chef_sg_burglar_pl,burglar,tumbat,1,kikim negid tumbat gu ti,NA,NA,kikim negid tumbat gu ti,NA,169,Mon Jun 18 11:55:52 2018
5511,extrapolation,unmarked,initial,gu,ti,ComplexPhrase_Testing,punch_waitress_sg_burglar_pl,burglar,tumbat,1,straikim vaem tumbat gu ti,NA,NA,straikim vaem tumbat gu ti,NA,170,Mon Jun 18 11:55:57 2018
5511,extrapolation,unmarked,initial,gu,ti,ComplexPhrase_Testing,point_chef_sg_cowboy_pl,cowboy,nork,1,poinim negid nork gu ti,NA,NA,poinim negid nork gu ti,NA,171,Mon Jun 18 11:56:01 2018
5511,extrapolation,unmarked,initial,gu,ti,ComplexPhrase_Testing,punch_waitress_sg_chef_pl,chef,negid,1,straikim vaem negid gu ti,NA,NA,straikim vaem negid gu ti,NA,172,Mon Jun 18 11:56:04 2018
5511,extrapolation,unmarked,initial,gu,ti,ComplexPhrase_Testing,kick_waitress_sg_cowboy_pl,cowboy,nork,1,kikim vaem nork gu ti,NA,NA,kikim vaem nork gu ti,NA,173,Mon Jun 18 11:56:08 2018
5511,extrapolation,unmarked,initial,gu,ti,ComplexPhrase_Testing,kick_burglar_sg_chef_pl,chef,negid,1,kikim tumbat negid gu ti,NA,NA,kikim tumbat negid gu ti,NA,174,Mon Jun 18 11:56:13 2018
5511,extrapolation,unmarked,initial,gu,ti,ComplexPhrase_Testing,point_waitress_pl_chef_sg,NA,NA,,poinim vaem gu negid ti,NA,NA,poinim vaem gu negid ti,NA,175,Mon Jun 18 11:56:18 2018
5511,extrapolation,unmarked,initial,gu,ti,ComplexPhrase_Testing,punch_waitress_sg_burglar_pl,burglar,tumbat,1,straikim vaem tumbat gu ti,NA,NA,straikim vaem tumbat gu ti,NA,176,Mon Jun 18 11:56:24 2018
5511,extrapolation,unmarked,initial,gu,ti,ComplexPhrase_Testing,kick_burglar_sg_chef_pl,chef,negid,1,kikim tumbat negid gu ti,NA,NA,kikim tumbat negid gu ti,NA,177,Mon Jun 18 11:56:29 2018
5511,extrapolation,unmarked,initial,gu,ti,ComplexPhrase_Testing,punch_waitress_sg_burglar_pl,burglar,tumbat,1,straikim vaem tumbat gu ti,NA,NA,straikim vaem tumbat gu ti,NA,178,Mon Jun 18 11:56:34 2018
5511,extrapolation,unmarked,initial,gu,ti,ComplexPhrase_Testing,punch_cowboy_sg_waitress_pl,waitress,vaem,1,straikim nork vaem gu ti,NA,NA,straikim nork vaem gu ti,NA,179,Mon Jun 18 11:56:40 2018
5511,extrapolation,unmarked,initial,gu,ti,ComplexPhrase_Testing,kick_burglar_pl_waitress_sg,NA,NA,,kikim tumbat gu vaem ti,NA,NA,kikim tumbat gu vaem ti,NA,180,Mon Jun 18 11:56:45 2018
5511,extrapolation,unmarked,initial,gu,ti,ComplexPhrase_Testing,point_waitress_sg_burglar_pl,burglar,tumbat,1,poinim vaem tumbat gu ti,NA,NA,poinim vaem tumbat gu ti,NA,181,Mon Jun 18 11:56:53 2018
5511,extrapolation,unmarked,initial,gu,ti,ComplexPhrase_Testing,kick_chef_sg_burglar_pl,burglar,tumbat,1,kikim negid tumbat gu ti,NA,NA,kikim negid tumbat gu ti,NA,182,Mon Jun 18 11:57:00 2018
5511,extrapolation,unmarked,initial,gu,ti,ComplexPhrase_Testing,waitress,NA,NA,,vaem,NA,NA,vaem,NA,183,Mon Jun 18 11:57:02 2018
5511,extrapolation,unmarked,initial,gu,ti,ComplexPhrase_Testing,kick_burglar_pl_cowboy_sg,NA,NA,,kikim tumbat gu nork ti,NA,NA,kikim tumbat gu nork ti,NA,184,Mon Jun 18 11:57:09 2018
5511,extrapolation,unmarked,initial,gu,ti,ComplexPhrase_Testing,kick_chef_sg_cowboy_pl,cowboy,nork,1,kikim negid nork gu ti,NA,NA,kikim negid nork gu ti,NA,185,Mon Jun 18 11:57:17 2018
5511,extrapolation,unmarked,initial,gu,ti,ComplexPhrase_Testing,point_waitress_sg_chef_pl,chef,negid,1,poinim vaem negid gu ti,NA,NA,poinim vaem negid gu ti,NA,186,Mon Jun 18 11:57:21 2018
5511,extrapolation,unmarked,initial,gu,ti,ComplexPhrase_Testing,punch_chef_sg_cowboy_pl,cowboy,nork,1,straikim negid nork gu ti,NA,NA,straikim negid nork gu ti,NA,187,Mon Jun 18 11:57:25 2018
5511,extrapolation,unmarked,initial,gu,ti,ComplexPhrase_Testing,chef,NA,NA,,negid,NA,NA,negid,NA,188,Mon Jun 18 11:57:27 2018
5511,extrapolation,unmarked,initial,gu,ti,Questionnaire,NA,NA,NA,,NA,NA,NA,,the plural,MeaningNum,Mon Jun 18 11:58:19 2018
5511,extrapolation,unmarked,initial,gu,ti,Questionnaire,NA,NA,NA,,NA,NA,NA,,the target of an action,MeaningCase,Mon Jun 18 11:58:19 2018
5511,extrapolation,unmarked,initial,gu,ti,Questionnaire,NA,NA,NA,,NA,NA,NA,,after,OrderNumNoun,Mon Jun 18 11:58:19 2018
5511,extrapolation,unmarked,initial,gu,ti,Questionnaire,NA,NA,NA,,NA,NA,NA,,after,OrderCaseNoun,Mon Jun 18 11:58:19 2018
5511,extrapolation,unmarked,initial,gu,ti,Questionnaire,NA,NA,NA,,NA,NA,NA,,English,Languages,Mon Jun 18 11:58:19 2018