ID,Condition,MajorityOrder,NounPosition,markerNum,markerCase,Phase,Meaning,NounItem,Noun,binaryResp,InputSentence,Selection,TypedResponse,SpokenResponse,AnswerQuest,Trial,date&time
6610,extrapolation,unmarked,final,sa,gu,Noun_Training,chef,NA,NA,,nork,NA,NA,,NA,1,Mon Jun 18 12:31:29 2018
6610,extrapolation,unmarked,final,sa,gu,Noun_Training,chef,NA,NA,,nork,NA,NA,,NA,2,Mon Jun 18 12:31:34 2018
6610,extrapolation,unmarked,final,sa,gu,Noun_Training,waitress,NA,NA,,negid,NA,NA,,NA,3,Mon Jun 18 12:31:39 2018
6610,extrapolation,unmarked,final,sa,gu,Noun_Training,waitress,NA,NA,,negid,NA,NA,,NA,4,Mon Jun 18 12:31:44 2018
6610,extrapolation,unmarked,final,sa,gu,Noun_Training,waitress,NA,NA,,negid,NA,NA,,NA,5,Mon Jun 18 12:31:49 2018
6610,extrapolation,unmarked,final,sa,gu,Noun_Training,burglar,NA,NA,,vaem,NA,NA,,NA,6,Mon Jun 18 12:31:54 2018
6610,extrapolation,unmarked,final,sa,gu,Noun_Training,chef,NA,NA,,nork,NA,NA,,NA,7,Mon Jun 18 12:31:58 2018
6610,extrapolation,unmarked,final,sa,gu,Noun_Training,burglar,NA,NA,,vaem,NA,NA,,NA,8,Mon Jun 18 12:32:03 2018
6610,extrapolation,unmarked,final,sa,gu,Noun_Training,cowboy,NA,NA,,tumbat,NA,NA,,NA,9,Mon Jun 18 12:32:08 2018
6610,extrapolation,unmarked,final,sa,gu,Noun_Training,cowboy,NA,NA,,tumbat,NA,NA,,NA,10,Mon Jun 18 12:32:13 2018
6610,extrapolation,unmarked,final,sa,gu,Noun_Training,chef,NA,NA,,nork,NA,NA,,NA,11,Mon Jun 18 12:32:18 2018
6610,extrapolation,unmarked,final,sa,gu,Noun_Training,burglar,NA,NA,,vaem,NA,NA,,NA,12,Mon Jun 18 12:32:23 2018
6610,extrapolation,unmarked,final,sa,gu,Noun_Training,waitress,NA,NA,,negid,NA,NA,,NA,13,Mon Jun 18 12:32:28 2018
6610,extrapolation,unmarked,final,sa,gu,Noun_Training,cowboy,NA,NA,,tumbat,NA,NA,,NA,14,Mon Jun 18 12:32:32 2018
6610,extrapolation,unmarked,final,sa,gu,Noun_Training,burglar,NA,NA,,vaem,NA,NA,,NA,15,Mon Jun 18 12:32:37 2018
6610,extrapolation,unmarked,final,sa,gu,Noun_Training,burglar,NA,NA,,vaem,NA,NA,,NA,16,Mon Jun 18 12:32:42 2018
6610,extrapolation,unmarked,final,sa,gu,Noun_Training,cowboy,NA,NA,,tumbat,NA,NA,,NA,17,Mon Jun 18 12:32:47 2018
6610,extrapolation,unmarked,final,sa,gu,Noun_Training,cowboy,NA,NA,,tumbat,NA,NA,,NA,18,Mon Jun 18 12:32:52 2018
6610,extrapolation,unmarked,final,sa,gu,Noun_Training,waitress,NA,NA,,negid,NA,NA,,NA,19,Mon Jun 18 12:32:56 2018
6610,extrapolation,unmarked,final,sa,gu,Noun_Training,cowboy,NA,NA,,tumbat,NA,NA,,NA,20,Mon Jun 18 12:33:01 2018
6610,extrapolation,unmarked,final,sa,gu,Noun_Training,chef,NA,NA,,nork,NA,NA,,NA,21,Mon Jun 18 12:33:06 2018
6610,extrapolation,unmarked,final,sa,gu,Noun_Training,chef,NA,NA,,nork,NA,NA,,NA,22,Mon Jun 18 12:33:11 2018
6610,extrapolation,unmarked,final,sa,gu,Noun_Training,burglar,NA,NA,,vaem,NA,NA,,NA,23,Mon Jun 18 12:33:16 2018
6610,extrapolation,unmarked,final,sa,gu,Noun_Training,waitress,NA,NA,,negid,NA,NA,,NA,24,Mon Jun 18 12:33:21 2018
6610,extrapolation,unmarked,final,sa,gu,Noun_Selection,burglar,NA,NA,,vaem,correct,NA,,NA,25,Mon Jun 18 12:33:43 2018
6610,extrapolation,unmarked,final,sa,gu,Noun_Selection,chef,NA,NA,,nork,correct,NA,,NA,26,Mon Jun 18 12:33:47 2018
6610,extrapolation,unmarked,final,sa,gu,Noun_Selection,waitress,NA,NA,,negid,correct,NA,,NA,27,Mon Jun 18 12:33:51 2018
6610,extrapolation,unmarked,final,sa,gu,Noun_Selection,burglar,NA,NA,,vaem,correct,NA,,NA,28,Mon Jun 18 12:33:54 2018
6610,extrapolation,unmarked,final,sa,gu,Noun_Selection,waitress,NA,NA,,negid,correct,NA,,NA,29,Mon Jun 18 12:33:58 2018
6610,extrapolation,unmarked,final,sa,gu,Noun_Selection,chef,NA,NA,,nork,correct,NA,,NA,30,Mon Jun 18 12:34:01 2018
6610,extrapolation,unmarked,final,sa,gu,Noun_Selection,waitress,NA,NA,,negid,correct,NA,,NA,31,Mon Jun 18 12:34:04 2018
6610,extrapolation,unmarked,final,sa,gu,Noun_Selection,cowboy,NA,NA,,tumbat,correct,NA,,NA,32,Mon Jun 18 12:34:07 2018
6610,extrapolation,unmarked,final,sa,gu,Noun_Selection,burglar,NA,NA,,vaem,correct,NA,,NA,33,Mon Jun 18 12:34:10 2018
6610,extrapolation,unmarked,final,sa,gu,Noun_Selection,cowboy,NA,NA,,tumbat,correct,NA,,NA,34,Mon Jun 18 12:34:13 2018
6610,extrapolation,unmarked,final,sa,gu,Noun_Selection,cowboy,NA,NA,,tumbat,correct,NA,,NA,35,Mon Jun 18 12:34:16 2018
6610,extrapolation,unmarked,final,sa,gu,Noun_Selection,chef,NA,NA,,nork,correct,NA,,NA,36,Mon Jun 18 12:34:19 2018
6610,extrapolation,unmarked,final,sa,gu,Noun_Testing,burglar,NA,NA,,vaem,NA,NA,vaem,NA,37,Mon Jun 18 12:34:41 2018
6610,extrapolation,unmarked,final,sa,gu,Noun_Testing,burglar,NA,NA,,vaem,NA,NA,vaem,NA,38,Mon Jun 18 12:34:45 2018
6610,extrapolation,unmarked,final,sa,gu,Noun_Testing,cowboy,NA,NA,,tumbat,NA,NA,tumbat,NA,39,Mon Jun 18 12:34:49 2018
6610,extrapolation,unmarked,final,sa,gu,Noun_Testing,burglar,NA,NA,,vaem,NA,NA,vaem,NA,40,Mon Jun 18 12:34:54 2018
6610,extrapolation,unmarked,final,sa,gu,Noun_Testing,waitress,NA,NA,,negid,NA,NA,negid,NA,41,Mon Jun 18 12:34:58 2018
6610,extrapolation,unmarked,final,sa,gu,Noun_Testing,cowboy,NA,NA,,tumbat,NA,NA,tumbat,NA,42,Mon Jun 18 12:35:02 2018
6610,extrapolation,unmarked,final,sa,gu,Noun_Testing,chef,NA,NA,,nork,NA,NA,nork,NA,43,Mon Jun 18 12:35:07 2018
6610,extrapolation,unmarked,final,sa,gu,Noun_Testing,waitress,NA,NA,,negid,NA,NA,negid,NA,44,Mon Jun 18 12:35:12 2018
6610,extrapolation,unmarked,final,sa,gu,Noun_Testing,cowboy,NA,NA,,tumbat,NA,NA,tumbat,NA,45,Mon Jun 18 12:35:16 2018
6610,extrapolation,unmarked,final,sa,gu,Noun_Testing,chef,NA,NA,,nork,NA,NA,nork,NA,46,Mon Jun 18 12:35:20 2018
6610,extrapolation,unmarked,final,sa,gu,Noun_Testing,chef,NA,NA,,nork,NA,NA,nork,NA,47,Mon Jun 18 12:35:24 2018
6610,extrapolation,unmarked,final,sa,gu,Noun_Testing,waitress,NA,NA,,negid,NA,NA,negid,NA,48,Mon Jun 18 12:35:28 2018
6610,extrapolation,unmarked,final,sa,gu,SimplePhrase_Training,point_waitress_pl_burglar_sg,NA,NA,,poinim sa negid gu vaem,NA,NA,,NA,49,Mon Jun 18 12:36:04 2018
6610,extrapolation,unmarked,final,sa,gu,SimplePhrase_Training,kick_waitress_pl_cowboy_sg,NA,NA,,kikim sa negid gu tumbat,NA,NA,,NA,50,Mon Jun 18 12:36:12 2018
6610,extrapolation,unmarked,final,sa,gu,SimplePhrase_Training,punch_chef_sg_burglar_sg,NA,NA,,straikim nork gu vaem,NA,NA,,NA,51,Mon Jun 18 12:36:19 2018
6610,extrapolation,unmarked,final,sa,gu,SimplePhrase_Training,kick_chef_pl_burglar_sg,NA,NA,,kikim sa nork gu vaem,NA,NA,,NA,52,Mon Jun 18 12:36:27 2018
6610,extrapolation,unmarked,final,sa,gu,SimplePhrase_Training,kick_cowboy_sg_chef_sg,NA,NA,,kikim tumbat gu nork,NA,NA,,NA,53,Mon Jun 18 12:36:34 2018
6610,extrapolation,unmarked,final,sa,gu,SimplePhrase_Training,kick_burglar_sg_cowboy_sg,NA,NA,,kikim vaem gu tumbat,NA,NA,,NA,54,Mon Jun 18 12:36:41 2018
6610,extrapolation,unmarked,final,sa,gu,SimplePhrase_Training,punch_chef_sg_waitress_sg,NA,NA,,straikim nork gu negid,NA,NA,,NA,55,Mon Jun 18 12:36:48 2018
6610,extrapolation,unmarked,final,sa,gu,SimplePhrase_Training,kick_burglar_sg_chef_sg,NA,NA,,kikim vaem gu nork,NA,NA,,NA,56,Mon Jun 18 12:36:56 2018
6610,extrapolation,unmarked,final,sa,gu,SimplePhrase_Training,punch_waitress_pl_chef_sg,NA,NA,,straikim sa negid gu nork,NA,NA,,NA,57,Mon Jun 18 12:37:03 2018
6610,extrapolation,unmarked,final,sa,gu,SimplePhrase_Training,kick_burglar_sg_waitress_sg,NA,NA,,kikim vaem gu negid,NA,NA,,NA,58,Mon Jun 18 12:37:10 2018
6610,extrapolation,unmarked,final,sa,gu,SimplePhrase_Training,waitress,NA,NA,,negid,NA,NA,,NA,59,Mon Jun 18 12:37:15 2018
6610,extrapolation,unmarked,final,sa,gu,SimplePhrase_Training,point_burglar_pl_waitress_sg,NA,NA,,poinim sa vaem gu negid,NA,NA,,NA,60,Mon Jun 18 12:37:22 2018
6610,extrapolation,unmarked,final,sa,gu,SimplePhrase_Training,point_burglar_sg_cowboy_sg,NA,NA,,poinim vaem gu tumbat,NA,NA,,NA,61,Mon Jun 18 12:37:29 2018
6610,extrapolation,unmarked,final,sa,gu,SimplePhrase_Training,punch_cowboy_sg_waitress_sg,NA,NA,,straikim tumbat gu negid,NA,NA,,NA,62,Mon Jun 18 12:37:37 2018
6610,extrapolation,unmarked,final,sa,gu,SimplePhrase_Training,point_waitress_pl_chef_sg,NA,NA,,poinim sa negid gu nork,NA,NA,,NA,63,Mon Jun 18 12:37:44 2018
6610,extrapolation,unmarked,final,sa,gu,SimplePhrase_Training,chef,NA,NA,,nork,NA,NA,,NA,64,Mon Jun 18 12:37:49 2018
6610,extrapolation,unmarked,final,sa,gu,SimplePhrase_Training,point_waitress_sg_cowboy_sg,NA,NA,,poinim negid gu tumbat,NA,NA,,NA,65,Mon Jun 18 12:37:57 2018
6610,extrapolation,unmarked,final,sa,gu,SimplePhrase_Training,kick_waitress_sg_burglar_sg,NA,NA,,kikim negid gu vaem,NA,NA,,NA,66,Mon Jun 18 12:38:04 2018
6610,extrapolation,unmarked,final,sa,gu,SimplePhrase_Training,point_chef_pl_cowboy_sg,NA,NA,,poinim sa nork gu tumbat,NA,NA,,NA,67,Mon Jun 18 12:38:11 2018
6610,extrapolation,unmarked,final,sa,gu,SimplePhrase_Training,kick_cowboy_pl_burglar_sg,NA,NA,,kikim sa tumbat gu vaem,NA,NA,,NA,68,Mon Jun 18 12:38:19 2018
6610,extrapolation,unmarked,final,sa,gu,SimplePhrase_Training,punch_cowboy_pl_burglar_sg,NA,NA,,straikim sa tumbat gu vaem,NA,NA,,NA,69,Mon Jun 18 12:38:26 2018
6610,extrapolation,unmarked,final,sa,gu,SimplePhrase_Training,cowboy,NA,NA,,tumbat,NA,NA,,NA,70,Mon Jun 18 12:38:31 2018
6610,extrapolation,unmarked,final,sa,gu,SimplePhrase_Training,punch_burglar_pl_chef_sg,NA,NA,,straikim sa vaem gu nork,NA,NA,,NA,71,Mon Jun 18 12:38:39 2018
6610,extrapolation,unmarked,final,sa,gu,SimplePhrase_Training,punch_cowboy_sg_chef_sg,NA,NA,,straikim tumbat gu nork,NA,NA,,NA,72,Mon Jun 18 12:38:46 2018
6610,extrapolation,unmarked,final,sa,gu,SimplePhrase_Training,point_burglar_sg_chef_sg,NA,NA,,poinim vaem gu nork,NA,NA,,NA,73,Mon Jun 18 12:38:54 2018
6610,extrapolation,unmarked,final,sa,gu,SimplePhrase_Training,burglar,NA,NA,,vaem,NA,NA,,NA,74,Mon Jun 18 12:38:58 2018
6610,extrapolation,unmarked,final,sa,gu,SimplePhrase_Training,kick_cowboy_pl_waitress_sg,NA,NA,,kikim sa tumbat gu negid,NA,NA,,NA,75,Mon Jun 18 12:39:06 2018
6610,extrapolation,unmarked,final,sa,gu,SimplePhrase_Training,point_chef_sg_waitress_sg,NA,NA,,poinim nork gu negid,NA,NA,,NA,76,Mon Jun 18 12:39:13 2018
6610,extrapolation,unmarked,final,sa,gu,SimplePhrase_Training,kick_chef_pl_waitress_sg,NA,NA,,kikim sa nork gu negid,NA,NA,,NA,77,Mon Jun 18 12:39:20 2018
6610,extrapolation,unmarked,final,sa,gu,SimplePhrase_Training,point_cowboy_pl_chef_sg,NA,NA,,poinim sa tumbat gu nork,NA,NA,,NA,78,Mon Jun 18 12:39:28 2018
6610,extrapolation,unmarked,final,sa,gu,SimplePhrase_Training,kick_chef_pl_cowboy_sg,NA,NA,,kikim sa nork gu tumbat,NA,NA,,NA,79,Mon Jun 18 12:39:35 2018
6610,extrapolation,unmarked,final,sa,gu,SimplePhrase_Training,kick_waitress_sg_chef_sg,NA,NA,,kikim negid gu nork,NA,NA,,NA,80,Mon Jun 18 12:39:42 2018
6610,extrapolation,unmarked,final,sa,gu,SimplePhrase_Training,point_cowboy_sg_burglar_sg,NA,NA,,poinim tumbat gu vaem,NA,NA,,NA,81,Mon Jun 18 12:39:50 2018
6610,extrapolation,unmarked,final,sa,gu,SimplePhrase_Training,punch_waitress_pl_cowboy_sg,NA,NA,,straikim sa negid gu tumbat,NA,NA,,NA,82,Mon Jun 18 12:39:57 2018
6610,extrapolation,unmarked,final,sa,gu,SimplePhrase_Training,waitress,NA,NA,,negid,NA,NA,,NA,83,Mon Jun 18 12:40:02 2018
6610,extrapolation,unmarked,final,sa,gu,SimplePhrase_Training,point_chef_sg_burglar_sg,NA,NA,,poinim nork gu vaem,NA,NA,,NA,84,Mon Jun 18 12:40:10 2018
6610,extrapolation,unmarked,final,sa,gu,SimplePhrase_Training,punch_chef_sg_cowboy_sg,NA,NA,,straikim nork gu tumbat,NA,NA,,NA,85,Mon Jun 18 12:40:17 2018
6610,extrapolation,unmarked,final,sa,gu,SimplePhrase_Training,cowboy,NA,NA,,tumbat,NA,NA,,NA,86,Mon Jun 18 12:40:22 2018
6610,extrapolation,unmarked,final,sa,gu,SimplePhrase_Training,punch_burglar_pl_waitress_sg,NA,NA,,straikim sa vaem gu negid,NA,NA,,NA,87,Mon Jun 18 12:40:29 2018
6610,extrapolation,unmarked,final,sa,gu,SimplePhrase_Training,point_cowboy_sg_waitress_sg,NA,NA,,poinim tumbat gu negid,NA,NA,,NA,88,Mon Jun 18 12:40:37 2018
6610,extrapolation,unmarked,final,sa,gu,SimplePhrase_Training,punch_burglar_pl_cowboy_sg,NA,NA,,straikim sa vaem gu tumbat,NA,NA,,NA,89,Mon Jun 18 12:40:44 2018
6610,extrapolation,unmarked,final,sa,gu,SimplePhrase_Training,burglar,NA,NA,,vaem,NA,NA,,NA,90,Mon Jun 18 12:40:49 2018
6610,extrapolation,unmarked,final,sa,gu,SimplePhrase_Training,punch_waitress_pl_burglar_sg,NA,NA,,straikim sa negid gu vaem,NA,NA,,NA,91,Mon Jun 18 12:40:57 2018
6610,extrapolation,unmarked,final,sa,gu,SimplePhrase_Training,chef,NA,NA,,nork,NA,NA,,NA,92,Mon Jun 18 12:41:02 2018
6610,extrapolation,unmarked,final,sa,gu,SimplePhrase_Comprehension,point_burglar_sg_waitress_sg,NA,NA,,poinim vaem gu negid,correct,NA,,NA,93,Mon Jun 18 12:41:24 2018
6610,extrapolation,unmarked,final,sa,gu,SimplePhrase_Comprehension,punch_cowboy_pl_chef_sg,NA,NA,,straikim sa tumbat gu nork,correct,NA,,NA,94,Mon Jun 18 12:41:30 2018
6610,extrapolation,unmarked,final,sa,gu,SimplePhrase_Comprehension,kick_cowboy_pl_chef_sg,NA,NA,,kikim sa tumbat gu nork,correct,NA,,NA,95,Mon Jun 18 12:41:37 2018
6610,extrapolation,unmarked,final,sa,gu,SimplePhrase_Comprehension,point_chef_sg_cowboy_sg,NA,NA,,poinim nork gu tumbat,correct,NA,,NA,96,Mon Jun 18 12:41:43 2018
6610,extrapolation,unmarked,final,sa,gu,SimplePhrase_Comprehension,point_burglar_pl_cowboy_sg,NA,NA,,poinim sa vaem gu tumbat,correct,NA,,NA,97,Mon Jun 18 12:41:49 2018
6610,extrapolation,unmarked,final,sa,gu,SimplePhrase_Comprehension,punch_cowboy_sg_burglar_sg,NA,NA,,straikim tumbat gu vaem,correct,NA,,NA,98,Mon Jun 18 12:41:56 2018
6610,extrapolation,unmarked,final,sa,gu,SimplePhrase_Comprehension,point_waitress_pl_cowboy_sg,NA,NA,,poinim sa negid gu tumbat,correct,NA,,NA,99,Mon Jun 18 12:42:02 2018
6610,extrapolation,unmarked,final,sa,gu,SimplePhrase_Comprehension,punch_burglar_sg_waitress_sg,NA,NA,,straikim vaem gu negid,correct,NA,,NA,100,Mon Jun 18 12:42:07 2018
6610,extrapolation,unmarked,final,sa,gu,SimplePhrase_Comprehension,point_waitress_sg_burglar_sg,NA,NA,,poinim negid gu vaem,correct,NA,,NA,101,Mon Jun 18 12:42:13 2018
6610,extrapolation,unmarked,final,sa,gu,SimplePhrase_Comprehension,punch_waitress_sg_chef_sg,NA,NA,,straikim negid gu nork,correct,NA,,NA,102,Mon Jun 18 12:42:18 2018
6610,extrapolation,unmarked,final,sa,gu,SimplePhrase_Comprehension,punch_chef_pl_burglar_sg,NA,NA,,straikim sa nork gu vaem,correct,NA,,NA,103,Mon Jun 18 12:42:24 2018
6610,extrapolation,unmarked,final,sa,gu,SimplePhrase_Comprehension,point_cowboy_pl_waitress_sg,NA,NA,,poinim sa tumbat gu negid,correct,NA,,NA,104,Mon Jun 18 12:42:30 2018
6610,extrapolation,unmarked,final,sa,gu,SimplePhrase_Comprehension,kick_chef_sg_waitress_sg,NA,NA,,kikim nork gu negid,correct,NA,,NA,105,Mon Jun 18 12:42:35 2018
6610,extrapolation,unmarked,final,sa,gu,SimplePhrase_Comprehension,kick_waitress_pl_burglar_sg,NA,NA,,kikim sa negid gu vaem,correct,NA,,NA,106,Mon Jun 18 12:42:42 2018
6610,extrapolation,unmarked,final,sa,gu,SimplePhrase_Comprehension,point_burglar_pl_chef_sg,NA,NA,,poinim sa vaem gu nork,correct,NA,,NA,107,Mon Jun 18 12:42:47 2018
6610,extrapolation,unmarked,final,sa,gu,SimplePhrase_Comprehension,kick_waitress_sg_cowboy_sg,NA,NA,,kikim negid gu tumbat,correct,NA,,NA,108,Mon Jun 18 12:42:55 2018
6610,extrapolation,unmarked,final,sa,gu,SimplePhrase_Comprehension,kick_cowboy_sg_waitress_sg,NA,NA,,kikim tumbat gu negid,correct,NA,,NA,109,Mon Jun 18 12:43:01 2018
6610,extrapolation,unmarked,final,sa,gu,SimplePhrase_Comprehension,punch_waitress_sg_burglar_sg,NA,NA,,straikim negid gu vaem,correct,NA,,NA,110,Mon Jun 18 12:43:06 2018
6610,extrapolation,unmarked,final,sa,gu,SimplePhrase_Comprehension,kick_burglar_pl_chef_sg,NA,NA,,kikim sa vaem gu nork,correct,NA,,NA,111,Mon Jun 18 12:43:12 2018
6610,extrapolation,unmarked,final,sa,gu,SimplePhrase_Comprehension,kick_burglar_pl_cowboy_sg,NA,NA,,kikim sa vaem gu tumbat,correct,NA,,NA,112,Mon Jun 18 12:43:17 2018
6610,extrapolation,unmarked,final,sa,gu,SimplePhrase_Typing,chef,NA,NA,,nork,NA,nork,,NA,113,Mon Jun 18 12:43:47 2018
6610,extrapolation,unmarked,final,sa,gu,SimplePhrase_Typing,point_chef_sg_waitress_sg,NA,NA,,poinim nork gu negid,NA,poinim nork gu negid,,NA,114,Mon Jun 18 12:44:05 2018
6610,extrapolation,unmarked,final,sa,gu,SimplePhrase_Typing,punch_waitress_pl_burglar_sg,NA,NA,,straikim sa negid gu vaem,NA,straikim sa negid gu vaem,,NA,115,Mon Jun 18 12:44:18 2018
6610,extrapolation,unmarked,final,sa,gu,SimplePhrase_Typing,point_cowboy_pl_chef_sg,NA,NA,,poinim sa tumbat gu nork,NA,poinim sa tumbat gu nork,,NA,116,Mon Jun 18 12:44:31 2018
6610,extrapolation,unmarked,final,sa,gu,SimplePhrase_Typing,kick_chef_pl_cowboy_sg,NA,NA,,kikim sa nork gu tumbat,NA,kikim sa nork gu tumbat,,NA,117,Mon Jun 18 12:44:43 2018
6610,extrapolation,unmarked,final,sa,gu,SimplePhrase_Typing,kick_burglar_sg_chef_sg,NA,NA,,kikim vaem gu nork,NA,kikim vaem gu nork,,NA,118,Mon Jun 18 12:44:55 2018
6610,extrapolation,unmarked,final,sa,gu,SimplePhrase_Typing,point_waitress_pl_chef_sg,NA,NA,,poinim sa negid gu nork,NA,poinim sa negid gu nork,,NA,119,Mon Jun 18 12:45:06 2018
6610,extrapolation,unmarked,final,sa,gu,SimplePhrase_Typing,cowboy,NA,NA,,tumbat,NA,tumbat,,NA,120,Mon Jun 18 12:45:16 2018
6610,extrapolation,unmarked,final,sa,gu,SimplePhrase_Typing,waitress,NA,NA,,negid,NA,negid,,NA,121,Mon Jun 18 12:45:21 2018
6610,extrapolation,unmarked,final,sa,gu,SimplePhrase_Typing,kick_burglar_sg_cowboy_sg,NA,NA,,kikim vaem gu tumbat,NA,kikim vaem gu tumbat,,NA,122,Mon Jun 18 12:45:34 2018
6610,extrapolation,unmarked,final,sa,gu,SimplePhrase_Typing,kick_burglar_sg_waitress_sg,NA,NA,,kikim vaem gu negid,NA,kikim vaem gu negid,,NA,123,Mon Jun 18 12:45:43 2018
6610,extrapolation,unmarked,final,sa,gu,SimplePhrase_Typing,burglar,NA,NA,,vaem,NA,vaem,,NA,124,Mon Jun 18 12:45:49 2018
6610,extrapolation,unmarked,final,sa,gu,ComplexPhrase_Typing,point_cowboy_sg_chef_pl,chef,nork,1,poinim tumbat gu sa nork,NA,poinim tumbat gu sa nork,,NA,125,Mon Jun 18 12:46:24 2018
6610,extrapolation,unmarked,final,sa,gu,ComplexPhrase_Typing,point_waitress_sg_cowboy_pl,cowboy,tumbat,1,poinim negid gu sa tumbat,NA,poinim negid gu sa tumbat,,NA,126,Mon Jun 18 12:46:35 2018
6610,extrapolation,unmarked,final,sa,gu,ComplexPhrase_Typing,punch_cowboy_sg_burglar_pl,burglar,vaem,1,straikim tumbat gu sa vaem,NA,straikim tumbat gu sa vaem,,NA,127,Mon Jun 18 12:46:44 2018
6610,extrapolation,unmarked,final,sa,gu,ComplexPhrase_Typing,punch_waitress_sg_chef_pl,chef,nork,1,straikim negid gu sa nork,NA,straikim negid gu sa nork,,NA,128,Mon Jun 18 12:46:53 2018
6610,extrapolation,unmarked,final,sa,gu,ComplexPhrase_Typing,punch_waitress_sg_chef_pl,chef,nork,1,straikim negid gu sa nork,NA,straikim negid gu sa nork,,NA,129,Mon Jun 18 12:47:00 2018
6610,extrapolation,unmarked,final,sa,gu,ComplexPhrase_Typing,point_waitress_sg_cowboy_pl,cowboy,tumbat,1,poinim negid gu sa tumbat,NA,poinim negid gu sa tumbat,,NA,130,Mon Jun 18 12:47:07 2018
6610,extrapolation,unmarked,final,sa,gu,ComplexPhrase_Typing,punch_cowboy_sg_burglar_pl,burglar,vaem,1,straikim tumbat gu sa vaem,NA,straikim tumbat gu sa vaem,,NA,131,Mon Jun 18 12:47:15 2018
6610,extrapolation,unmarked,final,sa,gu,ComplexPhrase_Typing,point_cowboy_sg_chef_pl,chef,nork,1,poinim tumbat gu sa nork,NA,poinim tumbat gu sa nork,,NA,132,Mon Jun 18 12:47:20 2018
6610,extrapolation,unmarked,final,sa,gu,ComplexPhrase_Typing,point_waitress_sg_cowboy_pl,cowboy,tumbat,1,poinim negid gu sa tumbat,NA,poinim negid gu sa tumbat,,NA,133,Mon Jun 18 12:47:27 2018
6610,extrapolation,unmarked,final,sa,gu,ComplexPhrase_Typing,punch_waitress_sg_chef_pl,chef,nork,1,straikim negid gu sa nork,NA,straikim negid gu sa nork,,NA,134,Mon Jun 18 12:47:32 2018
6610,extrapolation,unmarked,final,sa,gu,ComplexPhrase_Typing,punch_cowboy_sg_burglar_pl,burglar,vaem,1,straikim tumbat gu sa vaem,NA,straikim tumbat gu sa vaem,,NA,135,Mon Jun 18 12:47:38 2018
6610,extrapolation,unmarked,final,sa,gu,ComplexPhrase_Typing,point_cowboy_sg_chef_pl,chef,nork,1,poinim tumbat gu sa nork,NA,poinim tumbat gu sa nork,,NA,136,Mon Jun 18 12:47:45 2018
6610,extrapolation,unmarked,final,sa,gu,ComplexPhrase_Testing,kick_burglar_sg_cowboy_sg,NA,NA,,kikim vaem gu tumbat,NA,NA,kikim vaem gu tumbat,NA,137,Mon Jun 18 12:48:24 2018
6610,extrapolation,unmarked,final,sa,gu,ComplexPhrase_Testing,point_burglar_sg_cowboy_pl,cowboy,NA,,poinim vaem gu sa tumbat,NA,NA,…,NA,138,Mon Jun 18 12:48:29 2018
6610,extrapolation,unmarked,final,sa,gu,ComplexPhrase_Testing,punch_burglar_sg_waitress_pl,waitress,negid,1,straikim vaem gu sa negid,NA,NA,straikim vaem gu su negid,NA,139,Mon Jun 18 12:48:37 2018
6610,extrapolation,unmarked,final,sa,gu,ComplexPhrase_Testing,kick_waitress_pl_cowboy_sg,NA,NA,,kikim sa negid gu tumbat,NA,NA,kikim su negid gu tumbat,NA,140,Mon Jun 18 12:48:41 2018
6610,extrapolation,unmarked,final,sa,gu,ComplexPhrase_Testing,kick_chef_sg_cowboy_pl,cowboy,tumbat,1,kikim nork gu sa tumbat,NA,NA,kikim nork gu sa tumbat,NA,141,Mon Jun 18 12:48:50 2018
6610,extrapolation,unmarked,final,sa,gu,ComplexPhrase_Testing,kick_cowboy_pl_waitress_sg,NA,NA,,kikim sa tumbat gu negid,NA,NA,kikim sa tumbat gu negid,NA,142,Mon Jun 18 12:48:56 2018
6610,extrapolation,unmarked,final,sa,gu,ComplexPhrase_Testing,point_cowboy_sg_waitress_pl,waitress,negid,1,poinim tumbat gu sa negid,NA,NA,poinim tumbat gu sa negid,NA,143,Mon Jun 18 12:49:07 2018
6610,extrapolation,unmarked,final,sa,gu,ComplexPhrase_Testing,point_burglar_sg_cowboy_pl,cowboy,tumbat,1,poinim vaem gu sa tumbat,NA,NA,poinim vaem gu sa tumbat,NA,144,Mon Jun 18 12:49:11 2018
6610,extrapolation,unmarked,final,sa,gu,ComplexPhrase_Testing,kick_chef_sg_cowboy_pl,cowboy,tumbat,1,kikim nork gu sa tumbat,NA,NA,kikim nork gu sa tumbat,NA,145,Mon Jun 18 12:49:17 2018
6610,extrapolation,unmarked,final,sa,gu,ComplexPhrase_Testing,kick_burglar_sg_chef_pl,chef,nork,1,kikim vaem gu sa nork,NA,NA,kikim vaem gu sa nork,NA,146,Mon Jun 18 12:49:22 2018
6610,extrapolation,unmarked,final,sa,gu,ComplexPhrase_Testing,kick_burglar_sg_waitress_pl,waitress,negid,1,kikim vaem gu sa negid,NA,NA,kikim vaem gu sa negid,NA,147,Mon Jun 18 12:49:27 2018
6610,extrapolation,unmarked,final,sa,gu,ComplexPhrase_Testing,kick_burglar_sg_waitress_pl,waitress,negid,1,kikim vaem gu sa negid,NA,NA,kikim vaem gu sa negid,NA,148,Mon Jun 18 12:49:31 2018
6610,extrapolation,unmarked,final,sa,gu,ComplexPhrase_Testing,point_burglar_sg_chef_sg,NA,NA,,poinim vaem gu nork,NA,NA,poinim vaem gu nork,NA,149,Mon Jun 18 12:49:37 2018
6610,extrapolation,unmarked,final,sa,gu,ComplexPhrase_Testing,point_waitress_sg_cowboy_pl,cowboy,tumbat,1,poinim negid gu sa tumbat,NA,NA,poinim negid gu sa tumbat,NA,150,Mon Jun 18 12:49:45 2018
6610,extrapolation,unmarked,final,sa,gu,ComplexPhrase_Testing,kick_waitress_sg_burglar_pl,burglar,vaem,1,kikim negid gu sa vaem,NA,NA,kikim negid gu sa vaem,NA,151,Mon Jun 18 12:49:49 2018
6610,extrapolation,unmarked,final,sa,gu,ComplexPhrase_Testing,point_burglar_sg_waitress_sg,NA,NA,,poinim vaem gu negid,NA,NA,poinim vaem gu negid,NA,152,Mon Jun 18 12:49:53 2018
6610,extrapolation,unmarked,final,sa,gu,ComplexPhrase_Testing,point_cowboy_sg_waitress_pl,waitress,negid,1,poinim tumbat gu sa negid,NA,NA,poinim tumbat gu sa negid,NA,153,Mon Jun 18 12:50:02 2018
6610,extrapolation,unmarked,final,sa,gu,ComplexPhrase_Testing,point_burglar_sg_cowboy_pl,cowboy,tumbat,1,poinim vaem gu sa tumbat,NA,NA,poinim vaem gu sa tumbat,NA,154,Mon Jun 18 12:50:05 2018
6610,extrapolation,unmarked,final,sa,gu,ComplexPhrase_Testing,punch_chef_pl_burglar_sg,NA,NA,,straikim sa nork gu vaem,NA,NA,straikim sa nork gu vaem,NA,155,Mon Jun 18 12:50:12 2018
6610,extrapolation,unmarked,final,sa,gu,ComplexPhrase_Testing,point_waitress_sg_cowboy_pl,cowboy,tumbat,1,poinim negid gu sa tumbat,NA,NA,poinim negid gu sa tumbat,NA,156,Mon Jun 18 12:50:22 2018
6610,extrapolation,unmarked,final,sa,gu,ComplexPhrase_Testing,kick_burglar_sg_chef_pl,chef,nork,1,kikim vaem gu sa nork,NA,NA,kikim vaem gu sa nork,NA,157,Mon Jun 18 12:50:26 2018
6610,extrapolation,unmarked,final,sa,gu,ComplexPhrase_Testing,punch_waitress_sg_cowboy_pl,cowboy,tumbat,1,straikim negid gu sa tumbat,NA,NA,straikim negid gu sa tumbat,NA,158,Mon Jun 18 12:50:32 2018
6610,extrapolation,unmarked,final,sa,gu,ComplexPhrase_Testing,punch_waitress_sg_cowboy_pl,cowboy,tumbat,1,straikim negid gu sa tumbat,NA,NA,straikim negid gu sa tumbat,NA,159,Mon Jun 18 12:50:36 2018
6610,extrapolation,unmarked,final,sa,gu,ComplexPhrase_Testing,point_cowboy_sg_waitress_pl,waitress,negid,1,poinim tumbat gu sa negid,NA,NA,poinim tumbat gu sa negid,NA,160,Mon Jun 18 12:50:42 2018
6610,extrapolation,unmarked,final,sa,gu,ComplexPhrase_Testing,kick_burglar_sg_waitress_pl,waitress,negid,1,kikim vaem gu sa negid,NA,NA,kikim vaem gu sa negid,NA,161,Mon Jun 18 12:50:46 2018
6610,extrapolation,unmarked,final,sa,gu,ComplexPhrase_Testing,punch_burglar_sg_waitress_pl,waitress,negid,1,straikim vaem gu sa negid,NA,NA,straikim vaem gu sa negid,NA,162,Mon Jun 18 12:50:52 2018
6610,extrapolation,unmarked,final,sa,gu,ComplexPhrase_Testing,point_burglar_sg_cowboy_sg,NA,NA,,poinim vaem gu tumbat,NA,NA,poinim vaem gu sa tumbat,NA,163,Mon Jun 18 12:50:58 2018
6610,extrapolation,unmarked,final,sa,gu,ComplexPhrase_Testing,kick_cowboy_sg_chef_pl,chef,nork,1,kikim tumbat gu sa nork,NA,NA,kikim tumbat gu sa nork,NA,164,Mon Jun 18 12:51:14 2018
6610,extrapolation,unmarked,final,sa,gu,ComplexPhrase_Testing,point_chef_pl_cowboy_sg,NA,NA,,poinim sa nork gu tumbat,NA,NA,poinim sa nork gu tumbat,NA,165,Mon Jun 18 12:51:18 2018
6610,extrapolation,unmarked,final,sa,gu,ComplexPhrase_Testing,kick_cowboy_sg_chef_pl,chef,nork,1,kikim tumbat gu sa nork,NA,NA,kikim tumbat gu sa nork,NA,166,Mon Jun 18 12:51:27 2018
6610,extrapolation,unmarked,final,sa,gu,ComplexPhrase_Testing,cowboy,NA,NA,,tumbat,NA,NA,tumbat,NA,167,Mon Jun 18 12:51:29 2018
6610,extrapolation,unmarked,final,sa,gu,ComplexPhrase_Testing,kick_chef_sg_cowboy_pl,cowboy,tumbat,1,kikim nork gu sa tumbat,NA,NA,kikim nork gu sa tumbat,NA,168,Mon Jun 18 12:51:36 2018
6610,extrapolation,unmarked,final,sa,gu,ComplexPhrase_Testing,punch_waitress_pl_chef_sg,NA,NA,,straikim sa negid gu nork,NA,NA,straikim sa negid gu nork,NA,169,Mon Jun 18 12:51:41 2018
6610,extrapolation,unmarked,final,sa,gu,ComplexPhrase_Testing,point_cowboy_sg_chef_pl,chef,nork,1,poinim tumbat gu sa nork,NA,NA,poinim tumbat gu sa nork,NA,170,Mon Jun 18 12:51:50 2018
6610,extrapolation,unmarked,final,sa,gu,ComplexPhrase_Testing,kick_chef_pl_burglar_sg,NA,NA,,kikim sa nork gu vaem,NA,NA,kikim sa nork gu vaem,NA,171,Mon Jun 18 12:51:56 2018
6610,extrapolation,unmarked,final,sa,gu,ComplexPhrase_Testing,point_burglar_sg_waitress_pl,waitress,negid,1,poinim vaem gu sa negid,NA,NA,poinim vaem gu sa negid,NA,172,Mon Jun 18 12:52:04 2018
6610,extrapolation,unmarked,final,sa,gu,ComplexPhrase_Testing,punch_burglar_sg_chef_sg,NA,NA,,straikim vaem gu nork,NA,NA,straikim vaem gu nork,NA,173,Mon Jun 18 12:52:08 2018
6610,extrapolation,unmarked,final,sa,gu,ComplexPhrase_Testing,punch_waitress_sg_cowboy_pl,cowboy,tumbat,1,straikim negid gu sa tumbat,NA,NA,straikim negid gu sa tumbat,NA,174,Mon Jun 18 12:52:17 2018
6610,extrapolation,unmarked,final,sa,gu,ComplexPhrase_Testing,waitress,NA,NA,,negid,NA,NA,negid,NA,175,Mon Jun 18 12:52:20 2018
6610,extrapolation,unmarked,final,sa,gu,ComplexPhrase_Testing,point_waitress_sg_cowboy_pl,cowboy,tumbat,1,poinim negid gu sa tumbat,NA,NA,poinim negid gu sa tumbat,NA,176,Mon Jun 18 12:52:27 2018
6610,extrapolation,unmarked,final,sa,gu,ComplexPhrase_Testing,point_burglar_sg_waitress_pl,waitress,negid,1,poinim vaem gu sa negid,NA,NA,poinim vaem gu sa negid,NA,177,Mon Jun 18 12:52:31 2018
6610,extrapolation,unmarked,final,sa,gu,ComplexPhrase_Testing,burglar,NA,NA,,vaem,NA,NA,vaem,NA,178,Mon Jun 18 12:52:34 2018
6610,extrapolation,unmarked,final,sa,gu,ComplexPhrase_Testing,point_burglar_sg_waitress_pl,waitress,negid,1,poinim vaem gu sa negid,NA,NA,poinim vaem gu sa negid,NA,179,Mon Jun 18 12:52:41 2018
6610,extrapolation,unmarked,final,sa,gu,ComplexPhrase_Testing,punch_burglar_sg_waitress_pl,waitress,negid,1,straikim vaem gu sa negid,NA,NA,straikim vaem gu sa negid,NA,180,Mon Jun 18 12:52:45 2018
6610,extrapolation,unmarked,final,sa,gu,ComplexPhrase_Testing,point_cowboy_sg_chef_pl,chef,nork,1,poinim tumbat gu sa nork,NA,NA,poinim tumbat gu sa nork,NA,181,Mon Jun 18 12:52:49 2018
6610,extrapolation,unmarked,final,sa,gu,ComplexPhrase_Testing,point_chef_sg_cowboy_sg,NA,NA,,poinim nork gu tumbat,NA,NA,poinim nork gu tumbat,NA,182,Mon Jun 18 12:52:56 2018
6610,extrapolation,unmarked,final,sa,gu,ComplexPhrase_Testing,chef,NA,NA,,nork,NA,NA,nork,NA,183,Mon Jun 18 12:53:01 2018
6610,extrapolation,unmarked,final,sa,gu,ComplexPhrase_Testing,kick_waitress_sg_burglar_pl,burglar,vaem,1,kikim negid gu sa vaem,NA,NA,kikim negid gu sa vaem,NA,184,Mon Jun 18 12:53:08 2018
6610,extrapolation,unmarked,final,sa,gu,ComplexPhrase_Testing,kick_cowboy_sg_chef_pl,chef,nork,1,kikim tumbat gu sa nork,NA,NA,kikim tumbat gu sa nork,NA,185,Mon Jun 18 12:53:13 2018
6610,extrapolation,unmarked,final,sa,gu,ComplexPhrase_Testing,kick_waitress_sg_burglar_pl,burglar,vaem,1,kikim negid gu sa vaem,NA,NA,kikim negid gu sa vaem,NA,186,Mon Jun 18 12:53:18 2018
6610,extrapolation,unmarked,final,sa,gu,ComplexPhrase_Testing,point_cowboy_sg_chef_pl,chef,nork,1,poinim tumbat gu sa nork,NA,NA,poinim tumbat gu sa nork,NA,187,Mon Jun 18 12:53:25 2018
6610,extrapolation,unmarked,final,sa,gu,ComplexPhrase_Testing,kick_burglar_sg_chef_pl,chef,nork,1,kikim vaem gu sa nork,NA,NA,kikim vaem gu sa nork,NA,188,Mon Jun 18 12:53:28 2018
6610,extrapolation,unmarked,final,sa,gu,Questionnaire,NA,NA,NA,,NA,NA,NA,,two,MeaningNum,Mon Jun 18 12:54:29 2018
6610,extrapolation,unmarked,final,sa,gu,Questionnaire,NA,NA,NA,,NA,NA,NA,,target of the verb,MeaningCase,Mon Jun 18 12:54:29 2018
6610,extrapolation,unmarked,final,sa,gu,Questionnaire,NA,NA,NA,,NA,NA,NA,,before,OrderNumNoun,Mon Jun 18 12:54:29 2018
6610,extrapolation,unmarked,final,sa,gu,Questionnaire,NA,NA,NA,,NA,NA,NA,,before,OrderCaseNoun,Mon Jun 18 12:54:29 2018
6610,extrapolation,unmarked,final,sa,gu,Questionnaire,NA,NA,NA,,NA,NA,NA,,english,Languages,Mon Jun 18 12:54:29 2018