ID,Condition,MajorityOrder,NounPosition,markerNum,markerCase,Phase,Meaning,NounItem,InputSentence,Selection,TypedResponse,SpokenResponse,AnswerQuest,Trial,date&time
6605,extrapolation,unmarked,final,sa,gu,Noun_Training,burglar,NA,negid,NA,NA,,NA,1,Tue May  8 11:35:48 2018
6605,extrapolation,unmarked,final,sa,gu,Noun_Training,chef,NA,nork,NA,NA,,NA,2,Tue May  8 11:35:53 2018
6605,extrapolation,unmarked,final,sa,gu,Noun_Training,cowboy,NA,tumbat,NA,NA,,NA,3,Tue May  8 11:35:58 2018
6605,extrapolation,unmarked,final,sa,gu,Noun_Training,burglar,NA,negid,NA,NA,,NA,4,Tue May  8 11:36:03 2018
6605,extrapolation,unmarked,final,sa,gu,Noun_Training,chef,NA,nork,NA,NA,,NA,5,Tue May  8 11:36:08 2018
6605,extrapolation,unmarked,final,sa,gu,Noun_Training,chef,NA,nork,NA,NA,,NA,6,Tue May  8 11:36:13 2018
6605,extrapolation,unmarked,final,sa,gu,Noun_Training,chef,NA,nork,NA,NA,,NA,7,Tue May  8 11:36:18 2018
6605,extrapolation,unmarked,final,sa,gu,Noun_Training,waitress,NA,vaem,NA,NA,,NA,8,Tue May  8 11:36:22 2018
6605,extrapolation,unmarked,final,sa,gu,Noun_Training,cowboy,NA,tumbat,NA,NA,,NA,9,Tue May  8 11:36:27 2018
6605,extrapolation,unmarked,final,sa,gu,Noun_Training,waitress,NA,vaem,NA,NA,,NA,10,Tue May  8 11:36:32 2018
6605,extrapolation,unmarked,final,sa,gu,Noun_Training,waitress,NA,vaem,NA,NA,,NA,11,Tue May  8 11:36:37 2018
6605,extrapolation,unmarked,final,sa,gu,Noun_Training,burglar,NA,negid,NA,NA,,NA,12,Tue May  8 11:36:42 2018
6605,extrapolation,unmarked,final,sa,gu,Noun_Training,waitress,NA,vaem,NA,NA,,NA,13,Tue May  8 11:36:46 2018
6605,extrapolation,unmarked,final,sa,gu,Noun_Training,cowboy,NA,tumbat,NA,NA,,NA,14,Tue May  8 11:36:51 2018
6605,extrapolation,unmarked,final,sa,gu,Noun_Training,waitress,NA,vaem,NA,NA,,NA,15,Tue May  8 11:36:56 2018
6605,extrapolation,unmarked,final,sa,gu,Noun_Training,chef,NA,nork,NA,NA,,NA,16,Tue May  8 11:37:01 2018
6605,extrapolation,unmarked,final,sa,gu,Noun_Training,cowboy,NA,tumbat,NA,NA,,NA,17,Tue May  8 11:37:06 2018
6605,extrapolation,unmarked,final,sa,gu,Noun_Training,waitress,NA,vaem,NA,NA,,NA,18,Tue May  8 11:37:11 2018
6605,extrapolation,unmarked,final,sa,gu,Noun_Training,cowboy,NA,tumbat,NA,NA,,NA,19,Tue May  8 11:37:15 2018
6605,extrapolation,unmarked,final,sa,gu,Noun_Training,cowboy,NA,tumbat,NA,NA,,NA,20,Tue May  8 11:37:20 2018
6605,extrapolation,unmarked,final,sa,gu,Noun_Training,burglar,NA,negid,NA,NA,,NA,21,Tue May  8 11:37:25 2018
6605,extrapolation,unmarked,final,sa,gu,Noun_Training,chef,NA,nork,NA,NA,,NA,22,Tue May  8 11:37:30 2018
6605,extrapolation,unmarked,final,sa,gu,Noun_Training,burglar,NA,negid,NA,NA,,NA,23,Tue May  8 11:37:35 2018
6605,extrapolation,unmarked,final,sa,gu,Noun_Training,burglar,NA,negid,NA,NA,,NA,24,Tue May  8 11:37:40 2018
6605,extrapolation,unmarked,final,sa,gu,Noun_Selection,waitress,NA,vaem,correct,NA,,NA,25,Tue May  8 11:38:05 2018
6605,extrapolation,unmarked,final,sa,gu,Noun_Selection,burglar,NA,negid,correct,NA,,NA,26,Tue May  8 11:38:09 2018
6605,extrapolation,unmarked,final,sa,gu,Noun_Selection,waitress,NA,vaem,correct,NA,,NA,27,Tue May  8 11:38:12 2018
6605,extrapolation,unmarked,final,sa,gu,Noun_Selection,chef,NA,nork,correct,NA,,NA,28,Tue May  8 11:38:16 2018
6605,extrapolation,unmarked,final,sa,gu,Noun_Selection,waitress,NA,vaem,correct,NA,,NA,29,Tue May  8 11:38:19 2018
6605,extrapolation,unmarked,final,sa,gu,Noun_Selection,cowboy,NA,tumbat,correct,NA,,NA,30,Tue May  8 11:38:25 2018
6605,extrapolation,unmarked,final,sa,gu,Noun_Selection,burglar,NA,negid,correct,NA,,NA,31,Tue May  8 11:38:29 2018
6605,extrapolation,unmarked,final,sa,gu,Noun_Selection,chef,NA,nork,correct,NA,,NA,32,Tue May  8 11:38:32 2018
6605,extrapolation,unmarked,final,sa,gu,Noun_Selection,cowboy,NA,tumbat,correct,NA,,NA,33,Tue May  8 11:38:35 2018
6605,extrapolation,unmarked,final,sa,gu,Noun_Selection,chef,NA,nork,correct,NA,,NA,34,Tue May  8 11:38:38 2018
6605,extrapolation,unmarked,final,sa,gu,Noun_Selection,cowboy,NA,tumbat,correct,NA,,NA,35,Tue May  8 11:38:41 2018
6605,extrapolation,unmarked,final,sa,gu,Noun_Selection,burglar,NA,negid,correct,NA,,NA,36,Tue May  8 11:38:45 2018
6605,extrapolation,unmarked,final,sa,gu,Noun_Testing,cowboy,NA,tumbat,NA,NA,,NA,37,Tue May  8 11:39:07 2018
6605,extrapolation,unmarked,final,sa,gu,Noun_Testing,burglar,NA,negid,NA,NA,,NA,38,Tue May  8 11:39:11 2018
6605,extrapolation,unmarked,final,sa,gu,Noun_Testing,waitress,NA,vaem,NA,NA,,NA,39,Tue May  8 11:39:15 2018
6605,extrapolation,unmarked,final,sa,gu,Noun_Testing,burglar,NA,negid,NA,NA,,NA,40,Tue May  8 11:39:19 2018
6605,extrapolation,unmarked,final,sa,gu,Noun_Testing,chef,NA,nork,NA,NA,,NA,41,Tue May  8 11:39:23 2018
6605,extrapolation,unmarked,final,sa,gu,Noun_Testing,cowboy,NA,tumbat,NA,NA,,NA,42,Tue May  8 11:39:28 2018
6605,extrapolation,unmarked,final,sa,gu,Noun_Testing,waitress,NA,vaem,NA,NA,,NA,43,Tue May  8 11:39:32 2018
6605,extrapolation,unmarked,final,sa,gu,Noun_Testing,burglar,NA,negid,NA,NA,,NA,44,Tue May  8 11:39:37 2018
6605,extrapolation,unmarked,final,sa,gu,Noun_Testing,cowboy,NA,tumbat,NA,NA,,NA,45,Tue May  8 11:39:42 2018
6605,extrapolation,unmarked,final,sa,gu,Noun_Testing,chef,NA,nork,NA,NA,,NA,46,Tue May  8 11:39:46 2018
6605,extrapolation,unmarked,final,sa,gu,Noun_Testing,chef,NA,nork,NA,NA,,NA,47,Tue May  8 11:39:50 2018
6605,extrapolation,unmarked,final,sa,gu,Noun_Testing,waitress,NA,vaem,NA,NA,,NA,48,Tue May  8 11:39:54 2018
6605,extrapolation,unmarked,final,sa,gu,SimplePhrase_Training,point_burglar_sg_cowboy_sg,NA,poinim negid gu tumbat,NA,NA,,NA,49,Tue May  8 11:40:29 2018
6605,extrapolation,unmarked,final,sa,gu,SimplePhrase_Training,waitress,NA,vaem,NA,NA,,NA,50,Tue May  8 11:40:34 2018
6605,extrapolation,unmarked,final,sa,gu,SimplePhrase_Training,kick_waitress_pl_chef_sg,NA,kikim sa vaem gu nork,NA,NA,,NA,51,Tue May  8 11:40:41 2018
6605,extrapolation,unmarked,final,sa,gu,SimplePhrase_Training,cowboy,NA,tumbat,NA,NA,,NA,52,Tue May  8 11:40:46 2018
6605,extrapolation,unmarked,final,sa,gu,SimplePhrase_Training,cowboy,NA,tumbat,NA,NA,,NA,53,Tue May  8 11:40:51 2018
6605,extrapolation,unmarked,final,sa,gu,SimplePhrase_Training,punch_cowboy_pl_burglar_sg,NA,straikim sa tumbat gu negid,NA,NA,,NA,54,Tue May  8 11:40:59 2018
6605,extrapolation,unmarked,final,sa,gu,SimplePhrase_Training,chef,NA,nork,NA,NA,,NA,55,Tue May  8 11:41:04 2018
6605,extrapolation,unmarked,final,sa,gu,SimplePhrase_Training,point_burglar_pl_waitress_sg,NA,poinim sa negid gu vaem,NA,NA,,NA,56,Tue May  8 11:41:11 2018
6605,extrapolation,unmarked,final,sa,gu,SimplePhrase_Training,punch_burglar_sg_chef_sg,NA,straikim negid gu nork,NA,NA,,NA,57,Tue May  8 11:41:19 2018
6605,extrapolation,unmarked,final,sa,gu,SimplePhrase_Training,kick_burglar_sg_waitress_sg,NA,kikim negid gu vaem,NA,NA,,NA,58,Tue May  8 11:41:26 2018
6605,extrapolation,unmarked,final,sa,gu,SimplePhrase_Training,punch_waitress_sg_chef_sg,NA,straikim vaem gu nork,NA,NA,,NA,59,Tue May  8 11:41:33 2018
6605,extrapolation,unmarked,final,sa,gu,SimplePhrase_Training,burglar,NA,negid,NA,NA,,NA,60,Tue May  8 11:41:38 2018
6605,extrapolation,unmarked,final,sa,gu,SimplePhrase_Training,point_burglar_pl_chef_sg,NA,poinim sa negid gu nork,NA,NA,,NA,61,Tue May  8 11:41:45 2018
6605,extrapolation,unmarked,final,sa,gu,SimplePhrase_Training,punch_cowboy_pl_waitress_sg,NA,straikim sa tumbat gu vaem,NA,NA,,NA,62,Tue May  8 11:41:53 2018
6605,extrapolation,unmarked,final,sa,gu,SimplePhrase_Training,chef,NA,nork,NA,NA,,NA,63,Tue May  8 11:41:58 2018
6605,extrapolation,unmarked,final,sa,gu,SimplePhrase_Training,point_waitress_pl_chef_sg,NA,poinim sa vaem gu nork,NA,NA,,NA,64,Tue May  8 11:42:05 2018
6605,extrapolation,unmarked,final,sa,gu,SimplePhrase_Training,burglar,NA,negid,NA,NA,,NA,65,Tue May  8 11:42:10 2018
6605,extrapolation,unmarked,final,sa,gu,SimplePhrase_Training,point_cowboy_sg_waitress_sg,NA,poinim tumbat gu vaem,NA,NA,,NA,66,Tue May  8 11:42:17 2018
6605,extrapolation,unmarked,final,sa,gu,SimplePhrase_Training,kick_chef_sg_cowboy_sg,NA,kikim nork gu tumbat,NA,NA,,NA,67,Tue May  8 11:42:25 2018
6605,extrapolation,unmarked,final,sa,gu,SimplePhrase_Training,point_waitress_sg_burglar_sg,NA,poinim vaem gu negid,NA,NA,,NA,68,Tue May  8 11:42:32 2018
6605,extrapolation,unmarked,final,sa,gu,SimplePhrase_Training,kick_burglar_pl_chef_sg,NA,kikim sa negid gu nork,NA,NA,,NA,69,Tue May  8 11:42:39 2018
6605,extrapolation,unmarked,final,sa,gu,SimplePhrase_Training,punch_burglar_pl_cowboy_sg,NA,straikim sa negid gu tumbat,NA,NA,,NA,70,Tue May  8 11:42:47 2018
6605,extrapolation,unmarked,final,sa,gu,SimplePhrase_Training,punch_waitress_pl_burglar_sg,NA,straikim sa vaem gu negid,NA,NA,,NA,71,Tue May  8 11:42:54 2018
6605,extrapolation,unmarked,final,sa,gu,SimplePhrase_Training,kick_waitress_pl_burglar_sg,NA,kikim sa vaem gu negid,NA,NA,,NA,72,Tue May  8 11:43:02 2018
6605,extrapolation,unmarked,final,sa,gu,SimplePhrase_Training,punch_burglar_sg_waitress_sg,NA,straikim negid gu vaem,NA,NA,,NA,73,Tue May  8 11:43:09 2018
6605,extrapolation,unmarked,final,sa,gu,SimplePhrase_Training,kick_chef_sg_waitress_sg,NA,kikim nork gu vaem,NA,NA,,NA,74,Tue May  8 11:43:16 2018
6605,extrapolation,unmarked,final,sa,gu,SimplePhrase_Training,point_cowboy_pl_burglar_sg,NA,poinim sa tumbat gu negid,NA,NA,,NA,75,Tue May  8 11:43:24 2018
6605,extrapolation,unmarked,final,sa,gu,SimplePhrase_Training,kick_burglar_pl_cowboy_sg,NA,kikim sa negid gu tumbat,NA,NA,,NA,76,Tue May  8 11:43:31 2018
6605,extrapolation,unmarked,final,sa,gu,SimplePhrase_Training,punch_chef_pl_waitress_sg,NA,straikim sa nork gu vaem,NA,NA,,NA,77,Tue May  8 11:43:39 2018
6605,extrapolation,unmarked,final,sa,gu,SimplePhrase_Training,kick_cowboy_pl_burglar_sg,NA,kikim sa tumbat gu negid,NA,NA,,NA,78,Tue May  8 11:43:46 2018
6605,extrapolation,unmarked,final,sa,gu,SimplePhrase_Training,punch_waitress_sg_cowboy_sg,NA,straikim vaem gu tumbat,NA,NA,,NA,79,Tue May  8 11:43:54 2018
6605,extrapolation,unmarked,final,sa,gu,SimplePhrase_Training,punch_chef_sg_cowboy_sg,NA,straikim nork gu tumbat,NA,NA,,NA,80,Tue May  8 11:44:01 2018
6605,extrapolation,unmarked,final,sa,gu,SimplePhrase_Training,kick_cowboy_sg_chef_sg,NA,kikim tumbat gu nork,NA,NA,,NA,81,Tue May  8 11:44:09 2018
6605,extrapolation,unmarked,final,sa,gu,SimplePhrase_Training,point_cowboy_sg_chef_sg,NA,poinim tumbat gu nork,NA,NA,,NA,82,Tue May  8 11:44:16 2018
6605,extrapolation,unmarked,final,sa,gu,SimplePhrase_Training,point_chef_sg_burglar_sg,NA,poinim nork gu negid,NA,NA,,NA,83,Tue May  8 11:44:23 2018
6605,extrapolation,unmarked,final,sa,gu,SimplePhrase_Training,kick_waitress_sg_cowboy_sg,NA,kikim vaem gu tumbat,NA,NA,,NA,84,Tue May  8 11:44:30 2018
6605,extrapolation,unmarked,final,sa,gu,SimplePhrase_Training,point_waitress_sg_cowboy_sg,NA,poinim vaem gu tumbat,NA,NA,,NA,85,Tue May  8 11:44:38 2018
6605,extrapolation,unmarked,final,sa,gu,SimplePhrase_Training,point_chef_pl_waitress_sg,NA,poinim sa nork gu vaem,NA,NA,,NA,86,Tue May  8 11:44:45 2018
6605,extrapolation,unmarked,final,sa,gu,SimplePhrase_Training,punch_cowboy_sg_chef_sg,NA,straikim tumbat gu nork,NA,NA,,NA,87,Tue May  8 11:44:53 2018
6605,extrapolation,unmarked,final,sa,gu,SimplePhrase_Training,kick_chef_pl_burglar_sg,NA,kikim sa nork gu negid,NA,NA,,NA,88,Tue May  8 11:45:00 2018
6605,extrapolation,unmarked,final,sa,gu,SimplePhrase_Training,waitress,NA,vaem,NA,NA,,NA,89,Tue May  8 11:45:05 2018
6605,extrapolation,unmarked,final,sa,gu,SimplePhrase_Training,punch_chef_sg_burglar_sg,NA,straikim nork gu negid,NA,NA,,NA,90,Tue May  8 11:45:12 2018
6605,extrapolation,unmarked,final,sa,gu,SimplePhrase_Training,point_chef_pl_cowboy_sg,NA,poinim sa nork gu tumbat,NA,NA,,NA,91,Tue May  8 11:45:20 2018
6605,extrapolation,unmarked,final,sa,gu,SimplePhrase_Training,kick_cowboy_pl_waitress_sg,NA,kikim sa tumbat gu vaem,NA,NA,,NA,92,Tue May  8 11:45:27 2018
6605,extrapolation,unmarked,final,sa,gu,SimplePhrase_Comprehension,punch_burglar_pl_waitress_sg,NA,straikim sa negid gu vaem,correct,NA,,NA,93,Tue May  8 11:45:56 2018
6605,extrapolation,unmarked,final,sa,gu,SimplePhrase_Comprehension,punch_chef_sg_waitress_sg,NA,straikim nork gu vaem,correct,NA,,NA,94,Tue May  8 11:46:01 2018
6605,extrapolation,unmarked,final,sa,gu,SimplePhrase_Comprehension,kick_cowboy_pl_chef_sg,NA,kikim sa tumbat gu nork,correct,NA,,NA,95,Tue May  8 11:46:10 2018
6605,extrapolation,unmarked,final,sa,gu,SimplePhrase_Comprehension,kick_chef_pl_waitress_sg,NA,kikim sa nork gu vaem,correct,NA,,NA,96,Tue May  8 11:46:15 2018
6605,extrapolation,unmarked,final,sa,gu,SimplePhrase_Comprehension,punch_chef_pl_burglar_sg,NA,straikim sa nork gu negid,correct,NA,,NA,97,Tue May  8 11:46:21 2018
6605,extrapolation,unmarked,final,sa,gu,SimplePhrase_Comprehension,punch_burglar_sg_cowboy_sg,NA,straikim negid gu tumbat,correct,NA,,NA,98,Tue May  8 11:46:32 2018
6605,extrapolation,unmarked,final,sa,gu,SimplePhrase_Comprehension,kick_waitress_sg_burglar_sg,NA,kikim vaem gu negid,correct,NA,,NA,99,Tue May  8 11:46:37 2018
6605,extrapolation,unmarked,final,sa,gu,SimplePhrase_Comprehension,point_burglar_sg_waitress_sg,NA,poinim negid gu vaem,correct,NA,,NA,100,Tue May  8 11:46:43 2018
6605,extrapolation,unmarked,final,sa,gu,SimplePhrase_Comprehension,point_chef_pl_burglar_sg,NA,poinim sa nork gu negid,correct,NA,,NA,101,Tue May  8 11:46:50 2018
6605,extrapolation,unmarked,final,sa,gu,SimplePhrase_Comprehension,punch_waitress_pl_cowboy_sg,NA,straikim sa vaem gu tumbat,correct,NA,,NA,102,Tue May  8 11:46:56 2018
6605,extrapolation,unmarked,final,sa,gu,SimplePhrase_Comprehension,punch_cowboy_sg_burglar_sg,NA,straikim tumbat gu negid,correct,NA,,NA,103,Tue May  8 11:47:01 2018
6605,extrapolation,unmarked,final,sa,gu,SimplePhrase_Comprehension,point_cowboy_sg_burglar_sg,NA,poinim tumbat gu negid,correct,NA,,NA,104,Tue May  8 11:47:07 2018
6605,extrapolation,unmarked,final,sa,gu,SimplePhrase_Comprehension,punch_chef_pl_cowboy_sg,NA,straikim sa nork gu tumbat,correct,NA,,NA,105,Tue May  8 11:47:14 2018
6605,extrapolation,unmarked,final,sa,gu,SimplePhrase_Comprehension,point_waitress_pl_cowboy_sg,NA,poinim sa vaem gu tumbat,correct,NA,,NA,106,Tue May  8 11:47:20 2018
6605,extrapolation,unmarked,final,sa,gu,SimplePhrase_Comprehension,kick_burglar_pl_waitress_sg,NA,kikim sa negid gu vaem,correct,NA,,NA,107,Tue May  8 11:47:25 2018
6605,extrapolation,unmarked,final,sa,gu,SimplePhrase_Comprehension,kick_chef_sg_burglar_sg,NA,kikim nork gu negid,correct,NA,,NA,108,Tue May  8 11:47:31 2018
6605,extrapolation,unmarked,final,sa,gu,SimplePhrase_Comprehension,kick_waitress_sg_chef_sg,NA,kikim vaem gu nork,correct,NA,,NA,109,Tue May  8 11:47:37 2018
6605,extrapolation,unmarked,final,sa,gu,SimplePhrase_Comprehension,point_burglar_sg_chef_sg,NA,poinim negid gu nork,correct,NA,,NA,110,Tue May  8 11:47:43 2018
6605,extrapolation,unmarked,final,sa,gu,SimplePhrase_Comprehension,punch_cowboy_pl_chef_sg,NA,straikim sa tumbat gu nork,correct,NA,,NA,111,Tue May  8 11:47:49 2018
6605,extrapolation,unmarked,final,sa,gu,SimplePhrase_Comprehension,point_chef_sg_cowboy_sg,NA,poinim nork gu tumbat,correct,NA,,NA,112,Tue May  8 11:47:58 2018
6605,extrapolation,unmarked,final,sa,gu,SimplePhrase_Typing,point_burglar_sg_cowboy_sg,NA,poinim negid gu tumbat,NA,poinim vagen gu tumbat,,NA,113,Tue May  8 11:48:57 2018
6605,extrapolation,unmarked,final,sa,gu,SimplePhrase_Typing,punch_waitress_pl_burglar_sg,NA,straikim sa vaem gu negid,NA,straikim sa vaem gu negid,,NA,114,Tue May  8 11:49:18 2018
6605,extrapolation,unmarked,final,sa,gu,SimplePhrase_Typing,kick_burglar_pl_chef_sg,NA,kikim sa negid gu nork,NA,kikim sa negid gu nork,,NA,115,Tue May  8 11:49:46 2018
6605,extrapolation,unmarked,final,sa,gu,SimplePhrase_Typing,cowboy,NA,tumbat,NA,tumbat,,NA,116,Tue May  8 11:49:58 2018
6605,extrapolation,unmarked,final,sa,gu,SimplePhrase_Typing,kick_waitress_sg_cowboy_sg,NA,kikim vaem gu tumbat,NA,kikim vaem gu tumbat,,NA,117,Tue May  8 11:50:16 2018
6605,extrapolation,unmarked,final,sa,gu,SimplePhrase_Typing,burglar,NA,negid,NA,negid,,NA,118,Tue May  8 11:50:24 2018
6605,extrapolation,unmarked,final,sa,gu,SimplePhrase_Typing,kick_cowboy_pl_waitress_sg,NA,kikim sa tumbat gu vaem,NA,kikim sa tumbat gu vaem,,NA,119,Tue May  8 11:50:49 2018
6605,extrapolation,unmarked,final,sa,gu,SimplePhrase_Typing,kick_waitress_pl_burglar_sg,NA,kikim sa vaem gu negid,NA,kikim sa vaem gu negid,,NA,120,Tue May  8 11:51:05 2018
6605,extrapolation,unmarked,final,sa,gu,SimplePhrase_Typing,point_cowboy_sg_chef_sg,NA,poinim tumbat gu nork,NA,poinim tumbat gu nork,,NA,121,Tue May  8 11:51:24 2018
6605,extrapolation,unmarked,final,sa,gu,SimplePhrase_Typing,waitress,NA,vaem,NA,vaem,,NA,122,Tue May  8 11:51:30 2018
6605,extrapolation,unmarked,final,sa,gu,SimplePhrase_Typing,chef,NA,nork,NA,nork,,NA,123,Tue May  8 11:51:36 2018
6605,extrapolation,unmarked,final,sa,gu,SimplePhrase_Typing,kick_cowboy_sg_chef_sg,NA,kikim tumbat gu nork,NA,kikim tumbat gu nork,,NA,124,Tue May  8 11:51:48 2018
6605,extrapolation,unmarked,final,sa,gu,ComplexPhrase_Typing,kick_waitress_sg_burglar_pl,burglar,kikim vaem gu sa negid,NA,kikim vaem gu sa negid,,NA,125,Tue May  8 11:52:33 2018
6605,extrapolation,unmarked,final,sa,gu,ComplexPhrase_Typing,kick_cowboy_sg_chef_pl,chef,kikim tumbat gu sa nork,NA,kikim tumbat gu sa nork,,NA,126,Tue May  8 11:52:46 2018
6605,extrapolation,unmarked,final,sa,gu,ComplexPhrase_Typing,punch_chef_sg_waitress_pl,waitress,straikim nork gu sa vaem,NA,straikim nork gu sa vaem,,NA,127,Tue May  8 11:52:58 2018
6605,extrapolation,unmarked,final,sa,gu,ComplexPhrase_Typing,point_burglar_sg_cowboy_pl,cowboy,poinim negid gu sa tumbat,NA,poinim negid gu sa tumbat,,NA,128,Tue May  8 11:53:11 2018
6605,extrapolation,unmarked,final,sa,gu,ComplexPhrase_Typing,punch_chef_sg_waitress_pl,waitress,straikim nork gu sa vaem,NA,straikim nork gu sa vaem,,NA,129,Tue May  8 11:53:18 2018
6605,extrapolation,unmarked,final,sa,gu,ComplexPhrase_Typing,kick_waitress_sg_burglar_pl,burglar,kikim vaem gu sa negid,NA,kikim vaem gu sa negid,,NA,130,Tue May  8 11:53:27 2018
6605,extrapolation,unmarked,final,sa,gu,ComplexPhrase_Typing,kick_cowboy_sg_chef_pl,chef,kikim tumbat gu sa nork,NA,kikim tumbat gu sa cork,,NA,131,Tue May  8 11:53:32 2018
6605,extrapolation,unmarked,final,sa,gu,ComplexPhrase_Typing,point_burglar_sg_cowboy_pl,cowboy,poinim negid gu sa tumbat,NA,poinim negid gu sa tumbat,,NA,132,Tue May  8 11:53:54 2018
6605,extrapolation,unmarked,final,sa,gu,ComplexPhrase_Typing,kick_cowboy_sg_chef_pl,chef,kikim tumbat gu sa nork,NA,kikim tumbat gu sa cork,,NA,133,Tue May  8 11:54:03 2018
6605,extrapolation,unmarked,final,sa,gu,ComplexPhrase_Typing,punch_chef_sg_waitress_pl,waitress,straikim nork gu sa vaem,NA,straikim cork gu sa vaem,,NA,134,Tue May  8 11:54:09 2018
6605,extrapolation,unmarked,final,sa,gu,ComplexPhrase_Typing,point_burglar_sg_cowboy_pl,cowboy,poinim negid gu sa tumbat,NA,poinim negid gu sa tumbat,,NA,135,Tue May  8 11:54:16 2018
6605,extrapolation,unmarked,final,sa,gu,ComplexPhrase_Typing,kick_waitress_sg_burglar_pl,burglar,kikim vaem gu sa negid,NA,kikim vaem gu sa negid,,NA,136,Tue May  8 11:54:27 2018
6605,extrapolation,unmarked,final,sa,gu,ComplexPhrase_Testing,kick_chef_sg_burglar_sg,NA,kikim nork gu negid,NA,NA,,NA,137,Tue May  8 11:55:11 2018
6605,extrapolation,unmarked,final,sa,gu,ComplexPhrase_Testing,kick_chef_sg_cowboy_pl,cowboy,kikim nork gu sa tumbat,NA,NA,,NA,138,Tue May  8 11:55:24 2018
6605,extrapolation,unmarked,final,sa,gu,ComplexPhrase_Testing,punch_chef_sg_burglar_sg,NA,straikim nork gu negid,NA,NA,,NA,139,Tue May  8 11:55:33 2018
6605,extrapolation,unmarked,final,sa,gu,ComplexPhrase_Testing,kick_chef_sg_burglar_pl,burglar,kikim nork gu sa negid,NA,NA,,NA,140,Tue May  8 11:55:45 2018
6605,extrapolation,unmarked,final,sa,gu,ComplexPhrase_Testing,kick_chef_pl_cowboy_sg,NA,kikim sa nork gu tumbat,NA,NA,,NA,141,Tue May  8 11:55:57 2018
6605,extrapolation,unmarked,final,sa,gu,ComplexPhrase_Testing,point_chef_sg_waitress_pl,waitress,poinim nork gu sa vaem,NA,NA,,NA,142,Tue May  8 11:56:10 2018
6605,extrapolation,unmarked,final,sa,gu,ComplexPhrase_Testing,punch_cowboy_sg_waitress_pl,waitress,straikim tumbat gu sa vaem,NA,NA,,NA,143,Tue May  8 11:56:20 2018
6605,extrapolation,unmarked,final,sa,gu,ComplexPhrase_Testing,kick_waitress_pl_burglar_sg,NA,kikim sa vaem gu negid,NA,NA,,NA,144,Tue May  8 11:56:30 2018
6605,extrapolation,unmarked,final,sa,gu,ComplexPhrase_Testing,point_cowboy_sg_burglar_pl,burglar,poinim tumbat gu sa negid,NA,NA,,NA,145,Tue May  8 11:56:42 2018
6605,extrapolation,unmarked,final,sa,gu,ComplexPhrase_Testing,kick_cowboy_sg_chef_pl,chef,kikim tumbat gu sa nork,NA,NA,,NA,146,Tue May  8 11:56:53 2018
6605,extrapolation,unmarked,final,sa,gu,ComplexPhrase_Testing,point_burglar_sg_cowboy_pl,cowboy,poinim negid gu sa tumbat,NA,NA,,NA,147,Tue May  8 11:57:00 2018
6605,extrapolation,unmarked,final,sa,gu,ComplexPhrase_Testing,point_chef_sg_cowboy_pl,cowboy,poinim nork gu sa tumbat,NA,NA,,NA,148,Tue May  8 11:57:05 2018
6605,extrapolation,unmarked,final,sa,gu,ComplexPhrase_Testing,kick_waitress_sg_chef_pl,chef,kikim vaem gu sa nork,NA,NA,,NA,149,Tue May  8 11:57:11 2018
6605,extrapolation,unmarked,final,sa,gu,ComplexPhrase_Testing,point_chef_sg_cowboy_pl,cowboy,poinim nork gu sa tumbat,NA,NA,,NA,150,Tue May  8 11:57:19 2018
6605,extrapolation,unmarked,final,sa,gu,ComplexPhrase_Testing,point_burglar_sg_cowboy_pl,cowboy,poinim negid gu sa tumbat,NA,NA,,NA,151,Tue May  8 11:57:24 2018
6605,extrapolation,unmarked,final,sa,gu,ComplexPhrase_Testing,kick_cowboy_pl_waitress_sg,NA,kikim sa tumbat gu vaem,NA,NA,,NA,152,Tue May  8 11:57:32 2018
6605,extrapolation,unmarked,final,sa,gu,ComplexPhrase_Testing,point_waitress_sg_burglar_sg,NA,poinim vaem gu negid,NA,NA,,NA,153,Tue May  8 11:57:40 2018
6605,extrapolation,unmarked,final,sa,gu,ComplexPhrase_Testing,kick_chef_sg_cowboy_sg,NA,kikim nork gu tumbat,NA,NA,,NA,154,Tue May  8 11:57:48 2018
6605,extrapolation,unmarked,final,sa,gu,ComplexPhrase_Testing,punch_cowboy_sg_waitress_pl,waitress,straikim tumbat gu sa vaem,NA,NA,,NA,155,Tue May  8 11:57:58 2018
6605,extrapolation,unmarked,final,sa,gu,ComplexPhrase_Testing,point_chef_pl_burglar_sg,NA,poinim sa nork gu negid,NA,NA,,NA,156,Tue May  8 11:58:06 2018
6605,extrapolation,unmarked,final,sa,gu,ComplexPhrase_Testing,waitress,NA,vaem,NA,NA,,NA,157,Tue May  8 11:58:12 2018
6605,extrapolation,unmarked,final,sa,gu,ComplexPhrase_Testing,kick_cowboy_sg_chef_pl,chef,kikim tumbat gu sa nork,NA,NA,,NA,158,Tue May  8 11:58:21 2018
6605,extrapolation,unmarked,final,sa,gu,ComplexPhrase_Testing,punch_waitress_sg_cowboy_pl,cowboy,straikim vaem gu sa tumbat,NA,NA,,NA,159,Tue May  8 11:58:29 2018
6605,extrapolation,unmarked,final,sa,gu,ComplexPhrase_Testing,kick_chef_sg_cowboy_pl,cowboy,kikim nork gu sa tumbat,NA,NA,,NA,160,Tue May  8 11:58:34 2018
6605,extrapolation,unmarked,final,sa,gu,ComplexPhrase_Testing,kick_cowboy_sg_chef_pl,chef,kikim tumbat gu sa nork,NA,NA,,NA,161,Tue May  8 11:58:40 2018
6605,extrapolation,unmarked,final,sa,gu,ComplexPhrase_Testing,punch_waitress_sg_cowboy_pl,cowboy,straikim vaem gu sa tumbat,NA,NA,,NA,162,Tue May  8 11:58:49 2018
6605,extrapolation,unmarked,final,sa,gu,ComplexPhrase_Testing,kick_burglar_sg_cowboy_pl,cowboy,kikim negid gu sa tumbat,NA,NA,,NA,163,Tue May  8 11:58:54 2018
6605,extrapolation,unmarked,final,sa,gu,ComplexPhrase_Testing,point_chef_pl_waitress_sg,NA,poinim sa nork gu vaem,NA,NA,,NA,164,Tue May  8 11:58:59 2018
6605,extrapolation,unmarked,final,sa,gu,ComplexPhrase_Testing,point_chef_sg_waitress_pl,waitress,poinim nork gu sa vaem,NA,NA,,NA,165,Tue May  8 11:59:09 2018
6605,extrapolation,unmarked,final,sa,gu,ComplexPhrase_Testing,cowboy,NA,tumbat,NA,NA,,NA,166,Tue May  8 11:59:11 2018
6605,extrapolation,unmarked,final,sa,gu,ComplexPhrase_Testing,kick_burglar_sg_cowboy_pl,cowboy,kikim negid gu sa tumbat,NA,NA,,NA,167,Tue May  8 11:59:21 2018
6605,extrapolation,unmarked,final,sa,gu,ComplexPhrase_Testing,kick_chef_sg_burglar_pl,burglar,kikim nork gu sa negid,NA,NA,,NA,168,Tue May  8 11:59:25 2018
6605,extrapolation,unmarked,final,sa,gu,ComplexPhrase_Testing,punch_waitress_sg_burglar_sg,NA,straikim vaem gu negid,NA,NA,,NA,169,Tue May  8 11:59:29 2018
6605,extrapolation,unmarked,final,sa,gu,ComplexPhrase_Testing,point_cowboy_sg_burglar_pl,burglar,poinim tumbat gu sa negid,NA,NA,,NA,170,Tue May  8 11:59:38 2018
6605,extrapolation,unmarked,final,sa,gu,ComplexPhrase_Testing,point_chef_sg_cowboy_pl,cowboy,poinim nork gu sa tumbat,NA,NA,,NA,171,Tue May  8 11:59:43 2018
6605,extrapolation,unmarked,final,sa,gu,ComplexPhrase_Testing,kick_waitress_sg_chef_pl,chef,kikim vaem gu sa nork,NA,NA,,NA,172,Tue May  8 11:59:50 2018
6605,extrapolation,unmarked,final,sa,gu,ComplexPhrase_Testing,punch_waitress_sg_cowboy_pl,cowboy,straikim vaem gu sa tumbat,NA,NA,,NA,173,Tue May  8 11:59:55 2018
6605,extrapolation,unmarked,final,sa,gu,ComplexPhrase_Testing,punch_cowboy_sg_burglar_pl,burglar,straikim tumbat gu sa negid,NA,NA,,NA,174,Tue May  8 12:00:00 2018
6605,extrapolation,unmarked,final,sa,gu,ComplexPhrase_Testing,point_chef_sg_burglar_sg,NA,poinim nork gu negid,NA,NA,,NA,175,Tue May  8 12:00:07 2018
6605,extrapolation,unmarked,final,sa,gu,ComplexPhrase_Testing,kick_waitress_sg_chef_pl,chef,kikim vaem gu sa nork,NA,NA,,NA,176,Tue May  8 12:00:12 2018
6605,extrapolation,unmarked,final,sa,gu,ComplexPhrase_Testing,kick_burglar_sg_cowboy_pl,cowboy,kikim negid gu sa tumbat,NA,NA,,NA,177,Tue May  8 12:00:21 2018
6605,extrapolation,unmarked,final,sa,gu,ComplexPhrase_Testing,punch_cowboy_sg_waitress_pl,waitress,straikim tumbat gu sa vaem,NA,NA,,NA,178,Tue May  8 12:00:27 2018
6605,extrapolation,unmarked,final,sa,gu,ComplexPhrase_Testing,punch_cowboy_sg_burglar_pl,burglar,straikim tumbat gu sa negid,NA,NA,,NA,179,Tue May  8 12:00:31 2018
6605,extrapolation,unmarked,final,sa,gu,ComplexPhrase_Testing,point_burglar_sg_cowboy_pl,cowboy,poinim negid gu sa tumbat,NA,NA,,NA,180,Tue May  8 12:00:37 2018
6605,extrapolation,unmarked,final,sa,gu,ComplexPhrase_Testing,punch_cowboy_sg_burglar_pl,burglar,straikim tumbat gu sa negid,NA,NA,,NA,181,Tue May  8 12:00:44 2018
6605,extrapolation,unmarked,final,sa,gu,ComplexPhrase_Testing,kick_chef_sg_burglar_pl,burglar,kikim nork gu sa negid,NA,NA,,NA,182,Tue May  8 12:00:50 2018
6605,extrapolation,unmarked,final,sa,gu,ComplexPhrase_Testing,point_cowboy_sg_burglar_pl,burglar,poinim tumbat gu sa negid,NA,NA,,NA,183,Tue May  8 12:00:56 2018
6605,extrapolation,unmarked,final,sa,gu,ComplexPhrase_Testing,point_waitress_pl_cowboy_sg,NA,poinim sa vaem gu tumbat,NA,NA,,NA,184,Tue May  8 12:01:02 2018
6605,extrapolation,unmarked,final,sa,gu,ComplexPhrase_Testing,burglar,NA,negid,NA,NA,,NA,185,Tue May  8 12:01:07 2018
6605,extrapolation,unmarked,final,sa,gu,ComplexPhrase_Testing,point_chef_sg_waitress_pl,waitress,poinim nork gu sa vaem,NA,NA,,NA,186,Tue May  8 12:01:13 2018
6605,extrapolation,unmarked,final,sa,gu,ComplexPhrase_Testing,kick_chef_sg_cowboy_pl,cowboy,kikim nork gu sa tumbat,NA,NA,,NA,187,Tue May  8 12:01:21 2018
6605,extrapolation,unmarked,final,sa,gu,ComplexPhrase_Testing,chef,NA,nork,NA,NA,,NA,188,Tue May  8 12:01:22 2018
6605,extrapolation,unmarked,final,sa,gu,Questionnaire,NA,NA,NA,NA,NA,,plural,MeaningNum,Tue May  8 12:02:52 2018
6605,extrapolation,unmarked,final,sa,gu,Questionnaire,NA,NA,NA,NA,NA,,either describe 'doing to' or 'the',MeaningCase,Tue May  8 12:02:52 2018
6605,extrapolation,unmarked,final,sa,gu,Questionnaire,NA,NA,NA,NA,NA,,before,OrderNumNoun,Tue May  8 12:02:52 2018
6605,extrapolation,unmarked,final,sa,gu,Questionnaire,NA,NA,NA,NA,NA,,before,OrderCaseNoun,Tue May  8 12:02:52 2018
6605,extrapolation,unmarked,final,sa,gu,Questionnaire,NA,NA,NA,NA,NA,,english,Languages,Tue May  8 12:02:52 2018
