ID,Condition,MajorityOrder,NounPosition,markerNum,markerCase,Phase,Meaning,NounItem,InputSentence,Selection,TypedResponse,SpokenResponse,AnswerQuest,Trial,date&time
6612,extrapolation,unmarked,final,ti,sa,Noun_Training,cowboy,NA,tumbat,NA,NA,,NA,1,Mon Jun 25 10:00:52 2018
6612,extrapolation,unmarked,final,ti,sa,Noun_Training,burglar,NA,negid,NA,NA,,NA,2,Mon Jun 25 10:00:57 2018
6612,extrapolation,unmarked,final,ti,sa,Noun_Training,burglar,NA,negid,NA,NA,,NA,3,Mon Jun 25 10:01:02 2018
6612,extrapolation,unmarked,final,ti,sa,Noun_Training,burglar,NA,negid,NA,NA,,NA,4,Mon Jun 25 10:01:07 2018
6612,extrapolation,unmarked,final,ti,sa,Noun_Training,chef,NA,nork,NA,NA,,NA,5,Mon Jun 25 10:01:12 2018
6612,extrapolation,unmarked,final,ti,sa,Noun_Training,waitress,NA,vaem,NA,NA,,NA,6,Mon Jun 25 10:01:16 2018
6612,extrapolation,unmarked,final,ti,sa,Noun_Training,waitress,NA,vaem,NA,NA,,NA,7,Mon Jun 25 10:01:21 2018
6612,extrapolation,unmarked,final,ti,sa,Noun_Training,cowboy,NA,tumbat,NA,NA,,NA,8,Mon Jun 25 10:01:26 2018
6612,extrapolation,unmarked,final,ti,sa,Noun_Training,waitress,NA,vaem,NA,NA,,NA,9,Mon Jun 25 10:01:31 2018
6612,extrapolation,unmarked,final,ti,sa,Noun_Training,cowboy,NA,tumbat,NA,NA,,NA,10,Mon Jun 25 10:01:36 2018
6612,extrapolation,unmarked,final,ti,sa,Noun_Training,waitress,NA,vaem,NA,NA,,NA,11,Mon Jun 25 10:01:40 2018
6612,extrapolation,unmarked,final,ti,sa,Noun_Training,cowboy,NA,tumbat,NA,NA,,NA,12,Mon Jun 25 10:01:45 2018
6612,extrapolation,unmarked,final,ti,sa,Noun_Training,chef,NA,nork,NA,NA,,NA,13,Mon Jun 25 10:01:50 2018
6612,extrapolation,unmarked,final,ti,sa,Noun_Training,waitress,NA,vaem,NA,NA,,NA,14,Mon Jun 25 10:01:55 2018
6612,extrapolation,unmarked,final,ti,sa,Noun_Training,burglar,NA,negid,NA,NA,,NA,15,Mon Jun 25 10:02:00 2018
6612,extrapolation,unmarked,final,ti,sa,Noun_Training,chef,NA,nork,NA,NA,,NA,16,Mon Jun 25 10:02:05 2018
6612,extrapolation,unmarked,final,ti,sa,Noun_Training,chef,NA,nork,NA,NA,,NA,17,Mon Jun 25 10:02:10 2018
6612,extrapolation,unmarked,final,ti,sa,Noun_Training,chef,NA,nork,NA,NA,,NA,18,Mon Jun 25 10:02:15 2018
6612,extrapolation,unmarked,final,ti,sa,Noun_Training,cowboy,NA,tumbat,NA,NA,,NA,19,Mon Jun 25 10:02:19 2018
6612,extrapolation,unmarked,final,ti,sa,Noun_Training,burglar,NA,negid,NA,NA,,NA,20,Mon Jun 25 10:02:24 2018
6612,extrapolation,unmarked,final,ti,sa,Noun_Training,waitress,NA,vaem,NA,NA,,NA,21,Mon Jun 25 10:02:29 2018
6612,extrapolation,unmarked,final,ti,sa,Noun_Training,chef,NA,nork,NA,NA,,NA,22,Mon Jun 25 10:02:34 2018
6612,extrapolation,unmarked,final,ti,sa,Noun_Training,burglar,NA,negid,NA,NA,,NA,23,Mon Jun 25 10:02:39 2018
6612,extrapolation,unmarked,final,ti,sa,Noun_Training,cowboy,NA,tumbat,NA,NA,,NA,24,Mon Jun 25 10:02:44 2018
6612,extrapolation,unmarked,final,ti,sa,Noun_Selection,chef,NA,nork,correct,NA,,NA,25,Mon Jun 25 10:03:06 2018
6612,extrapolation,unmarked,final,ti,sa,Noun_Selection,chef,NA,nork,correct,NA,,NA,26,Mon Jun 25 10:03:10 2018
6612,extrapolation,unmarked,final,ti,sa,Noun_Selection,burglar,NA,negid,correct,NA,,NA,27,Mon Jun 25 10:03:13 2018
6612,extrapolation,unmarked,final,ti,sa,Noun_Selection,waitress,NA,vaem,correct,NA,,NA,28,Mon Jun 25 10:03:16 2018
6612,extrapolation,unmarked,final,ti,sa,Noun_Selection,cowboy,NA,tumbat,correct,NA,,NA,29,Mon Jun 25 10:03:19 2018
6612,extrapolation,unmarked,final,ti,sa,Noun_Selection,waitress,NA,vaem,correct,NA,,NA,30,Mon Jun 25 10:03:21 2018
6612,extrapolation,unmarked,final,ti,sa,Noun_Selection,burglar,NA,negid,correct,NA,,NA,31,Mon Jun 25 10:03:24 2018
6612,extrapolation,unmarked,final,ti,sa,Noun_Selection,cowboy,NA,tumbat,correct,NA,,NA,32,Mon Jun 25 10:03:27 2018
6612,extrapolation,unmarked,final,ti,sa,Noun_Selection,cowboy,NA,tumbat,correct,NA,,NA,33,Mon Jun 25 10:03:30 2018
6612,extrapolation,unmarked,final,ti,sa,Noun_Selection,burglar,NA,negid,correct,NA,,NA,34,Mon Jun 25 10:03:33 2018
6612,extrapolation,unmarked,final,ti,sa,Noun_Selection,waitress,NA,vaem,correct,NA,,NA,35,Mon Jun 25 10:03:36 2018
6612,extrapolation,unmarked,final,ti,sa,Noun_Selection,chef,NA,nork,correct,NA,,NA,36,Mon Jun 25 10:03:39 2018
6612,extrapolation,unmarked,final,ti,sa,Noun_Testing,waitress,NA,vaem,NA,NA,,NA,37,Mon Jun 25 10:04:00 2018
6612,extrapolation,unmarked,final,ti,sa,Noun_Testing,chef,NA,nork,NA,NA,,NA,38,Mon Jun 25 10:04:05 2018
6612,extrapolation,unmarked,final,ti,sa,Noun_Testing,cowboy,NA,tumbat,NA,NA,,NA,39,Mon Jun 25 10:04:10 2018
6612,extrapolation,unmarked,final,ti,sa,Noun_Testing,chef,NA,nork,NA,NA,,NA,40,Mon Jun 25 10:04:15 2018
6612,extrapolation,unmarked,final,ti,sa,Noun_Testing,cowboy,NA,tumbat,NA,NA,,NA,41,Mon Jun 25 10:04:19 2018
6612,extrapolation,unmarked,final,ti,sa,Noun_Testing,waitress,NA,vaem,NA,NA,,NA,42,Mon Jun 25 10:04:23 2018
6612,extrapolation,unmarked,final,ti,sa,Noun_Testing,burglar,NA,negid,NA,NA,,NA,43,Mon Jun 25 10:04:28 2018
6612,extrapolation,unmarked,final,ti,sa,Noun_Testing,burglar,NA,negid,NA,NA,,NA,44,Mon Jun 25 10:04:32 2018
6612,extrapolation,unmarked,final,ti,sa,Noun_Testing,chef,NA,nork,NA,NA,,NA,45,Mon Jun 25 10:04:36 2018
6612,extrapolation,unmarked,final,ti,sa,Noun_Testing,cowboy,NA,tumbat,NA,NA,,NA,46,Mon Jun 25 10:04:40 2018
6612,extrapolation,unmarked,final,ti,sa,Noun_Testing,burglar,NA,negid,NA,NA,,NA,47,Mon Jun 25 10:04:44 2018
6612,extrapolation,unmarked,final,ti,sa,Noun_Testing,waitress,NA,vaem,NA,NA,,NA,48,Mon Jun 25 10:04:48 2018
6612,extrapolation,unmarked,final,ti,sa,SimplePhrase_Training,kick_cowboy_pl_burglar_sg,NA,kikim ti tumbat sa negid,NA,NA,,NA,49,Mon Jun 25 10:05:24 2018
6612,extrapolation,unmarked,final,ti,sa,SimplePhrase_Training,kick_burglar_pl_cowboy_sg,NA,kikim ti negid sa tumbat,NA,NA,,NA,50,Mon Jun 25 10:05:31 2018
6612,extrapolation,unmarked,final,ti,sa,SimplePhrase_Training,punch_cowboy_pl_burglar_sg,NA,straikim ti tumbat sa negid,NA,NA,,NA,51,Mon Jun 25 10:05:39 2018
6612,extrapolation,unmarked,final,ti,sa,SimplePhrase_Training,kick_chef_sg_burglar_sg,NA,kikim nork sa negid,NA,NA,,NA,52,Mon Jun 25 10:05:47 2018
6612,extrapolation,unmarked,final,ti,sa,SimplePhrase_Training,point_waitress_pl_chef_sg,NA,poinim ti vaem sa nork,NA,NA,,NA,53,Mon Jun 25 10:05:54 2018
6612,extrapolation,unmarked,final,ti,sa,SimplePhrase_Training,punch_waitress_sg_burglar_sg,NA,straikim vaem sa negid,NA,NA,,NA,54,Mon Jun 25 10:06:01 2018
6612,extrapolation,unmarked,final,ti,sa,SimplePhrase_Training,punch_burglar_sg_waitress_sg,NA,straikim negid sa vaem,NA,NA,,NA,55,Mon Jun 25 10:06:09 2018
6612,extrapolation,unmarked,final,ti,sa,SimplePhrase_Training,point_chef_sg_burglar_sg,NA,poinim nork sa negid,NA,NA,,NA,56,Mon Jun 25 10:06:16 2018
6612,extrapolation,unmarked,final,ti,sa,SimplePhrase_Training,punch_waitress_pl_cowboy_sg,NA,straikim ti vaem sa tumbat,NA,NA,,NA,57,Mon Jun 25 10:06:24 2018
6612,extrapolation,unmarked,final,ti,sa,SimplePhrase_Training,punch_burglar_sg_cowboy_sg,NA,straikim negid sa tumbat,NA,NA,,NA,58,Mon Jun 25 10:06:31 2018
6612,extrapolation,unmarked,final,ti,sa,SimplePhrase_Training,kick_chef_sg_waitress_sg,NA,kikim nork sa vaem,NA,NA,,NA,59,Mon Jun 25 10:06:38 2018
6612,extrapolation,unmarked,final,ti,sa,SimplePhrase_Training,cowboy,NA,tumbat,NA,NA,,NA,60,Mon Jun 25 10:06:43 2018
6612,extrapolation,unmarked,final,ti,sa,SimplePhrase_Training,punch_chef_pl_waitress_sg,NA,straikim ti nork sa vaem,NA,NA,,NA,61,Mon Jun 25 10:06:51 2018
6612,extrapolation,unmarked,final,ti,sa,SimplePhrase_Training,kick_chef_sg_cowboy_sg,NA,kikim nork sa tumbat,NA,NA,,NA,62,Mon Jun 25 10:06:58 2018
6612,extrapolation,unmarked,final,ti,sa,SimplePhrase_Training,punch_waitress_sg_chef_sg,NA,straikim vaem sa nork,NA,NA,,NA,63,Mon Jun 25 10:07:06 2018
6612,extrapolation,unmarked,final,ti,sa,SimplePhrase_Training,point_chef_pl_waitress_sg,NA,poinim ti nork sa vaem,NA,NA,,NA,64,Mon Jun 25 10:07:13 2018
6612,extrapolation,unmarked,final,ti,sa,SimplePhrase_Training,point_waitress_sg_burglar_sg,NA,poinim vaem sa negid,NA,NA,,NA,65,Mon Jun 25 10:07:21 2018
6612,extrapolation,unmarked,final,ti,sa,SimplePhrase_Training,kick_cowboy_sg_waitress_sg,NA,kikim tumbat sa vaem,NA,NA,,NA,66,Mon Jun 25 10:07:28 2018
6612,extrapolation,unmarked,final,ti,sa,SimplePhrase_Training,point_cowboy_sg_waitress_sg,NA,poinim tumbat sa vaem,NA,NA,,NA,67,Mon Jun 25 10:07:35 2018
6612,extrapolation,unmarked,final,ti,sa,SimplePhrase_Training,waitress,NA,vaem,NA,NA,,NA,68,Mon Jun 25 10:07:40 2018
6612,extrapolation,unmarked,final,ti,sa,SimplePhrase_Training,kick_waitress_pl_burglar_sg,NA,kikim ti vaem sa negid,NA,NA,,NA,69,Mon Jun 25 10:07:47 2018
6612,extrapolation,unmarked,final,ti,sa,SimplePhrase_Training,point_chef_sg_cowboy_sg,NA,poinim nork sa tumbat,NA,NA,,NA,70,Mon Jun 25 10:07:55 2018
6612,extrapolation,unmarked,final,ti,sa,SimplePhrase_Training,kick_burglar_pl_chef_sg,NA,kikim ti negid sa nork,NA,NA,,NA,71,Mon Jun 25 10:08:02 2018
6612,extrapolation,unmarked,final,ti,sa,SimplePhrase_Training,point_waitress_pl_cowboy_sg,NA,poinim ti vaem sa tumbat,NA,NA,,NA,72,Mon Jun 25 10:08:09 2018
6612,extrapolation,unmarked,final,ti,sa,SimplePhrase_Training,cowboy,NA,tumbat,NA,NA,,NA,73,Mon Jun 25 10:08:14 2018
6612,extrapolation,unmarked,final,ti,sa,SimplePhrase_Training,point_burglar_pl_chef_sg,NA,poinim ti negid sa nork,NA,NA,,NA,74,Mon Jun 25 10:08:22 2018
6612,extrapolation,unmarked,final,ti,sa,SimplePhrase_Training,point_burglar_sg_cowboy_sg,NA,poinim negid sa tumbat,NA,NA,,NA,75,Mon Jun 25 10:08:29 2018
6612,extrapolation,unmarked,final,ti,sa,SimplePhrase_Training,kick_cowboy_sg_chef_sg,NA,kikim tumbat sa nork,NA,NA,,NA,76,Mon Jun 25 10:08:37 2018
6612,extrapolation,unmarked,final,ti,sa,SimplePhrase_Training,burglar,NA,negid,NA,NA,,NA,77,Mon Jun 25 10:08:41 2018
6612,extrapolation,unmarked,final,ti,sa,SimplePhrase_Training,chef,NA,nork,NA,NA,,NA,78,Mon Jun 25 10:08:46 2018
6612,extrapolation,unmarked,final,ti,sa,SimplePhrase_Training,kick_burglar_sg_waitress_sg,NA,kikim negid sa vaem,NA,NA,,NA,79,Mon Jun 25 10:08:53 2018
6612,extrapolation,unmarked,final,ti,sa,SimplePhrase_Training,kick_waitress_sg_cowboy_sg,NA,kikim vaem sa tumbat,NA,NA,,NA,80,Mon Jun 25 10:09:01 2018
6612,extrapolation,unmarked,final,ti,sa,SimplePhrase_Training,chef,NA,nork,NA,NA,,NA,81,Mon Jun 25 10:09:06 2018
6612,extrapolation,unmarked,final,ti,sa,SimplePhrase_Training,punch_cowboy_pl_chef_sg,NA,straikim ti tumbat sa nork,NA,NA,,NA,82,Mon Jun 25 10:09:13 2018
6612,extrapolation,unmarked,final,ti,sa,SimplePhrase_Training,punch_cowboy_pl_waitress_sg,NA,straikim ti tumbat sa vaem,NA,NA,,NA,83,Mon Jun 25 10:09:21 2018
6612,extrapolation,unmarked,final,ti,sa,SimplePhrase_Training,kick_waitress_pl_chef_sg,NA,kikim ti vaem sa nork,NA,NA,,NA,84,Mon Jun 25 10:09:28 2018
6612,extrapolation,unmarked,final,ti,sa,SimplePhrase_Training,point_cowboy_sg_burglar_sg,NA,poinim tumbat sa negid,NA,NA,,NA,85,Mon Jun 25 10:09:36 2018
6612,extrapolation,unmarked,final,ti,sa,SimplePhrase_Training,point_cowboy_pl_chef_sg,NA,poinim ti tumbat sa nork,NA,NA,,NA,86,Mon Jun 25 10:09:43 2018
6612,extrapolation,unmarked,final,ti,sa,SimplePhrase_Training,punch_burglar_pl_chef_sg,NA,straikim ti negid sa nork,NA,NA,,NA,87,Mon Jun 25 10:09:51 2018
6612,extrapolation,unmarked,final,ti,sa,SimplePhrase_Training,point_burglar_pl_waitress_sg,NA,poinim ti negid sa vaem,NA,NA,,NA,88,Mon Jun 25 10:09:58 2018
6612,extrapolation,unmarked,final,ti,sa,SimplePhrase_Training,punch_chef_pl_burglar_sg,NA,straikim ti nork sa negid,NA,NA,,NA,89,Mon Jun 25 10:10:06 2018
6612,extrapolation,unmarked,final,ti,sa,SimplePhrase_Training,punch_chef_sg_cowboy_sg,NA,straikim nork sa tumbat,NA,NA,,NA,90,Mon Jun 25 10:10:14 2018
6612,extrapolation,unmarked,final,ti,sa,SimplePhrase_Training,waitress,NA,vaem,NA,NA,,NA,91,Mon Jun 25 10:10:19 2018
6612,extrapolation,unmarked,final,ti,sa,SimplePhrase_Training,burglar,NA,negid,NA,NA,,NA,92,Mon Jun 25 10:10:23 2018
6612,extrapolation,unmarked,final,ti,sa,SimplePhrase_Comprehension,punch_burglar_pl_cowboy_sg,NA,straikim ti negid sa tumbat,correct,NA,,NA,93,Mon Jun 25 10:10:48 2018
6612,extrapolation,unmarked,final,ti,sa,SimplePhrase_Comprehension,point_cowboy_pl_waitress_sg,NA,poinim ti tumbat sa vaem,wrong,NA,,NA,94,Mon Jun 25 10:10:57 2018
6612,extrapolation,unmarked,final,ti,sa,SimplePhrase_Comprehension,kick_cowboy_sg_burglar_sg,NA,kikim tumbat sa negid,correct,NA,,NA,95,Mon Jun 25 10:11:02 2018
6612,extrapolation,unmarked,final,ti,sa,SimplePhrase_Comprehension,punch_chef_sg_waitress_sg,NA,straikim nork sa vaem,correct,NA,,NA,96,Mon Jun 25 10:11:08 2018
6612,extrapolation,unmarked,final,ti,sa,SimplePhrase_Comprehension,kick_burglar_pl_waitress_sg,NA,kikim ti negid sa vaem,correct,NA,,NA,97,Mon Jun 25 10:11:14 2018
6612,extrapolation,unmarked,final,ti,sa,SimplePhrase_Comprehension,point_waitress_sg_cowboy_sg,NA,poinim vaem sa tumbat,correct,NA,,NA,98,Mon Jun 25 10:11:19 2018
6612,extrapolation,unmarked,final,ti,sa,SimplePhrase_Comprehension,kick_burglar_sg_cowboy_sg,NA,kikim negid sa tumbat,correct,NA,,NA,99,Mon Jun 25 10:11:25 2018
6612,extrapolation,unmarked,final,ti,sa,SimplePhrase_Comprehension,punch_burglar_pl_waitress_sg,NA,straikim ti negid sa vaem,correct,NA,,NA,100,Mon Jun 25 10:11:30 2018
6612,extrapolation,unmarked,final,ti,sa,SimplePhrase_Comprehension,point_waitress_pl_burglar_sg,NA,poinim ti vaem sa negid,correct,NA,,NA,101,Mon Jun 25 10:11:36 2018
6612,extrapolation,unmarked,final,ti,sa,SimplePhrase_Comprehension,punch_cowboy_sg_waitress_sg,NA,straikim tumbat sa vaem,correct,NA,,NA,102,Mon Jun 25 10:11:42 2018
6612,extrapolation,unmarked,final,ti,sa,SimplePhrase_Comprehension,point_chef_pl_burglar_sg,NA,poinim ti nork sa negid,correct,NA,,NA,103,Mon Jun 25 10:11:47 2018
6612,extrapolation,unmarked,final,ti,sa,SimplePhrase_Comprehension,punch_waitress_pl_burglar_sg,NA,straikim ti vaem sa negid,correct,NA,,NA,104,Mon Jun 25 10:11:53 2018
6612,extrapolation,unmarked,final,ti,sa,SimplePhrase_Comprehension,point_burglar_sg_waitress_sg,NA,poinim negid sa vaem,correct,NA,,NA,105,Mon Jun 25 10:11:58 2018
6612,extrapolation,unmarked,final,ti,sa,SimplePhrase_Comprehension,kick_chef_pl_cowboy_sg,NA,kikim ti nork sa tumbat,correct,NA,,NA,106,Mon Jun 25 10:12:04 2018
6612,extrapolation,unmarked,final,ti,sa,SimplePhrase_Comprehension,kick_burglar_sg_chef_sg,NA,kikim negid sa nork,correct,NA,,NA,107,Mon Jun 25 10:12:10 2018
6612,extrapolation,unmarked,final,ti,sa,SimplePhrase_Comprehension,kick_chef_pl_waitress_sg,NA,kikim ti nork sa vaem,correct,NA,,NA,108,Mon Jun 25 10:12:15 2018
6612,extrapolation,unmarked,final,ti,sa,SimplePhrase_Comprehension,point_waitress_sg_chef_sg,NA,poinim vaem sa nork,correct,NA,,NA,109,Mon Jun 25 10:12:21 2018
6612,extrapolation,unmarked,final,ti,sa,SimplePhrase_Comprehension,kick_cowboy_pl_waitress_sg,NA,kikim ti tumbat sa vaem,correct,NA,,NA,110,Mon Jun 25 10:12:26 2018
6612,extrapolation,unmarked,final,ti,sa,SimplePhrase_Comprehension,punch_waitress_sg_cowboy_sg,NA,straikim vaem sa tumbat,correct,NA,,NA,111,Mon Jun 25 10:12:32 2018
6612,extrapolation,unmarked,final,ti,sa,SimplePhrase_Comprehension,kick_waitress_sg_chef_sg,NA,kikim vaem sa nork,correct,NA,,NA,112,Mon Jun 25 10:12:38 2018
6612,extrapolation,unmarked,final,ti,sa,SimplePhrase_Typing,cowboy,NA,tumbat,NA,tumbat,,NA,113,Mon Jun 25 10:13:13 2018
6612,extrapolation,unmarked,final,ti,sa,SimplePhrase_Typing,punch_chef_sg_cowboy_sg,NA,straikim nork sa tumbat,NA,straikim nork sa tumbat,,NA,114,Mon Jun 25 10:13:25 2018
6612,extrapolation,unmarked,final,ti,sa,SimplePhrase_Typing,point_cowboy_sg_burglar_sg,NA,poinim tumbat sa negid,NA,poinim tumbat sa negid,,NA,115,Mon Jun 25 10:13:38 2018
6612,extrapolation,unmarked,final,ti,sa,SimplePhrase_Typing,waitress,NA,vaem,NA,vaem,,NA,116,Mon Jun 25 10:13:45 2018
6612,extrapolation,unmarked,final,ti,sa,SimplePhrase_Typing,chef,NA,nork,NA,nork,,NA,117,Mon Jun 25 10:13:51 2018
6612,extrapolation,unmarked,final,ti,sa,SimplePhrase_Typing,punch_cowboy_pl_chef_sg,NA,straikim ti tumbat sa nork,NA,straikim ti tumbat sa nork,,NA,118,Mon Jun 25 10:14:07 2018
6612,extrapolation,unmarked,final,ti,sa,SimplePhrase_Typing,kick_burglar_sg_waitress_sg,NA,kikim negid sa vaem,NA,kikim negid sa vaem,,NA,119,Mon Jun 25 10:14:19 2018
6612,extrapolation,unmarked,final,ti,sa,SimplePhrase_Typing,burglar,NA,negid,NA,negid,,NA,120,Mon Jun 25 10:14:27 2018
6612,extrapolation,unmarked,final,ti,sa,SimplePhrase_Typing,punch_waitress_pl_cowboy_sg,NA,straikim ti vaem sa tumbat,NA,straikim ti vaem sa tumbat,,NA,121,Mon Jun 25 10:14:40 2018
6612,extrapolation,unmarked,final,ti,sa,SimplePhrase_Typing,point_chef_pl_waitress_sg,NA,poinim ti nork sa vaem,NA,poinim ti nork sa vaem,,NA,122,Mon Jun 25 10:14:53 2018
6612,extrapolation,unmarked,final,ti,sa,SimplePhrase_Typing,point_waitress_sg_burglar_sg,NA,poinim vaem sa negid,NA,poinim vaem sa negid,,NA,123,Mon Jun 25 10:15:05 2018
6612,extrapolation,unmarked,final,ti,sa,SimplePhrase_Typing,punch_cowboy_pl_waitress_sg,NA,straikim ti tumbat sa vaem,NA,straikim ti tumbat sa vaem,,NA,124,Mon Jun 25 10:15:17 2018
6612,extrapolation,unmarked,final,ti,sa,ComplexPhrase_Typing,punch_waitress_sg_cowboy_pl,cowboy,straikim vaem sa ti tumbat,NA,straikim vaem sa ti tumbat,,NA,125,Mon Jun 25 10:15:52 2018
6612,extrapolation,unmarked,final,ti,sa,ComplexPhrase_Typing,punch_burglar_sg_cowboy_pl,cowboy,straikim negid sa ti tumbat,NA,straikim negid sa ti tumbat,,NA,126,Mon Jun 25 10:16:04 2018
6612,extrapolation,unmarked,final,ti,sa,ComplexPhrase_Typing,punch_chef_sg_cowboy_pl,cowboy,straikim nork sa ti tumbat,NA,straikim nork sa ti tumbat,,NA,127,Mon Jun 25 10:16:14 2018
6612,extrapolation,unmarked,final,ti,sa,ComplexPhrase_Typing,punch_burglar_sg_chef_pl,chef,straikim negid sa ti nork,NA,straikim negid sa ti nork,,NA,128,Mon Jun 25 10:16:22 2018
6612,extrapolation,unmarked,final,ti,sa,ComplexPhrase_Typing,punch_burglar_sg_chef_pl,chef,straikim negid sa ti nork,NA,straikim negid sa ti nork,,NA,129,Mon Jun 25 10:16:30 2018
6612,extrapolation,unmarked,final,ti,sa,ComplexPhrase_Typing,punch_burglar_sg_cowboy_pl,cowboy,straikim negid sa ti tumbat,NA,straikim negid sa ti tumbat,,NA,130,Mon Jun 25 10:16:43 2018
6612,extrapolation,unmarked,final,ti,sa,ComplexPhrase_Typing,punch_waitress_sg_cowboy_pl,cowboy,straikim vaem sa ti tumbat,NA,straikim vaem sa ti tumbat,,NA,131,Mon Jun 25 10:16:50 2018
6612,extrapolation,unmarked,final,ti,sa,ComplexPhrase_Typing,punch_chef_sg_cowboy_pl,cowboy,straikim nork sa ti tumbat,NA,straikim nork sa ti tumbat,,NA,132,Mon Jun 25 10:16:56 2018
6612,extrapolation,unmarked,final,ti,sa,ComplexPhrase_Typing,punch_burglar_sg_cowboy_pl,cowboy,straikim negid sa ti tumbat,NA,straikim negid sa ti tumbat,,NA,133,Mon Jun 25 10:17:05 2018
6612,extrapolation,unmarked,final,ti,sa,ComplexPhrase_Typing,punch_chef_sg_cowboy_pl,cowboy,straikim nork sa ti tumbat,NA,straikim nork sa ti tumbat,,NA,134,Mon Jun 25 10:17:10 2018
6612,extrapolation,unmarked,final,ti,sa,ComplexPhrase_Typing,punch_waitress_sg_cowboy_pl,cowboy,straikim vaem sa ti tumbat,NA,straikim vaem sa ti tumbat,,NA,135,Mon Jun 25 10:17:17 2018
6612,extrapolation,unmarked,final,ti,sa,ComplexPhrase_Typing,punch_burglar_sg_chef_pl,chef,straikim negid sa ti nork,NA,straikim negid sa ti tumbat,,NA,136,Mon Jun 25 10:17:26 2018
6612,extrapolation,unmarked,final,ti,sa,ComplexPhrase_Testing,point_chef_pl_waitress_sg,NA,poinim ti nork sa vaem,NA,NA,,NA,137,Mon Jun 25 10:18:09 2018
6612,extrapolation,unmarked,final,ti,sa,ComplexPhrase_Testing,punch_burglar_pl_waitress_sg,NA,straikim ti negid sa vaem,NA,NA,,NA,138,Mon Jun 25 10:18:14 2018
6612,extrapolation,unmarked,final,ti,sa,ComplexPhrase_Testing,punch_waitress_sg_chef_pl,chef,straikim vaem sa ti nork,NA,NA,,NA,139,Mon Jun 25 10:18:25 2018
6612,extrapolation,unmarked,final,ti,sa,ComplexPhrase_Testing,kick_waitress_sg_burglar_pl,burglar,kikim vaem sa ti negid,NA,NA,,NA,140,Mon Jun 25 10:18:31 2018
6612,extrapolation,unmarked,final,ti,sa,ComplexPhrase_Testing,kick_chef_sg_waitress_pl,waitress,kikim nork sa ti vaem,NA,NA,,NA,141,Mon Jun 25 10:18:39 2018
6612,extrapolation,unmarked,final,ti,sa,ComplexPhrase_Testing,kick_waitress_sg_burglar_pl,burglar,kikim vaem sa ti negid,NA,NA,,NA,142,Mon Jun 25 10:18:45 2018
6612,extrapolation,unmarked,final,ti,sa,ComplexPhrase_Testing,kick_burglar_sg_cowboy_pl,cowboy,kikim negid sa ti tumbat,NA,NA,,NA,143,Mon Jun 25 10:18:50 2018
6612,extrapolation,unmarked,final,ti,sa,ComplexPhrase_Testing,kick_burglar_sg_cowboy_pl,cowboy,kikim negid sa ti tumbat,NA,NA,,NA,144,Mon Jun 25 10:18:56 2018
6612,extrapolation,unmarked,final,ti,sa,ComplexPhrase_Testing,point_burglar_sg_cowboy_pl,cowboy,poinim negid sa ti tumbat,NA,NA,,NA,145,Mon Jun 25 10:19:02 2018
6612,extrapolation,unmarked,final,ti,sa,ComplexPhrase_Testing,kick_cowboy_sg_burglar_pl,burglar,kikim tumbat sa ti negid,NA,NA,,NA,146,Mon Jun 25 10:19:07 2018
6612,extrapolation,unmarked,final,ti,sa,ComplexPhrase_Testing,point_chef_sg_cowboy_pl,cowboy,poinim nork sa ti tumbat,NA,NA,,NA,147,Mon Jun 25 10:19:13 2018
6612,extrapolation,unmarked,final,ti,sa,ComplexPhrase_Testing,punch_chef_sg_waitress_pl,waitress,straikim nork sa ti vaem,NA,NA,,NA,148,Mon Jun 25 10:19:21 2018
6612,extrapolation,unmarked,final,ti,sa,ComplexPhrase_Testing,punch_burglar_sg_cowboy_pl,cowboy,straikim negid sa ti tumbat,NA,NA,,NA,149,Mon Jun 25 10:19:26 2018
6612,extrapolation,unmarked,final,ti,sa,ComplexPhrase_Testing,kick_chef_sg_waitress_pl,waitress,kikim nork sa ti vaem,NA,NA,,NA,150,Mon Jun 25 10:19:32 2018
6612,extrapolation,unmarked,final,ti,sa,ComplexPhrase_Testing,waitress,NA,vaem,NA,NA,,NA,151,Mon Jun 25 10:19:35 2018
6612,extrapolation,unmarked,final,ti,sa,ComplexPhrase_Testing,point_cowboy_sg_chef_sg,NA,poinim tumbat sa nork,NA,NA,,NA,152,Mon Jun 25 10:19:42 2018
6612,extrapolation,unmarked,final,ti,sa,ComplexPhrase_Testing,kick_burglar_sg_cowboy_pl,cowboy,kikim negid sa ti tumbat,NA,NA,,NA,153,Mon Jun 25 10:19:47 2018
6612,extrapolation,unmarked,final,ti,sa,ComplexPhrase_Testing,punch_burglar_sg_cowboy_pl,cowboy,straikim negid sa ti tumbat,NA,NA,,NA,154,Mon Jun 25 10:19:54 2018
6612,extrapolation,unmarked,final,ti,sa,ComplexPhrase_Testing,kick_cowboy_sg_burglar_pl,burglar,kikim tumbat sa ti negid,NA,NA,,NA,155,Mon Jun 25 10:20:00 2018
6612,extrapolation,unmarked,final,ti,sa,ComplexPhrase_Testing,point_waitress_sg_cowboy_pl,cowboy,poinim vaem sa ti tumbat,NA,NA,,NA,156,Mon Jun 25 10:20:06 2018
6612,extrapolation,unmarked,final,ti,sa,ComplexPhrase_Testing,punch_waitress_sg_chef_pl,chef,straikim vaem sa ti nork,NA,NA,,NA,157,Mon Jun 25 10:20:11 2018
6612,extrapolation,unmarked,final,ti,sa,ComplexPhrase_Testing,punch_chef_sg_burglar_sg,NA,straikim nork sa negid,NA,NA,,NA,158,Mon Jun 25 10:20:19 2018
6612,extrapolation,unmarked,final,ti,sa,ComplexPhrase_Testing,punch_waitress_sg_chef_pl,chef,straikim vaem sa ti nork,NA,NA,,NA,159,Mon Jun 25 10:20:29 2018
6612,extrapolation,unmarked,final,ti,sa,ComplexPhrase_Testing,punch_waitress_pl_cowboy_sg,NA,straikim ti vaem sa tumbat,NA,NA,,NA,160,Mon Jun 25 10:20:37 2018
6612,extrapolation,unmarked,final,ti,sa,ComplexPhrase_Testing,point_waitress_sg_cowboy_pl,cowboy,poinim vaem sa ti tumbat,NA,NA,,NA,161,Mon Jun 25 10:20:47 2018
6612,extrapolation,unmarked,final,ti,sa,ComplexPhrase_Testing,kick_cowboy_sg_chef_sg,NA,kikim tumbat sa nork,NA,NA,,NA,162,Mon Jun 25 10:20:52 2018
6612,extrapolation,unmarked,final,ti,sa,ComplexPhrase_Testing,punch_chef_sg_waitress_pl,waitress,straikim nork sa ti vaem,NA,NA,,NA,163,Mon Jun 25 10:21:02 2018
6612,extrapolation,unmarked,final,ti,sa,ComplexPhrase_Testing,point_chef_sg_cowboy_pl,cowboy,poinim nork sa ti tumbat,NA,NA,,NA,164,Mon Jun 25 10:21:07 2018
6612,extrapolation,unmarked,final,ti,sa,ComplexPhrase_Testing,point_burglar_sg_cowboy_pl,cowboy,poinim negid sa ti tumbat,NA,NA,,NA,165,Mon Jun 25 10:21:13 2018
6612,extrapolation,unmarked,final,ti,sa,ComplexPhrase_Testing,punch_burglar_sg_cowboy_pl,cowboy,straikim negid sa ti tumbat,NA,NA,,NA,166,Mon Jun 25 10:21:17 2018
6612,extrapolation,unmarked,final,ti,sa,ComplexPhrase_Testing,punch_waitress_sg_burglar_pl,burglar,straikim vaem sa ti negid,NA,NA,,NA,167,Mon Jun 25 10:21:22 2018
6612,extrapolation,unmarked,final,ti,sa,ComplexPhrase_Testing,point_burglar_sg_cowboy_pl,cowboy,poinim negid sa ti tumbat,NA,NA,,NA,168,Mon Jun 25 10:21:27 2018
6612,extrapolation,unmarked,final,ti,sa,ComplexPhrase_Testing,point_waitress_sg_cowboy_pl,cowboy,poinim vaem sa ti tumbat,NA,NA,,NA,169,Mon Jun 25 10:21:31 2018
6612,extrapolation,unmarked,final,ti,sa,ComplexPhrase_Testing,kick_waitress_sg_burglar_pl,burglar,kikim vaem sa ti negid,NA,NA,,NA,170,Mon Jun 25 10:21:36 2018
6612,extrapolation,unmarked,final,ti,sa,ComplexPhrase_Testing,point_chef_sg_cowboy_pl,cowboy,poinim nork sa ti tumbat,NA,NA,,NA,171,Mon Jun 25 10:21:41 2018
6612,extrapolation,unmarked,final,ti,sa,ComplexPhrase_Testing,point_waitress_sg_burglar_pl,burglar,poinim vaem sa ti negid,NA,NA,,NA,172,Mon Jun 25 10:21:46 2018
6612,extrapolation,unmarked,final,ti,sa,ComplexPhrase_Testing,point_cowboy_sg_burglar_sg,NA,poinim tumbat sa negid,NA,NA,,NA,173,Mon Jun 25 10:21:50 2018
6612,extrapolation,unmarked,final,ti,sa,ComplexPhrase_Testing,kick_cowboy_sg_burglar_pl,burglar,kikim tumbat sa ti negid,NA,NA,,NA,174,Mon Jun 25 10:21:58 2018
6612,extrapolation,unmarked,final,ti,sa,ComplexPhrase_Testing,punch_burglar_sg_chef_sg,NA,straikim negid sa nork,NA,NA,,NA,175,Mon Jun 25 10:22:04 2018
6612,extrapolation,unmarked,final,ti,sa,ComplexPhrase_Testing,point_waitress_sg_burglar_pl,burglar,poinim vaem sa ti negid,NA,NA,,NA,176,Mon Jun 25 10:22:11 2018
6612,extrapolation,unmarked,final,ti,sa,ComplexPhrase_Testing,chef,NA,nork,NA,NA,,NA,177,Mon Jun 25 10:22:15 2018
6612,extrapolation,unmarked,final,ti,sa,ComplexPhrase_Testing,punch_waitress_sg_burglar_pl,burglar,straikim vaem sa ti negid,NA,NA,,NA,178,Mon Jun 25 10:22:22 2018
6612,extrapolation,unmarked,final,ti,sa,ComplexPhrase_Testing,point_cowboy_pl_burglar_sg,NA,poinim ti tumbat sa negid,NA,NA,,NA,179,Mon Jun 25 10:22:30 2018
6612,extrapolation,unmarked,final,ti,sa,ComplexPhrase_Testing,punch_waitress_sg_burglar_pl,burglar,straikim vaem sa ti negid,NA,NA,,NA,180,Mon Jun 25 10:22:40 2018
6612,extrapolation,unmarked,final,ti,sa,ComplexPhrase_Testing,kick_waitress_pl_burglar_sg,NA,kikim ti vaem sa negid,NA,NA,,NA,181,Mon Jun 25 10:22:46 2018
6612,extrapolation,unmarked,final,ti,sa,ComplexPhrase_Testing,kick_chef_sg_waitress_pl,waitress,kikim nork sa ti vaem,NA,NA,,NA,182,Mon Jun 25 10:22:55 2018
6612,extrapolation,unmarked,final,ti,sa,ComplexPhrase_Testing,punch_chef_sg_waitress_pl,waitress,straikim nork sa ti vaem,NA,NA,,NA,183,Mon Jun 25 10:23:00 2018
6612,extrapolation,unmarked,final,ti,sa,ComplexPhrase_Testing,point_waitress_sg_burglar_pl,burglar,poinim vaem sa ti negid,NA,NA,,NA,184,Mon Jun 25 10:23:06 2018
6612,extrapolation,unmarked,final,ti,sa,ComplexPhrase_Testing,point_waitress_pl_cowboy_sg,NA,poinim ti vaem sa tumbat,NA,NA,,NA,185,Mon Jun 25 10:23:11 2018
6612,extrapolation,unmarked,final,ti,sa,ComplexPhrase_Testing,kick_burglar_sg_cowboy_sg,NA,kikim negid sa tumbat,NA,NA,,NA,186,Mon Jun 25 10:23:22 2018
6612,extrapolation,unmarked,final,ti,sa,ComplexPhrase_Testing,burglar,NA,negid,NA,NA,,NA,187,Mon Jun 25 10:23:27 2018
6612,extrapolation,unmarked,final,ti,sa,ComplexPhrase_Testing,cowboy,NA,tumbat,NA,NA,,NA,188,Mon Jun 25 10:23:31 2018
6612,extrapolation,unmarked,final,ti,sa,Questionnaire,NA,NA,NA,NA,NA,,two,MeaningNum,Mon Jun 25 10:24:59 2018
6612,extrapolation,unmarked,final,ti,sa,Questionnaire,NA,NA,NA,NA,NA,,to/object preposition,MeaningCase,Mon Jun 25 10:24:59 2018
6612,extrapolation,unmarked,final,ti,sa,Questionnaire,NA,NA,NA,NA,NA,,before,OrderNumNoun,Mon Jun 25 10:24:59 2018
6612,extrapolation,unmarked,final,ti,sa,Questionnaire,NA,NA,NA,NA,NA,,before,OrderCaseNoun,Mon Jun 25 10:24:59 2018
6612,extrapolation,unmarked,final,ti,sa,Questionnaire,NA,NA,NA,NA,NA,,English,Languages,Mon Jun 25 10:24:59 2018
