ID,Condition,MajorityOrder,NounPosition,markerNum,markerCase,Phase,Meaning,NounItem,InputSentence,Selection,TypedResponse,SpokenResponse,AnswerQuest,Trial,date&time
605,extrapolation,unmarked,final,gu,ti,Noun_Training,burglar,NA,negid,NA,NA,,NA,1,Thu Apr 26 13:32:35 2018
605,extrapolation,unmarked,final,gu,ti,Noun_Training,cowboy,NA,tumbat,NA,NA,,NA,2,Thu Apr 26 13:32:40 2018
605,extrapolation,unmarked,final,gu,ti,Noun_Training,cowboy,NA,tumbat,NA,NA,,NA,3,Thu Apr 26 13:32:45 2018
605,extrapolation,unmarked,final,gu,ti,Noun_Training,waitress,NA,vaem,NA,NA,,NA,4,Thu Apr 26 13:32:49 2018
605,extrapolation,unmarked,final,gu,ti,Noun_Training,cowboy,NA,tumbat,NA,NA,,NA,5,Thu Apr 26 13:32:54 2018
605,extrapolation,unmarked,final,gu,ti,Noun_Training,cowboy,NA,tumbat,NA,NA,,NA,6,Thu Apr 26 13:32:59 2018
605,extrapolation,unmarked,final,gu,ti,Noun_Training,burglar,NA,negid,NA,NA,,NA,7,Thu Apr 26 13:33:04 2018
605,extrapolation,unmarked,final,gu,ti,Noun_Training,cowboy,NA,tumbat,NA,NA,,NA,8,Thu Apr 26 13:33:09 2018
605,extrapolation,unmarked,final,gu,ti,Noun_Training,waitress,NA,vaem,NA,NA,,NA,9,Thu Apr 26 13:33:14 2018
605,extrapolation,unmarked,final,gu,ti,Noun_Training,chef,NA,nork,NA,NA,,NA,10,Thu Apr 26 13:33:19 2018
605,extrapolation,unmarked,final,gu,ti,Noun_Training,waitress,NA,vaem,NA,NA,,NA,11,Thu Apr 26 13:33:23 2018
605,extrapolation,unmarked,final,gu,ti,Noun_Training,burglar,NA,negid,NA,NA,,NA,12,Thu Apr 26 13:33:28 2018
605,extrapolation,unmarked,final,gu,ti,Noun_Training,burglar,NA,negid,NA,NA,,NA,13,Thu Apr 26 13:33:33 2018
605,extrapolation,unmarked,final,gu,ti,Noun_Training,chef,NA,nork,NA,NA,,NA,14,Thu Apr 26 13:33:38 2018
605,extrapolation,unmarked,final,gu,ti,Noun_Training,cowboy,NA,tumbat,NA,NA,,NA,15,Thu Apr 26 13:33:43 2018
605,extrapolation,unmarked,final,gu,ti,Noun_Training,burglar,NA,negid,NA,NA,,NA,16,Thu Apr 26 13:33:47 2018
605,extrapolation,unmarked,final,gu,ti,Noun_Training,waitress,NA,vaem,NA,NA,,NA,17,Thu Apr 26 13:33:52 2018
605,extrapolation,unmarked,final,gu,ti,Noun_Training,chef,NA,nork,NA,NA,,NA,18,Thu Apr 26 13:33:57 2018
605,extrapolation,unmarked,final,gu,ti,Noun_Training,chef,NA,nork,NA,NA,,NA,19,Thu Apr 26 13:34:02 2018
605,extrapolation,unmarked,final,gu,ti,Noun_Training,chef,NA,nork,NA,NA,,NA,20,Thu Apr 26 13:34:07 2018
605,extrapolation,unmarked,final,gu,ti,Noun_Training,waitress,NA,vaem,NA,NA,,NA,21,Thu Apr 26 13:34:12 2018
605,extrapolation,unmarked,final,gu,ti,Noun_Training,burglar,NA,negid,NA,NA,,NA,22,Thu Apr 26 13:34:17 2018
605,extrapolation,unmarked,final,gu,ti,Noun_Training,chef,NA,nork,NA,NA,,NA,23,Thu Apr 26 13:34:22 2018
605,extrapolation,unmarked,final,gu,ti,Noun_Training,waitress,NA,vaem,NA,NA,,NA,24,Thu Apr 26 13:34:26 2018
605,extrapolation,unmarked,final,gu,ti,Noun_Selection,burglar,NA,negid,correct,NA,,NA,25,Thu Apr 26 13:34:48 2018
605,extrapolation,unmarked,final,gu,ti,Noun_Selection,cowboy,NA,tumbat,correct,NA,,NA,26,Thu Apr 26 13:34:54 2018
605,extrapolation,unmarked,final,gu,ti,Noun_Selection,chef,NA,nork,correct,NA,,NA,27,Thu Apr 26 13:34:57 2018
605,extrapolation,unmarked,final,gu,ti,Noun_Selection,chef,NA,nork,correct,NA,,NA,28,Thu Apr 26 13:35:02 2018
605,extrapolation,unmarked,final,gu,ti,Noun_Selection,waitress,NA,vaem,correct,NA,,NA,29,Thu Apr 26 13:35:06 2018
605,extrapolation,unmarked,final,gu,ti,Noun_Selection,burglar,NA,negid,correct,NA,,NA,30,Thu Apr 26 13:35:09 2018
605,extrapolation,unmarked,final,gu,ti,Noun_Selection,waitress,NA,vaem,correct,NA,,NA,31,Thu Apr 26 13:35:14 2018
605,extrapolation,unmarked,final,gu,ti,Noun_Selection,burglar,NA,negid,correct,NA,,NA,32,Thu Apr 26 13:35:17 2018
605,extrapolation,unmarked,final,gu,ti,Noun_Selection,cowboy,NA,tumbat,correct,NA,,NA,33,Thu Apr 26 13:35:22 2018
605,extrapolation,unmarked,final,gu,ti,Noun_Selection,cowboy,NA,tumbat,correct,NA,,NA,34,Thu Apr 26 13:35:26 2018
605,extrapolation,unmarked,final,gu,ti,Noun_Selection,waitress,NA,vaem,correct,NA,,NA,35,Thu Apr 26 13:35:30 2018
605,extrapolation,unmarked,final,gu,ti,Noun_Selection,chef,NA,nork,correct,NA,,NA,36,Thu Apr 26 13:35:34 2018
605,extrapolation,unmarked,final,gu,ti,Noun_Testing,chef,NA,nork,NA,NA,,NA,37,Thu Apr 26 13:35:55 2018
605,extrapolation,unmarked,final,gu,ti,Noun_Testing,cowboy,NA,tumbat,NA,NA,,NA,38,Thu Apr 26 13:36:00 2018
605,extrapolation,unmarked,final,gu,ti,Noun_Testing,burglar,NA,negid,NA,NA,,NA,39,Thu Apr 26 13:36:06 2018
605,extrapolation,unmarked,final,gu,ti,Noun_Testing,burglar,NA,negid,NA,NA,,NA,40,Thu Apr 26 13:36:10 2018
605,extrapolation,unmarked,final,gu,ti,Noun_Testing,cowboy,NA,tumbat,NA,NA,,NA,41,Thu Apr 26 13:36:14 2018
605,extrapolation,unmarked,final,gu,ti,Noun_Testing,chef,NA,nork,NA,NA,,NA,42,Thu Apr 26 13:36:18 2018
605,extrapolation,unmarked,final,gu,ti,Noun_Testing,waitress,NA,vaem,NA,NA,,NA,43,Thu Apr 26 13:36:22 2018
605,extrapolation,unmarked,final,gu,ti,Noun_Testing,waitress,NA,vaem,NA,NA,,NA,44,Thu Apr 26 13:36:25 2018
605,extrapolation,unmarked,final,gu,ti,Noun_Testing,waitress,NA,vaem,NA,NA,,NA,45,Thu Apr 26 13:36:28 2018
605,extrapolation,unmarked,final,gu,ti,Noun_Testing,burglar,NA,negid,NA,NA,,NA,46,Thu Apr 26 13:36:32 2018
605,extrapolation,unmarked,final,gu,ti,Noun_Testing,chef,NA,nork,NA,NA,,NA,47,Thu Apr 26 13:36:36 2018
605,extrapolation,unmarked,final,gu,ti,Noun_Testing,cowboy,NA,tumbat,NA,NA,,NA,48,Thu Apr 26 13:36:40 2018
605,extrapolation,unmarked,final,gu,ti,SimplePhrase_Training,point_waitress_sg_chef_sg,NA,poinim vaem ti nork,NA,NA,,NA,49,Thu Apr 26 13:37:15 2018
605,extrapolation,unmarked,final,gu,ti,SimplePhrase_Training,chef_two,NA,gu nork,NA,NA,,NA,50,Thu Apr 26 13:37:20 2018
605,extrapolation,unmarked,final,gu,ti,SimplePhrase_Training,chef_four,NA,gu nork,NA,NA,,NA,51,Thu Apr 26 13:37:25 2018
605,extrapolation,unmarked,final,gu,ti,SimplePhrase_Training,cowboy_three,NA,gu tumbat,NA,NA,,NA,52,Thu Apr 26 13:37:31 2018
605,extrapolation,unmarked,final,gu,ti,SimplePhrase_Training,kick_cowboy_sg_burglar_sg,NA,kikim tumbat ti negid,NA,NA,,NA,53,Thu Apr 26 13:37:38 2018
605,extrapolation,unmarked,final,gu,ti,SimplePhrase_Training,burglar_three,NA,gu negid,NA,NA,,NA,54,Thu Apr 26 13:37:43 2018
605,extrapolation,unmarked,final,gu,ti,SimplePhrase_Training,kick_cowboy_sg_waitress_sg,NA,kikim tumbat ti vaem,NA,NA,,NA,55,Thu Apr 26 13:37:50 2018
605,extrapolation,unmarked,final,gu,ti,SimplePhrase_Training,punch_cowboy_sg_chef_sg,NA,straikim tumbat ti nork,NA,NA,,NA,56,Thu Apr 26 13:37:57 2018
605,extrapolation,unmarked,final,gu,ti,SimplePhrase_Training,punch_chef_pl_burglar_sg,NA,straikim gu nork ti negid,NA,NA,,NA,57,Thu Apr 26 13:38:05 2018
605,extrapolation,unmarked,final,gu,ti,SimplePhrase_Training,burglar_four,NA,gu negid,NA,NA,,NA,58,Thu Apr 26 13:38:10 2018
605,extrapolation,unmarked,final,gu,ti,SimplePhrase_Training,waitress,NA,vaem,NA,NA,,NA,59,Thu Apr 26 13:38:14 2018
605,extrapolation,unmarked,final,gu,ti,SimplePhrase_Training,kick_chef_pl_burglar_sg,NA,kikim gu nork ti negid,NA,NA,,NA,60,Thu Apr 26 13:38:22 2018
605,extrapolation,unmarked,final,gu,ti,SimplePhrase_Training,cowboy_four,NA,gu tumbat,NA,NA,,NA,61,Thu Apr 26 13:38:27 2018
605,extrapolation,unmarked,final,gu,ti,SimplePhrase_Training,punch_waitress_pl_burglar_sg,NA,straikim gu vaem ti negid,NA,NA,,NA,62,Thu Apr 26 13:38:34 2018
605,extrapolation,unmarked,final,gu,ti,SimplePhrase_Training,cowboy,NA,tumbat,NA,NA,,NA,63,Thu Apr 26 13:38:39 2018
605,extrapolation,unmarked,final,gu,ti,SimplePhrase_Training,cowboy_three,NA,gu tumbat,NA,NA,,NA,64,Thu Apr 26 13:38:44 2018
605,extrapolation,unmarked,final,gu,ti,SimplePhrase_Training,point_cowboy_sg_burglar_sg,NA,poinim tumbat ti negid,NA,NA,,NA,65,Thu Apr 26 13:38:52 2018
605,extrapolation,unmarked,final,gu,ti,SimplePhrase_Training,kick_chef_sg_waitress_sg,NA,kikim nork ti vaem,NA,NA,,NA,66,Thu Apr 26 13:38:59 2018
605,extrapolation,unmarked,final,gu,ti,SimplePhrase_Training,point_chef_sg_cowboy_sg,NA,poinim nork ti tumbat,NA,NA,,NA,67,Thu Apr 26 13:39:06 2018
605,extrapolation,unmarked,final,gu,ti,SimplePhrase_Training,waitress,NA,vaem,NA,NA,,NA,68,Thu Apr 26 13:39:11 2018
605,extrapolation,unmarked,final,gu,ti,SimplePhrase_Training,point_waitress_pl_cowboy_sg,NA,poinim gu vaem ti tumbat,NA,NA,,NA,69,Thu Apr 26 13:39:19 2018
605,extrapolation,unmarked,final,gu,ti,SimplePhrase_Training,punch_chef_sg_waitress_sg,NA,straikim nork ti vaem,NA,NA,,NA,70,Thu Apr 26 13:39:26 2018
605,extrapolation,unmarked,final,gu,ti,SimplePhrase_Training,point_waitress_sg_burglar_sg,NA,poinim vaem ti negid,NA,NA,,NA,71,Thu Apr 26 13:39:33 2018
605,extrapolation,unmarked,final,gu,ti,SimplePhrase_Training,punch_waitress_sg_cowboy_sg,NA,straikim vaem ti tumbat,NA,NA,,NA,72,Thu Apr 26 13:39:41 2018
605,extrapolation,unmarked,final,gu,ti,SimplePhrase_Training,waitress_four,NA,gu vaem,NA,NA,,NA,73,Thu Apr 26 13:39:46 2018
605,extrapolation,unmarked,final,gu,ti,SimplePhrase_Training,point_burglar_sg_waitress_sg,NA,poinim negid ti vaem,NA,NA,,NA,74,Thu Apr 26 13:39:53 2018
605,extrapolation,unmarked,final,gu,ti,SimplePhrase_Training,kick_waitress_pl_burglar_sg,NA,kikim gu vaem ti negid,NA,NA,,NA,75,Thu Apr 26 13:40:00 2018
605,extrapolation,unmarked,final,gu,ti,SimplePhrase_Training,punch_burglar_sg_chef_sg,NA,straikim negid ti nork,NA,NA,,NA,76,Thu Apr 26 13:40:08 2018
605,extrapolation,unmarked,final,gu,ti,SimplePhrase_Training,punch_cowboy_sg_burglar_sg,NA,straikim tumbat ti negid,NA,NA,,NA,77,Thu Apr 26 13:40:15 2018
605,extrapolation,unmarked,final,gu,ti,SimplePhrase_Training,waitress_two,NA,gu vaem,NA,NA,,NA,78,Thu Apr 26 13:40:20 2018
605,extrapolation,unmarked,final,gu,ti,SimplePhrase_Training,chef_three,NA,gu nork,NA,NA,,NA,79,Thu Apr 26 13:40:25 2018
605,extrapolation,unmarked,final,gu,ti,SimplePhrase_Training,cowboy_two,NA,gu tumbat,NA,NA,,NA,80,Thu Apr 26 13:40:30 2018
605,extrapolation,unmarked,final,gu,ti,SimplePhrase_Training,cowboy,NA,tumbat,NA,NA,,NA,81,Thu Apr 26 13:40:35 2018
605,extrapolation,unmarked,final,gu,ti,SimplePhrase_Training,chef_two,NA,gu nork,NA,NA,,NA,82,Thu Apr 26 13:40:40 2018
605,extrapolation,unmarked,final,gu,ti,SimplePhrase_Training,point_chef_sg_burglar_sg,NA,poinim nork ti negid,NA,NA,,NA,83,Thu Apr 26 13:40:47 2018
605,extrapolation,unmarked,final,gu,ti,SimplePhrase_Training,chef,NA,nork,NA,NA,,NA,84,Thu Apr 26 13:40:52 2018
605,extrapolation,unmarked,final,gu,ti,SimplePhrase_Training,punch_cowboy_pl_waitress_sg,NA,straikim gu tumbat ti vaem,NA,NA,,NA,85,Thu Apr 26 13:41:00 2018
605,extrapolation,unmarked,final,gu,ti,SimplePhrase_Training,point_burglar_pl_cowboy_sg,NA,poinim gu negid ti tumbat,NA,NA,,NA,86,Thu Apr 26 13:41:07 2018
605,extrapolation,unmarked,final,gu,ti,SimplePhrase_Training,kick_burglar_pl_waitress_sg,NA,kikim gu negid ti vaem,NA,NA,,NA,87,Thu Apr 26 13:41:14 2018
605,extrapolation,unmarked,final,gu,ti,SimplePhrase_Training,punch_chef_pl_cowboy_sg,NA,straikim gu nork ti tumbat,NA,NA,,NA,88,Thu Apr 26 13:41:22 2018
605,extrapolation,unmarked,final,gu,ti,SimplePhrase_Training,burglar_two,NA,gu negid,NA,NA,,NA,89,Thu Apr 26 13:41:27 2018
605,extrapolation,unmarked,final,gu,ti,SimplePhrase_Training,punch_burglar_pl_cowboy_sg,NA,straikim gu negid ti tumbat,NA,NA,,NA,90,Thu Apr 26 13:41:35 2018
605,extrapolation,unmarked,final,gu,ti,SimplePhrase_Training,kick_chef_pl_cowboy_sg,NA,kikim gu nork ti tumbat,NA,NA,,NA,91,Thu Apr 26 13:41:42 2018
605,extrapolation,unmarked,final,gu,ti,SimplePhrase_Training,point_chef_sg_waitress_sg,NA,poinim nork ti vaem,NA,NA,,NA,92,Thu Apr 26 13:41:49 2018
605,extrapolation,unmarked,final,gu,ti,SimplePhrase_Training,burglar_two,NA,gu negid,NA,NA,,NA,93,Thu Apr 26 13:41:54 2018
605,extrapolation,unmarked,final,gu,ti,SimplePhrase_Training,punch_burglar_pl_waitress_sg,NA,straikim gu negid ti vaem,NA,NA,,NA,94,Thu Apr 26 13:42:02 2018
605,extrapolation,unmarked,final,gu,ti,SimplePhrase_Training,point_burglar_sg_chef_sg,NA,poinim negid ti nork,NA,NA,,NA,95,Thu Apr 26 13:42:09 2018
605,extrapolation,unmarked,final,gu,ti,SimplePhrase_Training,waitress_three,NA,gu vaem,NA,NA,,NA,96,Thu Apr 26 13:42:14 2018
605,extrapolation,unmarked,final,gu,ti,SimplePhrase_Training,burglar,NA,negid,NA,NA,,NA,97,Thu Apr 26 13:42:19 2018
605,extrapolation,unmarked,final,gu,ti,SimplePhrase_Training,punch_waitress_sg_chef_sg,NA,straikim vaem ti nork,NA,NA,,NA,98,Thu Apr 26 13:42:26 2018
605,extrapolation,unmarked,final,gu,ti,SimplePhrase_Training,chef_three,NA,gu nork,NA,NA,,NA,99,Thu Apr 26 13:42:31 2018
605,extrapolation,unmarked,final,gu,ti,SimplePhrase_Training,kick_waitress_sg_cowboy_sg,NA,kikim vaem ti tumbat,NA,NA,,NA,100,Thu Apr 26 13:42:38 2018
605,extrapolation,unmarked,final,gu,ti,SimplePhrase_Training,kick_waitress_pl_chef_sg,NA,kikim gu vaem ti nork,NA,NA,,NA,101,Thu Apr 26 13:42:46 2018
605,extrapolation,unmarked,final,gu,ti,SimplePhrase_Training,chef,NA,nork,NA,NA,,NA,102,Thu Apr 26 13:42:51 2018
605,extrapolation,unmarked,final,gu,ti,SimplePhrase_Training,burglar,NA,negid,NA,NA,,NA,103,Thu Apr 26 13:42:55 2018
605,extrapolation,unmarked,final,gu,ti,SimplePhrase_Training,kick_burglar_pl_cowboy_sg,NA,kikim gu negid ti tumbat,NA,NA,,NA,104,Thu Apr 26 13:43:03 2018
605,extrapolation,unmarked,final,gu,ti,SimplePhrase_Training,point_cowboy_pl_chef_sg,NA,poinim gu tumbat ti nork,NA,NA,,NA,105,Thu Apr 26 13:43:10 2018
605,extrapolation,unmarked,final,gu,ti,SimplePhrase_Training,burglar_three,NA,gu negid,NA,NA,,NA,106,Thu Apr 26 13:43:15 2018
605,extrapolation,unmarked,final,gu,ti,SimplePhrase_Training,kick_cowboy_pl_chef_sg,NA,kikim gu tumbat ti nork,NA,NA,,NA,107,Thu Apr 26 13:43:23 2018
605,extrapolation,unmarked,final,gu,ti,SimplePhrase_Training,kick_burglar_pl_chef_sg,NA,kikim gu negid ti nork,NA,NA,,NA,108,Thu Apr 26 13:43:30 2018
605,extrapolation,unmarked,final,gu,ti,SimplePhrase_Training,point_cowboy_pl_waitress_sg,NA,poinim gu tumbat ti vaem,NA,NA,,NA,109,Thu Apr 26 13:43:37 2018
605,extrapolation,unmarked,final,gu,ti,SimplePhrase_Training,waitress_four,NA,gu vaem,NA,NA,,NA,110,Thu Apr 26 13:43:42 2018
605,extrapolation,unmarked,final,gu,ti,SimplePhrase_Comprehension,waitress_four,NA,gu vaem,correct,NA,,NA,111,Thu Apr 26 13:44:02 2018
605,extrapolation,unmarked,final,gu,ti,SimplePhrase_Comprehension,punch_waitress_sg_burglar_sg,NA,straikim vaem ti negid,correct,NA,,NA,112,Thu Apr 26 13:44:08 2018
605,extrapolation,unmarked,final,gu,ti,SimplePhrase_Comprehension,punch_chef_pl_waitress_sg,NA,straikim gu nork ti vaem,correct,NA,,NA,113,Thu Apr 26 13:44:14 2018
605,extrapolation,unmarked,final,gu,ti,SimplePhrase_Comprehension,cowboy_four,NA,gu tumbat,correct,NA,,NA,114,Thu Apr 26 13:44:19 2018
605,extrapolation,unmarked,final,gu,ti,SimplePhrase_Comprehension,punch_burglar_sg_cowboy_sg,NA,straikim negid ti tumbat,correct,NA,,NA,115,Thu Apr 26 13:44:24 2018
605,extrapolation,unmarked,final,gu,ti,SimplePhrase_Comprehension,chef,NA,nork,correct,NA,,NA,116,Thu Apr 26 13:44:29 2018
605,extrapolation,unmarked,final,gu,ti,SimplePhrase_Comprehension,cowboy_three,NA,gu tumbat,correct,NA,,NA,117,Thu Apr 26 13:44:33 2018
605,extrapolation,unmarked,final,gu,ti,SimplePhrase_Comprehension,burglar_three,NA,gu negid,correct,NA,,NA,118,Thu Apr 26 13:44:37 2018
605,extrapolation,unmarked,final,gu,ti,SimplePhrase_Comprehension,punch_waitress_pl_cowboy_sg,NA,straikim gu vaem ti tumbat,correct,NA,,NA,119,Thu Apr 26 13:44:43 2018
605,extrapolation,unmarked,final,gu,ti,SimplePhrase_Comprehension,burglar_two,NA,gu negid,correct,NA,,NA,120,Thu Apr 26 13:44:47 2018
605,extrapolation,unmarked,final,gu,ti,SimplePhrase_Comprehension,kick_burglar_sg_waitress_sg,NA,kikim negid ti vaem,correct,NA,,NA,121,Thu Apr 26 13:44:52 2018
605,extrapolation,unmarked,final,gu,ti,SimplePhrase_Comprehension,punch_chef_sg_burglar_sg,NA,straikim nork ti negid,correct,NA,,NA,122,Thu Apr 26 13:44:58 2018
605,extrapolation,unmarked,final,gu,ti,SimplePhrase_Comprehension,kick_cowboy_sg_chef_sg,NA,kikim tumbat ti nork,correct,NA,,NA,123,Thu Apr 26 13:45:04 2018
605,extrapolation,unmarked,final,gu,ti,SimplePhrase_Comprehension,point_cowboy_pl_burglar_sg,NA,poinim gu tumbat ti negid,correct,NA,,NA,124,Thu Apr 26 13:45:09 2018
605,extrapolation,unmarked,final,gu,ti,SimplePhrase_Comprehension,burglar_four,NA,gu negid,correct,NA,,NA,125,Thu Apr 26 13:45:13 2018
605,extrapolation,unmarked,final,gu,ti,SimplePhrase_Comprehension,cowboy,NA,tumbat,correct,NA,,NA,126,Thu Apr 26 13:45:17 2018
605,extrapolation,unmarked,final,gu,ti,SimplePhrase_Comprehension,punch_cowboy_pl_burglar_sg,NA,straikim gu tumbat ti negid,correct,NA,,NA,127,Thu Apr 26 13:45:23 2018
605,extrapolation,unmarked,final,gu,ti,SimplePhrase_Comprehension,point_waitress_pl_chef_sg,NA,poinim gu vaem ti nork,correct,NA,,NA,128,Thu Apr 26 13:45:29 2018
605,extrapolation,unmarked,final,gu,ti,SimplePhrase_Comprehension,burglar,NA,negid,correct,NA,,NA,129,Thu Apr 26 13:45:33 2018
605,extrapolation,unmarked,final,gu,ti,SimplePhrase_Comprehension,kick_cowboy_pl_waitress_sg,NA,kikim gu tumbat ti vaem,correct,NA,,NA,130,Thu Apr 26 13:45:39 2018
605,extrapolation,unmarked,final,gu,ti,SimplePhrase_Comprehension,point_burglar_pl_waitress_sg,NA,poinim gu negid ti vaem,correct,NA,,NA,131,Thu Apr 26 13:45:44 2018
605,extrapolation,unmarked,final,gu,ti,SimplePhrase_Comprehension,point_waitress_pl_burglar_sg,NA,poinim gu vaem ti negid,correct,NA,,NA,132,Thu Apr 26 13:45:50 2018
605,extrapolation,unmarked,final,gu,ti,SimplePhrase_Comprehension,kick_burglar_sg_chef_sg,NA,kikim negid ti nork,correct,NA,,NA,133,Thu Apr 26 13:45:55 2018
605,extrapolation,unmarked,final,gu,ti,SimplePhrase_Comprehension,kick_chef_sg_cowboy_sg,NA,kikim nork ti tumbat,correct,NA,,NA,134,Thu Apr 26 13:46:01 2018
605,extrapolation,unmarked,final,gu,ti,SimplePhrase_Comprehension,chef_four,NA,gu nork,correct,NA,,NA,135,Thu Apr 26 13:46:06 2018
605,extrapolation,unmarked,final,gu,ti,SimplePhrase_Comprehension,point_burglar_sg_cowboy_sg,NA,poinim negid ti tumbat,correct,NA,,NA,136,Thu Apr 26 13:46:11 2018
605,extrapolation,unmarked,final,gu,ti,SimplePhrase_Comprehension,waitress_two,NA,gu vaem,correct,NA,,NA,137,Thu Apr 26 13:46:15 2018
605,extrapolation,unmarked,final,gu,ti,SimplePhrase_Comprehension,chef_three,NA,gu nork,correct,NA,,NA,138,Thu Apr 26 13:46:20 2018
605,extrapolation,unmarked,final,gu,ti,SimplePhrase_Comprehension,waitress,NA,vaem,correct,NA,,NA,139,Thu Apr 26 13:46:24 2018
605,extrapolation,unmarked,final,gu,ti,SimplePhrase_Comprehension,waitress_three,NA,gu vaem,correct,NA,,NA,140,Thu Apr 26 13:46:28 2018
605,extrapolation,unmarked,final,gu,ti,SimplePhrase_Comprehension,kick_cowboy_pl_burglar_sg,NA,kikim gu tumbat ti negid,correct,NA,,NA,141,Thu Apr 26 13:46:33 2018
605,extrapolation,unmarked,final,gu,ti,SimplePhrase_Comprehension,point_chef_pl_waitress_sg,NA,poinim gu nork ti vaem,correct,NA,,NA,142,Thu Apr 26 13:46:39 2018
605,extrapolation,unmarked,final,gu,ti,SimplePhrase_Comprehension,kick_waitress_sg_chef_sg,NA,kikim vaem ti nork,correct,NA,,NA,143,Thu Apr 26 13:46:44 2018
605,extrapolation,unmarked,final,gu,ti,SimplePhrase_Comprehension,point_waitress_sg_cowboy_sg,NA,poinim vaem ti tumbat,correct,NA,,NA,144,Thu Apr 26 13:46:50 2018
605,extrapolation,unmarked,final,gu,ti,SimplePhrase_Typing,burglar,NA,negid,NA,negid,,NA,145,Thu Apr 26 13:47:23 2018
605,extrapolation,unmarked,final,gu,ti,SimplePhrase_Typing,chef_four,NA,gu nork,NA,gu nork,,NA,146,Thu Apr 26 13:47:35 2018
605,extrapolation,unmarked,final,gu,ti,SimplePhrase_Typing,waitress,NA,vaem,NA,vaem,,NA,147,Thu Apr 26 13:47:41 2018
605,extrapolation,unmarked,final,gu,ti,SimplePhrase_Typing,punch_chef_pl_burglar_sg,NA,straikim gu nork ti negid,NA,straikim gu nork ti negid,,NA,148,Thu Apr 26 13:47:54 2018
605,extrapolation,unmarked,final,gu,ti,SimplePhrase_Typing,punch_waitress_sg_chef_sg,NA,straikim vaem ti nork,NA,straikim vaem ti nork,,NA,149,Thu Apr 26 13:48:07 2018
605,extrapolation,unmarked,final,gu,ti,SimplePhrase_Typing,burglar_two,NA,gu negid,NA,gu negid,,NA,150,Thu Apr 26 13:48:14 2018
605,extrapolation,unmarked,final,gu,ti,SimplePhrase_Typing,punch_chef_pl_cowboy_sg,NA,straikim gu nork ti tumbat,NA,straikim gu nork ti tandem,,NA,151,Thu Apr 26 13:48:31 2018
605,extrapolation,unmarked,final,gu,ti,SimplePhrase_Typing,burglar_three,NA,gu negid,NA,gu negid,,NA,152,Thu Apr 26 13:48:38 2018
605,extrapolation,unmarked,final,gu,ti,SimplePhrase_Typing,kick_burglar_pl_chef_sg,NA,kikim gu negid ti nork,NA,kikim gu negid ti tumbat,,NA,153,Thu Apr 26 13:48:50 2018
605,extrapolation,unmarked,final,gu,ti,SimplePhrase_Typing,point_chef_sg_waitress_sg,NA,poinim nork ti vaem,NA,poinim nork ti vaem,,NA,154,Thu Apr 26 13:49:02 2018
605,extrapolation,unmarked,final,gu,ti,SimplePhrase_Typing,kick_cowboy_sg_waitress_sg,NA,kikim tumbat ti vaem,NA,kikim tumbat ti vaem,,NA,155,Thu Apr 26 13:49:31 2018
605,extrapolation,unmarked,final,gu,ti,SimplePhrase_Typing,cowboy,NA,tumbat,NA,tumbat,,NA,156,Thu Apr 26 13:49:38 2018
605,extrapolation,unmarked,final,gu,ti,SimplePhrase_Typing,punch_cowboy_pl_waitress_sg,NA,straikim gu tumbat ti vaem,NA,straikim gu tumbat ti vaem,,NA,157,Thu Apr 26 13:49:56 2018
605,extrapolation,unmarked,final,gu,ti,SimplePhrase_Typing,burglar_four,NA,gu negid,NA,gu negrid,,NA,158,Thu Apr 26 13:50:02 2018
605,extrapolation,unmarked,final,gu,ti,SimplePhrase_Typing,point_burglar_sg_waitress_sg,NA,poinim negid ti vaem,NA,poinim negid ti vaem,,NA,159,Thu Apr 26 13:50:13 2018
605,extrapolation,unmarked,final,gu,ti,SimplePhrase_Typing,chef,NA,nork,NA,nork,,NA,160,Thu Apr 26 13:50:19 2018
605,extrapolation,unmarked,final,gu,ti,ComplexPhrase_Typing,point_burglar_sg_cowboy_pl,cowboy,poinim negid ti gu tumbat,NA,poinim negid ti gu tumbat,,NA,161,Thu Apr 26 13:50:57 2018
605,extrapolation,unmarked,final,gu,ti,ComplexPhrase_Typing,point_chef_sg_burglar_pl,burglar,poinim nork ti gu negid,NA,poinim nork ti gu negid,,NA,162,Thu Apr 26 13:51:04 2018
605,extrapolation,unmarked,final,gu,ti,ComplexPhrase_Typing,kick_burglar_sg_cowboy_pl,cowboy,kikim negid ti gu tumbat,NA,kikim negid ti gu tumbat,,NA,163,Thu Apr 26 13:51:12 2018
605,extrapolation,unmarked,final,gu,ti,ComplexPhrase_Typing,punch_cowboy_sg_chef_pl,chef,straikim tumbat ti gu nork,NA,straikim tumbat ti gu nork,,NA,164,Thu Apr 26 13:51:20 2018
605,extrapolation,unmarked,final,gu,ti,ComplexPhrase_Typing,point_burglar_sg_cowboy_pl,cowboy,poinim negid ti gu tumbat,NA,poinim negid ti gu tumbat,,NA,165,Thu Apr 26 13:51:28 2018
605,extrapolation,unmarked,final,gu,ti,ComplexPhrase_Typing,point_chef_sg_burglar_pl,burglar,poinim nork ti gu negid,NA,poinim nork ti gu negid,,NA,166,Thu Apr 26 13:51:35 2018
605,extrapolation,unmarked,final,gu,ti,ComplexPhrase_Typing,punch_cowboy_sg_chef_pl,chef,straikim tumbat ti gu nork,NA,straikim tumbat ti gu nork,,NA,167,Thu Apr 26 13:51:40 2018
605,extrapolation,unmarked,final,gu,ti,ComplexPhrase_Typing,kick_burglar_sg_cowboy_pl,cowboy,kikim negid ti gu tumbat,NA,kikim negid ti gu tumbat,,NA,168,Thu Apr 26 13:51:50 2018
605,extrapolation,unmarked,final,gu,ti,ComplexPhrase_Typing,point_chef_sg_burglar_pl,burglar,poinim nork ti gu negid,NA,poinim nork ti gu negid,,NA,169,Thu Apr 26 13:51:56 2018
605,extrapolation,unmarked,final,gu,ti,ComplexPhrase_Typing,punch_cowboy_sg_chef_pl,chef,straikim tumbat ti gu nork,NA,straikim tumbat ti gu nork,,NA,170,Thu Apr 26 13:52:12 2018
605,extrapolation,unmarked,final,gu,ti,ComplexPhrase_Typing,kick_burglar_sg_cowboy_pl,cowboy,kikim negid ti gu tumbat,NA,kikim negid ti gu tumbat,,NA,171,Thu Apr 26 13:52:19 2018
605,extrapolation,unmarked,final,gu,ti,ComplexPhrase_Typing,point_burglar_sg_cowboy_pl,cowboy,poinim negid ti gu tumbat,NA,poinim negid ti gu tumbat,,NA,172,Thu Apr 26 13:52:24 2018
605,extrapolation,unmarked,final,gu,ti,ComplexPhrase_Testing,point_waitress_sg_cowboy_pl,cowboy,poinim vaem ti gu tumbat,NA,NA,,NA,173,Thu Apr 26 13:53:03 2018
605,extrapolation,unmarked,final,gu,ti,ComplexPhrase_Testing,point_burglar_sg_cowboy_pl,cowboy,poinim negid ti gu tumbat,NA,NA,,NA,174,Thu Apr 26 13:53:09 2018
605,extrapolation,unmarked,final,gu,ti,ComplexPhrase_Testing,point_waitress_sg_cowboy_sg,NA,poinim vaem ti tumbat,NA,NA,,NA,175,Thu Apr 26 13:53:15 2018
605,extrapolation,unmarked,final,gu,ti,ComplexPhrase_Testing,point_burglar_sg_chef_pl,chef,poinim negid ti gu nork,NA,NA,,NA,176,Thu Apr 26 13:53:25 2018
605,extrapolation,unmarked,final,gu,ti,ComplexPhrase_Testing,kick_burglar_sg_cowboy_pl,cowboy,kikim negid ti gu tumbat,NA,NA,,NA,177,Thu Apr 26 13:53:31 2018
605,extrapolation,unmarked,final,gu,ti,ComplexPhrase_Testing,point_burglar_sg_chef_pl,chef,poinim negid ti gu nork,NA,NA,,NA,178,Thu Apr 26 13:53:38 2018
605,extrapolation,unmarked,final,gu,ti,ComplexPhrase_Testing,punch_chef_sg_cowboy_pl,cowboy,straikim nork ti gu tumbat,NA,NA,,NA,179,Thu Apr 26 13:53:43 2018
605,extrapolation,unmarked,final,gu,ti,ComplexPhrase_Testing,punch_burglar_sg_cowboy_pl,cowboy,straikim negid ti gu tumbat,NA,NA,,NA,180,Thu Apr 26 13:53:49 2018
605,extrapolation,unmarked,final,gu,ti,ComplexPhrase_Testing,chef_three,NA,gu nork,NA,NA,,NA,181,Thu Apr 26 13:53:52 2018
605,extrapolation,unmarked,final,gu,ti,ComplexPhrase_Testing,point_chef_sg_waitress_pl,waitress,poinim nork ti gu vaem,NA,NA,,NA,182,Thu Apr 26 13:53:55 2018
605,extrapolation,unmarked,final,gu,ti,ComplexPhrase_Testing,point_cowboy_sg_chef_sg,NA,poinim tumbat ti nork,NA,NA,,NA,183,Thu Apr 26 13:54:05 2018
605,extrapolation,unmarked,final,gu,ti,ComplexPhrase_Testing,kick_burglar_sg_cowboy_pl,cowboy,kikim negid ti gu tumbat,NA,NA,,NA,184,Thu Apr 26 13:54:16 2018
605,extrapolation,unmarked,final,gu,ti,ComplexPhrase_Testing,punch_burglar_sg_waitress_pl,waitress,straikim negid ti gu vaem,NA,NA,,NA,185,Thu Apr 26 13:54:21 2018
605,extrapolation,unmarked,final,gu,ti,ComplexPhrase_Testing,kick_chef_sg_burglar_sg,NA,kikim nork ti negid,NA,NA,,NA,186,Thu Apr 26 13:54:28 2018
605,extrapolation,unmarked,final,gu,ti,ComplexPhrase_Testing,point_chef_sg_waitress_pl,waitress,poinim nork ti gu vaem,NA,NA,,NA,187,Thu Apr 26 13:54:38 2018
605,extrapolation,unmarked,final,gu,ti,ComplexPhrase_Testing,punch_burglar_sg_cowboy_pl,cowboy,straikim negid ti gu tumbat,NA,NA,,NA,188,Thu Apr 26 13:54:45 2018
605,extrapolation,unmarked,final,gu,ti,ComplexPhrase_Testing,punch_chef_sg_waitress_pl,waitress,straikim nork ti gu vaem,NA,NA,,NA,189,Thu Apr 26 13:54:49 2018
605,extrapolation,unmarked,final,gu,ti,ComplexPhrase_Testing,point_waitress_sg_chef_sg,NA,poinim vaem ti nork,NA,NA,,NA,190,Thu Apr 26 13:54:56 2018
605,extrapolation,unmarked,final,gu,ti,ComplexPhrase_Testing,kick_cowboy_sg_chef_pl,chef,kikim tumbat ti gu nork,NA,NA,,NA,191,Thu Apr 26 13:55:05 2018
605,extrapolation,unmarked,final,gu,ti,ComplexPhrase_Testing,chef,NA,nork,NA,NA,,NA,192,Thu Apr 26 13:55:07 2018
605,extrapolation,unmarked,final,gu,ti,ComplexPhrase_Testing,kick_cowboy_sg_burglar_pl,burglar,kikim tumbat ti gu negid,NA,NA,,NA,193,Thu Apr 26 13:55:15 2018
605,extrapolation,unmarked,final,gu,ti,ComplexPhrase_Testing,waitress_two,NA,gu vaem,NA,NA,,NA,194,Thu Apr 26 13:55:17 2018
605,extrapolation,unmarked,final,gu,ti,ComplexPhrase_Testing,point_chef_pl_burglar_sg,NA,poinim gu nork ti negid,NA,NA,,NA,195,Thu Apr 26 13:55:26 2018
605,extrapolation,unmarked,final,gu,ti,ComplexPhrase_Testing,point_burglar_sg_cowboy_pl,cowboy,poinim negid ti gu tumbat,NA,NA,,NA,196,Thu Apr 26 13:55:34 2018
605,extrapolation,unmarked,final,gu,ti,ComplexPhrase_Testing,cowboy_two,NA,gu tumbat,NA,NA,,NA,197,Thu Apr 26 13:55:37 2018
605,extrapolation,unmarked,final,gu,ti,ComplexPhrase_Testing,kick_burglar_sg_cowboy_sg,NA,kikim negid ti tumbat,NA,NA,,NA,198,Thu Apr 26 13:55:44 2018
605,extrapolation,unmarked,final,gu,ti,ComplexPhrase_Testing,punch_chef_sg_waitress_pl,waitress,straikim nork ti gu vaem,NA,NA,,NA,199,Thu Apr 26 13:55:53 2018
605,extrapolation,unmarked,final,gu,ti,ComplexPhrase_Testing,point_burglar_sg_chef_pl,chef,poinim negid ti gu nork,NA,NA,,NA,200,Thu Apr 26 13:55:57 2018
605,extrapolation,unmarked,final,gu,ti,ComplexPhrase_Testing,point_chef_sg_burglar_pl,burglar,poinim nork ti gu negid,NA,NA,,NA,201,Thu Apr 26 13:56:03 2018
605,extrapolation,unmarked,final,gu,ti,ComplexPhrase_Testing,punch_chef_sg_cowboy_sg,NA,straikim nork ti tumbat,NA,NA,,NA,202,Thu Apr 26 13:56:07 2018
605,extrapolation,unmarked,final,gu,ti,ComplexPhrase_Testing,punch_chef_sg_cowboy_pl,cowboy,straikim nork ti gu tumbat,NA,NA,,NA,203,Thu Apr 26 13:56:16 2018
605,extrapolation,unmarked,final,gu,ti,ComplexPhrase_Testing,kick_cowboy_sg_chef_pl,chef,kikim tumbat ti gu nork,NA,NA,,NA,204,Thu Apr 26 13:56:21 2018
605,extrapolation,unmarked,final,gu,ti,ComplexPhrase_Testing,point_burglar_pl_chef_sg,NA,poinim gu negid ti nork,NA,NA,,NA,205,Thu Apr 26 13:56:27 2018
605,extrapolation,unmarked,final,gu,ti,ComplexPhrase_Testing,punch_burglar_pl_waitress_sg,NA,straikim gu negid ti vaem,NA,NA,,NA,206,Thu Apr 26 13:56:34 2018
605,extrapolation,unmarked,final,gu,ti,ComplexPhrase_Testing,punch_chef_sg_waitress_pl,waitress,straikim nork ti gu vaem,NA,NA,,NA,207,Thu Apr 26 13:56:43 2018
605,extrapolation,unmarked,final,gu,ti,ComplexPhrase_Testing,waitress,NA,vaem,NA,NA,,NA,208,Thu Apr 26 13:56:45 2018
605,extrapolation,unmarked,final,gu,ti,ComplexPhrase_Testing,point_chef_sg_burglar_pl,burglar,poinim nork ti gu negid,NA,NA,,NA,209,Thu Apr 26 13:56:51 2018
605,extrapolation,unmarked,final,gu,ti,ComplexPhrase_Testing,punch_burglar_sg_waitress_pl,waitress,straikim negid ti gu vaem,NA,NA,,NA,210,Thu Apr 26 13:56:55 2018
605,extrapolation,unmarked,final,gu,ti,ComplexPhrase_Testing,kick_burglar_sg_cowboy_pl,cowboy,kikim negid ti gu tumbat,NA,NA,,NA,211,Thu Apr 26 13:57:01 2018
605,extrapolation,unmarked,final,gu,ti,ComplexPhrase_Testing,point_chef_sg_waitress_pl,waitress,poinim nork ti gu vaem,NA,NA,,NA,212,Thu Apr 26 13:57:04 2018
605,extrapolation,unmarked,final,gu,ti,ComplexPhrase_Testing,burglar_three,NA,gu negid,NA,NA,,NA,213,Thu Apr 26 13:57:06 2018
605,extrapolation,unmarked,final,gu,ti,ComplexPhrase_Testing,kick_cowboy_sg_chef_pl,chef,kikim tumbat ti gu nork,NA,NA,,NA,214,Thu Apr 26 13:57:14 2018
605,extrapolation,unmarked,final,gu,ti,ComplexPhrase_Testing,point_waitress_sg_cowboy_pl,cowboy,poinim vaem ti gu tumbat,NA,NA,,NA,215,Thu Apr 26 13:57:19 2018
605,extrapolation,unmarked,final,gu,ti,ComplexPhrase_Testing,kick_cowboy_sg_burglar_pl,burglar,kikim tumbat ti gu negid,NA,NA,,NA,216,Thu Apr 26 13:57:23 2018
605,extrapolation,unmarked,final,gu,ti,ComplexPhrase_Testing,point_waitress_sg_cowboy_pl,cowboy,poinim vaem ti gu tumbat,NA,NA,,NA,217,Thu Apr 26 13:57:30 2018
605,extrapolation,unmarked,final,gu,ti,ComplexPhrase_Testing,kick_cowboy_sg_burglar_pl,burglar,kikim tumbat ti gu negid,NA,NA,,NA,218,Thu Apr 26 13:57:37 2018
605,extrapolation,unmarked,final,gu,ti,ComplexPhrase_Testing,burglar,NA,negid,NA,NA,,NA,219,Thu Apr 26 13:57:39 2018
605,extrapolation,unmarked,final,gu,ti,ComplexPhrase_Testing,punch_burglar_sg_cowboy_pl,cowboy,straikim negid ti gu tumbat,NA,NA,,NA,220,Thu Apr 26 13:57:46 2018
605,extrapolation,unmarked,final,gu,ti,ComplexPhrase_Testing,point_chef_sg_burglar_pl,burglar,poinim nork ti gu negid,NA,NA,,NA,221,Thu Apr 26 13:57:50 2018
605,extrapolation,unmarked,final,gu,ti,ComplexPhrase_Testing,point_waitress_pl_burglar_sg,NA,poinim gu vaem ti negid,NA,NA,,NA,222,Thu Apr 26 13:57:53 2018
605,extrapolation,unmarked,final,gu,ti,ComplexPhrase_Testing,point_burglar_sg_cowboy_pl,cowboy,poinim negid ti gu tumbat,NA,NA,,NA,223,Thu Apr 26 13:58:01 2018
605,extrapolation,unmarked,final,gu,ti,ComplexPhrase_Testing,waitress_three,NA,gu vaem,NA,NA,,NA,224,Thu Apr 26 13:58:03 2018
605,extrapolation,unmarked,final,gu,ti,ComplexPhrase_Testing,kick_burglar_pl_cowboy_sg,NA,kikim gu negid ti tumbat,NA,NA,,NA,225,Thu Apr 26 13:58:10 2018
605,extrapolation,unmarked,final,gu,ti,ComplexPhrase_Testing,punch_chef_pl_burglar_sg,NA,straikim gu nork ti negid,NA,NA,,NA,226,Thu Apr 26 13:58:19 2018
605,extrapolation,unmarked,final,gu,ti,ComplexPhrase_Testing,cowboy_three,NA,gu tumbat,NA,NA,,NA,227,Thu Apr 26 13:58:25 2018
605,extrapolation,unmarked,final,gu,ti,ComplexPhrase_Testing,punch_chef_sg_cowboy_pl,cowboy,straikim nork ti gu tumbat,NA,NA,,NA,228,Thu Apr 26 13:58:30 2018
605,extrapolation,unmarked,final,gu,ti,ComplexPhrase_Testing,punch_burglar_sg_waitress_pl,waitress,straikim negid ti gu vaem,NA,NA,,NA,229,Thu Apr 26 13:58:34 2018
605,extrapolation,unmarked,final,gu,ti,ComplexPhrase_Testing,cowboy,NA,tumbat,NA,NA,,NA,230,Thu Apr 26 13:58:35 2018
605,extrapolation,unmarked,final,gu,ti,Questionnaire,NA,NA,NA,NA,NA,,to,MeaningCase,Thu Apr 26 13:59:34 2018
605,extrapolation,unmarked,final,gu,ti,Questionnaire,NA,NA,NA,NA,NA,,multiple,MeaningNum,Thu Apr 26 13:59:34 2018
605,extrapolation,unmarked,final,gu,ti,Questionnaire,NA,NA,NA,NA,NA,,before,OrderCaseNoun,Thu Apr 26 13:59:34 2018
605,extrapolation,unmarked,final,gu,ti,Questionnaire,NA,NA,NA,NA,NA,,before,OrderNumNoun,Thu Apr 26 13:59:34 2018
605,extrapolation,unmarked,final,gu,ti,Questionnaire,NA,NA,NA,NA,NA,,english...,Languages,Thu Apr 26 13:59:34 2018
