ID,Condition,MajorityOrder,NounPosition,markerNum,markerCase,Phase,Meaning,NounItem,InputSentence,Selection,TypedResponse,SpokenResponse,AnswerQuest,Trial,date&time
5nom09,extrapolation,unmarked,initial,ti,gu,Noun_Training,chef_two,NA,nork,NA,NA,,NA,1,Wed Feb 12 10:14:22 2020
5nom09,extrapolation,unmarked,initial,ti,gu,Noun_Training,chef_two,NA,nork,NA,NA,,NA,2,Wed Feb 12 10:14:27 2020
5nom09,extrapolation,unmarked,initial,ti,gu,Noun_Training,chef_two,NA,nork,NA,NA,,NA,3,Wed Feb 12 10:14:32 2020
5nom09,extrapolation,unmarked,initial,ti,gu,Noun_Training,chef_two,NA,nork,NA,NA,,NA,4,Wed Feb 12 10:14:37 2020
5nom09,extrapolation,unmarked,initial,ti,gu,Noun_Training,burglar_two,NA,negid,NA,NA,,NA,5,Wed Feb 12 10:14:42 2020
5nom09,extrapolation,unmarked,initial,ti,gu,Noun_Training,burglar_two,NA,negid,NA,NA,,NA,6,Wed Feb 12 10:14:46 2020
5nom09,extrapolation,unmarked,initial,ti,gu,Noun_Training,cowboy_two,NA,tumbat,NA,NA,,NA,7,Wed Feb 12 10:14:51 2020
5nom09,extrapolation,unmarked,initial,ti,gu,Noun_Training,waitress_two,NA,vaem,NA,NA,,NA,8,Wed Feb 12 10:14:56 2020
5nom09,extrapolation,unmarked,initial,ti,gu,Noun_Training,burglar_two,NA,negid,NA,NA,,NA,9,Wed Feb 12 10:15:01 2020
5nom09,extrapolation,unmarked,initial,ti,gu,Noun_Training,waitress_two,NA,vaem,NA,NA,,NA,10,Wed Feb 12 10:15:06 2020
5nom09,extrapolation,unmarked,initial,ti,gu,Noun_Training,waitress_two,NA,vaem,NA,NA,,NA,11,Wed Feb 12 10:15:10 2020
5nom09,extrapolation,unmarked,initial,ti,gu,Noun_Training,cowboy_two,NA,tumbat,NA,NA,,NA,12,Wed Feb 12 10:15:15 2020
5nom09,extrapolation,unmarked,initial,ti,gu,Noun_Training,chef_two,NA,nork,NA,NA,,NA,13,Wed Feb 12 10:15:20 2020
5nom09,extrapolation,unmarked,initial,ti,gu,Noun_Training,cowboy_two,NA,tumbat,NA,NA,,NA,14,Wed Feb 12 10:15:25 2020
5nom09,extrapolation,unmarked,initial,ti,gu,Noun_Training,waitress_two,NA,vaem,NA,NA,,NA,15,Wed Feb 12 10:15:30 2020
5nom09,extrapolation,unmarked,initial,ti,gu,Noun_Training,cowboy_two,NA,tumbat,NA,NA,,NA,16,Wed Feb 12 10:15:35 2020
5nom09,extrapolation,unmarked,initial,ti,gu,Noun_Training,waitress_two,NA,vaem,NA,NA,,NA,17,Wed Feb 12 10:15:39 2020
5nom09,extrapolation,unmarked,initial,ti,gu,Noun_Training,cowboy_two,NA,tumbat,NA,NA,,NA,18,Wed Feb 12 10:15:44 2020
5nom09,extrapolation,unmarked,initial,ti,gu,Noun_Training,burglar_two,NA,negid,NA,NA,,NA,19,Wed Feb 12 10:15:49 2020
5nom09,extrapolation,unmarked,initial,ti,gu,Noun_Training,burglar_two,NA,negid,NA,NA,,NA,20,Wed Feb 12 10:15:54 2020
5nom09,extrapolation,unmarked,initial,ti,gu,Noun_Training,burglar_two,NA,negid,NA,NA,,NA,21,Wed Feb 12 10:15:59 2020
5nom09,extrapolation,unmarked,initial,ti,gu,Noun_Training,chef_two,NA,nork,NA,NA,,NA,22,Wed Feb 12 10:16:04 2020
5nom09,extrapolation,unmarked,initial,ti,gu,Noun_Training,waitress_two,NA,vaem,NA,NA,,NA,23,Wed Feb 12 10:16:08 2020
5nom09,extrapolation,unmarked,initial,ti,gu,Noun_Training,cowboy_two,NA,tumbat,NA,NA,,NA,24,Wed Feb 12 10:16:13 2020
5nom09,extrapolation,unmarked,initial,ti,gu,Noun_Selection,waitress_two,NA,vaem,correct,NA,,NA,25,Wed Feb 12 10:16:35 2020
5nom09,extrapolation,unmarked,initial,ti,gu,Noun_Selection,cowboy_two,NA,tumbat,correct,NA,,NA,26,Wed Feb 12 10:16:41 2020
5nom09,extrapolation,unmarked,initial,ti,gu,Noun_Selection,waitress_two,NA,vaem,correct,NA,,NA,27,Wed Feb 12 10:16:47 2020
5nom09,extrapolation,unmarked,initial,ti,gu,Noun_Selection,chef_two,NA,nork,correct,NA,,NA,28,Wed Feb 12 10:16:50 2020
5nom09,extrapolation,unmarked,initial,ti,gu,Noun_Selection,burglar_two,NA,negid,correct,NA,,NA,29,Wed Feb 12 10:16:54 2020
5nom09,extrapolation,unmarked,initial,ti,gu,Noun_Selection,burglar_two,NA,negid,correct,NA,,NA,30,Wed Feb 12 10:17:01 2020
5nom09,extrapolation,unmarked,initial,ti,gu,Noun_Selection,cowboy_two,NA,tumbat,correct,NA,,NA,31,Wed Feb 12 10:17:05 2020
5nom09,extrapolation,unmarked,initial,ti,gu,Noun_Selection,chef_two,NA,nork,correct,NA,,NA,32,Wed Feb 12 10:17:08 2020
5nom09,extrapolation,unmarked,initial,ti,gu,Noun_Selection,cowboy_two,NA,tumbat,correct,NA,,NA,33,Wed Feb 12 10:17:12 2020
5nom09,extrapolation,unmarked,initial,ti,gu,Noun_Selection,waitress_two,NA,vaem,correct,NA,,NA,34,Wed Feb 12 10:17:16 2020
5nom09,extrapolation,unmarked,initial,ti,gu,Noun_Selection,chef_two,NA,nork,correct,NA,,NA,35,Wed Feb 12 10:17:20 2020
5nom09,extrapolation,unmarked,initial,ti,gu,Noun_Selection,burglar_two,NA,negid,correct,NA,,NA,36,Wed Feb 12 10:17:24 2020
5nom09,extrapolation,unmarked,initial,ti,gu,Noun_Testing,waitress_two,NA,vaem,NA,NA,,NA,37,Wed Feb 12 10:18:04 2020
5nom09,extrapolation,unmarked,initial,ti,gu,Noun_Testing,chef_two,NA,nork,NA,NA,,NA,38,Wed Feb 12 10:18:12 2020
5nom09,extrapolation,unmarked,initial,ti,gu,Noun_Testing,waitress_two,NA,vaem,NA,NA,,NA,39,Wed Feb 12 10:18:18 2020
5nom09,extrapolation,unmarked,initial,ti,gu,Noun_Testing,cowboy_two,NA,tumbat,NA,NA,,NA,40,Wed Feb 12 10:18:23 2020
5nom09,extrapolation,unmarked,initial,ti,gu,Noun_Testing,waitress_two,NA,vaem,NA,NA,,NA,41,Wed Feb 12 10:18:27 2020
5nom09,extrapolation,unmarked,initial,ti,gu,Noun_Testing,burglar_two,NA,negid,NA,NA,,NA,42,Wed Feb 12 10:18:35 2020
5nom09,extrapolation,unmarked,initial,ti,gu,Noun_Testing,burglar_two,NA,negid,NA,NA,,NA,43,Wed Feb 12 10:18:42 2020
5nom09,extrapolation,unmarked,initial,ti,gu,Noun_Testing,burglar_two,NA,negid,NA,NA,,NA,44,Wed Feb 12 10:18:49 2020
5nom09,extrapolation,unmarked,initial,ti,gu,Noun_Testing,cowboy_two,NA,tumbat,NA,NA,,NA,45,Wed Feb 12 10:18:53 2020
5nom09,extrapolation,unmarked,initial,ti,gu,Noun_Testing,cowboy_two,NA,tumbat,NA,NA,,NA,46,Wed Feb 12 10:18:57 2020
5nom09,extrapolation,unmarked,initial,ti,gu,Noun_Testing,chef_two,NA,nork,NA,NA,,NA,47,Wed Feb 12 10:19:02 2020
5nom09,extrapolation,unmarked,initial,ti,gu,Noun_Testing,chef_two,NA,nork,NA,NA,,NA,48,Wed Feb 12 10:19:07 2020
5nom09,extrapolation,unmarked,initial,ti,gu,SimplePhrase_Training,point_chef_pl_waitress_pl,NA,poinim norkgu vaem,NA,NA,,NA,49,Wed Feb 12 10:20:08 2020
5nom09,extrapolation,unmarked,initial,ti,gu,SimplePhrase_Training,kick_burglar_pl_cowboy_pl,NA,kikim negidgu tumbat,NA,NA,,NA,50,Wed Feb 12 10:20:15 2020
5nom09,extrapolation,unmarked,initial,ti,gu,SimplePhrase_Training,kick_cowboy_pl_chef_sg,NA,kikim tumbatgu norkti,NA,NA,,NA,51,Wed Feb 12 10:20:22 2020
5nom09,extrapolation,unmarked,initial,ti,gu,SimplePhrase_Training,burglar_two,NA,negid,NA,NA,,NA,52,Wed Feb 12 10:20:27 2020
5nom09,extrapolation,unmarked,initial,ti,gu,SimplePhrase_Training,point_cowboy_pl_burglar_pl,NA,poinim tumbatgu negid,NA,NA,,NA,53,Wed Feb 12 10:20:34 2020
5nom09,extrapolation,unmarked,initial,ti,gu,SimplePhrase_Training,cowboy_two,NA,tumbat,NA,NA,,NA,54,Wed Feb 12 10:20:39 2020
5nom09,extrapolation,unmarked,initial,ti,gu,SimplePhrase_Training,point_waitress_pl_burglar_sg,NA,poinim vaemgu negidti,NA,NA,,NA,55,Wed Feb 12 10:20:47 2020
5nom09,extrapolation,unmarked,initial,ti,gu,SimplePhrase_Training,punch_chef_pl_cowboy_pl,NA,straikim norkgu tumbat,NA,NA,,NA,56,Wed Feb 12 10:20:54 2020
5nom09,extrapolation,unmarked,initial,ti,gu,SimplePhrase_Training,punch_waitress_pl_cowboy_sg,NA,straikim vaemgu tumbatti,NA,NA,,NA,57,Wed Feb 12 10:21:02 2020
5nom09,extrapolation,unmarked,initial,ti,gu,SimplePhrase_Training,kick_waitress_pl_chef_pl,NA,kikim vaemgu nork,NA,NA,,NA,58,Wed Feb 12 10:21:09 2020
5nom09,extrapolation,unmarked,initial,ti,gu,SimplePhrase_Training,point_waitress_pl_cowboy_sg,NA,poinim vaemgu tumbatti,NA,NA,,NA,59,Wed Feb 12 10:21:17 2020
5nom09,extrapolation,unmarked,initial,ti,gu,SimplePhrase_Training,burglar_two,NA,negid,NA,NA,,NA,60,Wed Feb 12 10:21:22 2020
5nom09,extrapolation,unmarked,initial,ti,gu,SimplePhrase_Training,waitress_two,NA,vaem,NA,NA,,NA,61,Wed Feb 12 10:21:26 2020
5nom09,extrapolation,unmarked,initial,ti,gu,SimplePhrase_Training,kick_burglar_pl_waitress_pl,NA,kikim negidgu vaem,NA,NA,,NA,62,Wed Feb 12 10:21:34 2020
5nom09,extrapolation,unmarked,initial,ti,gu,SimplePhrase_Training,punch_burglar_pl_cowboy_sg,NA,straikim negidgu tumbatti,NA,NA,,NA,63,Wed Feb 12 10:21:41 2020
5nom09,extrapolation,unmarked,initial,ti,gu,SimplePhrase_Training,point_waitress_pl_chef_sg,NA,poinim vaemgu norkti,NA,NA,,NA,64,Wed Feb 12 10:21:49 2020
5nom09,extrapolation,unmarked,initial,ti,gu,SimplePhrase_Training,kick_chef_pl_waitress_sg,NA,kikim norkgu vaemti,NA,NA,,NA,65,Wed Feb 12 10:21:56 2020
5nom09,extrapolation,unmarked,initial,ti,gu,SimplePhrase_Training,punch_burglar_pl_waitress_sg,NA,straikim negidgu vaemti,NA,NA,,NA,66,Wed Feb 12 10:22:04 2020
5nom09,extrapolation,unmarked,initial,ti,gu,SimplePhrase_Training,punch_waitress_pl_burglar_sg,NA,straikim vaemgu negidti,NA,NA,,NA,67,Wed Feb 12 10:22:12 2020
5nom09,extrapolation,unmarked,initial,ti,gu,SimplePhrase_Training,kick_cowboy_pl_burglar_sg,NA,kikim tumbatgu negidti,NA,NA,,NA,68,Wed Feb 12 10:22:19 2020
5nom09,extrapolation,unmarked,initial,ti,gu,SimplePhrase_Training,point_burglar_pl_chef_sg,NA,poinim negidgu norkti,NA,NA,,NA,69,Wed Feb 12 10:22:27 2020
5nom09,extrapolation,unmarked,initial,ti,gu,SimplePhrase_Training,punch_burglar_pl_chef_sg,NA,straikim negidgu norkti,NA,NA,,NA,70,Wed Feb 12 10:22:34 2020
5nom09,extrapolation,unmarked,initial,ti,gu,SimplePhrase_Training,kick_burglar_pl_chef_pl,NA,kikim negidgu nork,NA,NA,,NA,71,Wed Feb 12 10:22:42 2020
5nom09,extrapolation,unmarked,initial,ti,gu,SimplePhrase_Training,punch_chef_pl_burglar_pl,NA,straikim norkgu negid,NA,NA,,NA,72,Wed Feb 12 10:22:49 2020
5nom09,extrapolation,unmarked,initial,ti,gu,SimplePhrase_Training,cowboy_two,NA,tumbat,NA,NA,,NA,73,Wed Feb 12 10:22:54 2020
5nom09,extrapolation,unmarked,initial,ti,gu,SimplePhrase_Training,kick_cowboy_pl_waitress_sg,NA,kikim tumbatgu vaemti,NA,NA,,NA,74,Wed Feb 12 10:23:02 2020
5nom09,extrapolation,unmarked,initial,ti,gu,SimplePhrase_Training,chef_two,NA,nork,NA,NA,,NA,75,Wed Feb 12 10:23:06 2020
5nom09,extrapolation,unmarked,initial,ti,gu,SimplePhrase_Training,point_cowboy_pl_waitress_pl,NA,poinim tumbatgu vaem,NA,NA,,NA,76,Wed Feb 12 10:23:14 2020
5nom09,extrapolation,unmarked,initial,ti,gu,SimplePhrase_Training,point_burglar_pl_cowboy_sg,NA,poinim negidgu tumbatti,NA,NA,,NA,77,Wed Feb 12 10:23:21 2020
5nom09,extrapolation,unmarked,initial,ti,gu,SimplePhrase_Training,kick_chef_pl_burglar_pl,NA,kikim norkgu negid,NA,NA,,NA,78,Wed Feb 12 10:23:28 2020
5nom09,extrapolation,unmarked,initial,ti,gu,SimplePhrase_Training,chef_two,NA,nork,NA,NA,,NA,79,Wed Feb 12 10:23:33 2020
5nom09,extrapolation,unmarked,initial,ti,gu,SimplePhrase_Training,kick_waitress_pl_burglar_sg,NA,kikim vaemgu negidti,NA,NA,,NA,80,Wed Feb 12 10:23:41 2020
5nom09,extrapolation,unmarked,initial,ti,gu,SimplePhrase_Training,kick_chef_pl_cowboy_pl,NA,kikim norkgu tumbat,NA,NA,,NA,81,Wed Feb 12 10:23:48 2020
5nom09,extrapolation,unmarked,initial,ti,gu,SimplePhrase_Training,waitress_two,NA,vaem,NA,NA,,NA,82,Wed Feb 12 10:23:53 2020
5nom09,extrapolation,unmarked,initial,ti,gu,SimplePhrase_Training,punch_cowboy_pl_chef_pl,NA,straikim tumbatgu nork,NA,NA,,NA,83,Wed Feb 12 10:24:00 2020
5nom09,extrapolation,unmarked,initial,ti,gu,SimplePhrase_Training,punch_waitress_pl_chef_pl,NA,straikim vaemgu nork,NA,NA,,NA,84,Wed Feb 12 10:24:08 2020
5nom09,extrapolation,unmarked,initial,ti,gu,SimplePhrase_Training,point_burglar_pl_waitress_sg,NA,poinim negidgu vaemti,NA,NA,,NA,85,Wed Feb 12 10:24:15 2020
5nom09,extrapolation,unmarked,initial,ti,gu,SimplePhrase_Training,point_chef_pl_burglar_sg,NA,poinim norkgu negidti,NA,NA,,NA,86,Wed Feb 12 10:24:23 2020
5nom09,extrapolation,unmarked,initial,ti,gu,SimplePhrase_Training,punch_cowboy_pl_waitress_pl,NA,straikim tumbatgu vaem,NA,NA,,NA,87,Wed Feb 12 10:24:30 2020
5nom09,extrapolation,unmarked,initial,ti,gu,SimplePhrase_Training,kick_waitress_pl_cowboy_pl,NA,kikim vaemgu tumbat,NA,NA,,NA,88,Wed Feb 12 10:24:38 2020
5nom09,extrapolation,unmarked,initial,ti,gu,SimplePhrase_Training,point_chef_pl_cowboy_pl,NA,poinim norkgu tumbat,NA,NA,,NA,89,Wed Feb 12 10:24:45 2020
5nom09,extrapolation,unmarked,initial,ti,gu,SimplePhrase_Training,point_cowboy_pl_chef_pl,NA,poinim tumbatgu nork,NA,NA,,NA,90,Wed Feb 12 10:24:52 2020
5nom09,extrapolation,unmarked,initial,ti,gu,SimplePhrase_Training,punch_cowboy_pl_burglar_pl,NA,straikim tumbatgu negid,NA,NA,,NA,91,Wed Feb 12 10:25:00 2020
5nom09,extrapolation,unmarked,initial,ti,gu,SimplePhrase_Training,punch_chef_pl_waitress_sg,NA,straikim norkgu vaemti,NA,NA,,NA,92,Wed Feb 12 10:25:07 2020
5nom09,extrapolation,unmarked,initial,ti,gu,SimplePhrase_Comprehension,point_burglar_pl_cowboy_pl,NA,poinim negidgu tumbat,correct,NA,,NA,93,Wed Feb 12 10:25:32 2020
5nom09,extrapolation,unmarked,initial,ti,gu,SimplePhrase_Comprehension,punch_burglar_pl_chef_pl,NA,straikim negidgu nork,correct,NA,,NA,94,Wed Feb 12 10:25:39 2020
5nom09,extrapolation,unmarked,initial,ti,gu,SimplePhrase_Comprehension,point_chef_pl_cowboy_sg,NA,poinim norkgu tumbatti,correct,NA,,NA,95,Wed Feb 12 10:25:50 2020
5nom09,extrapolation,unmarked,initial,ti,gu,SimplePhrase_Comprehension,point_burglar_pl_chef_pl,NA,poinim negidgu nork,correct,NA,,NA,96,Wed Feb 12 10:25:58 2020
5nom09,extrapolation,unmarked,initial,ti,gu,SimplePhrase_Comprehension,point_cowboy_pl_chef_sg,NA,poinim tumbatgu norkti,correct,NA,,NA,97,Wed Feb 12 10:26:06 2020
5nom09,extrapolation,unmarked,initial,ti,gu,SimplePhrase_Comprehension,point_waitress_pl_burglar_pl,NA,poinim vaemgu negid,correct,NA,,NA,98,Wed Feb 12 10:26:12 2020
5nom09,extrapolation,unmarked,initial,ti,gu,SimplePhrase_Comprehension,punch_waitress_pl_chef_sg,NA,straikim vaemgu norkti,correct,NA,,NA,99,Wed Feb 12 10:26:20 2020
5nom09,extrapolation,unmarked,initial,ti,gu,SimplePhrase_Comprehension,kick_waitress_pl_burglar_pl,NA,kikim vaemgu negid,correct,NA,,NA,100,Wed Feb 12 10:26:28 2020
5nom09,extrapolation,unmarked,initial,ti,gu,SimplePhrase_Comprehension,punch_chef_pl_waitress_pl,NA,straikim norkgu vaem,correct,NA,,NA,101,Wed Feb 12 10:26:35 2020
5nom09,extrapolation,unmarked,initial,ti,gu,SimplePhrase_Comprehension,kick_burglar_pl_waitress_sg,NA,kikim negidgu vaemti,correct,NA,,NA,102,Wed Feb 12 10:26:43 2020
5nom09,extrapolation,unmarked,initial,ti,gu,SimplePhrase_Comprehension,point_chef_pl_burglar_pl,NA,poinim norkgu negid,correct,NA,,NA,103,Wed Feb 12 10:26:51 2020
5nom09,extrapolation,unmarked,initial,ti,gu,SimplePhrase_Comprehension,kick_cowboy_pl_waitress_pl,NA,kikim tumbatgu vaem,correct,NA,,NA,104,Wed Feb 12 10:26:58 2020
5nom09,extrapolation,unmarked,initial,ti,gu,SimplePhrase_Comprehension,kick_chef_pl_burglar_sg,NA,kikim norkgu negidti,correct,NA,,NA,105,Wed Feb 12 10:27:06 2020
5nom09,extrapolation,unmarked,initial,ti,gu,SimplePhrase_Comprehension,kick_chef_pl_cowboy_sg,NA,kikim norkgu tumbatti,correct,NA,,NA,106,Wed Feb 12 10:27:11 2020
5nom09,extrapolation,unmarked,initial,ti,gu,SimplePhrase_Comprehension,punch_burglar_pl_waitress_pl,NA,straikim negidgu vaem,correct,NA,,NA,107,Wed Feb 12 10:27:20 2020
5nom09,extrapolation,unmarked,initial,ti,gu,SimplePhrase_Comprehension,punch_cowboy_pl_chef_sg,NA,straikim tumbatgu norkti,correct,NA,,NA,108,Wed Feb 12 10:27:26 2020
5nom09,extrapolation,unmarked,initial,ti,gu,SimplePhrase_Comprehension,kick_burglar_pl_cowboy_sg,NA,kikim negidgu tumbatti,correct,NA,,NA,109,Wed Feb 12 10:27:37 2020
5nom09,extrapolation,unmarked,initial,ti,gu,SimplePhrase_Comprehension,point_waitress_pl_chef_pl,NA,poinim vaemgu nork,correct,NA,,NA,110,Wed Feb 12 10:27:44 2020
5nom09,extrapolation,unmarked,initial,ti,gu,SimplePhrase_Comprehension,kick_waitress_pl_cowboy_sg,NA,kikim vaemgu tumbatti,correct,NA,,NA,111,Wed Feb 12 10:27:50 2020
5nom09,extrapolation,unmarked,initial,ti,gu,SimplePhrase_Comprehension,point_cowboy_pl_waitress_sg,NA,poinim tumbatgu vaemti,correct,NA,,NA,112,Wed Feb 12 10:27:59 2020
5nom09,extrapolation,unmarked,initial,ti,gu,SimplePhrase_Typing,punch_burglar_pl_chef_sg,NA,straikim negidgu norkti,NA,straikim negidgu norkti,,NA,113,Wed Feb 12 10:28:52 2020
5nom09,extrapolation,unmarked,initial,ti,gu,SimplePhrase_Typing,waitress_two,NA,vaem,NA,veim,,NA,114,Wed Feb 12 10:28:59 2020
5nom09,extrapolation,unmarked,initial,ti,gu,SimplePhrase_Typing,punch_burglar_pl_cowboy_sg,NA,straikim negidgu tumbatti,NA,straikim negudgu tumbatti,,NA,115,Wed Feb 12 10:29:22 2020
5nom09,extrapolation,unmarked,initial,ti,gu,SimplePhrase_Typing,cowboy_two,NA,tumbat,NA,tumbat,,NA,116,Wed Feb 12 10:29:30 2020
5nom09,extrapolation,unmarked,initial,ti,gu,SimplePhrase_Typing,punch_cowboy_pl_burglar_pl,NA,straikim tumbatgu negid,NA,straikim tumbatgu negid,,NA,117,Wed Feb 12 10:29:50 2020
5nom09,extrapolation,unmarked,initial,ti,gu,SimplePhrase_Typing,chef_two,NA,nork,NA,nork,,NA,118,Wed Feb 12 10:29:59 2020
5nom09,extrapolation,unmarked,initial,ti,gu,SimplePhrase_Typing,punch_chef_pl_cowboy_pl,NA,straikim norkgu tumbat,NA,straikim norkgu tumbat,,NA,119,Wed Feb 12 10:30:12 2020
5nom09,extrapolation,unmarked,initial,ti,gu,SimplePhrase_Typing,punch_cowboy_pl_waitress_pl,NA,straikim tumbatgu vaem,NA,straikim tumbatgu vaem,,NA,120,Wed Feb 12 10:30:25 2020
5nom09,extrapolation,unmarked,initial,ti,gu,SimplePhrase_Typing,kick_burglar_pl_waitress_pl,NA,kikim negidgu vaem,NA,kikim negidgu vaem,,NA,121,Wed Feb 12 10:30:44 2020
5nom09,extrapolation,unmarked,initial,ti,gu,SimplePhrase_Typing,kick_cowboy_pl_waitress_sg,NA,kikim tumbatgu vaemti,NA,kikim tumbatgu vaemti,,NA,122,Wed Feb 12 10:30:59 2020
5nom09,extrapolation,unmarked,initial,ti,gu,SimplePhrase_Typing,burglar_two,NA,negid,NA,negid,,NA,123,Wed Feb 12 10:31:06 2020
5nom09,extrapolation,unmarked,initial,ti,gu,SimplePhrase_Typing,point_burglar_pl_chef_sg,NA,poinim negidgu norkti,NA,poinim negidgu norkti,,NA,124,Wed Feb 12 10:31:26 2020
5nom09,extrapolation,unmarked,initial,ti,gu,ComplexPhrase_Typing,kick_chef_sg_burglar_pl,burglar,kikim norktigu negid,NA,kikim norktigu negid,,NA,125,Wed Feb 12 10:32:12 2020
5nom09,extrapolation,unmarked,initial,ti,gu,ComplexPhrase_Typing,point_burglar_sg_waitress_pl,waitress,poinim negidtigu vaem,NA,poinim negidtigu vaem,,NA,126,Wed Feb 12 10:32:27 2020
5nom09,extrapolation,unmarked,initial,ti,gu,ComplexPhrase_Typing,point_chef_sg_cowboy_pl,cowboy,poinim norktigu tumbat,NA,poinim norktigu tumbat,,NA,127,Wed Feb 12 10:32:37 2020
5nom09,extrapolation,unmarked,initial,ti,gu,ComplexPhrase_Typing,point_chef_sg_burglar_pl,burglar,poinim norktigu negid,NA,poinim norktigu negid,,NA,128,Wed Feb 12 10:32:44 2020
5nom09,extrapolation,unmarked,initial,ti,gu,ComplexPhrase_Typing,point_burglar_sg_waitress_pl,waitress,poinim negidtigu vaem,NA,poinim negidtigu vaem,,NA,129,Wed Feb 12 10:32:53 2020
5nom09,extrapolation,unmarked,initial,ti,gu,ComplexPhrase_Typing,point_chef_sg_burglar_pl,burglar,poinim norktigu negid,NA,poinim norktigu negid,,NA,130,Wed Feb 12 10:33:03 2020
5nom09,extrapolation,unmarked,initial,ti,gu,ComplexPhrase_Typing,kick_chef_sg_burglar_pl,burglar,kikim norktigu negid,NA,kikim norktigu negid,,NA,131,Wed Feb 12 10:33:11 2020
5nom09,extrapolation,unmarked,initial,ti,gu,ComplexPhrase_Typing,point_chef_sg_cowboy_pl,cowboy,poinim norktigu tumbat,NA,poinim norktigu tumbat,,NA,132,Wed Feb 12 10:33:19 2020
5nom09,extrapolation,unmarked,initial,ti,gu,ComplexPhrase_Typing,point_chef_sg_cowboy_pl,cowboy,poinim norktigu tumbat,NA,poinim norktigu tumbat,,NA,133,Wed Feb 12 10:33:29 2020
5nom09,extrapolation,unmarked,initial,ti,gu,ComplexPhrase_Typing,point_chef_sg_burglar_pl,burglar,poinim norktigu negid,NA,poinim norktigu negid,,NA,134,Wed Feb 12 10:33:35 2020
5nom09,extrapolation,unmarked,initial,ti,gu,ComplexPhrase_Typing,kick_chef_sg_burglar_pl,burglar,kikim norktigu negid,NA,kikim norktigu negid,,NA,135,Wed Feb 12 10:33:46 2020
5nom09,extrapolation,unmarked,initial,ti,gu,ComplexPhrase_Typing,point_burglar_sg_waitress_pl,waitress,poinim negidtigu vaem,NA,poinim negidtigu vaem,,NA,136,Wed Feb 12 10:33:53 2020
5nom09,extrapolation,unmarked,initial,ti,gu,ComplexPhrase_Testing,punch_chef_sg_waitress_pl,waitress,straikim norktigu vaem,NA,NA,,NA,137,Wed Feb 12 10:34:36 2020
5nom09,extrapolation,unmarked,initial,ti,gu,ComplexPhrase_Testing,point_waitress_sg_cowboy_pl,cowboy,poinim vaemtigu tumbat,NA,NA,,NA,138,Wed Feb 12 10:34:43 2020
5nom09,extrapolation,unmarked,initial,ti,gu,ComplexPhrase_Testing,punch_cowboy_sg_burglar_pl,burglar,straikim tumbattigu negid,NA,NA,,NA,139,Wed Feb 12 10:34:51 2020
5nom09,extrapolation,unmarked,initial,ti,gu,ComplexPhrase_Testing,kick_burglar_pl_waitress_pl,waitress,kikim negidgu vaem,NA,NA,,NA,140,Wed Feb 12 10:34:59 2020
5nom09,extrapolation,unmarked,initial,ti,gu,ComplexPhrase_Testing,punch_chef_sg_cowboy_pl,cowboy,straikim norktigu tumbat,NA,NA,,NA,141,Wed Feb 12 10:35:15 2020
5nom09,extrapolation,unmarked,initial,ti,gu,ComplexPhrase_Testing,point_waitress_sg_cowboy_pl,cowboy,poinim vaemtigu tumbat,NA,NA,,NA,142,Wed Feb 12 10:35:24 2020
5nom09,extrapolation,unmarked,initial,ti,gu,ComplexPhrase_Testing,punch_waitress_sg_cowboy_pl,cowboy,straikim vaemtigu tumbat,NA,NA,,NA,143,Wed Feb 12 10:35:31 2020
5nom09,extrapolation,unmarked,initial,ti,gu,ComplexPhrase_Testing,point_burglar_pl_chef_sg,NA,poinim negidgu norkti,NA,NA,,NA,144,Wed Feb 12 10:35:38 2020
5nom09,extrapolation,unmarked,initial,ti,gu,ComplexPhrase_Testing,punch_waitress_pl_cowboy_sg,NA,straikim vaemgu tumbatti,NA,NA,,NA,145,Wed Feb 12 10:35:50 2020
5nom09,extrapolation,unmarked,initial,ti,gu,ComplexPhrase_Testing,punch_cowboy_pl_burglar_pl,burglar,straikim tumbatgu negid,NA,NA,,NA,146,Wed Feb 12 10:36:08 2020
5nom09,extrapolation,unmarked,initial,ti,gu,ComplexPhrase_Testing,point_burglar_sg_waitress_pl,waitress,poinim negidtigu vaem,NA,NA,,NA,147,Wed Feb 12 10:36:17 2020
5nom09,extrapolation,unmarked,initial,ti,gu,ComplexPhrase_Testing,kick_waitress_sg_chef_pl,chef,kikim vaemtigu nork,NA,NA,,NA,148,Wed Feb 12 10:36:24 2020
5nom09,extrapolation,unmarked,initial,ti,gu,ComplexPhrase_Testing,punch_cowboy_sg_burglar_pl,burglar,straikim tumbattigu negid,NA,NA,,NA,149,Wed Feb 12 10:36:33 2020
5nom09,extrapolation,unmarked,initial,ti,gu,ComplexPhrase_Testing,chef_two,NA,nork,NA,NA,,NA,150,Wed Feb 12 10:36:36 2020
5nom09,extrapolation,unmarked,initial,ti,gu,ComplexPhrase_Testing,burglar_two,NA,negid,NA,NA,,NA,151,Wed Feb 12 10:36:42 2020
5nom09,extrapolation,unmarked,initial,ti,gu,ComplexPhrase_Testing,kick_cowboy_sg_chef_pl,chef,kikim tumbattigu nork,NA,NA,,NA,152,Wed Feb 12 10:36:52 2020
5nom09,extrapolation,unmarked,initial,ti,gu,ComplexPhrase_Testing,punch_burglar_sg_chef_pl,chef,straikim negidtigu nork,NA,NA,,NA,153,Wed Feb 12 10:36:59 2020
5nom09,extrapolation,unmarked,initial,ti,gu,ComplexPhrase_Testing,punch_waitress_sg_cowboy_pl,cowboy,straikim vaemtigu tumbat,NA,NA,,NA,154,Wed Feb 12 10:37:05 2020
5nom09,extrapolation,unmarked,initial,ti,gu,ComplexPhrase_Testing,kick_chef_sg_burglar_pl,burglar,kikim norktigu negid,NA,NA,,NA,155,Wed Feb 12 10:37:11 2020
5nom09,extrapolation,unmarked,initial,ti,gu,ComplexPhrase_Testing,point_chef_sg_cowboy_pl,cowboy,poinim norktigu tumbat,NA,NA,,NA,156,Wed Feb 12 10:37:17 2020
5nom09,extrapolation,unmarked,initial,ti,gu,ComplexPhrase_Testing,point_cowboy_pl_burglar_sg,NA,poinim tumbatgu negidti,NA,NA,,NA,157,Wed Feb 12 10:37:24 2020
5nom09,extrapolation,unmarked,initial,ti,gu,ComplexPhrase_Testing,punch_burglar_sg_chef_pl,chef,straikim negidtigu nork,NA,NA,,NA,158,Wed Feb 12 10:37:35 2020
5nom09,extrapolation,unmarked,initial,ti,gu,ComplexPhrase_Testing,kick_cowboy_sg_chef_pl,chef,kikim tumbattigu nork,NA,NA,,NA,159,Wed Feb 12 10:37:42 2020
5nom09,extrapolation,unmarked,initial,ti,gu,ComplexPhrase_Testing,kick_cowboy_sg_chef_pl,chef,kikim tumbattigu nork,NA,NA,,NA,160,Wed Feb 12 10:37:48 2020
5nom09,extrapolation,unmarked,initial,ti,gu,ComplexPhrase_Testing,point_chef_pl_waitress_pl,waitress,poinim norkgu vaem,NA,NA,,NA,161,Wed Feb 12 10:37:54 2020
5nom09,extrapolation,unmarked,initial,ti,gu,ComplexPhrase_Testing,point_chef_sg_cowboy_pl,cowboy,poinim norktigu tumbat,NA,NA,,NA,162,Wed Feb 12 10:38:05 2020
5nom09,extrapolation,unmarked,initial,ti,gu,ComplexPhrase_Testing,punch_cowboy_sg_burglar_pl,burglar,straikim tumbattigu negid,NA,NA,,NA,163,Wed Feb 12 10:38:12 2020
5nom09,extrapolation,unmarked,initial,ti,gu,ComplexPhrase_Testing,punch_waitress_sg_cowboy_pl,cowboy,straikim vaemtigu tumbat,NA,NA,,NA,164,Wed Feb 12 10:38:19 2020
5nom09,extrapolation,unmarked,initial,ti,gu,ComplexPhrase_Testing,punch_chef_sg_waitress_pl,waitress,straikim norktigu vaem,NA,NA,,NA,165,Wed Feb 12 10:38:25 2020
5nom09,extrapolation,unmarked,initial,ti,gu,ComplexPhrase_Testing,cowboy_two,NA,tumbat,NA,NA,,NA,166,Wed Feb 12 10:38:29 2020
5nom09,extrapolation,unmarked,initial,ti,gu,ComplexPhrase_Testing,point_burglar_sg_waitress_pl,waitress,poinim negidtigu vaem,NA,NA,,NA,167,Wed Feb 12 10:38:38 2020
5nom09,extrapolation,unmarked,initial,ti,gu,ComplexPhrase_Testing,waitress_two,NA,vaem,NA,NA,,NA,168,Wed Feb 12 10:38:41 2020
5nom09,extrapolation,unmarked,initial,ti,gu,ComplexPhrase_Testing,kick_waitress_sg_chef_pl,chef,kikim vaemtigu nork,NA,NA,,NA,169,Wed Feb 12 10:38:48 2020
5nom09,extrapolation,unmarked,initial,ti,gu,ComplexPhrase_Testing,kick_chef_sg_burglar_pl,burglar,kikim norktigu negid,NA,NA,,NA,170,Wed Feb 12 10:38:54 2020
5nom09,extrapolation,unmarked,initial,ti,gu,ComplexPhrase_Testing,point_cowboy_sg_waitress_pl,waitress,poinim tumbattigu vaem,NA,NA,,NA,171,Wed Feb 12 10:38:59 2020
5nom09,extrapolation,unmarked,initial,ti,gu,ComplexPhrase_Testing,punch_chef_sg_waitress_pl,waitress,straikim norktigu vaem,NA,NA,,NA,172,Wed Feb 12 10:39:05 2020
5nom09,extrapolation,unmarked,initial,ti,gu,ComplexPhrase_Testing,punch_burglar_pl_cowboy_sg,NA,straikim negidgu tumbatti,NA,NA,,NA,173,Wed Feb 12 10:39:10 2020
5nom09,extrapolation,unmarked,initial,ti,gu,ComplexPhrase_Testing,punch_chef_sg_cowboy_pl,cowboy,straikim norktigu tumbat,NA,NA,,NA,174,Wed Feb 12 10:39:21 2020
5nom09,extrapolation,unmarked,initial,ti,gu,ComplexPhrase_Testing,kick_waitress_pl_chef_sg,NA,kikim vaemgu norkti,NA,NA,,NA,175,Wed Feb 12 10:39:26 2020
5nom09,extrapolation,unmarked,initial,ti,gu,ComplexPhrase_Testing,point_cowboy_sg_waitress_pl,waitress,poinim tumbattigu vaem,NA,NA,,NA,176,Wed Feb 12 10:39:36 2020
5nom09,extrapolation,unmarked,initial,ti,gu,ComplexPhrase_Testing,kick_waitress_sg_chef_pl,chef,kikim vaemtigu nork,NA,NA,,NA,177,Wed Feb 12 10:39:42 2020
5nom09,extrapolation,unmarked,initial,ti,gu,ComplexPhrase_Testing,point_burglar_sg_waitress_pl,waitress,poinim negidtigu vaem,NA,NA,,NA,178,Wed Feb 12 10:39:47 2020
5nom09,extrapolation,unmarked,initial,ti,gu,ComplexPhrase_Testing,point_waitress_sg_cowboy_pl,cowboy,poinim vaemtigu tumbat,NA,NA,,NA,179,Wed Feb 12 10:39:53 2020
5nom09,extrapolation,unmarked,initial,ti,gu,ComplexPhrase_Testing,punch_waitress_pl_burglar_pl,burglar,straikim vaemgu negid,NA,NA,,NA,180,Wed Feb 12 10:39:59 2020
5nom09,extrapolation,unmarked,initial,ti,gu,ComplexPhrase_Testing,kick_chef_pl_burglar_pl,burglar,kikim norkgu negid,NA,NA,,NA,181,Wed Feb 12 10:40:07 2020
5nom09,extrapolation,unmarked,initial,ti,gu,ComplexPhrase_Testing,punch_chef_sg_cowboy_pl,cowboy,straikim norktigu tumbat,NA,NA,,NA,182,Wed Feb 12 10:40:16 2020
5nom09,extrapolation,unmarked,initial,ti,gu,ComplexPhrase_Testing,punch_chef_pl_cowboy_sg,NA,straikim norkgu tumbatti,NA,NA,,NA,183,Wed Feb 12 10:40:22 2020
5nom09,extrapolation,unmarked,initial,ti,gu,ComplexPhrase_Testing,point_cowboy_sg_waitress_pl,waitress,poinim tumbattigu vaem,NA,NA,,NA,184,Wed Feb 12 10:40:31 2020
5nom09,extrapolation,unmarked,initial,ti,gu,ComplexPhrase_Testing,kick_chef_sg_burglar_pl,burglar,kikim norktigu negid,NA,NA,,NA,185,Wed Feb 12 10:40:37 2020
5nom09,extrapolation,unmarked,initial,ti,gu,ComplexPhrase_Testing,point_chef_sg_cowboy_pl,cowboy,poinim norktigu tumbat,NA,NA,,NA,186,Wed Feb 12 10:40:44 2020
5nom09,extrapolation,unmarked,initial,ti,gu,ComplexPhrase_Testing,punch_waitress_pl_cowboy_pl,cowboy,straikim vaemgu tumbat,NA,NA,,NA,187,Wed Feb 12 10:40:51 2020
5nom09,extrapolation,unmarked,initial,ti,gu,ComplexPhrase_Testing,punch_burglar_sg_chef_pl,chef,straikim negidtigu nork,NA,NA,,NA,188,Wed Feb 12 10:41:01 2020
5nom09,extrapolation,unmarked,initial,ti,gu,Questionnaire,NA,NA,NA,NA,NA,,action of doing something,MeaningCase,Wed Feb 12 10:41:56 2020
5nom09,extrapolation,unmarked,initial,ti,gu,Questionnaire,NA,NA,NA,NA,NA,,singular,MeaningNum,Wed Feb 12 10:41:56 2020
5nom09,extrapolation,unmarked,initial,ti,gu,Questionnaire,NA,NA,NA,NA,NA,,after,OrderCaseNoun,Wed Feb 12 10:41:56 2020
5nom09,extrapolation,unmarked,initial,ti,gu,Questionnaire,NA,NA,NA,NA,NA,,after,OrderNumNoun,Wed Feb 12 10:41:56 2020
5nom09,extrapolation,unmarked,initial,ti,gu,Questionnaire,NA,NA,NA,NA,NA,,malay language,Languages,Wed Feb 12 10:41:56 2020
