ID,Condition,MajorityOrder,NounPosition,markerNum,markerCase,Phase,Meaning,NounItem,InputSentence,Selection,TypedResponse,SpokenResponse,AnswerQuest,Trial,date&time
5nom17,extrapolation,unmarked,initial,sa,gu,Noun_Training,chef_two,NA,nork,NA,NA,,NA,1,Fri Feb 28 10:10:25 2020
5nom17,extrapolation,unmarked,initial,sa,gu,Noun_Training,burglar_two,NA,vaem,NA,NA,,NA,2,Fri Feb 28 10:10:29 2020
5nom17,extrapolation,unmarked,initial,sa,gu,Noun_Training,waitress_two,NA,tumbat,NA,NA,,NA,3,Fri Feb 28 10:10:34 2020
5nom17,extrapolation,unmarked,initial,sa,gu,Noun_Training,cowboy_two,NA,negid,NA,NA,,NA,4,Fri Feb 28 10:10:39 2020
5nom17,extrapolation,unmarked,initial,sa,gu,Noun_Training,waitress_two,NA,tumbat,NA,NA,,NA,5,Fri Feb 28 10:10:44 2020
5nom17,extrapolation,unmarked,initial,sa,gu,Noun_Training,waitress_two,NA,tumbat,NA,NA,,NA,6,Fri Feb 28 10:10:49 2020
5nom17,extrapolation,unmarked,initial,sa,gu,Noun_Training,chef_two,NA,nork,NA,NA,,NA,7,Fri Feb 28 10:10:54 2020
5nom17,extrapolation,unmarked,initial,sa,gu,Noun_Training,chef_two,NA,nork,NA,NA,,NA,8,Fri Feb 28 10:10:59 2020
5nom17,extrapolation,unmarked,initial,sa,gu,Noun_Training,waitress_two,NA,tumbat,NA,NA,,NA,9,Fri Feb 28 10:11:04 2020
5nom17,extrapolation,unmarked,initial,sa,gu,Noun_Training,cowboy_two,NA,negid,NA,NA,,NA,10,Fri Feb 28 10:11:08 2020
5nom17,extrapolation,unmarked,initial,sa,gu,Noun_Training,burglar_two,NA,vaem,NA,NA,,NA,11,Fri Feb 28 10:11:13 2020
5nom17,extrapolation,unmarked,initial,sa,gu,Noun_Training,waitress_two,NA,tumbat,NA,NA,,NA,12,Fri Feb 28 10:11:18 2020
5nom17,extrapolation,unmarked,initial,sa,gu,Noun_Training,cowboy_two,NA,negid,NA,NA,,NA,13,Fri Feb 28 10:11:23 2020
5nom17,extrapolation,unmarked,initial,sa,gu,Noun_Training,burglar_two,NA,vaem,NA,NA,,NA,14,Fri Feb 28 10:11:28 2020
5nom17,extrapolation,unmarked,initial,sa,gu,Noun_Training,cowboy_two,NA,negid,NA,NA,,NA,15,Fri Feb 28 10:11:32 2020
5nom17,extrapolation,unmarked,initial,sa,gu,Noun_Training,cowboy_two,NA,negid,NA,NA,,NA,16,Fri Feb 28 10:11:37 2020
5nom17,extrapolation,unmarked,initial,sa,gu,Noun_Training,burglar_two,NA,vaem,NA,NA,,NA,17,Fri Feb 28 10:11:42 2020
5nom17,extrapolation,unmarked,initial,sa,gu,Noun_Training,burglar_two,NA,vaem,NA,NA,,NA,18,Fri Feb 28 10:11:47 2020
5nom17,extrapolation,unmarked,initial,sa,gu,Noun_Training,waitress_two,NA,tumbat,NA,NA,,NA,19,Fri Feb 28 10:11:52 2020
5nom17,extrapolation,unmarked,initial,sa,gu,Noun_Training,burglar_two,NA,vaem,NA,NA,,NA,20,Fri Feb 28 10:11:56 2020
5nom17,extrapolation,unmarked,initial,sa,gu,Noun_Training,chef_two,NA,nork,NA,NA,,NA,21,Fri Feb 28 10:12:01 2020
5nom17,extrapolation,unmarked,initial,sa,gu,Noun_Training,cowboy_two,NA,negid,NA,NA,,NA,22,Fri Feb 28 10:12:06 2020
5nom17,extrapolation,unmarked,initial,sa,gu,Noun_Training,chef_two,NA,nork,NA,NA,,NA,23,Fri Feb 28 10:12:11 2020
5nom17,extrapolation,unmarked,initial,sa,gu,Noun_Training,chef_two,NA,nork,NA,NA,,NA,24,Fri Feb 28 10:12:16 2020
5nom17,extrapolation,unmarked,initial,sa,gu,Noun_Selection,waitress_two,NA,tumbat,correct,NA,,NA,25,Fri Feb 28 10:12:39 2020
5nom17,extrapolation,unmarked,initial,sa,gu,Noun_Selection,burglar_two,NA,vaem,correct,NA,,NA,26,Fri Feb 28 10:12:42 2020
5nom17,extrapolation,unmarked,initial,sa,gu,Noun_Selection,waitress_two,NA,tumbat,correct,NA,,NA,27,Fri Feb 28 10:12:47 2020
5nom17,extrapolation,unmarked,initial,sa,gu,Noun_Selection,burglar_two,NA,vaem,correct,NA,,NA,28,Fri Feb 28 10:12:50 2020
5nom17,extrapolation,unmarked,initial,sa,gu,Noun_Selection,waitress_two,NA,tumbat,correct,NA,,NA,29,Fri Feb 28 10:12:54 2020
5nom17,extrapolation,unmarked,initial,sa,gu,Noun_Selection,cowboy_two,NA,negid,correct,NA,,NA,30,Fri Feb 28 10:12:58 2020
5nom17,extrapolation,unmarked,initial,sa,gu,Noun_Selection,cowboy_two,NA,negid,correct,NA,,NA,31,Fri Feb 28 10:13:02 2020
5nom17,extrapolation,unmarked,initial,sa,gu,Noun_Selection,cowboy_two,NA,negid,correct,NA,,NA,32,Fri Feb 28 10:13:06 2020
5nom17,extrapolation,unmarked,initial,sa,gu,Noun_Selection,chef_two,NA,nork,correct,NA,,NA,33,Fri Feb 28 10:13:09 2020
5nom17,extrapolation,unmarked,initial,sa,gu,Noun_Selection,burglar_two,NA,vaem,correct,NA,,NA,34,Fri Feb 28 10:13:12 2020
5nom17,extrapolation,unmarked,initial,sa,gu,Noun_Selection,chef_two,NA,nork,wrong,NA,,NA,35,Fri Feb 28 10:13:18 2020
5nom17,extrapolation,unmarked,initial,sa,gu,Noun_Selection,chef_two,NA,nork,correct,NA,,NA,36,Fri Feb 28 10:13:22 2020
5nom17,extrapolation,unmarked,initial,sa,gu,Noun_Testing,cowboy_two,NA,negid,NA,NA,,NA,37,Fri Feb 28 10:13:46 2020
5nom17,extrapolation,unmarked,initial,sa,gu,Noun_Testing,waitress_two,NA,tumbat,NA,NA,,NA,38,Fri Feb 28 10:13:57 2020
5nom17,extrapolation,unmarked,initial,sa,gu,Noun_Testing,cowboy_two,NA,negid,NA,NA,,NA,39,Fri Feb 28 10:14:01 2020
5nom17,extrapolation,unmarked,initial,sa,gu,Noun_Testing,cowboy_two,NA,negid,NA,NA,,NA,40,Fri Feb 28 10:14:08 2020
5nom17,extrapolation,unmarked,initial,sa,gu,Noun_Testing,waitress_two,NA,tumbat,NA,NA,,NA,41,Fri Feb 28 10:14:15 2020
5nom17,extrapolation,unmarked,initial,sa,gu,Noun_Testing,chef_two,NA,nork,NA,NA,,NA,42,Fri Feb 28 10:14:20 2020
5nom17,extrapolation,unmarked,initial,sa,gu,Noun_Testing,burglar_two,NA,vaem,NA,NA,,NA,43,Fri Feb 28 10:14:24 2020
5nom17,extrapolation,unmarked,initial,sa,gu,Noun_Testing,burglar_two,NA,vaem,NA,NA,,NA,44,Fri Feb 28 10:14:28 2020
5nom17,extrapolation,unmarked,initial,sa,gu,Noun_Testing,burglar_two,NA,vaem,NA,NA,,NA,45,Fri Feb 28 10:14:32 2020
5nom17,extrapolation,unmarked,initial,sa,gu,Noun_Testing,chef_two,NA,nork,NA,NA,,NA,46,Fri Feb 28 10:14:36 2020
5nom17,extrapolation,unmarked,initial,sa,gu,Noun_Testing,waitress_two,NA,tumbat,NA,NA,,NA,47,Fri Feb 28 10:14:41 2020
5nom17,extrapolation,unmarked,initial,sa,gu,Noun_Testing,chef_two,NA,nork,NA,NA,,NA,48,Fri Feb 28 10:14:45 2020
5nom17,extrapolation,unmarked,initial,sa,gu,SimplePhrase_Training,kick_chef_pl_waitress_pl,NA,kikim norkgu tumbat,NA,NA,,NA,49,Fri Feb 28 10:15:36 2020
5nom17,extrapolation,unmarked,initial,sa,gu,SimplePhrase_Training,point_cowboy_pl_chef_sg,NA,poinim negidgu norksa,NA,NA,,NA,50,Fri Feb 28 10:15:44 2020
5nom17,extrapolation,unmarked,initial,sa,gu,SimplePhrase_Training,kick_burglar_pl_chef_sg,NA,kikim vaemgu norksa,NA,NA,,NA,51,Fri Feb 28 10:15:51 2020
5nom17,extrapolation,unmarked,initial,sa,gu,SimplePhrase_Training,punch_cowboy_pl_burglar_pl,NA,straikim negidgu vaem,NA,NA,,NA,52,Fri Feb 28 10:15:59 2020
5nom17,extrapolation,unmarked,initial,sa,gu,SimplePhrase_Training,punch_waitress_pl_burglar_sg,NA,straikim tumbatgu vaemsa,NA,NA,,NA,53,Fri Feb 28 10:16:07 2020
5nom17,extrapolation,unmarked,initial,sa,gu,SimplePhrase_Training,chef_two,NA,nork,NA,NA,,NA,54,Fri Feb 28 10:16:12 2020
5nom17,extrapolation,unmarked,initial,sa,gu,SimplePhrase_Training,waitress_two,NA,tumbat,NA,NA,,NA,55,Fri Feb 28 10:16:16 2020
5nom17,extrapolation,unmarked,initial,sa,gu,SimplePhrase_Training,point_chef_pl_burglar_sg,NA,poinim norkgu vaemsa,NA,NA,,NA,56,Fri Feb 28 10:16:24 2020
5nom17,extrapolation,unmarked,initial,sa,gu,SimplePhrase_Training,cowboy_two,NA,negid,NA,NA,,NA,57,Fri Feb 28 10:16:29 2020
5nom17,extrapolation,unmarked,initial,sa,gu,SimplePhrase_Training,kick_waitress_pl_chef_sg,NA,kikim tumbatgu norksa,NA,NA,,NA,58,Fri Feb 28 10:16:36 2020
5nom17,extrapolation,unmarked,initial,sa,gu,SimplePhrase_Training,punch_waitress_pl_chef_pl,NA,straikim tumbatgu nork,NA,NA,,NA,59,Fri Feb 28 10:16:44 2020
5nom17,extrapolation,unmarked,initial,sa,gu,SimplePhrase_Training,point_chef_pl_cowboy_pl,NA,poinim norkgu negid,NA,NA,,NA,60,Fri Feb 28 10:16:51 2020
5nom17,extrapolation,unmarked,initial,sa,gu,SimplePhrase_Training,cowboy_two,NA,negid,NA,NA,,NA,61,Fri Feb 28 10:16:56 2020
5nom17,extrapolation,unmarked,initial,sa,gu,SimplePhrase_Training,point_burglar_pl_chef_sg,NA,poinim vaemgu norksa,NA,NA,,NA,62,Fri Feb 28 10:17:03 2020
5nom17,extrapolation,unmarked,initial,sa,gu,SimplePhrase_Training,burglar_two,NA,vaem,NA,NA,,NA,63,Fri Feb 28 10:17:08 2020
5nom17,extrapolation,unmarked,initial,sa,gu,SimplePhrase_Training,kick_waitress_pl_cowboy_pl,NA,kikim tumbatgu negid,NA,NA,,NA,64,Fri Feb 28 10:17:15 2020
5nom17,extrapolation,unmarked,initial,sa,gu,SimplePhrase_Training,point_burglar_pl_waitress_pl,NA,poinim vaemgu tumbat,NA,NA,,NA,65,Fri Feb 28 10:17:23 2020
5nom17,extrapolation,unmarked,initial,sa,gu,SimplePhrase_Training,point_cowboy_pl_waitress_pl,NA,poinim negidgu tumbat,NA,NA,,NA,66,Fri Feb 28 10:17:30 2020
5nom17,extrapolation,unmarked,initial,sa,gu,SimplePhrase_Training,punch_cowboy_pl_waitress_sg,NA,straikim negidgu tumbatsa,NA,NA,,NA,67,Fri Feb 28 10:17:38 2020
5nom17,extrapolation,unmarked,initial,sa,gu,SimplePhrase_Training,punch_burglar_pl_chef_pl,NA,straikim vaemgu nork,NA,NA,,NA,68,Fri Feb 28 10:17:45 2020
5nom17,extrapolation,unmarked,initial,sa,gu,SimplePhrase_Training,kick_cowboy_pl_waitress_sg,NA,kikim negidgu tumbatsa,NA,NA,,NA,69,Fri Feb 28 10:17:53 2020
5nom17,extrapolation,unmarked,initial,sa,gu,SimplePhrase_Training,punch_burglar_pl_cowboy_sg,NA,straikim vaemgu negidsa,NA,NA,,NA,70,Fri Feb 28 10:18:00 2020
5nom17,extrapolation,unmarked,initial,sa,gu,SimplePhrase_Training,punch_chef_pl_burglar_sg,NA,straikim norkgu vaemsa,NA,NA,,NA,71,Fri Feb 28 10:18:08 2020
5nom17,extrapolation,unmarked,initial,sa,gu,SimplePhrase_Training,point_waitress_pl_cowboy_pl,NA,poinim tumbatgu negid,NA,NA,,NA,72,Fri Feb 28 10:18:15 2020
5nom17,extrapolation,unmarked,initial,sa,gu,SimplePhrase_Training,point_chef_pl_waitress_pl,NA,poinim norkgu tumbat,NA,NA,,NA,73,Fri Feb 28 10:18:23 2020
5nom17,extrapolation,unmarked,initial,sa,gu,SimplePhrase_Training,kick_chef_pl_cowboy_sg,NA,kikim norkgu negidsa,NA,NA,,NA,74,Fri Feb 28 10:18:30 2020
5nom17,extrapolation,unmarked,initial,sa,gu,SimplePhrase_Training,kick_cowboy_pl_burglar_pl,NA,kikim negidgu vaem,NA,NA,,NA,75,Fri Feb 28 10:18:37 2020
5nom17,extrapolation,unmarked,initial,sa,gu,SimplePhrase_Training,kick_chef_pl_burglar_sg,NA,kikim norkgu vaemsa,NA,NA,,NA,76,Fri Feb 28 10:18:45 2020
5nom17,extrapolation,unmarked,initial,sa,gu,SimplePhrase_Training,kick_waitress_pl_burglar_pl,NA,kikim tumbatgu vaem,NA,NA,,NA,77,Fri Feb 28 10:18:52 2020
5nom17,extrapolation,unmarked,initial,sa,gu,SimplePhrase_Training,kick_burglar_pl_waitress_pl,NA,kikim vaemgu tumbat,NA,NA,,NA,78,Fri Feb 28 10:18:59 2020
5nom17,extrapolation,unmarked,initial,sa,gu,SimplePhrase_Training,kick_burglar_pl_cowboy_sg,NA,kikim vaemgu negidsa,NA,NA,,NA,79,Fri Feb 28 10:19:07 2020
5nom17,extrapolation,unmarked,initial,sa,gu,SimplePhrase_Training,waitress_two,NA,tumbat,NA,NA,,NA,80,Fri Feb 28 10:19:11 2020
5nom17,extrapolation,unmarked,initial,sa,gu,SimplePhrase_Training,point_waitress_pl_burglar_pl,NA,poinim tumbatgu vaem,NA,NA,,NA,81,Fri Feb 28 10:19:19 2020
5nom17,extrapolation,unmarked,initial,sa,gu,SimplePhrase_Training,point_cowboy_pl_burglar_sg,NA,poinim negidgu vaemsa,NA,NA,,NA,82,Fri Feb 28 10:19:26 2020
5nom17,extrapolation,unmarked,initial,sa,gu,SimplePhrase_Training,kick_cowboy_pl_chef_sg,NA,kikim negidgu norksa,NA,NA,,NA,83,Fri Feb 28 10:19:34 2020
5nom17,extrapolation,unmarked,initial,sa,gu,SimplePhrase_Training,point_waitress_pl_chef_pl,NA,poinim tumbatgu nork,NA,NA,,NA,84,Fri Feb 28 10:19:41 2020
5nom17,extrapolation,unmarked,initial,sa,gu,SimplePhrase_Training,chef_two,NA,nork,NA,NA,,NA,85,Fri Feb 28 10:19:46 2020
5nom17,extrapolation,unmarked,initial,sa,gu,SimplePhrase_Training,burglar_two,NA,vaem,NA,NA,,NA,86,Fri Feb 28 10:19:51 2020
5nom17,extrapolation,unmarked,initial,sa,gu,SimplePhrase_Training,punch_waitress_pl_cowboy_sg,NA,straikim tumbatgu negidsa,NA,NA,,NA,87,Fri Feb 28 10:19:59 2020
5nom17,extrapolation,unmarked,initial,sa,gu,SimplePhrase_Training,punch_burglar_pl_waitress_pl,NA,straikim vaemgu tumbat,NA,NA,,NA,88,Fri Feb 28 10:20:06 2020
5nom17,extrapolation,unmarked,initial,sa,gu,SimplePhrase_Training,punch_chef_pl_cowboy_pl,NA,straikim norkgu negid,NA,NA,,NA,89,Fri Feb 28 10:20:13 2020
5nom17,extrapolation,unmarked,initial,sa,gu,SimplePhrase_Training,punch_chef_pl_waitress_sg,NA,straikim norkgu tumbatsa,NA,NA,,NA,90,Fri Feb 28 10:20:21 2020
5nom17,extrapolation,unmarked,initial,sa,gu,SimplePhrase_Training,point_burglar_pl_cowboy_sg,NA,poinim vaemgu negidsa,NA,NA,,NA,91,Fri Feb 28 10:20:29 2020
5nom17,extrapolation,unmarked,initial,sa,gu,SimplePhrase_Training,punch_cowboy_pl_chef_pl,NA,straikim negidgu nork,NA,NA,,NA,92,Fri Feb 28 10:20:36 2020
5nom17,extrapolation,unmarked,initial,sa,gu,SimplePhrase_Comprehension,kick_chef_pl_cowboy_pl,NA,kikim norkgu negid,correct,NA,,NA,93,Fri Feb 28 10:21:06 2020
5nom17,extrapolation,unmarked,initial,sa,gu,SimplePhrase_Comprehension,punch_cowboy_pl_chef_sg,NA,straikim negidgu norksa,correct,NA,,NA,94,Fri Feb 28 10:21:14 2020
5nom17,extrapolation,unmarked,initial,sa,gu,SimplePhrase_Comprehension,point_cowboy_pl_burglar_pl,NA,poinim negidgu vaem,correct,NA,,NA,95,Fri Feb 28 10:21:24 2020
5nom17,extrapolation,unmarked,initial,sa,gu,SimplePhrase_Comprehension,punch_waitress_pl_cowboy_pl,NA,straikim tumbatgu negid,correct,NA,,NA,96,Fri Feb 28 10:21:31 2020
5nom17,extrapolation,unmarked,initial,sa,gu,SimplePhrase_Comprehension,point_cowboy_pl_waitress_sg,NA,poinim negidgu tumbatsa,correct,NA,,NA,97,Fri Feb 28 10:21:39 2020
5nom17,extrapolation,unmarked,initial,sa,gu,SimplePhrase_Comprehension,kick_burglar_pl_chef_pl,NA,kikim vaemgu nork,correct,NA,,NA,98,Fri Feb 28 10:21:46 2020
5nom17,extrapolation,unmarked,initial,sa,gu,SimplePhrase_Comprehension,punch_cowboy_pl_waitress_pl,NA,straikim negidgu tumbat,correct,NA,,NA,99,Fri Feb 28 10:21:57 2020
5nom17,extrapolation,unmarked,initial,sa,gu,SimplePhrase_Comprehension,punch_chef_pl_waitress_pl,NA,straikim norkgu tumbat,correct,NA,,NA,100,Fri Feb 28 10:22:06 2020
5nom17,extrapolation,unmarked,initial,sa,gu,SimplePhrase_Comprehension,point_waitress_pl_burglar_sg,NA,poinim tumbatgu vaemsa,correct,NA,,NA,101,Fri Feb 28 10:22:12 2020
5nom17,extrapolation,unmarked,initial,sa,gu,SimplePhrase_Comprehension,kick_cowboy_pl_waitress_pl,NA,kikim negidgu tumbat,correct,NA,,NA,102,Fri Feb 28 10:22:20 2020
5nom17,extrapolation,unmarked,initial,sa,gu,SimplePhrase_Comprehension,point_cowboy_pl_chef_pl,NA,poinim negidgu nork,wrong,NA,,NA,103,Fri Feb 28 10:22:29 2020
5nom17,extrapolation,unmarked,initial,sa,gu,SimplePhrase_Comprehension,kick_cowboy_pl_burglar_sg,NA,kikim negidgu vaemsa,correct,NA,,NA,104,Fri Feb 28 10:22:36 2020
5nom17,extrapolation,unmarked,initial,sa,gu,SimplePhrase_Comprehension,kick_chef_pl_burglar_pl,NA,kikim norkgu vaem,correct,NA,,NA,105,Fri Feb 28 10:22:42 2020
5nom17,extrapolation,unmarked,initial,sa,gu,SimplePhrase_Comprehension,point_chef_pl_waitress_sg,NA,poinim norkgu tumbatsa,correct,NA,,NA,106,Fri Feb 28 10:22:48 2020
5nom17,extrapolation,unmarked,initial,sa,gu,SimplePhrase_Comprehension,point_burglar_pl_waitress_sg,NA,poinim vaemgu tumbatsa,correct,NA,,NA,107,Fri Feb 28 10:22:55 2020
5nom17,extrapolation,unmarked,initial,sa,gu,SimplePhrase_Comprehension,punch_chef_pl_burglar_pl,NA,straikim norkgu vaem,correct,NA,,NA,108,Fri Feb 28 10:23:04 2020
5nom17,extrapolation,unmarked,initial,sa,gu,SimplePhrase_Comprehension,punch_chef_pl_cowboy_sg,NA,straikim norkgu negidsa,correct,NA,,NA,109,Fri Feb 28 10:23:13 2020
5nom17,extrapolation,unmarked,initial,sa,gu,SimplePhrase_Comprehension,point_chef_pl_cowboy_sg,NA,poinim norkgu negidsa,correct,NA,,NA,110,Fri Feb 28 10:23:20 2020
5nom17,extrapolation,unmarked,initial,sa,gu,SimplePhrase_Comprehension,punch_burglar_pl_waitress_sg,NA,straikim vaemgu tumbatsa,correct,NA,,NA,111,Fri Feb 28 10:23:26 2020
5nom17,extrapolation,unmarked,initial,sa,gu,SimplePhrase_Comprehension,point_waitress_pl_cowboy_sg,NA,poinim tumbatgu negidsa,correct,NA,,NA,112,Fri Feb 28 10:23:35 2020
5nom17,extrapolation,unmarked,initial,sa,gu,SimplePhrase_Typing,cowboy_two,NA,negid,NA,negid,,NA,113,Fri Feb 28 10:24:09 2020
5nom17,extrapolation,unmarked,initial,sa,gu,SimplePhrase_Typing,punch_chef_pl_waitress_sg,NA,straikim norkgu tumbatsa,NA,straikim norkgu tumbatsa,,NA,114,Fri Feb 28 10:24:30 2020
5nom17,extrapolation,unmarked,initial,sa,gu,SimplePhrase_Typing,point_burglar_pl_waitress_pl,NA,poinim vaemgu tumbat,NA,poinim vaemgu tumbat,,NA,115,Fri Feb 28 10:24:47 2020
5nom17,extrapolation,unmarked,initial,sa,gu,SimplePhrase_Typing,kick_burglar_pl_waitress_pl,NA,kikim vaemgu tumbat,NA,kikim vaemgu tumbat,,NA,116,Fri Feb 28 10:24:58 2020
5nom17,extrapolation,unmarked,initial,sa,gu,SimplePhrase_Typing,waitress_two,NA,tumbat,NA,tumbat,,NA,117,Fri Feb 28 10:25:06 2020
5nom17,extrapolation,unmarked,initial,sa,gu,SimplePhrase_Typing,punch_burglar_pl_cowboy_sg,NA,straikim vaemgu negidsa,NA,straikim vaemgu negidsa,,NA,118,Fri Feb 28 10:25:21 2020
5nom17,extrapolation,unmarked,initial,sa,gu,SimplePhrase_Typing,kick_chef_pl_cowboy_sg,NA,kikim norkgu negidsa,NA,kikim norkgu negidsa,,NA,119,Fri Feb 28 10:25:37 2020
5nom17,extrapolation,unmarked,initial,sa,gu,SimplePhrase_Typing,chef_two,NA,nork,NA,nork,,NA,120,Fri Feb 28 10:25:43 2020
5nom17,extrapolation,unmarked,initial,sa,gu,SimplePhrase_Typing,kick_waitress_pl_burglar_pl,NA,kikim tumbatgu vaem,NA,kikim tumbatgu vaem,,NA,121,Fri Feb 28 10:25:56 2020
5nom17,extrapolation,unmarked,initial,sa,gu,SimplePhrase_Typing,burglar_two,NA,vaem,NA,vaem,,NA,122,Fri Feb 28 10:26:03 2020
5nom17,extrapolation,unmarked,initial,sa,gu,SimplePhrase_Typing,punch_cowboy_pl_burglar_pl,NA,straikim negidgu vaem,NA,straikim negidgu vaem,,NA,123,Fri Feb 28 10:26:18 2020
5nom17,extrapolation,unmarked,initial,sa,gu,SimplePhrase_Typing,kick_burglar_pl_cowboy_sg,NA,kikim vaemgu negidsa,NA,kikim vaemgu negidsa,,NA,124,Fri Feb 28 10:26:34 2020
5nom17,extrapolation,unmarked,initial,sa,gu,ComplexPhrase_Typing,point_cowboy_sg_chef_pl,chef,poinim negidsagu nork,NA,poinim negidsagu nork,,NA,125,Fri Feb 28 10:27:11 2020
5nom17,extrapolation,unmarked,initial,sa,gu,ComplexPhrase_Typing,punch_chef_sg_waitress_pl,waitress,straikim norksagu tumbat,NA,straikim norksagu tumbat,,NA,126,Fri Feb 28 10:27:25 2020
5nom17,extrapolation,unmarked,initial,sa,gu,ComplexPhrase_Typing,kick_chef_sg_burglar_pl,burglar,kikim norksagu vaem,NA,kikim norksagu vaem,,NA,127,Fri Feb 28 10:27:32 2020
5nom17,extrapolation,unmarked,initial,sa,gu,ComplexPhrase_Typing,kick_waitress_sg_chef_pl,chef,kikim tumbatsagu nork,NA,kikim tumbatsagu nork,,NA,128,Fri Feb 28 10:27:40 2020
5nom17,extrapolation,unmarked,initial,sa,gu,ComplexPhrase_Typing,kick_waitress_sg_chef_pl,chef,kikim tumbatsagu nork,NA,kikim tumbatsagu nork,,NA,129,Fri Feb 28 10:27:55 2020
5nom17,extrapolation,unmarked,initial,sa,gu,ComplexPhrase_Typing,punch_chef_sg_waitress_pl,waitress,straikim norksagu tumbat,NA,straikim norksagu tumbat,,NA,130,Fri Feb 28 10:28:04 2020
5nom17,extrapolation,unmarked,initial,sa,gu,ComplexPhrase_Typing,kick_chef_sg_burglar_pl,burglar,kikim norksagu vaem,NA,kikim norksagu vaem,,NA,131,Fri Feb 28 10:28:10 2020
5nom17,extrapolation,unmarked,initial,sa,gu,ComplexPhrase_Typing,point_cowboy_sg_chef_pl,chef,poinim negidsagu nork,NA,poinim negidsagu nork,,NA,132,Fri Feb 28 10:28:25 2020
5nom17,extrapolation,unmarked,initial,sa,gu,ComplexPhrase_Typing,point_cowboy_sg_chef_pl,chef,poinim negidsagu nork,NA,poinim negidsagu nork,,NA,133,Fri Feb 28 10:28:34 2020
5nom17,extrapolation,unmarked,initial,sa,gu,ComplexPhrase_Typing,kick_waitress_sg_chef_pl,chef,kikim tumbatsagu nork,NA,kikim tumbatsagu nork,,NA,134,Fri Feb 28 10:28:43 2020
5nom17,extrapolation,unmarked,initial,sa,gu,ComplexPhrase_Typing,kick_chef_sg_burglar_pl,burglar,kikim norksagu vaem,NA,kikim norksagu vaem,,NA,135,Fri Feb 28 10:28:51 2020
5nom17,extrapolation,unmarked,initial,sa,gu,ComplexPhrase_Typing,punch_chef_sg_waitress_pl,waitress,straikim norksagu tumbat,NA,straikim norksagu tumbat,,NA,136,Fri Feb 28 10:29:01 2020
5nom17,extrapolation,unmarked,initial,sa,gu,ComplexPhrase_Testing,kick_chef_pl_waitress_sg,NA,kikim norkgu tumbatsa,NA,NA,,NA,137,Fri Feb 28 10:29:48 2020
5nom17,extrapolation,unmarked,initial,sa,gu,ComplexPhrase_Testing,punch_chef_pl_burglar_sg,NA,straikim norkgu vaemsa,NA,NA,,NA,138,Fri Feb 28 10:30:00 2020
5nom17,extrapolation,unmarked,initial,sa,gu,ComplexPhrase_Testing,kick_cowboy_sg_burglar_pl,burglar,kikim negidsagu vaem,NA,NA,,NA,139,Fri Feb 28 10:30:05 2020
5nom17,extrapolation,unmarked,initial,sa,gu,ComplexPhrase_Testing,point_cowboy_sg_chef_pl,chef,poinim negidsagu nork,NA,NA,,NA,140,Fri Feb 28 10:30:16 2020
5nom17,extrapolation,unmarked,initial,sa,gu,ComplexPhrase_Testing,punch_burglar_sg_waitress_pl,waitress,straikim vaemsagu tumbat,NA,NA,,NA,141,Fri Feb 28 10:30:23 2020
5nom17,extrapolation,unmarked,initial,sa,gu,ComplexPhrase_Testing,kick_waitress_sg_chef_pl,chef,kikim tumbatsagu nork,NA,NA,,NA,142,Fri Feb 28 10:30:36 2020
5nom17,extrapolation,unmarked,initial,sa,gu,ComplexPhrase_Testing,punch_chef_sg_cowboy_pl,cowboy,straikim norksagu negid,NA,NA,,NA,143,Fri Feb 28 10:30:42 2020
5nom17,extrapolation,unmarked,initial,sa,gu,ComplexPhrase_Testing,waitress_two,NA,tumbat,NA,NA,,NA,144,Fri Feb 28 10:30:44 2020
5nom17,extrapolation,unmarked,initial,sa,gu,ComplexPhrase_Testing,punch_chef_sg_burglar_pl,burglar,straikim norksagu vaem,NA,NA,,NA,145,Fri Feb 28 10:30:53 2020
5nom17,extrapolation,unmarked,initial,sa,gu,ComplexPhrase_Testing,point_burglar_sg_cowboy_pl,cowboy,poinim vaemsagu negid,NA,NA,,NA,146,Fri Feb 28 10:30:59 2020
5nom17,extrapolation,unmarked,initial,sa,gu,ComplexPhrase_Testing,point_waitress_pl_cowboy_pl,cowboy,poinim tumbatgu negid,NA,NA,,NA,147,Fri Feb 28 10:31:16 2020
5nom17,extrapolation,unmarked,initial,sa,gu,ComplexPhrase_Testing,kick_cowboy_sg_burglar_pl,burglar,kikim negidsagu vaem,NA,NA,,NA,148,Fri Feb 28 10:31:28 2020
5nom17,extrapolation,unmarked,initial,sa,gu,ComplexPhrase_Testing,punch_burglar_sg_chef_pl,chef,straikim vaemsagu nork,NA,NA,,NA,149,Fri Feb 28 10:31:33 2020
5nom17,extrapolation,unmarked,initial,sa,gu,ComplexPhrase_Testing,punch_waitress_pl_chef_pl,chef,straikim tumbatgu nork,NA,NA,,NA,150,Fri Feb 28 10:31:40 2020
5nom17,extrapolation,unmarked,initial,sa,gu,ComplexPhrase_Testing,punch_waitress_sg_chef_pl,chef,straikim tumbatsagu nork,NA,NA,,NA,151,Fri Feb 28 10:31:49 2020
5nom17,extrapolation,unmarked,initial,sa,gu,ComplexPhrase_Testing,punch_chef_sg_waitress_pl,waitress,straikim norksagu tumbat,NA,NA,,NA,152,Fri Feb 28 10:31:55 2020
5nom17,extrapolation,unmarked,initial,sa,gu,ComplexPhrase_Testing,chef_two,NA,nork,NA,NA,,NA,153,Fri Feb 28 10:31:57 2020
5nom17,extrapolation,unmarked,initial,sa,gu,ComplexPhrase_Testing,point_burglar_pl_chef_pl,chef,poinim vaemgu nork,NA,NA,,NA,154,Fri Feb 28 10:32:02 2020
5nom17,extrapolation,unmarked,initial,sa,gu,ComplexPhrase_Testing,punch_chef_sg_burglar_pl,burglar,straikim norksagu vaem,NA,NA,,NA,155,Fri Feb 28 10:32:12 2020
5nom17,extrapolation,unmarked,initial,sa,gu,ComplexPhrase_Testing,point_cowboy_sg_chef_pl,chef,poinim negidsagu nork,NA,NA,,NA,156,Fri Feb 28 10:32:17 2020
5nom17,extrapolation,unmarked,initial,sa,gu,ComplexPhrase_Testing,punch_chef_sg_burglar_pl,burglar,straikim norksagu vaem,NA,NA,,NA,157,Fri Feb 28 10:32:21 2020
5nom17,extrapolation,unmarked,initial,sa,gu,ComplexPhrase_Testing,kick_chef_sg_cowboy_pl,cowboy,kikim norksagu negid,NA,NA,,NA,158,Fri Feb 28 10:32:24 2020
5nom17,extrapolation,unmarked,initial,sa,gu,ComplexPhrase_Testing,punch_burglar_sg_waitress_pl,waitress,straikim vaemsagu tumbat,NA,NA,,NA,159,Fri Feb 28 10:32:28 2020
5nom17,extrapolation,unmarked,initial,sa,gu,ComplexPhrase_Testing,punch_chef_sg_waitress_pl,waitress,straikim norksagu tumbat,NA,NA,,NA,160,Fri Feb 28 10:32:33 2020
5nom17,extrapolation,unmarked,initial,sa,gu,ComplexPhrase_Testing,kick_chef_sg_cowboy_pl,cowboy,kikim norksagu negid,NA,NA,,NA,161,Fri Feb 28 10:32:36 2020
5nom17,extrapolation,unmarked,initial,sa,gu,ComplexPhrase_Testing,punch_waitress_sg_chef_pl,chef,straikim tumbatsagu nork,NA,NA,,NA,162,Fri Feb 28 10:32:41 2020
5nom17,extrapolation,unmarked,initial,sa,gu,ComplexPhrase_Testing,kick_waitress_pl_cowboy_sg,NA,kikim tumbatgu negidsa,NA,NA,,NA,163,Fri Feb 28 10:32:48 2020
5nom17,extrapolation,unmarked,initial,sa,gu,ComplexPhrase_Testing,kick_chef_sg_cowboy_pl,cowboy,kikim norksagu negid,NA,NA,,NA,164,Fri Feb 28 10:32:58 2020
5nom17,extrapolation,unmarked,initial,sa,gu,ComplexPhrase_Testing,punch_chef_sg_waitress_pl,waitress,straikim norksagu tumbat,NA,NA,,NA,165,Fri Feb 28 10:33:01 2020
5nom17,extrapolation,unmarked,initial,sa,gu,ComplexPhrase_Testing,point_burglar_sg_cowboy_pl,cowboy,poinim vaemsagu negid,NA,NA,,NA,166,Fri Feb 28 10:33:05 2020
5nom17,extrapolation,unmarked,initial,sa,gu,ComplexPhrase_Testing,punch_cowboy_sg_chef_pl,chef,straikim negidsagu nork,NA,NA,,NA,167,Fri Feb 28 10:33:11 2020
5nom17,extrapolation,unmarked,initial,sa,gu,ComplexPhrase_Testing,kick_waitress_sg_chef_pl,chef,kikim tumbatsagu nork,NA,NA,,NA,168,Fri Feb 28 10:33:15 2020
5nom17,extrapolation,unmarked,initial,sa,gu,ComplexPhrase_Testing,punch_chef_pl_waitress_pl,waitress,straikim norkgu tumbat,NA,NA,,NA,169,Fri Feb 28 10:33:20 2020
5nom17,extrapolation,unmarked,initial,sa,gu,ComplexPhrase_Testing,punch_burglar_sg_waitress_pl,waitress,straikim vaemsagu tumbat,NA,NA,,NA,170,Fri Feb 28 10:33:29 2020
5nom17,extrapolation,unmarked,initial,sa,gu,ComplexPhrase_Testing,punch_waitress_sg_chef_pl,chef,straikim tumbatsagu nork,NA,NA,,NA,171,Fri Feb 28 10:33:35 2020
5nom17,extrapolation,unmarked,initial,sa,gu,ComplexPhrase_Testing,punch_cowboy_sg_chef_pl,chef,straikim negidsagu nork,NA,NA,,NA,172,Fri Feb 28 10:33:40 2020
5nom17,extrapolation,unmarked,initial,sa,gu,ComplexPhrase_Testing,kick_cowboy_sg_burglar_pl,burglar,kikim negidsagu vaem,NA,NA,,NA,173,Fri Feb 28 10:33:48 2020
5nom17,extrapolation,unmarked,initial,sa,gu,ComplexPhrase_Testing,point_chef_pl_cowboy_sg,NA,poinim norkgu negidsa,NA,NA,,NA,174,Fri Feb 28 10:33:56 2020
5nom17,extrapolation,unmarked,initial,sa,gu,ComplexPhrase_Testing,punch_cowboy_pl_chef_sg,NA,straikim negidgu norksa,NA,NA,,NA,175,Fri Feb 28 10:34:08 2020
5nom17,extrapolation,unmarked,initial,sa,gu,ComplexPhrase_Testing,point_waitress_pl_chef_sg,NA,poinim tumbatgu norksa,NA,NA,,NA,176,Fri Feb 28 10:34:15 2020
5nom17,extrapolation,unmarked,initial,sa,gu,ComplexPhrase_Testing,point_burglar_sg_cowboy_pl,cowboy,poinim vaemsagu negid,NA,NA,,NA,177,Fri Feb 28 10:34:27 2020
5nom17,extrapolation,unmarked,initial,sa,gu,ComplexPhrase_Testing,punch_burglar_sg_chef_pl,chef,straikim vaemsagu nork,NA,NA,,NA,178,Fri Feb 28 10:34:32 2020
5nom17,extrapolation,unmarked,initial,sa,gu,ComplexPhrase_Testing,punch_burglar_sg_chef_pl,chef,straikim vaemsagu nork,NA,NA,,NA,179,Fri Feb 28 10:34:37 2020
5nom17,extrapolation,unmarked,initial,sa,gu,ComplexPhrase_Testing,punch_chef_sg_cowboy_pl,cowboy,straikim norksagu negid,NA,NA,,NA,180,Fri Feb 28 10:34:40 2020
5nom17,extrapolation,unmarked,initial,sa,gu,ComplexPhrase_Testing,cowboy_two,NA,negid,NA,NA,,NA,181,Fri Feb 28 10:34:42 2020
5nom17,extrapolation,unmarked,initial,sa,gu,ComplexPhrase_Testing,punch_cowboy_sg_chef_pl,chef,straikim negidsagu nork,NA,NA,,NA,182,Fri Feb 28 10:34:48 2020
5nom17,extrapolation,unmarked,initial,sa,gu,ComplexPhrase_Testing,point_cowboy_sg_chef_pl,chef,poinim negidsagu nork,NA,NA,,NA,183,Fri Feb 28 10:34:52 2020
5nom17,extrapolation,unmarked,initial,sa,gu,ComplexPhrase_Testing,kick_waitress_sg_chef_pl,chef,kikim tumbatsagu nork,NA,NA,,NA,184,Fri Feb 28 10:34:55 2020
5nom17,extrapolation,unmarked,initial,sa,gu,ComplexPhrase_Testing,burglar_two,NA,vaem,NA,NA,,NA,185,Fri Feb 28 10:34:56 2020
5nom17,extrapolation,unmarked,initial,sa,gu,ComplexPhrase_Testing,punch_chef_sg_cowboy_pl,cowboy,straikim norksagu negid,NA,NA,,NA,186,Fri Feb 28 10:35:02 2020
5nom17,extrapolation,unmarked,initial,sa,gu,ComplexPhrase_Testing,kick_burglar_pl_chef_pl,chef,kikim vaemgu nork,NA,NA,,NA,187,Fri Feb 28 10:35:06 2020
5nom17,extrapolation,unmarked,initial,sa,gu,ComplexPhrase_Testing,point_chef_pl_waitress_pl,waitress,poinim norkgu tumbat,NA,NA,,NA,188,Fri Feb 28 10:35:11 2020
5nom17,extrapolation,unmarked,initial,sa,gu,Questionnaire,NA,NA,NA,NA,NA,,singular,MeaningNum,Fri Feb 28 10:36:15 2020
5nom17,extrapolation,unmarked,initial,sa,gu,Questionnaire,NA,NA,NA,NA,NA,,to do the action,MeaningCase,Fri Feb 28 10:36:15 2020
5nom17,extrapolation,unmarked,initial,sa,gu,Questionnaire,NA,NA,NA,NA,NA,,after,OrderNumNoun,Fri Feb 28 10:36:15 2020
5nom17,extrapolation,unmarked,initial,sa,gu,Questionnaire,NA,NA,NA,NA,NA,,after,OrderCaseNoun,Fri Feb 28 10:36:15 2020
5nom17,extrapolation,unmarked,initial,sa,gu,Questionnaire,NA,NA,NA,NA,NA,,english and german,Languages,Fri Feb 28 10:36:15 2020
