ID,Condition,MajorityOrder,NounPosition,markerNum,markerCase,Phase,Meaning,NounItem,InputSentence,Selection,TypedResponse,SpokenResponse,AnswerQuest,Trial,date&time
5nom08,extrapolation,unmarked,initial,gu,sa,Noun_Training,chef_two,NA,vaem,NA,NA,,NA,1,Mon Feb 10 13:03:57 2020
5nom08,extrapolation,unmarked,initial,gu,sa,Noun_Training,waitress_two,NA,nork,NA,NA,,NA,2,Mon Feb 10 13:04:02 2020
5nom08,extrapolation,unmarked,initial,gu,sa,Noun_Training,cowboy_two,NA,negid,NA,NA,,NA,3,Mon Feb 10 13:04:07 2020
5nom08,extrapolation,unmarked,initial,gu,sa,Noun_Training,chef_two,NA,vaem,NA,NA,,NA,4,Mon Feb 10 13:04:12 2020
5nom08,extrapolation,unmarked,initial,gu,sa,Noun_Training,cowboy_two,NA,negid,NA,NA,,NA,5,Mon Feb 10 13:04:17 2020
5nom08,extrapolation,unmarked,initial,gu,sa,Noun_Training,burglar_two,NA,tumbat,NA,NA,,NA,6,Mon Feb 10 13:04:21 2020
5nom08,extrapolation,unmarked,initial,gu,sa,Noun_Training,burglar_two,NA,tumbat,NA,NA,,NA,7,Mon Feb 10 13:04:26 2020
5nom08,extrapolation,unmarked,initial,gu,sa,Noun_Training,waitress_two,NA,nork,NA,NA,,NA,8,Mon Feb 10 13:04:31 2020
5nom08,extrapolation,unmarked,initial,gu,sa,Noun_Training,burglar_two,NA,tumbat,NA,NA,,NA,9,Mon Feb 10 13:04:36 2020
5nom08,extrapolation,unmarked,initial,gu,sa,Noun_Training,burglar_two,NA,tumbat,NA,NA,,NA,10,Mon Feb 10 13:04:41 2020
5nom08,extrapolation,unmarked,initial,gu,sa,Noun_Training,chef_two,NA,vaem,NA,NA,,NA,11,Mon Feb 10 13:04:46 2020
5nom08,extrapolation,unmarked,initial,gu,sa,Noun_Training,cowboy_two,NA,negid,NA,NA,,NA,12,Mon Feb 10 13:04:51 2020
5nom08,extrapolation,unmarked,initial,gu,sa,Noun_Training,chef_two,NA,vaem,NA,NA,,NA,13,Mon Feb 10 13:04:55 2020
5nom08,extrapolation,unmarked,initial,gu,sa,Noun_Training,waitress_two,NA,nork,NA,NA,,NA,14,Mon Feb 10 13:05:00 2020
5nom08,extrapolation,unmarked,initial,gu,sa,Noun_Training,cowboy_two,NA,negid,NA,NA,,NA,15,Mon Feb 10 13:05:05 2020
5nom08,extrapolation,unmarked,initial,gu,sa,Noun_Training,cowboy_two,NA,negid,NA,NA,,NA,16,Mon Feb 10 13:05:10 2020
5nom08,extrapolation,unmarked,initial,gu,sa,Noun_Training,burglar_two,NA,tumbat,NA,NA,,NA,17,Mon Feb 10 13:05:15 2020
5nom08,extrapolation,unmarked,initial,gu,sa,Noun_Training,waitress_two,NA,nork,NA,NA,,NA,18,Mon Feb 10 13:05:20 2020
5nom08,extrapolation,unmarked,initial,gu,sa,Noun_Training,cowboy_two,NA,negid,NA,NA,,NA,19,Mon Feb 10 13:05:24 2020
5nom08,extrapolation,unmarked,initial,gu,sa,Noun_Training,waitress_two,NA,nork,NA,NA,,NA,20,Mon Feb 10 13:05:29 2020
5nom08,extrapolation,unmarked,initial,gu,sa,Noun_Training,chef_two,NA,vaem,NA,NA,,NA,21,Mon Feb 10 13:05:34 2020
5nom08,extrapolation,unmarked,initial,gu,sa,Noun_Training,chef_two,NA,vaem,NA,NA,,NA,22,Mon Feb 10 13:05:39 2020
5nom08,extrapolation,unmarked,initial,gu,sa,Noun_Training,waitress_two,NA,nork,NA,NA,,NA,23,Mon Feb 10 13:05:44 2020
5nom08,extrapolation,unmarked,initial,gu,sa,Noun_Training,burglar_two,NA,tumbat,NA,NA,,NA,24,Mon Feb 10 13:05:49 2020
5nom08,extrapolation,unmarked,initial,gu,sa,Noun_Selection,cowboy_two,NA,negid,correct,NA,,NA,25,Mon Feb 10 13:06:12 2020
5nom08,extrapolation,unmarked,initial,gu,sa,Noun_Selection,cowboy_two,NA,negid,correct,NA,,NA,26,Mon Feb 10 13:06:17 2020
5nom08,extrapolation,unmarked,initial,gu,sa,Noun_Selection,cowboy_two,NA,negid,correct,NA,,NA,27,Mon Feb 10 13:06:21 2020
5nom08,extrapolation,unmarked,initial,gu,sa,Noun_Selection,burglar_two,NA,tumbat,correct,NA,,NA,28,Mon Feb 10 13:06:24 2020
5nom08,extrapolation,unmarked,initial,gu,sa,Noun_Selection,burglar_two,NA,tumbat,correct,NA,,NA,29,Mon Feb 10 13:06:29 2020
5nom08,extrapolation,unmarked,initial,gu,sa,Noun_Selection,waitress_two,NA,nork,correct,NA,,NA,30,Mon Feb 10 13:06:33 2020
5nom08,extrapolation,unmarked,initial,gu,sa,Noun_Selection,waitress_two,NA,nork,correct,NA,,NA,31,Mon Feb 10 13:06:35 2020
5nom08,extrapolation,unmarked,initial,gu,sa,Noun_Selection,waitress_two,NA,nork,correct,NA,,NA,32,Mon Feb 10 13:06:38 2020
5nom08,extrapolation,unmarked,initial,gu,sa,Noun_Selection,chef_two,NA,vaem,correct,NA,,NA,33,Mon Feb 10 13:06:41 2020
5nom08,extrapolation,unmarked,initial,gu,sa,Noun_Selection,chef_two,NA,vaem,correct,NA,,NA,34,Mon Feb 10 13:06:45 2020
5nom08,extrapolation,unmarked,initial,gu,sa,Noun_Selection,burglar_two,NA,tumbat,correct,NA,,NA,35,Mon Feb 10 13:06:48 2020
5nom08,extrapolation,unmarked,initial,gu,sa,Noun_Selection,chef_two,NA,vaem,correct,NA,,NA,36,Mon Feb 10 13:06:51 2020
5nom08,extrapolation,unmarked,initial,gu,sa,Noun_Testing,waitress_two,NA,nork,NA,NA,,NA,37,Mon Feb 10 13:07:15 2020
5nom08,extrapolation,unmarked,initial,gu,sa,Noun_Testing,burglar_two,NA,tumbat,NA,NA,,NA,38,Mon Feb 10 13:07:29 2020
5nom08,extrapolation,unmarked,initial,gu,sa,Noun_Testing,chef_two,NA,vaem,NA,NA,,NA,39,Mon Feb 10 13:07:35 2020
5nom08,extrapolation,unmarked,initial,gu,sa,Noun_Testing,waitress_two,NA,nork,NA,NA,,NA,40,Mon Feb 10 13:07:39 2020
5nom08,extrapolation,unmarked,initial,gu,sa,Noun_Testing,chef_two,NA,vaem,NA,NA,,NA,41,Mon Feb 10 13:07:44 2020
5nom08,extrapolation,unmarked,initial,gu,sa,Noun_Testing,cowboy_two,NA,negid,NA,NA,,NA,42,Mon Feb 10 13:07:48 2020
5nom08,extrapolation,unmarked,initial,gu,sa,Noun_Testing,waitress_two,NA,nork,NA,NA,,NA,43,Mon Feb 10 13:07:52 2020
5nom08,extrapolation,unmarked,initial,gu,sa,Noun_Testing,burglar_two,NA,tumbat,NA,NA,,NA,44,Mon Feb 10 13:07:57 2020
5nom08,extrapolation,unmarked,initial,gu,sa,Noun_Testing,chef_two,NA,vaem,NA,NA,,NA,45,Mon Feb 10 13:08:01 2020
5nom08,extrapolation,unmarked,initial,gu,sa,Noun_Testing,cowboy_two,NA,negid,NA,NA,,NA,46,Mon Feb 10 13:08:05 2020
5nom08,extrapolation,unmarked,initial,gu,sa,Noun_Testing,burglar_two,NA,tumbat,NA,NA,,NA,47,Mon Feb 10 13:08:09 2020
5nom08,extrapolation,unmarked,initial,gu,sa,Noun_Testing,cowboy_two,NA,negid,NA,NA,,NA,48,Mon Feb 10 13:08:13 2020
5nom08,extrapolation,unmarked,initial,gu,sa,SimplePhrase_Training,punch_cowboy_pl_chef_sg,NA,straikim negidsa vaemgu,NA,NA,,NA,49,Mon Feb 10 13:09:04 2020
5nom08,extrapolation,unmarked,initial,gu,sa,SimplePhrase_Training,point_waitress_pl_burglar_sg,NA,poinim norksa tumbatgu,NA,NA,,NA,50,Mon Feb 10 13:09:12 2020
5nom08,extrapolation,unmarked,initial,gu,sa,SimplePhrase_Training,burglar_two,NA,tumbat,NA,NA,,NA,51,Mon Feb 10 13:09:17 2020
5nom08,extrapolation,unmarked,initial,gu,sa,SimplePhrase_Training,kick_burglar_pl_waitress_pl,NA,kikim tumbatsa nork,NA,NA,,NA,52,Mon Feb 10 13:09:24 2020
5nom08,extrapolation,unmarked,initial,gu,sa,SimplePhrase_Training,punch_cowboy_pl_burglar_pl,NA,straikim negidsa tumbat,NA,NA,,NA,53,Mon Feb 10 13:09:32 2020
5nom08,extrapolation,unmarked,initial,gu,sa,SimplePhrase_Training,point_chef_pl_waitress_pl,NA,poinim vaemsa nork,NA,NA,,NA,54,Mon Feb 10 13:09:39 2020
5nom08,extrapolation,unmarked,initial,gu,sa,SimplePhrase_Training,kick_chef_pl_cowboy_sg,NA,kikim vaemsa negidgu,NA,NA,,NA,55,Mon Feb 10 13:09:47 2020
5nom08,extrapolation,unmarked,initial,gu,sa,SimplePhrase_Training,punch_waitress_pl_cowboy_pl,NA,straikim norksa negid,NA,NA,,NA,56,Mon Feb 10 13:09:54 2020
5nom08,extrapolation,unmarked,initial,gu,sa,SimplePhrase_Training,punch_chef_pl_burglar_sg,NA,straikim vaemsa tumbatgu,NA,NA,,NA,57,Mon Feb 10 13:10:02 2020
5nom08,extrapolation,unmarked,initial,gu,sa,SimplePhrase_Training,burglar_two,NA,tumbat,NA,NA,,NA,58,Mon Feb 10 13:10:07 2020
5nom08,extrapolation,unmarked,initial,gu,sa,SimplePhrase_Training,kick_burglar_pl_cowboy_pl,NA,kikim tumbatsa negid,NA,NA,,NA,59,Mon Feb 10 13:10:14 2020
5nom08,extrapolation,unmarked,initial,gu,sa,SimplePhrase_Training,point_chef_pl_cowboy_pl,NA,poinim vaemsa negid,NA,NA,,NA,60,Mon Feb 10 13:10:21 2020
5nom08,extrapolation,unmarked,initial,gu,sa,SimplePhrase_Training,point_burglar_pl_waitress_pl,NA,poinim tumbatsa nork,NA,NA,,NA,61,Mon Feb 10 13:10:29 2020
5nom08,extrapolation,unmarked,initial,gu,sa,SimplePhrase_Training,kick_cowboy_pl_chef_pl,NA,kikim negidsa vaem,NA,NA,,NA,62,Mon Feb 10 13:10:36 2020
5nom08,extrapolation,unmarked,initial,gu,sa,SimplePhrase_Training,point_waitress_pl_chef_sg,NA,poinim norksa vaemgu,NA,NA,,NA,63,Mon Feb 10 13:10:44 2020
5nom08,extrapolation,unmarked,initial,gu,sa,SimplePhrase_Training,cowboy_two,NA,negid,NA,NA,,NA,64,Mon Feb 10 13:10:48 2020
5nom08,extrapolation,unmarked,initial,gu,sa,SimplePhrase_Training,chef_two,NA,vaem,NA,NA,,NA,65,Mon Feb 10 13:10:53 2020
5nom08,extrapolation,unmarked,initial,gu,sa,SimplePhrase_Training,kick_waitress_pl_burglar_pl,NA,kikim norksa tumbat,NA,NA,,NA,66,Mon Feb 10 13:11:00 2020
5nom08,extrapolation,unmarked,initial,gu,sa,SimplePhrase_Training,punch_chef_pl_cowboy_sg,NA,straikim vaemsa negidgu,NA,NA,,NA,67,Mon Feb 10 13:11:08 2020
5nom08,extrapolation,unmarked,initial,gu,sa,SimplePhrase_Training,punch_waitress_pl_burglar_pl,NA,straikim norksa tumbat,NA,NA,,NA,68,Mon Feb 10 13:11:16 2020
5nom08,extrapolation,unmarked,initial,gu,sa,SimplePhrase_Training,kick_chef_pl_waitress_pl,NA,kikim vaemsa nork,NA,NA,,NA,69,Mon Feb 10 13:11:23 2020
5nom08,extrapolation,unmarked,initial,gu,sa,SimplePhrase_Training,kick_cowboy_pl_burglar_sg,NA,kikim negidsa tumbatgu,NA,NA,,NA,70,Mon Feb 10 13:11:31 2020
5nom08,extrapolation,unmarked,initial,gu,sa,SimplePhrase_Training,cowboy_two,NA,negid,NA,NA,,NA,71,Mon Feb 10 13:11:35 2020
5nom08,extrapolation,unmarked,initial,gu,sa,SimplePhrase_Training,chef_two,NA,vaem,NA,NA,,NA,72,Mon Feb 10 13:11:40 2020
5nom08,extrapolation,unmarked,initial,gu,sa,SimplePhrase_Training,kick_burglar_pl_chef_pl,NA,kikim tumbatsa vaem,NA,NA,,NA,73,Mon Feb 10 13:11:47 2020
5nom08,extrapolation,unmarked,initial,gu,sa,SimplePhrase_Training,point_cowboy_pl_waitress_pl,NA,poinim negidsa nork,NA,NA,,NA,74,Mon Feb 10 13:11:55 2020
5nom08,extrapolation,unmarked,initial,gu,sa,SimplePhrase_Training,point_burglar_pl_cowboy_sg,NA,poinim tumbatsa negidgu,NA,NA,,NA,75,Mon Feb 10 13:12:02 2020
5nom08,extrapolation,unmarked,initial,gu,sa,SimplePhrase_Training,point_cowboy_pl_chef_sg,NA,poinim negidsa vaemgu,NA,NA,,NA,76,Mon Feb 10 13:12:10 2020
5nom08,extrapolation,unmarked,initial,gu,sa,SimplePhrase_Training,point_waitress_pl_cowboy_sg,NA,poinim norksa negidgu,NA,NA,,NA,77,Mon Feb 10 13:12:17 2020
5nom08,extrapolation,unmarked,initial,gu,sa,SimplePhrase_Training,kick_waitress_pl_chef_sg,NA,kikim norksa vaemgu,NA,NA,,NA,78,Mon Feb 10 13:12:25 2020
5nom08,extrapolation,unmarked,initial,gu,sa,SimplePhrase_Training,point_chef_pl_burglar_pl,NA,poinim vaemsa tumbat,NA,NA,,NA,79,Mon Feb 10 13:12:32 2020
5nom08,extrapolation,unmarked,initial,gu,sa,SimplePhrase_Training,punch_chef_pl_waitress_pl,NA,straikim vaemsa nork,NA,NA,,NA,80,Mon Feb 10 13:12:40 2020
5nom08,extrapolation,unmarked,initial,gu,sa,SimplePhrase_Training,kick_cowboy_pl_waitress_sg,NA,kikim negidsa norkgu,NA,NA,,NA,81,Mon Feb 10 13:12:47 2020
5nom08,extrapolation,unmarked,initial,gu,sa,SimplePhrase_Training,kick_chef_pl_burglar_sg,NA,kikim vaemsa tumbatgu,NA,NA,,NA,82,Mon Feb 10 13:12:55 2020
5nom08,extrapolation,unmarked,initial,gu,sa,SimplePhrase_Training,point_burglar_pl_chef_pl,NA,poinim tumbatsa vaem,NA,NA,,NA,83,Mon Feb 10 13:13:02 2020
5nom08,extrapolation,unmarked,initial,gu,sa,SimplePhrase_Training,kick_waitress_pl_cowboy_sg,NA,kikim norksa negidgu,NA,NA,,NA,84,Mon Feb 10 13:13:10 2020
5nom08,extrapolation,unmarked,initial,gu,sa,SimplePhrase_Training,punch_burglar_pl_chef_pl,NA,straikim tumbatsa vaem,NA,NA,,NA,85,Mon Feb 10 13:13:17 2020
5nom08,extrapolation,unmarked,initial,gu,sa,SimplePhrase_Training,waitress_two,NA,nork,NA,NA,,NA,86,Mon Feb 10 13:13:22 2020
5nom08,extrapolation,unmarked,initial,gu,sa,SimplePhrase_Training,punch_waitress_pl_chef_sg,NA,straikim norksa vaemgu,NA,NA,,NA,87,Mon Feb 10 13:13:30 2020
5nom08,extrapolation,unmarked,initial,gu,sa,SimplePhrase_Training,point_cowboy_pl_burglar_sg,NA,poinim negidsa tumbatgu,NA,NA,,NA,88,Mon Feb 10 13:13:37 2020
5nom08,extrapolation,unmarked,initial,gu,sa,SimplePhrase_Training,waitress_two,NA,nork,NA,NA,,NA,89,Mon Feb 10 13:13:42 2020
5nom08,extrapolation,unmarked,initial,gu,sa,SimplePhrase_Training,punch_burglar_pl_waitress_pl,NA,straikim tumbatsa nork,NA,NA,,NA,90,Mon Feb 10 13:13:50 2020
5nom08,extrapolation,unmarked,initial,gu,sa,SimplePhrase_Training,punch_burglar_pl_cowboy_sg,NA,straikim tumbatsa negidgu,NA,NA,,NA,91,Mon Feb 10 13:13:57 2020
5nom08,extrapolation,unmarked,initial,gu,sa,SimplePhrase_Training,punch_cowboy_pl_waitress_sg,NA,straikim negidsa norkgu,NA,NA,,NA,92,Mon Feb 10 13:14:05 2020
5nom08,extrapolation,unmarked,initial,gu,sa,SimplePhrase_Comprehension,punch_burglar_pl_chef_sg,NA,straikim tumbatsa vaemgu,correct,NA,,NA,93,Mon Feb 10 13:14:28 2020
5nom08,extrapolation,unmarked,initial,gu,sa,SimplePhrase_Comprehension,punch_waitress_pl_burglar_sg,NA,straikim norksa tumbatgu,correct,NA,,NA,94,Mon Feb 10 13:14:34 2020
5nom08,extrapolation,unmarked,initial,gu,sa,SimplePhrase_Comprehension,point_cowboy_pl_waitress_sg,NA,poinim negidsa norkgu,correct,NA,,NA,95,Mon Feb 10 13:14:39 2020
5nom08,extrapolation,unmarked,initial,gu,sa,SimplePhrase_Comprehension,punch_burglar_pl_cowboy_pl,NA,straikim tumbatsa negid,correct,NA,,NA,96,Mon Feb 10 13:14:46 2020
5nom08,extrapolation,unmarked,initial,gu,sa,SimplePhrase_Comprehension,point_burglar_pl_cowboy_pl,NA,poinim tumbatsa negid,correct,NA,,NA,97,Mon Feb 10 13:14:55 2020
5nom08,extrapolation,unmarked,initial,gu,sa,SimplePhrase_Comprehension,point_cowboy_pl_chef_pl,NA,poinim negidsa vaem,correct,NA,,NA,98,Mon Feb 10 13:15:01 2020
5nom08,extrapolation,unmarked,initial,gu,sa,SimplePhrase_Comprehension,kick_chef_pl_burglar_pl,NA,kikim vaemsa tumbat,correct,NA,,NA,99,Mon Feb 10 13:15:06 2020
5nom08,extrapolation,unmarked,initial,gu,sa,SimplePhrase_Comprehension,point_cowboy_pl_burglar_pl,NA,poinim negidsa tumbat,correct,NA,,NA,100,Mon Feb 10 13:15:12 2020
5nom08,extrapolation,unmarked,initial,gu,sa,SimplePhrase_Comprehension,kick_chef_pl_waitress_sg,NA,kikim vaemsa norkgu,correct,NA,,NA,101,Mon Feb 10 13:15:18 2020
5nom08,extrapolation,unmarked,initial,gu,sa,SimplePhrase_Comprehension,kick_burglar_pl_chef_sg,NA,kikim tumbatsa vaemgu,correct,NA,,NA,102,Mon Feb 10 13:15:26 2020
5nom08,extrapolation,unmarked,initial,gu,sa,SimplePhrase_Comprehension,punch_cowboy_pl_burglar_sg,NA,straikim negidsa tumbatgu,correct,NA,,NA,103,Mon Feb 10 13:15:32 2020
5nom08,extrapolation,unmarked,initial,gu,sa,SimplePhrase_Comprehension,point_waitress_pl_cowboy_pl,NA,poinim norksa negid,correct,NA,,NA,104,Mon Feb 10 13:15:38 2020
5nom08,extrapolation,unmarked,initial,gu,sa,SimplePhrase_Comprehension,point_chef_pl_cowboy_sg,NA,poinim vaemsa negidgu,correct,NA,,NA,105,Mon Feb 10 13:15:44 2020
5nom08,extrapolation,unmarked,initial,gu,sa,SimplePhrase_Comprehension,kick_cowboy_pl_burglar_pl,NA,kikim negidsa tumbat,correct,NA,,NA,106,Mon Feb 10 13:15:49 2020
5nom08,extrapolation,unmarked,initial,gu,sa,SimplePhrase_Comprehension,punch_cowboy_pl_chef_pl,NA,straikim negidsa vaem,correct,NA,,NA,107,Mon Feb 10 13:15:55 2020
5nom08,extrapolation,unmarked,initial,gu,sa,SimplePhrase_Comprehension,punch_burglar_pl_waitress_sg,NA,straikim tumbatsa norkgu,correct,NA,,NA,108,Mon Feb 10 13:16:01 2020
5nom08,extrapolation,unmarked,initial,gu,sa,SimplePhrase_Comprehension,point_burglar_pl_waitress_sg,NA,poinim tumbatsa norkgu,correct,NA,,NA,109,Mon Feb 10 13:16:08 2020
5nom08,extrapolation,unmarked,initial,gu,sa,SimplePhrase_Comprehension,kick_burglar_pl_cowboy_sg,NA,kikim tumbatsa negidgu,correct,NA,,NA,110,Mon Feb 10 13:16:14 2020
5nom08,extrapolation,unmarked,initial,gu,sa,SimplePhrase_Comprehension,kick_cowboy_pl_waitress_pl,NA,kikim negidsa nork,correct,NA,,NA,111,Mon Feb 10 13:16:24 2020
5nom08,extrapolation,unmarked,initial,gu,sa,SimplePhrase_Comprehension,punch_chef_pl_burglar_pl,NA,straikim vaemsa tumbat,correct,NA,,NA,112,Mon Feb 10 13:16:31 2020
5nom08,extrapolation,unmarked,initial,gu,sa,SimplePhrase_Typing,chef_two,NA,vaem,NA,vaem,,NA,113,Mon Feb 10 13:17:03 2020
5nom08,extrapolation,unmarked,initial,gu,sa,SimplePhrase_Typing,cowboy_two,NA,negid,NA,negit,,NA,114,Mon Feb 10 13:17:11 2020
5nom08,extrapolation,unmarked,initial,gu,sa,SimplePhrase_Typing,waitress_two,NA,nork,NA,nork,,NA,115,Mon Feb 10 13:17:17 2020
5nom08,extrapolation,unmarked,initial,gu,sa,SimplePhrase_Typing,burglar_two,NA,tumbat,NA,tumbat,,NA,116,Mon Feb 10 13:17:24 2020
5nom08,extrapolation,unmarked,initial,gu,sa,SimplePhrase_Typing,point_waitress_pl_burglar_sg,NA,poinim norksa tumbatgu,NA,poinim norksu tumbatga,,NA,117,Mon Feb 10 13:17:47 2020
5nom08,extrapolation,unmarked,initial,gu,sa,SimplePhrase_Typing,punch_waitress_pl_burglar_pl,NA,straikim norksa tumbat,NA,straikim norksa tumbat,,NA,118,Mon Feb 10 13:19:40 2020
5nom08,extrapolation,unmarked,initial,gu,sa,SimplePhrase_Typing,punch_burglar_pl_waitress_pl,NA,straikim tumbatsa nork,NA,straikim tumbatsa nork,,NA,119,Mon Feb 10 13:20:03 2020
5nom08,extrapolation,unmarked,initial,gu,sa,SimplePhrase_Typing,kick_chef_pl_cowboy_sg,NA,kikim vaemsa negidgu,NA,kikim vaemsa negidgu,,NA,120,Mon Feb 10 13:20:17 2020
5nom08,extrapolation,unmarked,initial,gu,sa,SimplePhrase_Typing,punch_cowboy_pl_chef_sg,NA,straikim negidsa vaemgu,NA,straikim negidsa vaemgu,,NA,121,Mon Feb 10 13:20:32 2020
5nom08,extrapolation,unmarked,initial,gu,sa,SimplePhrase_Typing,punch_chef_pl_burglar_sg,NA,straikim vaemsa tumbatgu,NA,straikim vaemsa tumbatgu,,NA,122,Mon Feb 10 13:20:44 2020
5nom08,extrapolation,unmarked,initial,gu,sa,SimplePhrase_Typing,kick_burglar_pl_cowboy_pl,NA,kikim tumbatsa negid,NA,kikim tumbatsa negid,,NA,123,Mon Feb 10 13:20:57 2020
5nom08,extrapolation,unmarked,initial,gu,sa,SimplePhrase_Typing,point_burglar_pl_waitress_pl,NA,poinim tumbatsa nork,NA,poinim tumbatsa nork,,NA,124,Mon Feb 10 13:21:09 2020
5nom08,extrapolation,unmarked,initial,gu,sa,ComplexPhrase_Typing,point_chef_sg_waitress_pl,waitress,poinim vaemgusa nork,NA,poinim vaemgusa nork,,NA,125,Mon Feb 10 13:21:41 2020
5nom08,extrapolation,unmarked,initial,gu,sa,ComplexPhrase_Typing,punch_cowboy_sg_burglar_pl,burglar,straikim negidgusa tumbat,NA,straikim negidgusa tumbat,,NA,126,Mon Feb 10 13:21:56 2020
5nom08,extrapolation,unmarked,initial,gu,sa,ComplexPhrase_Typing,kick_chef_sg_waitress_pl,waitress,kikim vaemgusa nork,NA,kikim vaemgusa nork,,NA,127,Mon Feb 10 13:22:01 2020
5nom08,extrapolation,unmarked,initial,gu,sa,ComplexPhrase_Typing,punch_waitress_sg_chef_pl,chef,straikim norkgusa vaem,NA,straikim norkgusa vaem,,NA,128,Mon Feb 10 13:22:07 2020
5nom08,extrapolation,unmarked,initial,gu,sa,ComplexPhrase_Typing,punch_cowboy_sg_burglar_pl,burglar,straikim negidgusa tumbat,NA,straikim negidgusa tumbat,,NA,129,Mon Feb 10 13:22:14 2020
5nom08,extrapolation,unmarked,initial,gu,sa,ComplexPhrase_Typing,kick_chef_sg_waitress_pl,waitress,kikim vaemgusa nork,NA,kikim vaemgusa nork,,NA,130,Mon Feb 10 13:22:18 2020
5nom08,extrapolation,unmarked,initial,gu,sa,ComplexPhrase_Typing,punch_waitress_sg_chef_pl,chef,straikim norkgusa vaem,NA,straikim norkgusa vaem,,NA,131,Mon Feb 10 13:22:23 2020
5nom08,extrapolation,unmarked,initial,gu,sa,ComplexPhrase_Typing,point_chef_sg_waitress_pl,waitress,poinim vaemgusa nork,NA,poinim vaemgusa nork,,NA,132,Mon Feb 10 13:22:29 2020
5nom08,extrapolation,unmarked,initial,gu,sa,ComplexPhrase_Typing,punch_cowboy_sg_burglar_pl,burglar,straikim negidgusa tumbat,NA,straikim negidgusa tumbat,,NA,133,Mon Feb 10 13:22:37 2020
5nom08,extrapolation,unmarked,initial,gu,sa,ComplexPhrase_Typing,kick_chef_sg_waitress_pl,waitress,kikim vaemgusa nork,NA,kikim vaemgusa nork,,NA,134,Mon Feb 10 13:22:41 2020
5nom08,extrapolation,unmarked,initial,gu,sa,ComplexPhrase_Typing,punch_waitress_sg_chef_pl,chef,straikim norkgusa vaem,NA,straikim norkgusa vaem,,NA,135,Mon Feb 10 13:22:46 2020
5nom08,extrapolation,unmarked,initial,gu,sa,ComplexPhrase_Typing,point_chef_sg_waitress_pl,waitress,poinim vaemgusa nork,NA,poinim vaemgusa nork,,NA,136,Mon Feb 10 13:22:50 2020
5nom08,extrapolation,unmarked,initial,gu,sa,ComplexPhrase_Testing,punch_waitress_sg_cowboy_pl,cowboy,straikim norkgusa negid,NA,NA,,NA,137,Mon Feb 10 13:23:29 2020
5nom08,extrapolation,unmarked,initial,gu,sa,ComplexPhrase_Testing,kick_burglar_sg_waitress_pl,waitress,kikim tumbatgusa nork,NA,NA,,NA,138,Mon Feb 10 13:23:36 2020
5nom08,extrapolation,unmarked,initial,gu,sa,ComplexPhrase_Testing,point_chef_sg_cowboy_pl,cowboy,poinim vaemgusa negid,NA,NA,,NA,139,Mon Feb 10 13:23:42 2020
5nom08,extrapolation,unmarked,initial,gu,sa,ComplexPhrase_Testing,punch_waitress_sg_cowboy_pl,cowboy,straikim norkgusa negid,NA,NA,,NA,140,Mon Feb 10 13:23:46 2020
5nom08,extrapolation,unmarked,initial,gu,sa,ComplexPhrase_Testing,punch_cowboy_sg_chef_pl,chef,straikim negidgusa vaem,NA,NA,,NA,141,Mon Feb 10 13:23:51 2020
5nom08,extrapolation,unmarked,initial,gu,sa,ComplexPhrase_Testing,point_chef_sg_cowboy_pl,cowboy,poinim vaemgusa negid,NA,NA,,NA,142,Mon Feb 10 13:23:55 2020
5nom08,extrapolation,unmarked,initial,gu,sa,ComplexPhrase_Testing,punch_burglar_sg_chef_pl,chef,straikim tumbatgusa vaem,NA,NA,,NA,143,Mon Feb 10 13:24:00 2020
5nom08,extrapolation,unmarked,initial,gu,sa,ComplexPhrase_Testing,punch_burglar_sg_chef_pl,chef,straikim tumbatgusa vaem,NA,NA,,NA,144,Mon Feb 10 13:24:04 2020
5nom08,extrapolation,unmarked,initial,gu,sa,ComplexPhrase_Testing,point_burglar_pl_waitress_sg,NA,poinim tumbatsa norkgu,NA,NA,,NA,145,Mon Feb 10 13:24:12 2020
5nom08,extrapolation,unmarked,initial,gu,sa,ComplexPhrase_Testing,point_chef_pl_cowboy_pl,cowboy,poinim vaemsa negid,NA,NA,,NA,146,Mon Feb 10 13:24:23 2020
5nom08,extrapolation,unmarked,initial,gu,sa,ComplexPhrase_Testing,kick_cowboy_pl_waitress_pl,waitress,kikim negidsa nork,NA,NA,,NA,147,Mon Feb 10 13:24:34 2020
5nom08,extrapolation,unmarked,initial,gu,sa,ComplexPhrase_Testing,punch_cowboy_sg_chef_pl,chef,straikim negidgusa vaem,NA,NA,,NA,148,Mon Feb 10 13:24:46 2020
5nom08,extrapolation,unmarked,initial,gu,sa,ComplexPhrase_Testing,punch_waitress_sg_chef_pl,chef,straikim norkgusa vaem,NA,NA,,NA,149,Mon Feb 10 13:24:52 2020
5nom08,extrapolation,unmarked,initial,gu,sa,ComplexPhrase_Testing,punch_waitress_sg_chef_pl,chef,straikim norkgusa vaem,NA,NA,,NA,150,Mon Feb 10 13:24:56 2020
5nom08,extrapolation,unmarked,initial,gu,sa,ComplexPhrase_Testing,punch_waitress_pl_burglar_pl,burglar,straikim norksa tumbat,NA,NA,,NA,151,Mon Feb 10 13:25:01 2020
5nom08,extrapolation,unmarked,initial,gu,sa,ComplexPhrase_Testing,point_chef_sg_cowboy_pl,cowboy,poinim vaemgusa negid,NA,NA,,NA,152,Mon Feb 10 13:25:10 2020
5nom08,extrapolation,unmarked,initial,gu,sa,ComplexPhrase_Testing,kick_burglar_sg_waitress_pl,waitress,kikim tumbatgusa nork,NA,NA,,NA,153,Mon Feb 10 13:25:16 2020
5nom08,extrapolation,unmarked,initial,gu,sa,ComplexPhrase_Testing,kick_chef_sg_waitress_pl,waitress,kikim vaemgusa nork,NA,NA,,NA,154,Mon Feb 10 13:25:19 2020
5nom08,extrapolation,unmarked,initial,gu,sa,ComplexPhrase_Testing,point_chef_sg_waitress_pl,waitress,poinim vaemgusa nork,NA,NA,,NA,155,Mon Feb 10 13:25:23 2020
5nom08,extrapolation,unmarked,initial,gu,sa,ComplexPhrase_Testing,kick_cowboy_pl_burglar_sg,NA,kikim negidsa tumbatgu,NA,NA,,NA,156,Mon Feb 10 13:25:30 2020
5nom08,extrapolation,unmarked,initial,gu,sa,ComplexPhrase_Testing,punch_waitress_sg_burglar_pl,burglar,straikim norkgusa tumbat,NA,NA,,NA,157,Mon Feb 10 13:25:39 2020
5nom08,extrapolation,unmarked,initial,gu,sa,ComplexPhrase_Testing,point_waitress_sg_chef_pl,chef,poinim norkgusa vaem,NA,NA,,NA,158,Mon Feb 10 13:25:48 2020
5nom08,extrapolation,unmarked,initial,gu,sa,ComplexPhrase_Testing,cowboy_two,NA,negid,NA,NA,,NA,159,Mon Feb 10 13:25:53 2020
5nom08,extrapolation,unmarked,initial,gu,sa,ComplexPhrase_Testing,point_waitress_pl_burglar_sg,NA,poinim norksa tumbatgu,NA,NA,,NA,160,Mon Feb 10 13:26:00 2020
5nom08,extrapolation,unmarked,initial,gu,sa,ComplexPhrase_Testing,kick_chef_pl_cowboy_sg,NA,kikim vaemsa negidgu,NA,NA,,NA,161,Mon Feb 10 13:26:09 2020
5nom08,extrapolation,unmarked,initial,gu,sa,ComplexPhrase_Testing,point_waitress_pl_burglar_pl,burglar,poinim norksa tumbat,NA,NA,,NA,162,Mon Feb 10 13:26:17 2020
5nom08,extrapolation,unmarked,initial,gu,sa,ComplexPhrase_Testing,point_chef_sg_waitress_pl,waitress,poinim vaemgusa nork,NA,NA,,NA,163,Mon Feb 10 13:26:27 2020
5nom08,extrapolation,unmarked,initial,gu,sa,ComplexPhrase_Testing,point_chef_sg_waitress_pl,waitress,poinim vaemgusa nork,NA,NA,,NA,164,Mon Feb 10 13:26:31 2020
5nom08,extrapolation,unmarked,initial,gu,sa,ComplexPhrase_Testing,waitress_two,NA,nork,NA,NA,,NA,165,Mon Feb 10 13:26:33 2020
5nom08,extrapolation,unmarked,initial,gu,sa,ComplexPhrase_Testing,point_burglar_sg_chef_pl,chef,poinim tumbatgusa vaem,NA,NA,,NA,166,Mon Feb 10 13:26:40 2020
5nom08,extrapolation,unmarked,initial,gu,sa,ComplexPhrase_Testing,kick_burglar_sg_waitress_pl,waitress,kikim tumbatgusa nork,NA,NA,,NA,167,Mon Feb 10 13:26:50 2020
5nom08,extrapolation,unmarked,initial,gu,sa,ComplexPhrase_Testing,punch_waitress_sg_cowboy_pl,cowboy,straikim norkgusa negid,NA,NA,,NA,168,Mon Feb 10 13:26:57 2020
5nom08,extrapolation,unmarked,initial,gu,sa,ComplexPhrase_Testing,point_waitress_sg_cowboy_pl,cowboy,poinim norkgusa negid,NA,NA,,NA,169,Mon Feb 10 13:27:03 2020
5nom08,extrapolation,unmarked,initial,gu,sa,ComplexPhrase_Testing,punch_waitress_sg_burglar_pl,burglar,straikim norkgusa tumbat,NA,NA,,NA,170,Mon Feb 10 13:27:08 2020
5nom08,extrapolation,unmarked,initial,gu,sa,ComplexPhrase_Testing,chef_two,NA,vaem,NA,NA,,NA,171,Mon Feb 10 13:27:11 2020
5nom08,extrapolation,unmarked,initial,gu,sa,ComplexPhrase_Testing,point_waitress_sg_chef_pl,chef,poinim norkgusa vaem,NA,NA,,NA,172,Mon Feb 10 13:27:19 2020
5nom08,extrapolation,unmarked,initial,gu,sa,ComplexPhrase_Testing,point_burglar_sg_chef_pl,chef,poinim tumbatgusa vaem,NA,NA,,NA,173,Mon Feb 10 13:27:25 2020
5nom08,extrapolation,unmarked,initial,gu,sa,ComplexPhrase_Testing,point_waitress_sg_cowboy_pl,cowboy,poinim norkgusa negid,NA,NA,,NA,174,Mon Feb 10 13:27:32 2020
5nom08,extrapolation,unmarked,initial,gu,sa,ComplexPhrase_Testing,kick_chef_sg_waitress_pl,waitress,kikim vaemgusa nork,NA,NA,,NA,175,Mon Feb 10 13:27:36 2020
5nom08,extrapolation,unmarked,initial,gu,sa,ComplexPhrase_Testing,kick_chef_pl_burglar_sg,NA,kikim vaemsa tumbatgu,NA,NA,,NA,176,Mon Feb 10 13:27:43 2020
5nom08,extrapolation,unmarked,initial,gu,sa,ComplexPhrase_Testing,punch_burglar_pl_cowboy_pl,cowboy,straikim tumbatsa negid,NA,NA,,NA,177,Mon Feb 10 13:27:53 2020
5nom08,extrapolation,unmarked,initial,gu,sa,ComplexPhrase_Testing,kick_chef_pl_cowboy_pl,cowboy,kikim vaemsa negid,NA,NA,,NA,178,Mon Feb 10 13:27:58 2020
5nom08,extrapolation,unmarked,initial,gu,sa,ComplexPhrase_Testing,punch_waitress_sg_burglar_pl,burglar,straikim norkgusa tumbat,NA,NA,,NA,179,Mon Feb 10 13:28:08 2020
5nom08,extrapolation,unmarked,initial,gu,sa,ComplexPhrase_Testing,punch_cowboy_sg_chef_pl,chef,straikim negidgusa vaem,NA,NA,,NA,180,Mon Feb 10 13:28:13 2020
5nom08,extrapolation,unmarked,initial,gu,sa,ComplexPhrase_Testing,punch_waitress_sg_chef_pl,chef,straikim norkgusa vaem,NA,NA,,NA,181,Mon Feb 10 13:28:17 2020
5nom08,extrapolation,unmarked,initial,gu,sa,ComplexPhrase_Testing,point_burglar_sg_chef_pl,chef,poinim tumbatgusa vaem,NA,NA,,NA,182,Mon Feb 10 13:28:23 2020
5nom08,extrapolation,unmarked,initial,gu,sa,ComplexPhrase_Testing,punch_burglar_sg_chef_pl,chef,straikim tumbatgusa vaem,NA,NA,,NA,183,Mon Feb 10 13:28:27 2020
5nom08,extrapolation,unmarked,initial,gu,sa,ComplexPhrase_Testing,burglar_two,NA,tumbat,NA,NA,,NA,184,Mon Feb 10 13:28:30 2020
5nom08,extrapolation,unmarked,initial,gu,sa,ComplexPhrase_Testing,kick_chef_sg_waitress_pl,waitress,kikim vaemgusa nork,NA,NA,,NA,185,Mon Feb 10 13:28:36 2020
5nom08,extrapolation,unmarked,initial,gu,sa,ComplexPhrase_Testing,point_waitress_sg_chef_pl,chef,poinim norkgusa vaem,NA,NA,,NA,186,Mon Feb 10 13:28:40 2020
5nom08,extrapolation,unmarked,initial,gu,sa,ComplexPhrase_Testing,kick_waitress_pl_burglar_sg,NA,kikim norksa tumbatgu,NA,NA,,NA,187,Mon Feb 10 13:28:47 2020
5nom08,extrapolation,unmarked,initial,gu,sa,ComplexPhrase_Testing,point_waitress_sg_cowboy_pl,cowboy,poinim norkgusa negid,NA,NA,,NA,188,Mon Feb 10 13:28:55 2020
5nom08,extrapolation,unmarked,initial,gu,sa,Questionnaire,NA,NA,NA,NA,NA,,the singular form,MeaningNum,Mon Feb 10 13:30:03 2020
5nom08,extrapolation,unmarked,initial,gu,sa,Questionnaire,NA,NA,NA,NA,NA,,performing an action,MeaningCase,Mon Feb 10 13:30:03 2020
5nom08,extrapolation,unmarked,initial,gu,sa,Questionnaire,NA,NA,NA,NA,NA,,it appeared after ,OrderNumNoun,Mon Feb 10 13:30:03 2020
5nom08,extrapolation,unmarked,initial,gu,sa,Questionnaire,NA,NA,NA,NA,NA,,it appeared after,OrderCaseNoun,Mon Feb 10 13:30:03 2020
5nom08,extrapolation,unmarked,initial,gu,sa,Questionnaire,NA,NA,NA,NA,NA,,English and German,Languages,Mon Feb 10 13:30:03 2020
