ID,Condition,MajorityOrder,NounPosition,markerNum,markerCase,Phase,Meaning,NounItem,InputSentence,Selection,TypedResponse,SpokenResponse,AnswerQuest,Trial,date&time
6nom17,extrapolation,unmarked,final,ti,gu,Noun_Training,chef_two,NA,negid,NA,NA,,NA,1,Fri Feb 28 10:45:24 2020
6nom17,extrapolation,unmarked,final,ti,gu,Noun_Training,burglar_two,NA,nork,NA,NA,,NA,2,Fri Feb 28 10:45:29 2020
6nom17,extrapolation,unmarked,final,ti,gu,Noun_Training,cowboy_two,NA,vaem,NA,NA,,NA,3,Fri Feb 28 10:45:34 2020
6nom17,extrapolation,unmarked,final,ti,gu,Noun_Training,cowboy_two,NA,vaem,NA,NA,,NA,4,Fri Feb 28 10:45:39 2020
6nom17,extrapolation,unmarked,final,ti,gu,Noun_Training,burglar_two,NA,nork,NA,NA,,NA,5,Fri Feb 28 10:45:44 2020
6nom17,extrapolation,unmarked,final,ti,gu,Noun_Training,waitress_two,NA,tumbat,NA,NA,,NA,6,Fri Feb 28 10:45:48 2020
6nom17,extrapolation,unmarked,final,ti,gu,Noun_Training,chef_two,NA,negid,NA,NA,,NA,7,Fri Feb 28 10:45:53 2020
6nom17,extrapolation,unmarked,final,ti,gu,Noun_Training,waitress_two,NA,tumbat,NA,NA,,NA,8,Fri Feb 28 10:45:58 2020
6nom17,extrapolation,unmarked,final,ti,gu,Noun_Training,cowboy_two,NA,vaem,NA,NA,,NA,9,Fri Feb 28 10:46:03 2020
6nom17,extrapolation,unmarked,final,ti,gu,Noun_Training,burglar_two,NA,nork,NA,NA,,NA,10,Fri Feb 28 10:46:08 2020
6nom17,extrapolation,unmarked,final,ti,gu,Noun_Training,burglar_two,NA,nork,NA,NA,,NA,11,Fri Feb 28 10:46:13 2020
6nom17,extrapolation,unmarked,final,ti,gu,Noun_Training,chef_two,NA,negid,NA,NA,,NA,12,Fri Feb 28 10:46:18 2020
6nom17,extrapolation,unmarked,final,ti,gu,Noun_Training,cowboy_two,NA,vaem,NA,NA,,NA,13,Fri Feb 28 10:46:22 2020
6nom17,extrapolation,unmarked,final,ti,gu,Noun_Training,burglar_two,NA,nork,NA,NA,,NA,14,Fri Feb 28 10:46:27 2020
6nom17,extrapolation,unmarked,final,ti,gu,Noun_Training,chef_two,NA,negid,NA,NA,,NA,15,Fri Feb 28 10:46:32 2020
6nom17,extrapolation,unmarked,final,ti,gu,Noun_Training,chef_two,NA,negid,NA,NA,,NA,16,Fri Feb 28 10:46:37 2020
6nom17,extrapolation,unmarked,final,ti,gu,Noun_Training,cowboy_two,NA,vaem,NA,NA,,NA,17,Fri Feb 28 10:46:42 2020
6nom17,extrapolation,unmarked,final,ti,gu,Noun_Training,waitress_two,NA,tumbat,NA,NA,,NA,18,Fri Feb 28 10:46:46 2020
6nom17,extrapolation,unmarked,final,ti,gu,Noun_Training,burglar_two,NA,nork,NA,NA,,NA,19,Fri Feb 28 10:46:51 2020
6nom17,extrapolation,unmarked,final,ti,gu,Noun_Training,waitress_two,NA,tumbat,NA,NA,,NA,20,Fri Feb 28 10:46:56 2020
6nom17,extrapolation,unmarked,final,ti,gu,Noun_Training,waitress_two,NA,tumbat,NA,NA,,NA,21,Fri Feb 28 10:47:01 2020
6nom17,extrapolation,unmarked,final,ti,gu,Noun_Training,cowboy_two,NA,vaem,NA,NA,,NA,22,Fri Feb 28 10:47:06 2020
6nom17,extrapolation,unmarked,final,ti,gu,Noun_Training,chef_two,NA,negid,NA,NA,,NA,23,Fri Feb 28 10:47:11 2020
6nom17,extrapolation,unmarked,final,ti,gu,Noun_Training,waitress_two,NA,tumbat,NA,NA,,NA,24,Fri Feb 28 10:47:15 2020
6nom17,extrapolation,unmarked,final,ti,gu,Noun_Selection,chef_two,NA,negid,correct,NA,,NA,25,Fri Feb 28 10:47:38 2020
6nom17,extrapolation,unmarked,final,ti,gu,Noun_Selection,waitress_two,NA,tumbat,correct,NA,,NA,26,Fri Feb 28 10:47:41 2020
6nom17,extrapolation,unmarked,final,ti,gu,Noun_Selection,cowboy_two,NA,vaem,correct,NA,,NA,27,Fri Feb 28 10:47:44 2020
6nom17,extrapolation,unmarked,final,ti,gu,Noun_Selection,waitress_two,NA,tumbat,correct,NA,,NA,28,Fri Feb 28 10:47:47 2020
6nom17,extrapolation,unmarked,final,ti,gu,Noun_Selection,chef_two,NA,negid,correct,NA,,NA,29,Fri Feb 28 10:47:49 2020
6nom17,extrapolation,unmarked,final,ti,gu,Noun_Selection,burglar_two,NA,nork,correct,NA,,NA,30,Fri Feb 28 10:47:52 2020
6nom17,extrapolation,unmarked,final,ti,gu,Noun_Selection,cowboy_two,NA,vaem,correct,NA,,NA,31,Fri Feb 28 10:47:55 2020
6nom17,extrapolation,unmarked,final,ti,gu,Noun_Selection,cowboy_two,NA,vaem,correct,NA,,NA,32,Fri Feb 28 10:47:58 2020
6nom17,extrapolation,unmarked,final,ti,gu,Noun_Selection,burglar_two,NA,nork,correct,NA,,NA,33,Fri Feb 28 10:48:01 2020
6nom17,extrapolation,unmarked,final,ti,gu,Noun_Selection,chef_two,NA,negid,correct,NA,,NA,34,Fri Feb 28 10:48:04 2020
6nom17,extrapolation,unmarked,final,ti,gu,Noun_Selection,burglar_two,NA,nork,correct,NA,,NA,35,Fri Feb 28 10:48:06 2020
6nom17,extrapolation,unmarked,final,ti,gu,Noun_Selection,waitress_two,NA,tumbat,correct,NA,,NA,36,Fri Feb 28 10:48:09 2020
6nom17,extrapolation,unmarked,final,ti,gu,Noun_Testing,waitress_two,NA,tumbat,NA,NA,,NA,37,Fri Feb 28 10:48:31 2020
6nom17,extrapolation,unmarked,final,ti,gu,Noun_Testing,burglar_two,NA,nork,NA,NA,,NA,38,Fri Feb 28 10:48:35 2020
6nom17,extrapolation,unmarked,final,ti,gu,Noun_Testing,chef_two,NA,negid,NA,NA,,NA,39,Fri Feb 28 10:48:39 2020
6nom17,extrapolation,unmarked,final,ti,gu,Noun_Testing,burglar_two,NA,nork,NA,NA,,NA,40,Fri Feb 28 10:48:43 2020
6nom17,extrapolation,unmarked,final,ti,gu,Noun_Testing,chef_two,NA,negid,NA,NA,,NA,41,Fri Feb 28 10:48:46 2020
6nom17,extrapolation,unmarked,final,ti,gu,Noun_Testing,chef_two,NA,negid,NA,NA,,NA,42,Fri Feb 28 10:48:50 2020
6nom17,extrapolation,unmarked,final,ti,gu,Noun_Testing,cowboy_two,NA,vaem,NA,NA,,NA,43,Fri Feb 28 10:48:54 2020
6nom17,extrapolation,unmarked,final,ti,gu,Noun_Testing,cowboy_two,NA,vaem,NA,NA,,NA,44,Fri Feb 28 10:48:57 2020
6nom17,extrapolation,unmarked,final,ti,gu,Noun_Testing,burglar_two,NA,nork,NA,NA,,NA,45,Fri Feb 28 10:49:01 2020
6nom17,extrapolation,unmarked,final,ti,gu,Noun_Testing,cowboy_two,NA,vaem,NA,NA,,NA,46,Fri Feb 28 10:49:04 2020
6nom17,extrapolation,unmarked,final,ti,gu,Noun_Testing,waitress_two,NA,tumbat,NA,NA,,NA,47,Fri Feb 28 10:49:08 2020
6nom17,extrapolation,unmarked,final,ti,gu,Noun_Testing,waitress_two,NA,tumbat,NA,NA,,NA,48,Fri Feb 28 10:49:12 2020
6nom17,extrapolation,unmarked,final,ti,gu,SimplePhrase_Training,punch_cowboy_pl_burglar_sg,NA,straikim guvaem tinork,NA,NA,,NA,49,Fri Feb 28 10:50:08 2020
6nom17,extrapolation,unmarked,final,ti,gu,SimplePhrase_Training,punch_chef_pl_waitress_sg,NA,straikim gunegid titumbat,NA,NA,,NA,50,Fri Feb 28 10:50:15 2020
6nom17,extrapolation,unmarked,final,ti,gu,SimplePhrase_Training,kick_burglar_pl_chef_sg,NA,kikim gunork tinegid,NA,NA,,NA,51,Fri Feb 28 10:50:23 2020
6nom17,extrapolation,unmarked,final,ti,gu,SimplePhrase_Training,kick_burglar_pl_cowboy_pl,NA,kikim gunork vaem,NA,NA,,NA,52,Fri Feb 28 10:50:30 2020
6nom17,extrapolation,unmarked,final,ti,gu,SimplePhrase_Training,punch_waitress_pl_burglar_sg,NA,straikim gutumbat tinork,NA,NA,,NA,53,Fri Feb 28 10:50:37 2020
6nom17,extrapolation,unmarked,final,ti,gu,SimplePhrase_Training,punch_waitress_pl_chef_pl,NA,straikim gutumbat negid,NA,NA,,NA,54,Fri Feb 28 10:50:45 2020
6nom17,extrapolation,unmarked,final,ti,gu,SimplePhrase_Training,point_cowboy_pl_burglar_sg,NA,poinim guvaem tinork,NA,NA,,NA,55,Fri Feb 28 10:50:52 2020
6nom17,extrapolation,unmarked,final,ti,gu,SimplePhrase_Training,waitress_two,NA,tumbat,NA,NA,,NA,56,Fri Feb 28 10:50:57 2020
6nom17,extrapolation,unmarked,final,ti,gu,SimplePhrase_Training,kick_waitress_pl_chef_pl,NA,kikim gutumbat negid,NA,NA,,NA,57,Fri Feb 28 10:51:04 2020
6nom17,extrapolation,unmarked,final,ti,gu,SimplePhrase_Training,point_burglar_pl_chef_sg,NA,poinim gunork tinegid,NA,NA,,NA,58,Fri Feb 28 10:51:12 2020
6nom17,extrapolation,unmarked,final,ti,gu,SimplePhrase_Training,waitress_two,NA,tumbat,NA,NA,,NA,59,Fri Feb 28 10:51:17 2020
6nom17,extrapolation,unmarked,final,ti,gu,SimplePhrase_Training,punch_cowboy_pl_waitress_pl,NA,straikim guvaem tumbat,NA,NA,,NA,60,Fri Feb 28 10:51:24 2020
6nom17,extrapolation,unmarked,final,ti,gu,SimplePhrase_Training,point_chef_pl_cowboy_sg,NA,poinim gunegid tivaem,NA,NA,,NA,61,Fri Feb 28 10:51:31 2020
6nom17,extrapolation,unmarked,final,ti,gu,SimplePhrase_Training,kick_cowboy_pl_chef_pl,NA,kikim guvaem negid,NA,NA,,NA,62,Fri Feb 28 10:51:38 2020
6nom17,extrapolation,unmarked,final,ti,gu,SimplePhrase_Training,kick_chef_pl_burglar_pl,NA,kikim gunegid nork,NA,NA,,NA,63,Fri Feb 28 10:51:46 2020
6nom17,extrapolation,unmarked,final,ti,gu,SimplePhrase_Training,burglar_two,NA,nork,NA,NA,,NA,64,Fri Feb 28 10:51:51 2020
6nom17,extrapolation,unmarked,final,ti,gu,SimplePhrase_Training,kick_burglar_pl_waitress_pl,NA,kikim gunork tumbat,NA,NA,,NA,65,Fri Feb 28 10:51:58 2020
6nom17,extrapolation,unmarked,final,ti,gu,SimplePhrase_Training,kick_chef_pl_waitress_pl,NA,kikim gunegid tumbat,NA,NA,,NA,66,Fri Feb 28 10:52:05 2020
6nom17,extrapolation,unmarked,final,ti,gu,SimplePhrase_Training,punch_burglar_pl_waitress_pl,NA,straikim gunork tumbat,NA,NA,,NA,67,Fri Feb 28 10:52:12 2020
6nom17,extrapolation,unmarked,final,ti,gu,SimplePhrase_Training,point_cowboy_pl_waitress_pl,NA,poinim guvaem tumbat,NA,NA,,NA,68,Fri Feb 28 10:52:20 2020
6nom17,extrapolation,unmarked,final,ti,gu,SimplePhrase_Training,punch_cowboy_pl_chef_pl,NA,straikim guvaem negid,NA,NA,,NA,69,Fri Feb 28 10:52:27 2020
6nom17,extrapolation,unmarked,final,ti,gu,SimplePhrase_Training,punch_burglar_pl_chef_pl,NA,straikim gunork negid,NA,NA,,NA,70,Fri Feb 28 10:52:34 2020
6nom17,extrapolation,unmarked,final,ti,gu,SimplePhrase_Training,point_waitress_pl_burglar_pl,NA,poinim gutumbat nork,NA,NA,,NA,71,Fri Feb 28 10:52:42 2020
6nom17,extrapolation,unmarked,final,ti,gu,SimplePhrase_Training,point_burglar_pl_cowboy_sg,NA,poinim gunork tivaem,NA,NA,,NA,72,Fri Feb 28 10:52:49 2020
6nom17,extrapolation,unmarked,final,ti,gu,SimplePhrase_Training,point_cowboy_pl_chef_sg,NA,poinim guvaem tinegid,NA,NA,,NA,73,Fri Feb 28 10:52:57 2020
6nom17,extrapolation,unmarked,final,ti,gu,SimplePhrase_Training,punch_chef_pl_cowboy_pl,NA,straikim gunegid vaem,NA,NA,,NA,74,Fri Feb 28 10:53:04 2020
6nom17,extrapolation,unmarked,final,ti,gu,SimplePhrase_Training,point_waitress_pl_cowboy_sg,NA,poinim gutumbat tivaem,NA,NA,,NA,75,Fri Feb 28 10:53:11 2020
6nom17,extrapolation,unmarked,final,ti,gu,SimplePhrase_Training,kick_waitress_pl_cowboy_sg,NA,kikim gutumbat tivaem,NA,NA,,NA,76,Fri Feb 28 10:53:19 2020
6nom17,extrapolation,unmarked,final,ti,gu,SimplePhrase_Training,point_waitress_pl_chef_sg,NA,poinim gutumbat tinegid,NA,NA,,NA,77,Fri Feb 28 10:53:26 2020
6nom17,extrapolation,unmarked,final,ti,gu,SimplePhrase_Training,kick_cowboy_pl_waitress_sg,NA,kikim guvaem titumbat,NA,NA,,NA,78,Fri Feb 28 10:53:34 2020
6nom17,extrapolation,unmarked,final,ti,gu,SimplePhrase_Training,burglar_two,NA,nork,NA,NA,,NA,79,Fri Feb 28 10:53:39 2020
6nom17,extrapolation,unmarked,final,ti,gu,SimplePhrase_Training,kick_cowboy_pl_burglar_sg,NA,kikim guvaem tinork,NA,NA,,NA,80,Fri Feb 28 10:53:46 2020
6nom17,extrapolation,unmarked,final,ti,gu,SimplePhrase_Training,point_burglar_pl_waitress_pl,NA,poinim gunork tumbat,NA,NA,,NA,81,Fri Feb 28 10:53:53 2020
6nom17,extrapolation,unmarked,final,ti,gu,SimplePhrase_Training,punch_chef_pl_burglar_sg,NA,straikim gunegid tinork,NA,NA,,NA,82,Fri Feb 28 10:54:01 2020
6nom17,extrapolation,unmarked,final,ti,gu,SimplePhrase_Training,punch_burglar_pl_cowboy_pl,NA,straikim gunork vaem,NA,NA,,NA,83,Fri Feb 28 10:54:08 2020
6nom17,extrapolation,unmarked,final,ti,gu,SimplePhrase_Training,chef_two,NA,negid,NA,NA,,NA,84,Fri Feb 28 10:54:13 2020
6nom17,extrapolation,unmarked,final,ti,gu,SimplePhrase_Training,chef_two,NA,negid,NA,NA,,NA,85,Fri Feb 28 10:54:18 2020
6nom17,extrapolation,unmarked,final,ti,gu,SimplePhrase_Training,kick_chef_pl_cowboy_sg,NA,kikim gunegid tivaem,NA,NA,,NA,86,Fri Feb 28 10:54:25 2020
6nom17,extrapolation,unmarked,final,ti,gu,SimplePhrase_Training,cowboy_two,NA,vaem,NA,NA,,NA,87,Fri Feb 28 10:54:30 2020
6nom17,extrapolation,unmarked,final,ti,gu,SimplePhrase_Training,punch_waitress_pl_cowboy_sg,NA,straikim gutumbat tivaem,NA,NA,,NA,88,Fri Feb 28 10:54:37 2020
6nom17,extrapolation,unmarked,final,ti,gu,SimplePhrase_Training,point_chef_pl_waitress_pl,NA,poinim gunegid tumbat,NA,NA,,NA,89,Fri Feb 28 10:54:44 2020
6nom17,extrapolation,unmarked,final,ti,gu,SimplePhrase_Training,point_chef_pl_burglar_sg,NA,poinim gunegid tinork,NA,NA,,NA,90,Fri Feb 28 10:54:52 2020
6nom17,extrapolation,unmarked,final,ti,gu,SimplePhrase_Training,kick_waitress_pl_burglar_pl,NA,kikim gutumbat nork,NA,NA,,NA,91,Fri Feb 28 10:54:59 2020
6nom17,extrapolation,unmarked,final,ti,gu,SimplePhrase_Training,cowboy_two,NA,vaem,NA,NA,,NA,92,Fri Feb 28 10:55:04 2020
6nom17,extrapolation,unmarked,final,ti,gu,SimplePhrase_Comprehension,kick_burglar_pl_waitress_sg,NA,kikim gunork titumbat,correct,NA,,NA,93,Fri Feb 28 10:55:25 2020
6nom17,extrapolation,unmarked,final,ti,gu,SimplePhrase_Comprehension,punch_waitress_pl_chef_sg,NA,straikim gutumbat tinegid,correct,NA,,NA,94,Fri Feb 28 10:55:31 2020
6nom17,extrapolation,unmarked,final,ti,gu,SimplePhrase_Comprehension,point_cowboy_pl_burglar_pl,NA,poinim guvaem nork,correct,NA,,NA,95,Fri Feb 28 10:55:36 2020
6nom17,extrapolation,unmarked,final,ti,gu,SimplePhrase_Comprehension,kick_cowboy_pl_waitress_pl,NA,kikim guvaem tumbat,correct,NA,,NA,96,Fri Feb 28 10:55:42 2020
6nom17,extrapolation,unmarked,final,ti,gu,SimplePhrase_Comprehension,kick_burglar_pl_cowboy_sg,NA,kikim gunork tivaem,correct,NA,,NA,97,Fri Feb 28 10:55:47 2020
6nom17,extrapolation,unmarked,final,ti,gu,SimplePhrase_Comprehension,kick_waitress_pl_cowboy_pl,NA,kikim gutumbat vaem,correct,NA,,NA,98,Fri Feb 28 10:55:53 2020
6nom17,extrapolation,unmarked,final,ti,gu,SimplePhrase_Comprehension,point_chef_pl_waitress_sg,NA,poinim gunegid titumbat,correct,NA,,NA,99,Fri Feb 28 10:55:59 2020
6nom17,extrapolation,unmarked,final,ti,gu,SimplePhrase_Comprehension,point_chef_pl_burglar_pl,NA,poinim gunegid nork,correct,NA,,NA,100,Fri Feb 28 10:56:05 2020
6nom17,extrapolation,unmarked,final,ti,gu,SimplePhrase_Comprehension,punch_cowboy_pl_burglar_pl,NA,straikim guvaem nork,correct,NA,,NA,101,Fri Feb 28 10:56:10 2020
6nom17,extrapolation,unmarked,final,ti,gu,SimplePhrase_Comprehension,point_cowboy_pl_waitress_sg,NA,poinim guvaem titumbat,correct,NA,,NA,102,Fri Feb 28 10:56:16 2020
6nom17,extrapolation,unmarked,final,ti,gu,SimplePhrase_Comprehension,punch_cowboy_pl_waitress_sg,NA,straikim guvaem titumbat,correct,NA,,NA,103,Fri Feb 28 10:56:22 2020
6nom17,extrapolation,unmarked,final,ti,gu,SimplePhrase_Comprehension,point_burglar_pl_cowboy_pl,NA,poinim gunork vaem,correct,NA,,NA,104,Fri Feb 28 10:56:28 2020
6nom17,extrapolation,unmarked,final,ti,gu,SimplePhrase_Comprehension,point_waitress_pl_burglar_sg,NA,poinim gutumbat tinork,correct,NA,,NA,105,Fri Feb 28 10:56:33 2020
6nom17,extrapolation,unmarked,final,ti,gu,SimplePhrase_Comprehension,point_chef_pl_cowboy_pl,NA,poinim gunegid vaem,correct,NA,,NA,106,Fri Feb 28 10:56:39 2020
6nom17,extrapolation,unmarked,final,ti,gu,SimplePhrase_Comprehension,punch_waitress_pl_burglar_pl,NA,straikim gutumbat nork,correct,NA,,NA,107,Fri Feb 28 10:56:45 2020
6nom17,extrapolation,unmarked,final,ti,gu,SimplePhrase_Comprehension,punch_burglar_pl_cowboy_sg,NA,straikim gunork tivaem,correct,NA,,NA,108,Fri Feb 28 10:56:50 2020
6nom17,extrapolation,unmarked,final,ti,gu,SimplePhrase_Comprehension,kick_waitress_pl_chef_sg,NA,kikim gutumbat tinegid,correct,NA,,NA,109,Fri Feb 28 10:56:56 2020
6nom17,extrapolation,unmarked,final,ti,gu,SimplePhrase_Comprehension,punch_chef_pl_cowboy_sg,NA,straikim gunegid tivaem,correct,NA,,NA,110,Fri Feb 28 10:57:01 2020
6nom17,extrapolation,unmarked,final,ti,gu,SimplePhrase_Comprehension,point_waitress_pl_cowboy_pl,NA,poinim gutumbat vaem,correct,NA,,NA,111,Fri Feb 28 10:57:07 2020
6nom17,extrapolation,unmarked,final,ti,gu,SimplePhrase_Comprehension,kick_burglar_pl_chef_pl,NA,kikim gunork negid,correct,NA,,NA,112,Fri Feb 28 10:57:12 2020
6nom17,extrapolation,unmarked,final,ti,gu,SimplePhrase_Typing,point_chef_pl_waitress_pl,NA,poinim gunegid tumbat,NA,poinim gunegid tumbat,,NA,113,Fri Feb 28 10:57:59 2020
6nom17,extrapolation,unmarked,final,ti,gu,SimplePhrase_Typing,burglar_two,NA,nork,NA,nork,,NA,114,Fri Feb 28 10:58:05 2020
6nom17,extrapolation,unmarked,final,ti,gu,SimplePhrase_Typing,waitress_two,NA,tumbat,NA,tumbat,,NA,115,Fri Feb 28 10:58:12 2020
6nom17,extrapolation,unmarked,final,ti,gu,SimplePhrase_Typing,kick_burglar_pl_cowboy_pl,NA,kikim gunork vaem,NA,kikim gunork vaem,,NA,116,Fri Feb 28 10:58:24 2020
6nom17,extrapolation,unmarked,final,ti,gu,SimplePhrase_Typing,point_burglar_pl_cowboy_sg,NA,poinim gunork tivaem,NA,poinim gunork tivaem,,NA,117,Fri Feb 28 10:58:42 2020
6nom17,extrapolation,unmarked,final,ti,gu,SimplePhrase_Typing,chef_two,NA,negid,NA,negid,,NA,118,Fri Feb 28 10:58:48 2020
6nom17,extrapolation,unmarked,final,ti,gu,SimplePhrase_Typing,punch_waitress_pl_burglar_sg,NA,straikim gutumbat tinork,NA,straikim gutumbat tinork,,NA,119,Fri Feb 28 10:59:02 2020
6nom17,extrapolation,unmarked,final,ti,gu,SimplePhrase_Typing,kick_chef_pl_waitress_pl,NA,kikim gunegid tumbat,NA,kikim gunegid tumbat,,NA,120,Fri Feb 28 10:59:14 2020
6nom17,extrapolation,unmarked,final,ti,gu,SimplePhrase_Typing,punch_burglar_pl_waitress_pl,NA,straikim gunork tumbat,NA,straikim gunork tumbat,,NA,121,Fri Feb 28 10:59:24 2020
6nom17,extrapolation,unmarked,final,ti,gu,SimplePhrase_Typing,cowboy_two,NA,vaem,NA,vaem,,NA,122,Fri Feb 28 10:59:31 2020
6nom17,extrapolation,unmarked,final,ti,gu,SimplePhrase_Typing,point_cowboy_pl_chef_sg,NA,poinim guvaem tinegid,NA,poinim guvaem tinegid,,NA,123,Fri Feb 28 10:59:46 2020
6nom17,extrapolation,unmarked,final,ti,gu,SimplePhrase_Typing,kick_waitress_pl_cowboy_sg,NA,kikim gutumbat tivaem,NA,kikim gutumbat tivaem,,NA,124,Fri Feb 28 10:59:59 2020
6nom17,extrapolation,unmarked,final,ti,gu,ComplexPhrase_Typing,kick_cowboy_sg_burglar_pl,burglar,kikim gutivaem nork,NA,kikim gutinegid nork,,NA,125,Fri Feb 28 11:00:37 2020
6nom17,extrapolation,unmarked,final,ti,gu,ComplexPhrase_Typing,kick_waitress_sg_burglar_pl,burglar,kikim gutitumbat nork,NA,kikim gutitumbat nork,,NA,126,Fri Feb 28 11:00:47 2020
6nom17,extrapolation,unmarked,final,ti,gu,ComplexPhrase_Typing,point_chef_sg_waitress_pl,waitress,poinim gutinegid tumbat,NA,poinim gutinegid tumbat,,NA,127,Fri Feb 28 11:00:55 2020
6nom17,extrapolation,unmarked,final,ti,gu,ComplexPhrase_Typing,punch_cowboy_sg_chef_pl,chef,straikim gutivaem negid,NA,straikim gutivaem negid,,NA,128,Fri Feb 28 11:01:03 2020
6nom17,extrapolation,unmarked,final,ti,gu,ComplexPhrase_Typing,kick_cowboy_sg_burglar_pl,burglar,kikim gutivaem nork,NA,kikim gutivaem nork,,NA,129,Fri Feb 28 11:01:09 2020
6nom17,extrapolation,unmarked,final,ti,gu,ComplexPhrase_Typing,kick_waitress_sg_burglar_pl,burglar,kikim gutitumbat nork,NA,kikim gutitumbat nork,,NA,130,Fri Feb 28 11:01:16 2020
6nom17,extrapolation,unmarked,final,ti,gu,ComplexPhrase_Typing,punch_cowboy_sg_chef_pl,chef,straikim gutivaem negid,NA,straikim gutivaem negid,,NA,131,Fri Feb 28 11:01:24 2020
6nom17,extrapolation,unmarked,final,ti,gu,ComplexPhrase_Typing,point_chef_sg_waitress_pl,waitress,poinim gutinegid tumbat,NA,poinim gutinegid tumbat,,NA,132,Fri Feb 28 11:01:38 2020
6nom17,extrapolation,unmarked,final,ti,gu,ComplexPhrase_Typing,punch_cowboy_sg_chef_pl,chef,straikim gutivaem negid,NA,straikim gutivaem negid,,NA,133,Fri Feb 28 11:01:45 2020
6nom17,extrapolation,unmarked,final,ti,gu,ComplexPhrase_Typing,kick_cowboy_sg_burglar_pl,burglar,kikim gutivaem nork,NA,kikim gutivaem nork,,NA,134,Fri Feb 28 11:01:51 2020
6nom17,extrapolation,unmarked,final,ti,gu,ComplexPhrase_Typing,kick_waitress_sg_burglar_pl,burglar,kikim gutitumbat nork,NA,kikim gutitumbat nork,,NA,135,Fri Feb 28 11:01:56 2020
6nom17,extrapolation,unmarked,final,ti,gu,ComplexPhrase_Typing,point_chef_sg_waitress_pl,waitress,poinim gutinegid tumbat,NA,poinim gutinegid tumbat,,NA,136,Fri Feb 28 11:02:04 2020
6nom17,extrapolation,unmarked,final,ti,gu,ComplexPhrase_Testing,point_chef_sg_waitress_pl,waitress,poinim gutinegid tumbat,NA,NA,,NA,137,Fri Feb 28 11:02:41 2020
6nom17,extrapolation,unmarked,final,ti,gu,ComplexPhrase_Testing,point_burglar_pl_waitress_pl,waitress,poinim gunork tumbat,NA,NA,,NA,138,Fri Feb 28 11:02:46 2020
6nom17,extrapolation,unmarked,final,ti,gu,ComplexPhrase_Testing,punch_burglar_sg_chef_pl,chef,straikim gutinork negid,NA,NA,,NA,139,Fri Feb 28 11:02:55 2020
6nom17,extrapolation,unmarked,final,ti,gu,ComplexPhrase_Testing,kick_cowboy_sg_burglar_pl,burglar,kikim gutivaem nork,NA,NA,,NA,140,Fri Feb 28 11:03:02 2020
6nom17,extrapolation,unmarked,final,ti,gu,ComplexPhrase_Testing,punch_waitress_pl_cowboy_sg,NA,straikim gutumbat tivaem,NA,NA,,NA,141,Fri Feb 28 11:03:07 2020
6nom17,extrapolation,unmarked,final,ti,gu,ComplexPhrase_Testing,kick_burglar_sg_cowboy_pl,cowboy,kikim gutinork vaem,NA,NA,,NA,142,Fri Feb 28 11:03:15 2020
6nom17,extrapolation,unmarked,final,ti,gu,ComplexPhrase_Testing,punch_chef_sg_burglar_pl,burglar,straikim gutinegid nork,NA,NA,,NA,143,Fri Feb 28 11:03:21 2020
6nom17,extrapolation,unmarked,final,ti,gu,ComplexPhrase_Testing,kick_burglar_sg_cowboy_pl,cowboy,kikim gutinork vaem,NA,NA,,NA,144,Fri Feb 28 11:03:27 2020
6nom17,extrapolation,unmarked,final,ti,gu,ComplexPhrase_Testing,kick_waitress_sg_chef_pl,chef,kikim gutitumbat negid,NA,NA,,NA,145,Fri Feb 28 11:03:32 2020
6nom17,extrapolation,unmarked,final,ti,gu,ComplexPhrase_Testing,point_waitress_sg_cowboy_pl,cowboy,poinim gutitumbat vaem,NA,NA,,NA,146,Fri Feb 28 11:03:37 2020
6nom17,extrapolation,unmarked,final,ti,gu,ComplexPhrase_Testing,point_chef_sg_waitress_pl,waitress,poinim gutinegid tumbat,NA,NA,,NA,147,Fri Feb 28 11:03:42 2020
6nom17,extrapolation,unmarked,final,ti,gu,ComplexPhrase_Testing,punch_chef_sg_burglar_pl,burglar,straikim gutinegid nork,NA,NA,,NA,148,Fri Feb 28 11:03:46 2020
6nom17,extrapolation,unmarked,final,ti,gu,ComplexPhrase_Testing,chef_two,NA,negid,NA,NA,,NA,149,Fri Feb 28 11:03:48 2020
6nom17,extrapolation,unmarked,final,ti,gu,ComplexPhrase_Testing,point_waitress_pl_cowboy_pl,cowboy,poinim gutumbat vaem,NA,NA,,NA,150,Fri Feb 28 11:04:00 2020
6nom17,extrapolation,unmarked,final,ti,gu,ComplexPhrase_Testing,waitress_two,NA,tumbat,NA,NA,,NA,151,Fri Feb 28 11:04:05 2020
6nom17,extrapolation,unmarked,final,ti,gu,ComplexPhrase_Testing,burglar_two,NA,nork,NA,NA,,NA,152,Fri Feb 28 11:04:09 2020
6nom17,extrapolation,unmarked,final,ti,gu,ComplexPhrase_Testing,point_cowboy_sg_chef_pl,chef,poinim gutivaem negid,NA,NA,,NA,153,Fri Feb 28 11:04:15 2020
6nom17,extrapolation,unmarked,final,ti,gu,ComplexPhrase_Testing,punch_chef_sg_burglar_pl,burglar,straikim gutinegid nork,NA,NA,,NA,154,Fri Feb 28 11:04:19 2020
6nom17,extrapolation,unmarked,final,ti,gu,ComplexPhrase_Testing,punch_burglar_sg_waitress_pl,waitress,straikim gutinork tumbat,NA,NA,,NA,155,Fri Feb 28 11:04:24 2020
6nom17,extrapolation,unmarked,final,ti,gu,ComplexPhrase_Testing,point_cowboy_pl_waitress_pl,waitress,poinim guvaem tumbat,NA,NA,,NA,156,Fri Feb 28 11:04:27 2020
6nom17,extrapolation,unmarked,final,ti,gu,ComplexPhrase_Testing,point_waitress_pl_burglar_sg,NA,poinim gutumbat tinork,NA,NA,,NA,157,Fri Feb 28 11:04:35 2020
6nom17,extrapolation,unmarked,final,ti,gu,ComplexPhrase_Testing,punch_burglar_sg_cowboy_pl,cowboy,straikim gutinork vaem,NA,NA,,NA,158,Fri Feb 28 11:04:43 2020
6nom17,extrapolation,unmarked,final,ti,gu,ComplexPhrase_Testing,point_chef_sg_cowboy_pl,cowboy,poinim gutinegid vaem,NA,NA,,NA,159,Fri Feb 28 11:04:47 2020
6nom17,extrapolation,unmarked,final,ti,gu,ComplexPhrase_Testing,kick_waitress_sg_burglar_pl,burglar,kikim gutitumbat nork,NA,NA,,NA,160,Fri Feb 28 11:04:52 2020
6nom17,extrapolation,unmarked,final,ti,gu,ComplexPhrase_Testing,punch_burglar_sg_chef_pl,chef,straikim gutinork negid,NA,NA,,NA,161,Fri Feb 28 11:04:56 2020
6nom17,extrapolation,unmarked,final,ti,gu,ComplexPhrase_Testing,punch_burglar_sg_cowboy_pl,cowboy,straikim gutinork vaem,NA,NA,,NA,162,Fri Feb 28 11:05:01 2020
6nom17,extrapolation,unmarked,final,ti,gu,ComplexPhrase_Testing,kick_cowboy_sg_burglar_pl,burglar,kikim gutivaem nork,NA,NA,,NA,163,Fri Feb 28 11:05:05 2020
6nom17,extrapolation,unmarked,final,ti,gu,ComplexPhrase_Testing,punch_burglar_sg_waitress_pl,waitress,straikim gutinork tumbat,NA,NA,,NA,164,Fri Feb 28 11:05:10 2020
6nom17,extrapolation,unmarked,final,ti,gu,ComplexPhrase_Testing,punch_burglar_sg_waitress_pl,waitress,straikim gutinork tumbat,NA,NA,,NA,165,Fri Feb 28 11:05:14 2020
6nom17,extrapolation,unmarked,final,ti,gu,ComplexPhrase_Testing,point_waitress_sg_cowboy_pl,cowboy,poinim gutitumbat vaem,NA,NA,,NA,166,Fri Feb 28 11:05:18 2020
6nom17,extrapolation,unmarked,final,ti,gu,ComplexPhrase_Testing,kick_waitress_sg_burglar_pl,burglar,kikim gutitumbat nork,NA,NA,,NA,167,Fri Feb 28 11:05:21 2020
6nom17,extrapolation,unmarked,final,ti,gu,ComplexPhrase_Testing,point_cowboy_sg_chef_pl,chef,poinim gutivaem negid,NA,NA,,NA,168,Fri Feb 28 11:05:25 2020
6nom17,extrapolation,unmarked,final,ti,gu,ComplexPhrase_Testing,punch_burglar_pl_waitress_pl,waitress,straikim gunork tumbat,NA,NA,,NA,169,Fri Feb 28 11:05:28 2020
6nom17,extrapolation,unmarked,final,ti,gu,ComplexPhrase_Testing,kick_burglar_sg_cowboy_pl,cowboy,kikim gutinork vaem,NA,NA,,NA,170,Fri Feb 28 11:05:36 2020
6nom17,extrapolation,unmarked,final,ti,gu,ComplexPhrase_Testing,punch_chef_pl_waitress_sg,NA,straikim gunegid titumbat,NA,NA,,NA,171,Fri Feb 28 11:05:40 2020
6nom17,extrapolation,unmarked,final,ti,gu,ComplexPhrase_Testing,punch_chef_pl_burglar_pl,burglar,straikim gunegid nork,NA,NA,,NA,172,Fri Feb 28 11:05:48 2020
6nom17,extrapolation,unmarked,final,ti,gu,ComplexPhrase_Testing,kick_waitress_sg_burglar_pl,burglar,kikim gutitumbat nork,NA,NA,,NA,173,Fri Feb 28 11:05:55 2020
6nom17,extrapolation,unmarked,final,ti,gu,ComplexPhrase_Testing,kick_waitress_sg_chef_pl,chef,kikim gutitumbat negid,NA,NA,,NA,174,Fri Feb 28 11:06:00 2020
6nom17,extrapolation,unmarked,final,ti,gu,ComplexPhrase_Testing,punch_burglar_sg_cowboy_pl,cowboy,straikim gutinork vaem,NA,NA,,NA,175,Fri Feb 28 11:06:04 2020
6nom17,extrapolation,unmarked,final,ti,gu,ComplexPhrase_Testing,point_chef_sg_cowboy_pl,cowboy,poinim gutinegid vaem,NA,NA,,NA,176,Fri Feb 28 11:06:09 2020
6nom17,extrapolation,unmarked,final,ti,gu,ComplexPhrase_Testing,punch_burglar_sg_chef_pl,chef,straikim gutinork negid,NA,NA,,NA,177,Fri Feb 28 11:06:12 2020
6nom17,extrapolation,unmarked,final,ti,gu,ComplexPhrase_Testing,punch_burglar_pl_waitress_sg,NA,straikim gunork titumbat,NA,NA,,NA,178,Fri Feb 28 11:06:16 2020
6nom17,extrapolation,unmarked,final,ti,gu,ComplexPhrase_Testing,point_cowboy_sg_chef_pl,chef,poinim gutivaem negid,NA,NA,,NA,179,Fri Feb 28 11:06:24 2020
6nom17,extrapolation,unmarked,final,ti,gu,ComplexPhrase_Testing,point_chef_sg_cowboy_pl,cowboy,poinim gutinegid vaem,NA,NA,,NA,180,Fri Feb 28 11:06:28 2020
6nom17,extrapolation,unmarked,final,ti,gu,ComplexPhrase_Testing,kick_waitress_sg_chef_pl,chef,kikim gutitumbat negid,NA,NA,,NA,181,Fri Feb 28 11:06:33 2020
6nom17,extrapolation,unmarked,final,ti,gu,ComplexPhrase_Testing,punch_chef_pl_cowboy_sg,NA,straikim gunegid tivaem,NA,NA,,NA,182,Fri Feb 28 11:06:40 2020
6nom17,extrapolation,unmarked,final,ti,gu,ComplexPhrase_Testing,punch_waitress_pl_cowboy_pl,cowboy,straikim gutumbat vaem,NA,NA,,NA,183,Fri Feb 28 11:06:47 2020
6nom17,extrapolation,unmarked,final,ti,gu,ComplexPhrase_Testing,kick_cowboy_sg_burglar_pl,burglar,kikim gutivaem nork,NA,NA,,NA,184,Fri Feb 28 11:06:56 2020
6nom17,extrapolation,unmarked,final,ti,gu,ComplexPhrase_Testing,cowboy_two,NA,vaem,NA,NA,,NA,185,Fri Feb 28 11:06:58 2020
6nom17,extrapolation,unmarked,final,ti,gu,ComplexPhrase_Testing,point_waitress_sg_cowboy_pl,cowboy,poinim gutitumbat vaem,NA,NA,,NA,186,Fri Feb 28 11:07:03 2020
6nom17,extrapolation,unmarked,final,ti,gu,ComplexPhrase_Testing,point_waitress_pl_chef_sg,NA,poinim gutumbat tinegid,NA,NA,,NA,187,Fri Feb 28 11:07:08 2020
6nom17,extrapolation,unmarked,final,ti,gu,ComplexPhrase_Testing,point_chef_sg_waitress_pl,waitress,poinim gutinegid tumbat,NA,NA,,NA,188,Fri Feb 28 11:07:15 2020
6nom17,extrapolation,unmarked,final,ti,gu,Questionnaire,NA,NA,NA,NA,NA,,it describes who is doing the action,MeaningCase,Fri Feb 28 11:08:21 2020
6nom17,extrapolation,unmarked,final,ti,gu,Questionnaire,NA,NA,NA,NA,NA,,singular,MeaningNum,Fri Feb 28 11:08:21 2020
6nom17,extrapolation,unmarked,final,ti,gu,Questionnaire,NA,NA,NA,NA,NA,,before,OrderCaseNoun,Fri Feb 28 11:08:21 2020
6nom17,extrapolation,unmarked,final,ti,gu,Questionnaire,NA,NA,NA,NA,NA,,before,OrderNumNoun,Fri Feb 28 11:08:21 2020
6nom17,extrapolation,unmarked,final,ti,gu,Questionnaire,NA,NA,NA,NA,NA,,english,Languages,Fri Feb 28 11:08:21 2020
