ID,Condition,MajorityOrder,NounPosition,markerNum,markerCase,Phase,Meaning,NounItem,InputSentence,Selection,TypedResponse,SpokenResponse,AnswerQuest,Trial,date&time
6nom20,extrapolation,unmarked,final,gu,sa,Noun_Training,burglar_two,NA,nork,NA,NA,,NA,1,Fri Feb 28 12:20:04 2020
6nom20,extrapolation,unmarked,final,gu,sa,Noun_Training,cowboy_two,NA,negid,NA,NA,,NA,2,Fri Feb 28 12:20:08 2020
6nom20,extrapolation,unmarked,final,gu,sa,Noun_Training,burglar_two,NA,nork,NA,NA,,NA,3,Fri Feb 28 12:20:13 2020
6nom20,extrapolation,unmarked,final,gu,sa,Noun_Training,burglar_two,NA,nork,NA,NA,,NA,4,Fri Feb 28 12:20:18 2020
6nom20,extrapolation,unmarked,final,gu,sa,Noun_Training,chef_two,NA,tumbat,NA,NA,,NA,5,Fri Feb 28 12:20:23 2020
6nom20,extrapolation,unmarked,final,gu,sa,Noun_Training,waitress_two,NA,vaem,NA,NA,,NA,6,Fri Feb 28 12:20:28 2020
6nom20,extrapolation,unmarked,final,gu,sa,Noun_Training,cowboy_two,NA,negid,NA,NA,,NA,7,Fri Feb 28 12:20:33 2020
6nom20,extrapolation,unmarked,final,gu,sa,Noun_Training,chef_two,NA,tumbat,NA,NA,,NA,8,Fri Feb 28 12:20:38 2020
6nom20,extrapolation,unmarked,final,gu,sa,Noun_Training,cowboy_two,NA,negid,NA,NA,,NA,9,Fri Feb 28 12:20:42 2020
6nom20,extrapolation,unmarked,final,gu,sa,Noun_Training,chef_two,NA,tumbat,NA,NA,,NA,10,Fri Feb 28 12:20:47 2020
6nom20,extrapolation,unmarked,final,gu,sa,Noun_Training,chef_two,NA,tumbat,NA,NA,,NA,11,Fri Feb 28 12:20:52 2020
6nom20,extrapolation,unmarked,final,gu,sa,Noun_Training,cowboy_two,NA,negid,NA,NA,,NA,12,Fri Feb 28 12:20:57 2020
6nom20,extrapolation,unmarked,final,gu,sa,Noun_Training,burglar_two,NA,nork,NA,NA,,NA,13,Fri Feb 28 12:21:02 2020
6nom20,extrapolation,unmarked,final,gu,sa,Noun_Training,chef_two,NA,tumbat,NA,NA,,NA,14,Fri Feb 28 12:21:07 2020
6nom20,extrapolation,unmarked,final,gu,sa,Noun_Training,chef_two,NA,tumbat,NA,NA,,NA,15,Fri Feb 28 12:21:12 2020
6nom20,extrapolation,unmarked,final,gu,sa,Noun_Training,waitress_two,NA,vaem,NA,NA,,NA,16,Fri Feb 28 12:21:16 2020
6nom20,extrapolation,unmarked,final,gu,sa,Noun_Training,waitress_two,NA,vaem,NA,NA,,NA,17,Fri Feb 28 12:21:21 2020
6nom20,extrapolation,unmarked,final,gu,sa,Noun_Training,waitress_two,NA,vaem,NA,NA,,NA,18,Fri Feb 28 12:21:26 2020
6nom20,extrapolation,unmarked,final,gu,sa,Noun_Training,waitress_two,NA,vaem,NA,NA,,NA,19,Fri Feb 28 12:21:31 2020
6nom20,extrapolation,unmarked,final,gu,sa,Noun_Training,cowboy_two,NA,negid,NA,NA,,NA,20,Fri Feb 28 12:21:36 2020
6nom20,extrapolation,unmarked,final,gu,sa,Noun_Training,waitress_two,NA,vaem,NA,NA,,NA,21,Fri Feb 28 12:21:40 2020
6nom20,extrapolation,unmarked,final,gu,sa,Noun_Training,burglar_two,NA,nork,NA,NA,,NA,22,Fri Feb 28 12:21:45 2020
6nom20,extrapolation,unmarked,final,gu,sa,Noun_Training,burglar_two,NA,nork,NA,NA,,NA,23,Fri Feb 28 12:21:50 2020
6nom20,extrapolation,unmarked,final,gu,sa,Noun_Training,cowboy_two,NA,negid,NA,NA,,NA,24,Fri Feb 28 12:21:55 2020
6nom20,extrapolation,unmarked,final,gu,sa,Noun_Selection,waitress_two,NA,vaem,correct,NA,,NA,25,Fri Feb 28 12:22:17 2020
6nom20,extrapolation,unmarked,final,gu,sa,Noun_Selection,chef_two,NA,tumbat,correct,NA,,NA,26,Fri Feb 28 12:22:23 2020
6nom20,extrapolation,unmarked,final,gu,sa,Noun_Selection,burglar_two,NA,nork,correct,NA,,NA,27,Fri Feb 28 12:22:27 2020
6nom20,extrapolation,unmarked,final,gu,sa,Noun_Selection,cowboy_two,NA,negid,correct,NA,,NA,28,Fri Feb 28 12:22:31 2020
6nom20,extrapolation,unmarked,final,gu,sa,Noun_Selection,chef_two,NA,tumbat,correct,NA,,NA,29,Fri Feb 28 12:22:35 2020
6nom20,extrapolation,unmarked,final,gu,sa,Noun_Selection,burglar_two,NA,nork,correct,NA,,NA,30,Fri Feb 28 12:22:39 2020
6nom20,extrapolation,unmarked,final,gu,sa,Noun_Selection,burglar_two,NA,nork,correct,NA,,NA,31,Fri Feb 28 12:22:43 2020
6nom20,extrapolation,unmarked,final,gu,sa,Noun_Selection,chef_two,NA,tumbat,correct,NA,,NA,32,Fri Feb 28 12:22:47 2020
6nom20,extrapolation,unmarked,final,gu,sa,Noun_Selection,cowboy_two,NA,negid,correct,NA,,NA,33,Fri Feb 28 12:22:51 2020
6nom20,extrapolation,unmarked,final,gu,sa,Noun_Selection,waitress_two,NA,vaem,correct,NA,,NA,34,Fri Feb 28 12:22:54 2020
6nom20,extrapolation,unmarked,final,gu,sa,Noun_Selection,cowboy_two,NA,negid,correct,NA,,NA,35,Fri Feb 28 12:22:58 2020
6nom20,extrapolation,unmarked,final,gu,sa,Noun_Selection,waitress_two,NA,vaem,correct,NA,,NA,36,Fri Feb 28 12:23:03 2020
6nom20,extrapolation,unmarked,final,gu,sa,Noun_Testing,chef_two,NA,tumbat,NA,NA,,NA,37,Fri Feb 28 12:23:25 2020
6nom20,extrapolation,unmarked,final,gu,sa,Noun_Testing,waitress_two,NA,vaem,NA,NA,,NA,38,Fri Feb 28 12:23:30 2020
6nom20,extrapolation,unmarked,final,gu,sa,Noun_Testing,cowboy_two,NA,negid,NA,NA,,NA,39,Fri Feb 28 12:23:34 2020
6nom20,extrapolation,unmarked,final,gu,sa,Noun_Testing,chef_two,NA,tumbat,NA,NA,,NA,40,Fri Feb 28 12:23:39 2020
6nom20,extrapolation,unmarked,final,gu,sa,Noun_Testing,cowboy_two,NA,negid,NA,NA,,NA,41,Fri Feb 28 12:23:43 2020
6nom20,extrapolation,unmarked,final,gu,sa,Noun_Testing,cowboy_two,NA,negid,NA,NA,,NA,42,Fri Feb 28 12:23:47 2020
6nom20,extrapolation,unmarked,final,gu,sa,Noun_Testing,waitress_two,NA,vaem,NA,NA,,NA,43,Fri Feb 28 12:23:52 2020
6nom20,extrapolation,unmarked,final,gu,sa,Noun_Testing,burglar_two,NA,nork,NA,NA,,NA,44,Fri Feb 28 12:23:56 2020
6nom20,extrapolation,unmarked,final,gu,sa,Noun_Testing,chef_two,NA,tumbat,NA,NA,,NA,45,Fri Feb 28 12:24:00 2020
6nom20,extrapolation,unmarked,final,gu,sa,Noun_Testing,burglar_two,NA,nork,NA,NA,,NA,46,Fri Feb 28 12:24:06 2020
6nom20,extrapolation,unmarked,final,gu,sa,Noun_Testing,waitress_two,NA,vaem,NA,NA,,NA,47,Fri Feb 28 12:24:10 2020
6nom20,extrapolation,unmarked,final,gu,sa,Noun_Testing,burglar_two,NA,nork,NA,NA,,NA,48,Fri Feb 28 12:24:15 2020
6nom20,extrapolation,unmarked,final,gu,sa,SimplePhrase_Training,kick_waitress_pl_cowboy_pl,NA,kikim savaem negid,NA,NA,,NA,49,Fri Feb 28 12:25:13 2020
6nom20,extrapolation,unmarked,final,gu,sa,SimplePhrase_Training,point_chef_pl_burglar_sg,NA,poinim satumbat gunork,NA,NA,,NA,50,Fri Feb 28 12:25:21 2020
6nom20,extrapolation,unmarked,final,gu,sa,SimplePhrase_Training,point_cowboy_pl_waitress_pl,NA,poinim sanegid vaem,NA,NA,,NA,51,Fri Feb 28 12:25:28 2020
6nom20,extrapolation,unmarked,final,gu,sa,SimplePhrase_Training,punch_waitress_pl_chef_pl,NA,straikim savaem tumbat,NA,NA,,NA,52,Fri Feb 28 12:25:35 2020
6nom20,extrapolation,unmarked,final,gu,sa,SimplePhrase_Training,kick_waitress_pl_burglar_sg,NA,kikim savaem gunork,NA,NA,,NA,53,Fri Feb 28 12:25:43 2020
6nom20,extrapolation,unmarked,final,gu,sa,SimplePhrase_Training,kick_cowboy_pl_chef_pl,NA,kikim sanegid tumbat,NA,NA,,NA,54,Fri Feb 28 12:25:50 2020
6nom20,extrapolation,unmarked,final,gu,sa,SimplePhrase_Training,point_waitress_pl_burglar_pl,NA,poinim savaem nork,NA,NA,,NA,55,Fri Feb 28 12:25:57 2020
6nom20,extrapolation,unmarked,final,gu,sa,SimplePhrase_Training,burglar_two,NA,nork,NA,NA,,NA,56,Fri Feb 28 12:26:02 2020
6nom20,extrapolation,unmarked,final,gu,sa,SimplePhrase_Training,punch_burglar_pl_cowboy_sg,NA,straikim sanork gunegid,NA,NA,,NA,57,Fri Feb 28 12:26:10 2020
6nom20,extrapolation,unmarked,final,gu,sa,SimplePhrase_Training,point_burglar_pl_waitress_pl,NA,poinim sanork vaem,NA,NA,,NA,58,Fri Feb 28 12:26:17 2020
6nom20,extrapolation,unmarked,final,gu,sa,SimplePhrase_Training,cowboy_two,NA,negid,NA,NA,,NA,59,Fri Feb 28 12:26:22 2020
6nom20,extrapolation,unmarked,final,gu,sa,SimplePhrase_Training,point_chef_pl_cowboy_pl,NA,poinim satumbat negid,NA,NA,,NA,60,Fri Feb 28 12:26:29 2020
6nom20,extrapolation,unmarked,final,gu,sa,SimplePhrase_Training,kick_chef_pl_burglar_pl,NA,kikim satumbat nork,NA,NA,,NA,61,Fri Feb 28 12:26:37 2020
6nom20,extrapolation,unmarked,final,gu,sa,SimplePhrase_Training,kick_burglar_pl_cowboy_sg,NA,kikim sanork gunegid,NA,NA,,NA,62,Fri Feb 28 12:26:44 2020
6nom20,extrapolation,unmarked,final,gu,sa,SimplePhrase_Training,kick_cowboy_pl_burglar_pl,NA,kikim sanegid nork,NA,NA,,NA,63,Fri Feb 28 12:26:51 2020
6nom20,extrapolation,unmarked,final,gu,sa,SimplePhrase_Training,waitress_two,NA,vaem,NA,NA,,NA,64,Fri Feb 28 12:26:56 2020
6nom20,extrapolation,unmarked,final,gu,sa,SimplePhrase_Training,kick_chef_pl_waitress_sg,NA,kikim satumbat guvaem,NA,NA,,NA,65,Fri Feb 28 12:27:04 2020
6nom20,extrapolation,unmarked,final,gu,sa,SimplePhrase_Training,punch_cowboy_pl_chef_pl,NA,straikim sanegid tumbat,NA,NA,,NA,66,Fri Feb 28 12:27:11 2020
6nom20,extrapolation,unmarked,final,gu,sa,SimplePhrase_Training,punch_burglar_pl_waitress_sg,NA,straikim sanork guvaem,NA,NA,,NA,67,Fri Feb 28 12:27:19 2020
6nom20,extrapolation,unmarked,final,gu,sa,SimplePhrase_Training,kick_chef_pl_cowboy_pl,NA,kikim satumbat negid,NA,NA,,NA,68,Fri Feb 28 12:27:26 2020
6nom20,extrapolation,unmarked,final,gu,sa,SimplePhrase_Training,point_waitress_pl_cowboy_pl,NA,poinim savaem negid,NA,NA,,NA,69,Fri Feb 28 12:27:33 2020
6nom20,extrapolation,unmarked,final,gu,sa,SimplePhrase_Training,punch_cowboy_pl_burglar_sg,NA,straikim sanegid gunork,NA,NA,,NA,70,Fri Feb 28 12:27:41 2020
6nom20,extrapolation,unmarked,final,gu,sa,SimplePhrase_Training,point_burglar_pl_chef_sg,NA,poinim sanork gutumbat,NA,NA,,NA,71,Fri Feb 28 12:27:49 2020
6nom20,extrapolation,unmarked,final,gu,sa,SimplePhrase_Training,punch_cowboy_pl_waitress_sg,NA,straikim sanegid guvaem,NA,NA,,NA,72,Fri Feb 28 12:27:56 2020
6nom20,extrapolation,unmarked,final,gu,sa,SimplePhrase_Training,chef_two,NA,tumbat,NA,NA,,NA,73,Fri Feb 28 12:28:01 2020
6nom20,extrapolation,unmarked,final,gu,sa,SimplePhrase_Training,point_cowboy_pl_chef_pl,NA,poinim sanegid tumbat,NA,NA,,NA,74,Fri Feb 28 12:28:08 2020
6nom20,extrapolation,unmarked,final,gu,sa,SimplePhrase_Training,punch_waitress_pl_cowboy_sg,NA,straikim savaem gunegid,NA,NA,,NA,75,Fri Feb 28 12:28:16 2020
6nom20,extrapolation,unmarked,final,gu,sa,SimplePhrase_Training,kick_waitress_pl_chef_pl,NA,kikim savaem tumbat,NA,NA,,NA,76,Fri Feb 28 12:28:23 2020
6nom20,extrapolation,unmarked,final,gu,sa,SimplePhrase_Training,burglar_two,NA,nork,NA,NA,,NA,77,Fri Feb 28 12:28:28 2020
6nom20,extrapolation,unmarked,final,gu,sa,SimplePhrase_Training,punch_chef_pl_waitress_pl,NA,straikim satumbat vaem,NA,NA,,NA,78,Fri Feb 28 12:28:35 2020
6nom20,extrapolation,unmarked,final,gu,sa,SimplePhrase_Training,kick_burglar_pl_waitress_sg,NA,kikim sanork guvaem,NA,NA,,NA,79,Fri Feb 28 12:28:43 2020
6nom20,extrapolation,unmarked,final,gu,sa,SimplePhrase_Training,point_chef_pl_waitress_sg,NA,poinim satumbat guvaem,NA,NA,,NA,80,Fri Feb 28 12:28:50 2020
6nom20,extrapolation,unmarked,final,gu,sa,SimplePhrase_Training,point_cowboy_pl_burglar_sg,NA,poinim sanegid gunork,NA,NA,,NA,81,Fri Feb 28 12:28:58 2020
6nom20,extrapolation,unmarked,final,gu,sa,SimplePhrase_Training,point_burglar_pl_cowboy_sg,NA,poinim sanork gunegid,NA,NA,,NA,82,Fri Feb 28 12:29:05 2020
6nom20,extrapolation,unmarked,final,gu,sa,SimplePhrase_Training,kick_burglar_pl_chef_sg,NA,kikim sanork gutumbat,NA,NA,,NA,83,Fri Feb 28 12:29:13 2020
6nom20,extrapolation,unmarked,final,gu,sa,SimplePhrase_Training,chef_two,NA,tumbat,NA,NA,,NA,84,Fri Feb 28 12:29:18 2020
6nom20,extrapolation,unmarked,final,gu,sa,SimplePhrase_Training,point_waitress_pl_chef_sg,NA,poinim savaem gutumbat,NA,NA,,NA,85,Fri Feb 28 12:29:25 2020
6nom20,extrapolation,unmarked,final,gu,sa,SimplePhrase_Training,punch_chef_pl_cowboy_pl,NA,straikim satumbat negid,NA,NA,,NA,86,Fri Feb 28 12:29:33 2020
6nom20,extrapolation,unmarked,final,gu,sa,SimplePhrase_Training,kick_cowboy_pl_waitress_sg,NA,kikim sanegid guvaem,NA,NA,,NA,87,Fri Feb 28 12:29:40 2020
6nom20,extrapolation,unmarked,final,gu,sa,SimplePhrase_Training,punch_waitress_pl_burglar_pl,NA,straikim savaem nork,NA,NA,,NA,88,Fri Feb 28 12:29:48 2020
6nom20,extrapolation,unmarked,final,gu,sa,SimplePhrase_Training,punch_burglar_pl_chef_pl,NA,straikim sanork tumbat,NA,NA,,NA,89,Fri Feb 28 12:29:55 2020
6nom20,extrapolation,unmarked,final,gu,sa,SimplePhrase_Training,cowboy_two,NA,negid,NA,NA,,NA,90,Fri Feb 28 12:30:00 2020
6nom20,extrapolation,unmarked,final,gu,sa,SimplePhrase_Training,waitress_two,NA,vaem,NA,NA,,NA,91,Fri Feb 28 12:30:05 2020
6nom20,extrapolation,unmarked,final,gu,sa,SimplePhrase_Training,punch_chef_pl_burglar_sg,NA,straikim satumbat gunork,NA,NA,,NA,92,Fri Feb 28 12:30:12 2020
6nom20,extrapolation,unmarked,final,gu,sa,SimplePhrase_Comprehension,kick_chef_pl_cowboy_sg,NA,kikim satumbat gunegid,correct,NA,,NA,93,Fri Feb 28 12:30:41 2020
6nom20,extrapolation,unmarked,final,gu,sa,SimplePhrase_Comprehension,point_burglar_pl_chef_pl,NA,poinim sanork tumbat,correct,NA,,NA,94,Fri Feb 28 12:30:50 2020
6nom20,extrapolation,unmarked,final,gu,sa,SimplePhrase_Comprehension,punch_chef_pl_waitress_sg,NA,straikim satumbat guvaem,correct,NA,,NA,95,Fri Feb 28 12:30:58 2020
6nom20,extrapolation,unmarked,final,gu,sa,SimplePhrase_Comprehension,punch_cowboy_pl_chef_sg,NA,straikim sanegid gutumbat,correct,NA,,NA,96,Fri Feb 28 12:31:08 2020
6nom20,extrapolation,unmarked,final,gu,sa,SimplePhrase_Comprehension,punch_burglar_pl_chef_sg,NA,straikim sanork gutumbat,correct,NA,,NA,97,Fri Feb 28 12:31:16 2020
6nom20,extrapolation,unmarked,final,gu,sa,SimplePhrase_Comprehension,punch_burglar_pl_cowboy_pl,NA,straikim sanork negid,correct,NA,,NA,98,Fri Feb 28 12:31:24 2020
6nom20,extrapolation,unmarked,final,gu,sa,SimplePhrase_Comprehension,punch_cowboy_pl_burglar_pl,NA,straikim sanegid nork,correct,NA,,NA,99,Fri Feb 28 12:31:33 2020
6nom20,extrapolation,unmarked,final,gu,sa,SimplePhrase_Comprehension,kick_burglar_pl_cowboy_pl,NA,kikim sanork negid,correct,NA,,NA,100,Fri Feb 28 12:31:41 2020
6nom20,extrapolation,unmarked,final,gu,sa,SimplePhrase_Comprehension,punch_cowboy_pl_waitress_pl,NA,straikim sanegid vaem,correct,NA,,NA,101,Fri Feb 28 12:31:49 2020
6nom20,extrapolation,unmarked,final,gu,sa,SimplePhrase_Comprehension,point_cowboy_pl_burglar_pl,NA,poinim sanegid nork,correct,NA,,NA,102,Fri Feb 28 12:31:55 2020
6nom20,extrapolation,unmarked,final,gu,sa,SimplePhrase_Comprehension,punch_waitress_pl_chef_sg,NA,straikim savaem gutumbat,correct,NA,,NA,103,Fri Feb 28 12:32:03 2020
6nom20,extrapolation,unmarked,final,gu,sa,SimplePhrase_Comprehension,point_cowboy_pl_chef_sg,NA,poinim sanegid gutumbat,correct,NA,,NA,104,Fri Feb 28 12:32:11 2020
6nom20,extrapolation,unmarked,final,gu,sa,SimplePhrase_Comprehension,kick_waitress_pl_cowboy_sg,NA,kikim savaem gunegid,correct,NA,,NA,105,Fri Feb 28 12:32:19 2020
6nom20,extrapolation,unmarked,final,gu,sa,SimplePhrase_Comprehension,point_chef_pl_burglar_pl,NA,poinim satumbat nork,correct,NA,,NA,106,Fri Feb 28 12:32:27 2020
6nom20,extrapolation,unmarked,final,gu,sa,SimplePhrase_Comprehension,kick_chef_pl_burglar_sg,NA,kikim satumbat gunork,correct,NA,,NA,107,Fri Feb 28 12:32:34 2020
6nom20,extrapolation,unmarked,final,gu,sa,SimplePhrase_Comprehension,point_waitress_pl_burglar_sg,NA,poinim savaem gunork,correct,NA,,NA,108,Fri Feb 28 12:32:43 2020
6nom20,extrapolation,unmarked,final,gu,sa,SimplePhrase_Comprehension,kick_burglar_pl_chef_pl,NA,kikim sanork tumbat,correct,NA,,NA,109,Fri Feb 28 12:32:52 2020
6nom20,extrapolation,unmarked,final,gu,sa,SimplePhrase_Comprehension,kick_cowboy_pl_waitress_pl,NA,kikim sanegid vaem,correct,NA,,NA,110,Fri Feb 28 12:32:58 2020
6nom20,extrapolation,unmarked,final,gu,sa,SimplePhrase_Comprehension,point_burglar_pl_cowboy_pl,NA,poinim sanork negid,correct,NA,,NA,111,Fri Feb 28 12:33:05 2020
6nom20,extrapolation,unmarked,final,gu,sa,SimplePhrase_Comprehension,punch_chef_pl_cowboy_sg,NA,straikim satumbat gunegid,correct,NA,,NA,112,Fri Feb 28 12:33:11 2020
6nom20,extrapolation,unmarked,final,gu,sa,SimplePhrase_Typing,cowboy_two,NA,negid,NA,negid,,NA,113,Fri Feb 28 12:33:47 2020
6nom20,extrapolation,unmarked,final,gu,sa,SimplePhrase_Typing,kick_cowboy_pl_waitress_sg,NA,kikim sanegid guvaem,NA,kikim sanegid guvaem,,NA,114,Fri Feb 28 12:34:13 2020
6nom20,extrapolation,unmarked,final,gu,sa,SimplePhrase_Typing,point_cowboy_pl_chef_pl,NA,poinim sanegid tumbat,NA,poinim sanegid tumbat,,NA,115,Fri Feb 28 12:34:34 2020
6nom20,extrapolation,unmarked,final,gu,sa,SimplePhrase_Typing,punch_waitress_pl_cowboy_sg,NA,straikim savaem gunegid,NA,straikim savaem gunegid,,NA,116,Fri Feb 28 12:34:50 2020
6nom20,extrapolation,unmarked,final,gu,sa,SimplePhrase_Typing,kick_waitress_pl_burglar_sg,NA,kikim savaem gunork,NA,kikim savaem gunork,,NA,117,Fri Feb 28 12:35:02 2020
6nom20,extrapolation,unmarked,final,gu,sa,SimplePhrase_Typing,punch_burglar_pl_chef_pl,NA,straikim sanork tumbat,NA,straikim sanork tumbat,,NA,118,Fri Feb 28 12:35:19 2020
6nom20,extrapolation,unmarked,final,gu,sa,SimplePhrase_Typing,kick_cowboy_pl_chef_pl,NA,kikim sanegid tumbat,NA,kikim sanegid tumbat,,NA,119,Fri Feb 28 12:35:35 2020
6nom20,extrapolation,unmarked,final,gu,sa,SimplePhrase_Typing,chef_two,NA,tumbat,NA,tumbat,,NA,120,Fri Feb 28 12:35:42 2020
6nom20,extrapolation,unmarked,final,gu,sa,SimplePhrase_Typing,burglar_two,NA,nork,NA,nork,,NA,121,Fri Feb 28 12:35:49 2020
6nom20,extrapolation,unmarked,final,gu,sa,SimplePhrase_Typing,point_chef_pl_cowboy_pl,NA,poinim satumbat negid,NA,poinim satumbat negid,,NA,122,Fri Feb 28 12:36:04 2020
6nom20,extrapolation,unmarked,final,gu,sa,SimplePhrase_Typing,punch_burglar_pl_waitress_sg,NA,straikim sanork guvaem,NA,straikim sanork guvaem,,NA,123,Fri Feb 28 12:36:20 2020
6nom20,extrapolation,unmarked,final,gu,sa,SimplePhrase_Typing,waitress_two,NA,vaem,NA,vaem,,NA,124,Fri Feb 28 12:36:27 2020
6nom20,extrapolation,unmarked,final,gu,sa,ComplexPhrase_Typing,point_waitress_sg_cowboy_pl,cowboy,poinim saguvaem negid,NA,poinim saguvaem negid,,NA,125,Fri Feb 28 12:37:15 2020
6nom20,extrapolation,unmarked,final,gu,sa,ComplexPhrase_Typing,point_chef_sg_burglar_pl,burglar,poinim sagutumbat nork,NA,poinim sagutumbat nork,,NA,126,Fri Feb 28 12:37:30 2020
6nom20,extrapolation,unmarked,final,gu,sa,ComplexPhrase_Typing,point_burglar_sg_waitress_pl,waitress,poinim sagunork vaem,NA,poinim gusanork vaem,,NA,127,Fri Feb 28 12:37:47 2020
6nom20,extrapolation,unmarked,final,gu,sa,ComplexPhrase_Typing,kick_chef_sg_cowboy_pl,cowboy,kikim sagutumbat negid,NA,kikim sagutumbat negid,,NA,128,Fri Feb 28 12:37:58 2020
6nom20,extrapolation,unmarked,final,gu,sa,ComplexPhrase_Typing,point_burglar_sg_waitress_pl,waitress,poinim sagunork vaem,NA,poinim sagunork vaem,,NA,129,Fri Feb 28 12:38:09 2020
6nom20,extrapolation,unmarked,final,gu,sa,ComplexPhrase_Typing,point_chef_sg_burglar_pl,burglar,poinim sagutumbat nork,NA,poinim sagutumbat nork,,NA,130,Fri Feb 28 12:38:20 2020
6nom20,extrapolation,unmarked,final,gu,sa,ComplexPhrase_Typing,kick_chef_sg_cowboy_pl,cowboy,kikim sagutumbat negid,NA,kikim sagutumbat negid,,NA,131,Fri Feb 28 12:38:32 2020
6nom20,extrapolation,unmarked,final,gu,sa,ComplexPhrase_Typing,point_waitress_sg_cowboy_pl,cowboy,poinim saguvaem negid,NA,poinim saguvaem negid,,NA,132,Fri Feb 28 12:38:40 2020
6nom20,extrapolation,unmarked,final,gu,sa,ComplexPhrase_Typing,point_chef_sg_burglar_pl,burglar,poinim sagutumbat nork,NA,poinim sagutumbat nork,,NA,133,Fri Feb 28 12:38:51 2020
6nom20,extrapolation,unmarked,final,gu,sa,ComplexPhrase_Typing,point_burglar_sg_waitress_pl,waitress,poinim sagunork vaem,NA,poinim sagunork vaem,,NA,134,Fri Feb 28 12:38:59 2020
6nom20,extrapolation,unmarked,final,gu,sa,ComplexPhrase_Typing,kick_chef_sg_cowboy_pl,cowboy,kikim sagutumbat negid,NA,kikim sagutumbat negid,,NA,135,Fri Feb 28 12:39:07 2020
6nom20,extrapolation,unmarked,final,gu,sa,ComplexPhrase_Typing,point_waitress_sg_cowboy_pl,cowboy,poinim saguvaem negid,NA,poinim saguvaem negid,,NA,136,Fri Feb 28 12:39:14 2020
6nom20,extrapolation,unmarked,final,gu,sa,ComplexPhrase_Testing,point_burglar_sg_cowboy_pl,cowboy,poinim sagunork negid,NA,NA,,NA,137,Fri Feb 28 12:40:01 2020
6nom20,extrapolation,unmarked,final,gu,sa,ComplexPhrase_Testing,kick_chef_sg_cowboy_pl,cowboy,kikim sagutumbat negid,NA,NA,,NA,138,Fri Feb 28 12:40:11 2020
6nom20,extrapolation,unmarked,final,gu,sa,ComplexPhrase_Testing,point_cowboy_sg_waitress_pl,waitress,poinim sagunegid vaem,NA,NA,,NA,139,Fri Feb 28 12:40:19 2020
6nom20,extrapolation,unmarked,final,gu,sa,ComplexPhrase_Testing,point_cowboy_sg_waitress_pl,waitress,poinim sagunegid vaem,NA,NA,,NA,140,Fri Feb 28 12:40:27 2020
6nom20,extrapolation,unmarked,final,gu,sa,ComplexPhrase_Testing,punch_cowboy_sg_chef_pl,chef,straikim sagunegid tumbat,NA,NA,,NA,141,Fri Feb 28 12:40:36 2020
6nom20,extrapolation,unmarked,final,gu,sa,ComplexPhrase_Testing,kick_cowboy_sg_burglar_pl,burglar,kikim sagunegid nork,NA,NA,,NA,142,Fri Feb 28 12:40:44 2020
6nom20,extrapolation,unmarked,final,gu,sa,ComplexPhrase_Testing,point_cowboy_sg_chef_pl,chef,poinim sagunegid tumbat,NA,NA,,NA,143,Fri Feb 28 12:40:51 2020
6nom20,extrapolation,unmarked,final,gu,sa,ComplexPhrase_Testing,point_chef_sg_burglar_pl,burglar,poinim sagutumbat nork,NA,NA,,NA,144,Fri Feb 28 12:40:57 2020
6nom20,extrapolation,unmarked,final,gu,sa,ComplexPhrase_Testing,kick_burglar_sg_cowboy_pl,cowboy,kikim sagunork negid,NA,NA,,NA,145,Fri Feb 28 12:41:06 2020
6nom20,extrapolation,unmarked,final,gu,sa,ComplexPhrase_Testing,punch_cowboy_sg_chef_pl,chef,straikim sagunegid tumbat,NA,NA,,NA,146,Fri Feb 28 12:41:14 2020
6nom20,extrapolation,unmarked,final,gu,sa,ComplexPhrase_Testing,punch_chef_sg_waitress_pl,waitress,straikim sagutumbat vaem,NA,NA,,NA,147,Fri Feb 28 12:41:21 2020
6nom20,extrapolation,unmarked,final,gu,sa,ComplexPhrase_Testing,kick_burglar_sg_cowboy_pl,cowboy,kikim sagunork negid,NA,NA,,NA,148,Fri Feb 28 12:41:28 2020
6nom20,extrapolation,unmarked,final,gu,sa,ComplexPhrase_Testing,point_burglar_sg_cowboy_pl,cowboy,poinim sagunork negid,NA,NA,,NA,149,Fri Feb 28 12:41:35 2020
6nom20,extrapolation,unmarked,final,gu,sa,ComplexPhrase_Testing,point_waitress_sg_burglar_pl,burglar,poinim saguvaem nork,NA,NA,,NA,150,Fri Feb 28 12:41:41 2020
6nom20,extrapolation,unmarked,final,gu,sa,ComplexPhrase_Testing,punch_cowboy_pl_waitress_pl,waitress,straikim sanegid vaem,NA,NA,,NA,151,Fri Feb 28 12:41:49 2020
6nom20,extrapolation,unmarked,final,gu,sa,ComplexPhrase_Testing,kick_waitress_pl_cowboy_pl,cowboy,kikim savaem negid,NA,NA,,NA,152,Fri Feb 28 12:42:01 2020
6nom20,extrapolation,unmarked,final,gu,sa,ComplexPhrase_Testing,punch_cowboy_sg_chef_pl,chef,straikim sagunegid tumbat,NA,NA,,NA,153,Fri Feb 28 12:42:11 2020
6nom20,extrapolation,unmarked,final,gu,sa,ComplexPhrase_Testing,kick_cowboy_sg_burglar_pl,burglar,kikim sagunegid nork,NA,NA,,NA,154,Fri Feb 28 12:42:17 2020
6nom20,extrapolation,unmarked,final,gu,sa,ComplexPhrase_Testing,waitress_two,NA,vaem,NA,NA,,NA,155,Fri Feb 28 12:42:19 2020
6nom20,extrapolation,unmarked,final,gu,sa,ComplexPhrase_Testing,punch_burglar_pl_cowboy_pl,cowboy,straikim sanork negid,NA,NA,,NA,156,Fri Feb 28 12:42:27 2020
6nom20,extrapolation,unmarked,final,gu,sa,ComplexPhrase_Testing,kick_waitress_sg_cowboy_pl,cowboy,kikim saguvaem negid,NA,NA,,NA,157,Fri Feb 28 12:42:36 2020
6nom20,extrapolation,unmarked,final,gu,sa,ComplexPhrase_Testing,kick_cowboy_sg_burglar_pl,burglar,kikim sagunegid nork,NA,NA,,NA,158,Fri Feb 28 12:42:42 2020
6nom20,extrapolation,unmarked,final,gu,sa,ComplexPhrase_Testing,cowboy_two,NA,negid,NA,NA,,NA,159,Fri Feb 28 12:42:45 2020
6nom20,extrapolation,unmarked,final,gu,sa,ComplexPhrase_Testing,kick_chef_sg_cowboy_pl,cowboy,kikim sagutumbat negid,NA,NA,,NA,160,Fri Feb 28 12:42:53 2020
6nom20,extrapolation,unmarked,final,gu,sa,ComplexPhrase_Testing,point_chef_sg_burglar_pl,burglar,poinim sagutumbat nork,NA,NA,,NA,161,Fri Feb 28 12:42:59 2020
6nom20,extrapolation,unmarked,final,gu,sa,ComplexPhrase_Testing,point_burglar_sg_cowboy_pl,cowboy,poinim sagunork negid,NA,NA,,NA,162,Fri Feb 28 12:43:06 2020
6nom20,extrapolation,unmarked,final,gu,sa,ComplexPhrase_Testing,point_cowboy_sg_chef_pl,chef,poinim sagunegid tumbat,NA,NA,,NA,163,Fri Feb 28 12:43:13 2020
6nom20,extrapolation,unmarked,final,gu,sa,ComplexPhrase_Testing,kick_waitress_sg_chef_pl,chef,kikim saguvaem tumbat,NA,NA,,NA,164,Fri Feb 28 12:43:19 2020
6nom20,extrapolation,unmarked,final,gu,sa,ComplexPhrase_Testing,kick_waitress_sg_chef_pl,chef,kikim saguvaem tumbat,NA,NA,,NA,165,Fri Feb 28 12:43:26 2020
6nom20,extrapolation,unmarked,final,gu,sa,ComplexPhrase_Testing,kick_burglar_sg_cowboy_pl,cowboy,kikim sagunork negid,NA,NA,,NA,166,Fri Feb 28 12:43:31 2020
6nom20,extrapolation,unmarked,final,gu,sa,ComplexPhrase_Testing,point_waitress_pl_cowboy_sg,NA,poinim savaem gunegid,NA,NA,,NA,167,Fri Feb 28 12:43:37 2020
6nom20,extrapolation,unmarked,final,gu,sa,ComplexPhrase_Testing,punch_chef_sg_waitress_pl,waitress,straikim sagutumbat vaem,NA,NA,,NA,168,Fri Feb 28 12:43:50 2020
6nom20,extrapolation,unmarked,final,gu,sa,ComplexPhrase_Testing,point_chef_sg_burglar_pl,burglar,poinim sagutumbat nork,NA,NA,,NA,169,Fri Feb 28 12:43:57 2020
6nom20,extrapolation,unmarked,final,gu,sa,ComplexPhrase_Testing,kick_chef_pl_cowboy_pl,cowboy,kikim satumbat negid,NA,NA,,NA,170,Fri Feb 28 12:44:02 2020
6nom20,extrapolation,unmarked,final,gu,sa,ComplexPhrase_Testing,kick_waitress_sg_cowboy_pl,cowboy,kikim saguvaem negid,NA,NA,,NA,171,Fri Feb 28 12:44:11 2020
6nom20,extrapolation,unmarked,final,gu,sa,ComplexPhrase_Testing,point_burglar_pl_chef_pl,chef,poinim sanork tumbat,NA,NA,,NA,172,Fri Feb 28 12:44:18 2020
6nom20,extrapolation,unmarked,final,gu,sa,ComplexPhrase_Testing,point_waitress_sg_burglar_pl,burglar,poinim saguvaem nork,NA,NA,,NA,173,Fri Feb 28 12:44:28 2020
6nom20,extrapolation,unmarked,final,gu,sa,ComplexPhrase_Testing,punch_burglar_pl_cowboy_sg,NA,straikim sanork gunegid,NA,NA,,NA,174,Fri Feb 28 12:44:34 2020
6nom20,extrapolation,unmarked,final,gu,sa,ComplexPhrase_Testing,burglar_two,NA,nork,NA,NA,,NA,175,Fri Feb 28 12:44:40 2020
6nom20,extrapolation,unmarked,final,gu,sa,ComplexPhrase_Testing,chef_two,NA,tumbat,NA,NA,,NA,176,Fri Feb 28 12:44:45 2020
6nom20,extrapolation,unmarked,final,gu,sa,ComplexPhrase_Testing,kick_waitress_pl_burglar_pl,burglar,kikim savaem nork,NA,NA,,NA,177,Fri Feb 28 12:44:53 2020
6nom20,extrapolation,unmarked,final,gu,sa,ComplexPhrase_Testing,punch_chef_sg_waitress_pl,waitress,straikim sagutumbat vaem,NA,NA,,NA,178,Fri Feb 28 12:45:04 2020
6nom20,extrapolation,unmarked,final,gu,sa,ComplexPhrase_Testing,kick_chef_pl_burglar_sg,NA,kikim satumbat gunork,NA,NA,,NA,179,Fri Feb 28 12:45:12 2020
6nom20,extrapolation,unmarked,final,gu,sa,ComplexPhrase_Testing,point_chef_pl_waitress_sg,NA,poinim satumbat guvaem,NA,NA,,NA,180,Fri Feb 28 12:45:21 2020
6nom20,extrapolation,unmarked,final,gu,sa,ComplexPhrase_Testing,kick_waitress_pl_burglar_sg,NA,kikim savaem gunork,NA,NA,,NA,181,Fri Feb 28 12:45:32 2020
6nom20,extrapolation,unmarked,final,gu,sa,ComplexPhrase_Testing,point_waitress_sg_burglar_pl,burglar,poinim saguvaem nork,NA,NA,,NA,182,Fri Feb 28 12:45:45 2020
6nom20,extrapolation,unmarked,final,gu,sa,ComplexPhrase_Testing,punch_chef_pl_burglar_sg,NA,straikim satumbat gunork,NA,NA,,NA,183,Fri Feb 28 12:45:53 2020
6nom20,extrapolation,unmarked,final,gu,sa,ComplexPhrase_Testing,point_cowboy_sg_chef_pl,chef,poinim sagunegid tumbat,NA,NA,,NA,184,Fri Feb 28 12:46:05 2020
6nom20,extrapolation,unmarked,final,gu,sa,ComplexPhrase_Testing,point_cowboy_sg_waitress_pl,waitress,poinim sagunegid vaem,NA,NA,,NA,185,Fri Feb 28 12:46:12 2020
6nom20,extrapolation,unmarked,final,gu,sa,ComplexPhrase_Testing,kick_waitress_sg_chef_pl,chef,kikim saguvaem tumbat,NA,NA,,NA,186,Fri Feb 28 12:46:18 2020
6nom20,extrapolation,unmarked,final,gu,sa,ComplexPhrase_Testing,kick_waitress_sg_cowboy_pl,cowboy,kikim saguvaem negid,NA,NA,,NA,187,Fri Feb 28 12:46:23 2020
6nom20,extrapolation,unmarked,final,gu,sa,ComplexPhrase_Testing,kick_chef_sg_cowboy_pl,cowboy,kikim sagutumbat negid,NA,NA,,NA,188,Fri Feb 28 12:46:29 2020
6nom20,extrapolation,unmarked,final,gu,sa,Questionnaire,NA,NA,NA,NA,NA,,that the noun performs the action,MeaningCase,Fri Feb 28 12:48:03 2020
6nom20,extrapolation,unmarked,final,gu,sa,Questionnaire,NA,NA,NA,NA,NA,,that the noun is singular,MeaningNum,Fri Feb 28 12:48:03 2020
6nom20,extrapolation,unmarked,final,gu,sa,Questionnaire,NA,NA,NA,NA,NA,,before,OrderCaseNoun,Fri Feb 28 12:48:03 2020
6nom20,extrapolation,unmarked,final,gu,sa,Questionnaire,NA,NA,NA,NA,NA,,before,OrderNumNoun,Fri Feb 28 12:48:03 2020
6nom20,extrapolation,unmarked,final,gu,sa,Questionnaire,NA,NA,NA,NA,NA,,English and French,Languages,Fri Feb 28 12:48:03 2020
