ID,Condition,MajorityOrder,NounPosition,markerNum,markerCase,Phase,Meaning,NounItem,InputSentence,Selection,TypedResponse,SpokenResponse,AnswerQuest,Trial,date&time
6nom05,extrapolation,unmarked,final,sa,ti,Noun_Training,waitress_two,NA,negid,NA,NA,,NA,1,Thu Feb  6 15:03:24 2020
6nom05,extrapolation,unmarked,final,sa,ti,Noun_Training,burglar_two,NA,tumbat,NA,NA,,NA,2,Thu Feb  6 15:03:29 2020
6nom05,extrapolation,unmarked,final,sa,ti,Noun_Training,burglar_two,NA,tumbat,NA,NA,,NA,3,Thu Feb  6 15:03:34 2020
6nom05,extrapolation,unmarked,final,sa,ti,Noun_Training,chef_two,NA,nork,NA,NA,,NA,4,Thu Feb  6 15:03:39 2020
6nom05,extrapolation,unmarked,final,sa,ti,Noun_Training,waitress_two,NA,negid,NA,NA,,NA,5,Thu Feb  6 15:03:44 2020
6nom05,extrapolation,unmarked,final,sa,ti,Noun_Training,waitress_two,NA,negid,NA,NA,,NA,6,Thu Feb  6 15:03:49 2020
6nom05,extrapolation,unmarked,final,sa,ti,Noun_Training,chef_two,NA,nork,NA,NA,,NA,7,Thu Feb  6 15:03:54 2020
6nom05,extrapolation,unmarked,final,sa,ti,Noun_Training,burglar_two,NA,tumbat,NA,NA,,NA,8,Thu Feb  6 15:03:59 2020
6nom05,extrapolation,unmarked,final,sa,ti,Noun_Training,cowboy_two,NA,vaem,NA,NA,,NA,9,Thu Feb  6 15:04:03 2020
6nom05,extrapolation,unmarked,final,sa,ti,Noun_Training,waitress_two,NA,negid,NA,NA,,NA,10,Thu Feb  6 15:04:08 2020
6nom05,extrapolation,unmarked,final,sa,ti,Noun_Training,burglar_two,NA,tumbat,NA,NA,,NA,11,Thu Feb  6 15:04:13 2020
6nom05,extrapolation,unmarked,final,sa,ti,Noun_Training,waitress_two,NA,negid,NA,NA,,NA,12,Thu Feb  6 15:04:18 2020
6nom05,extrapolation,unmarked,final,sa,ti,Noun_Training,burglar_two,NA,tumbat,NA,NA,,NA,13,Thu Feb  6 15:04:23 2020
6nom05,extrapolation,unmarked,final,sa,ti,Noun_Training,chef_two,NA,nork,NA,NA,,NA,14,Thu Feb  6 15:04:28 2020
6nom05,extrapolation,unmarked,final,sa,ti,Noun_Training,chef_two,NA,nork,NA,NA,,NA,15,Thu Feb  6 15:04:33 2020
6nom05,extrapolation,unmarked,final,sa,ti,Noun_Training,cowboy_two,NA,vaem,NA,NA,,NA,16,Thu Feb  6 15:04:37 2020
6nom05,extrapolation,unmarked,final,sa,ti,Noun_Training,cowboy_two,NA,vaem,NA,NA,,NA,17,Thu Feb  6 15:04:42 2020
6nom05,extrapolation,unmarked,final,sa,ti,Noun_Training,burglar_two,NA,tumbat,NA,NA,,NA,18,Thu Feb  6 15:04:47 2020
6nom05,extrapolation,unmarked,final,sa,ti,Noun_Training,cowboy_two,NA,vaem,NA,NA,,NA,19,Thu Feb  6 15:04:52 2020
6nom05,extrapolation,unmarked,final,sa,ti,Noun_Training,chef_two,NA,nork,NA,NA,,NA,20,Thu Feb  6 15:04:57 2020
6nom05,extrapolation,unmarked,final,sa,ti,Noun_Training,chef_two,NA,nork,NA,NA,,NA,21,Thu Feb  6 15:05:02 2020
6nom05,extrapolation,unmarked,final,sa,ti,Noun_Training,cowboy_two,NA,vaem,NA,NA,,NA,22,Thu Feb  6 15:05:06 2020
6nom05,extrapolation,unmarked,final,sa,ti,Noun_Training,cowboy_two,NA,vaem,NA,NA,,NA,23,Thu Feb  6 15:05:11 2020
6nom05,extrapolation,unmarked,final,sa,ti,Noun_Training,waitress_two,NA,negid,NA,NA,,NA,24,Thu Feb  6 15:05:16 2020
6nom05,extrapolation,unmarked,final,sa,ti,Noun_Selection,cowboy_two,NA,vaem,correct,NA,,NA,25,Thu Feb  6 15:05:39 2020
6nom05,extrapolation,unmarked,final,sa,ti,Noun_Selection,cowboy_two,NA,vaem,correct,NA,,NA,26,Thu Feb  6 15:05:43 2020
6nom05,extrapolation,unmarked,final,sa,ti,Noun_Selection,chef_two,NA,nork,correct,NA,,NA,27,Thu Feb  6 15:05:46 2020
6nom05,extrapolation,unmarked,final,sa,ti,Noun_Selection,chef_two,NA,nork,correct,NA,,NA,28,Thu Feb  6 15:05:49 2020
6nom05,extrapolation,unmarked,final,sa,ti,Noun_Selection,cowboy_two,NA,vaem,correct,NA,,NA,29,Thu Feb  6 15:05:53 2020
6nom05,extrapolation,unmarked,final,sa,ti,Noun_Selection,waitress_two,NA,negid,correct,NA,,NA,30,Thu Feb  6 15:05:56 2020
6nom05,extrapolation,unmarked,final,sa,ti,Noun_Selection,burglar_two,NA,tumbat,correct,NA,,NA,31,Thu Feb  6 15:06:00 2020
6nom05,extrapolation,unmarked,final,sa,ti,Noun_Selection,burglar_two,NA,tumbat,correct,NA,,NA,32,Thu Feb  6 15:06:03 2020
6nom05,extrapolation,unmarked,final,sa,ti,Noun_Selection,burglar_two,NA,tumbat,correct,NA,,NA,33,Thu Feb  6 15:06:06 2020
6nom05,extrapolation,unmarked,final,sa,ti,Noun_Selection,chef_two,NA,nork,correct,NA,,NA,34,Thu Feb  6 15:06:10 2020
6nom05,extrapolation,unmarked,final,sa,ti,Noun_Selection,waitress_two,NA,negid,correct,NA,,NA,35,Thu Feb  6 15:06:13 2020
6nom05,extrapolation,unmarked,final,sa,ti,Noun_Selection,waitress_two,NA,negid,correct,NA,,NA,36,Thu Feb  6 15:06:15 2020
6nom05,extrapolation,unmarked,final,sa,ti,Noun_Testing,waitress_two,NA,negid,NA,NA,,NA,37,Thu Feb  6 15:06:47 2020
6nom05,extrapolation,unmarked,final,sa,ti,Noun_Testing,waitress_two,NA,negid,NA,NA,,NA,38,Thu Feb  6 15:06:52 2020
6nom05,extrapolation,unmarked,final,sa,ti,Noun_Testing,chef_two,NA,nork,NA,NA,,NA,39,Thu Feb  6 15:06:58 2020
6nom05,extrapolation,unmarked,final,sa,ti,Noun_Testing,cowboy_two,NA,vaem,NA,NA,,NA,40,Thu Feb  6 15:07:03 2020
6nom05,extrapolation,unmarked,final,sa,ti,Noun_Testing,chef_two,NA,nork,NA,NA,,NA,41,Thu Feb  6 15:07:08 2020
6nom05,extrapolation,unmarked,final,sa,ti,Noun_Testing,cowboy_two,NA,vaem,NA,NA,,NA,42,Thu Feb  6 15:07:12 2020
6nom05,extrapolation,unmarked,final,sa,ti,Noun_Testing,cowboy_two,NA,vaem,NA,NA,,NA,43,Thu Feb  6 15:07:16 2020
6nom05,extrapolation,unmarked,final,sa,ti,Noun_Testing,burglar_two,NA,tumbat,NA,NA,,NA,44,Thu Feb  6 15:07:20 2020
6nom05,extrapolation,unmarked,final,sa,ti,Noun_Testing,waitress_two,NA,negid,NA,NA,,NA,45,Thu Feb  6 15:07:24 2020
6nom05,extrapolation,unmarked,final,sa,ti,Noun_Testing,burglar_two,NA,tumbat,NA,NA,,NA,46,Thu Feb  6 15:07:29 2020
6nom05,extrapolation,unmarked,final,sa,ti,Noun_Testing,burglar_two,NA,tumbat,NA,NA,,NA,47,Thu Feb  6 15:07:33 2020
6nom05,extrapolation,unmarked,final,sa,ti,Noun_Testing,chef_two,NA,nork,NA,NA,,NA,48,Thu Feb  6 15:07:36 2020
6nom05,extrapolation,unmarked,final,sa,ti,SimplePhrase_Training,kick_cowboy_pl_burglar_sg,NA,kikim tivaem satumbat,NA,NA,,NA,49,Thu Feb  6 15:08:20 2020
6nom05,extrapolation,unmarked,final,sa,ti,SimplePhrase_Training,waitress_two,NA,negid,NA,NA,,NA,50,Thu Feb  6 15:08:25 2020
6nom05,extrapolation,unmarked,final,sa,ti,SimplePhrase_Training,punch_cowboy_pl_waitress_pl,NA,straikim tivaem negid,NA,NA,,NA,51,Thu Feb  6 15:08:32 2020
6nom05,extrapolation,unmarked,final,sa,ti,SimplePhrase_Training,kick_chef_pl_burglar_sg,NA,kikim tinork satumbat,NA,NA,,NA,52,Thu Feb  6 15:08:40 2020
6nom05,extrapolation,unmarked,final,sa,ti,SimplePhrase_Training,cowboy_two,NA,vaem,NA,NA,,NA,53,Thu Feb  6 15:08:44 2020
6nom05,extrapolation,unmarked,final,sa,ti,SimplePhrase_Training,point_chef_pl_burglar_pl,NA,poinim tinork tumbat,NA,NA,,NA,54,Thu Feb  6 15:08:52 2020
6nom05,extrapolation,unmarked,final,sa,ti,SimplePhrase_Training,punch_cowboy_pl_chef_pl,NA,straikim tivaem nork,NA,NA,,NA,55,Thu Feb  6 15:08:59 2020
6nom05,extrapolation,unmarked,final,sa,ti,SimplePhrase_Training,kick_waitress_pl_burglar_sg,NA,kikim tinegid satumbat,NA,NA,,NA,56,Thu Feb  6 15:09:07 2020
6nom05,extrapolation,unmarked,final,sa,ti,SimplePhrase_Training,punch_chef_pl_cowboy_sg,NA,straikim tinork savaem,NA,NA,,NA,57,Thu Feb  6 15:09:14 2020
6nom05,extrapolation,unmarked,final,sa,ti,SimplePhrase_Training,punch_chef_pl_waitress_sg,NA,straikim tinork sanegid,NA,NA,,NA,58,Thu Feb  6 15:09:22 2020
6nom05,extrapolation,unmarked,final,sa,ti,SimplePhrase_Training,punch_waitress_pl_chef_sg,NA,straikim tinegid sanork,NA,NA,,NA,59,Thu Feb  6 15:09:30 2020
6nom05,extrapolation,unmarked,final,sa,ti,SimplePhrase_Training,punch_burglar_pl_waitress_pl,NA,straikim titumbat negid,NA,NA,,NA,60,Thu Feb  6 15:09:37 2020
6nom05,extrapolation,unmarked,final,sa,ti,SimplePhrase_Training,kick_chef_pl_waitress_pl,NA,kikim tinork negid,NA,NA,,NA,61,Thu Feb  6 15:09:44 2020
6nom05,extrapolation,unmarked,final,sa,ti,SimplePhrase_Training,point_cowboy_pl_chef_pl,NA,poinim tivaem nork,NA,NA,,NA,62,Thu Feb  6 15:09:52 2020
6nom05,extrapolation,unmarked,final,sa,ti,SimplePhrase_Training,kick_burglar_pl_waitress_sg,NA,kikim titumbat sanegid,NA,NA,,NA,63,Thu Feb  6 15:09:59 2020
6nom05,extrapolation,unmarked,final,sa,ti,SimplePhrase_Training,punch_chef_pl_burglar_sg,NA,straikim tinork satumbat,NA,NA,,NA,64,Thu Feb  6 15:10:07 2020
6nom05,extrapolation,unmarked,final,sa,ti,SimplePhrase_Training,kick_cowboy_pl_waitress_pl,NA,kikim tivaem negid,NA,NA,,NA,65,Thu Feb  6 15:10:14 2020
6nom05,extrapolation,unmarked,final,sa,ti,SimplePhrase_Training,point_chef_pl_waitress_pl,NA,poinim tinork negid,NA,NA,,NA,66,Thu Feb  6 15:10:21 2020
6nom05,extrapolation,unmarked,final,sa,ti,SimplePhrase_Training,point_burglar_pl_cowboy_pl,NA,poinim titumbat vaem,NA,NA,,NA,67,Thu Feb  6 15:10:29 2020
6nom05,extrapolation,unmarked,final,sa,ti,SimplePhrase_Training,point_burglar_pl_waitress_pl,NA,poinim titumbat negid,NA,NA,,NA,68,Thu Feb  6 15:10:36 2020
6nom05,extrapolation,unmarked,final,sa,ti,SimplePhrase_Training,point_waitress_pl_burglar_sg,NA,poinim tinegid satumbat,NA,NA,,NA,69,Thu Feb  6 15:10:43 2020
6nom05,extrapolation,unmarked,final,sa,ti,SimplePhrase_Training,point_cowboy_pl_waitress_pl,NA,poinim tivaem negid,NA,NA,,NA,70,Thu Feb  6 15:10:51 2020
6nom05,extrapolation,unmarked,final,sa,ti,SimplePhrase_Training,kick_waitress_pl_chef_pl,NA,kikim tinegid nork,NA,NA,,NA,71,Thu Feb  6 15:10:58 2020
6nom05,extrapolation,unmarked,final,sa,ti,SimplePhrase_Training,kick_chef_pl_cowboy_pl,NA,kikim tinork vaem,NA,NA,,NA,72,Thu Feb  6 15:11:05 2020
6nom05,extrapolation,unmarked,final,sa,ti,SimplePhrase_Training,chef_two,NA,nork,NA,NA,,NA,73,Thu Feb  6 15:11:10 2020
6nom05,extrapolation,unmarked,final,sa,ti,SimplePhrase_Training,punch_cowboy_pl_burglar_sg,NA,straikim tivaem satumbat,NA,NA,,NA,74,Thu Feb  6 15:11:18 2020
6nom05,extrapolation,unmarked,final,sa,ti,SimplePhrase_Training,point_chef_pl_cowboy_sg,NA,poinim tinork savaem,NA,NA,,NA,75,Thu Feb  6 15:11:25 2020
6nom05,extrapolation,unmarked,final,sa,ti,SimplePhrase_Training,burglar_two,NA,tumbat,NA,NA,,NA,76,Thu Feb  6 15:11:30 2020
6nom05,extrapolation,unmarked,final,sa,ti,SimplePhrase_Training,punch_burglar_pl_chef_pl,NA,straikim titumbat nork,NA,NA,,NA,77,Thu Feb  6 15:11:38 2020
6nom05,extrapolation,unmarked,final,sa,ti,SimplePhrase_Training,punch_burglar_pl_cowboy_pl,NA,straikim titumbat vaem,NA,NA,,NA,78,Thu Feb  6 15:11:45 2020
6nom05,extrapolation,unmarked,final,sa,ti,SimplePhrase_Training,burglar_two,NA,tumbat,NA,NA,,NA,79,Thu Feb  6 15:11:50 2020
6nom05,extrapolation,unmarked,final,sa,ti,SimplePhrase_Training,punch_waitress_pl_burglar_sg,NA,straikim tinegid satumbat,NA,NA,,NA,80,Thu Feb  6 15:11:58 2020
6nom05,extrapolation,unmarked,final,sa,ti,SimplePhrase_Training,point_cowboy_pl_burglar_pl,NA,poinim tivaem tumbat,NA,NA,,NA,81,Thu Feb  6 15:12:05 2020
6nom05,extrapolation,unmarked,final,sa,ti,SimplePhrase_Training,point_waitress_pl_cowboy_sg,NA,poinim tinegid savaem,NA,NA,,NA,82,Thu Feb  6 15:12:12 2020
6nom05,extrapolation,unmarked,final,sa,ti,SimplePhrase_Training,kick_burglar_pl_chef_sg,NA,kikim titumbat sanork,NA,NA,,NA,83,Thu Feb  6 15:12:20 2020
6nom05,extrapolation,unmarked,final,sa,ti,SimplePhrase_Training,point_waitress_pl_chef_sg,NA,poinim tinegid sanork,NA,NA,,NA,84,Thu Feb  6 15:12:27 2020
6nom05,extrapolation,unmarked,final,sa,ti,SimplePhrase_Training,waitress_two,NA,negid,NA,NA,,NA,85,Thu Feb  6 15:12:32 2020
6nom05,extrapolation,unmarked,final,sa,ti,SimplePhrase_Training,kick_waitress_pl_cowboy_sg,NA,kikim tinegid savaem,NA,NA,,NA,86,Thu Feb  6 15:12:39 2020
6nom05,extrapolation,unmarked,final,sa,ti,SimplePhrase_Training,cowboy_two,NA,vaem,NA,NA,,NA,87,Thu Feb  6 15:12:44 2020
6nom05,extrapolation,unmarked,final,sa,ti,SimplePhrase_Training,punch_waitress_pl_cowboy_pl,NA,straikim tinegid vaem,NA,NA,,NA,88,Thu Feb  6 15:12:52 2020
6nom05,extrapolation,unmarked,final,sa,ti,SimplePhrase_Training,point_burglar_pl_chef_sg,NA,poinim titumbat sanork,NA,NA,,NA,89,Thu Feb  6 15:12:59 2020
6nom05,extrapolation,unmarked,final,sa,ti,SimplePhrase_Training,chef_two,NA,nork,NA,NA,,NA,90,Thu Feb  6 15:13:04 2020
6nom05,extrapolation,unmarked,final,sa,ti,SimplePhrase_Training,kick_cowboy_pl_chef_sg,NA,kikim tivaem sanork,NA,NA,,NA,91,Thu Feb  6 15:13:12 2020
6nom05,extrapolation,unmarked,final,sa,ti,SimplePhrase_Training,kick_burglar_pl_cowboy_pl,NA,kikim titumbat vaem,NA,NA,,NA,92,Thu Feb  6 15:13:19 2020
6nom05,extrapolation,unmarked,final,sa,ti,SimplePhrase_Comprehension,point_cowboy_pl_chef_sg,NA,poinim tivaem sanork,correct,NA,,NA,93,Thu Feb  6 15:13:41 2020
6nom05,extrapolation,unmarked,final,sa,ti,SimplePhrase_Comprehension,point_burglar_pl_cowboy_sg,NA,poinim titumbat savaem,correct,NA,,NA,94,Thu Feb  6 15:13:50 2020
6nom05,extrapolation,unmarked,final,sa,ti,SimplePhrase_Comprehension,punch_cowboy_pl_waitress_sg,NA,straikim tivaem sanegid,correct,NA,,NA,95,Thu Feb  6 15:13:59 2020
6nom05,extrapolation,unmarked,final,sa,ti,SimplePhrase_Comprehension,punch_waitress_pl_chef_pl,NA,straikim tinegid nork,correct,NA,,NA,96,Thu Feb  6 15:14:06 2020
6nom05,extrapolation,unmarked,final,sa,ti,SimplePhrase_Comprehension,punch_cowboy_pl_chef_sg,NA,straikim tivaem sanork,correct,NA,,NA,97,Thu Feb  6 15:14:12 2020
6nom05,extrapolation,unmarked,final,sa,ti,SimplePhrase_Comprehension,kick_cowboy_pl_burglar_pl,NA,kikim tivaem tumbat,correct,NA,,NA,98,Thu Feb  6 15:14:19 2020
6nom05,extrapolation,unmarked,final,sa,ti,SimplePhrase_Comprehension,kick_chef_pl_burglar_pl,NA,kikim tinork tumbat,correct,NA,,NA,99,Thu Feb  6 15:14:24 2020
6nom05,extrapolation,unmarked,final,sa,ti,SimplePhrase_Comprehension,kick_waitress_pl_chef_sg,NA,kikim tinegid sanork,correct,NA,,NA,100,Thu Feb  6 15:14:30 2020
6nom05,extrapolation,unmarked,final,sa,ti,SimplePhrase_Comprehension,kick_burglar_pl_chef_pl,NA,kikim titumbat nork,correct,NA,,NA,101,Thu Feb  6 15:14:36 2020
6nom05,extrapolation,unmarked,final,sa,ti,SimplePhrase_Comprehension,kick_chef_pl_cowboy_sg,NA,kikim tinork savaem,correct,NA,,NA,102,Thu Feb  6 15:14:42 2020
6nom05,extrapolation,unmarked,final,sa,ti,SimplePhrase_Comprehension,punch_burglar_pl_chef_sg,NA,straikim titumbat sanork,correct,NA,,NA,103,Thu Feb  6 15:14:48 2020
6nom05,extrapolation,unmarked,final,sa,ti,SimplePhrase_Comprehension,punch_chef_pl_burglar_pl,NA,straikim tinork tumbat,correct,NA,,NA,104,Thu Feb  6 15:14:55 2020
6nom05,extrapolation,unmarked,final,sa,ti,SimplePhrase_Comprehension,point_chef_pl_cowboy_pl,NA,poinim tinork vaem,correct,NA,,NA,105,Thu Feb  6 15:15:02 2020
6nom05,extrapolation,unmarked,final,sa,ti,SimplePhrase_Comprehension,kick_burglar_pl_waitress_pl,NA,kikim titumbat negid,correct,NA,,NA,106,Thu Feb  6 15:15:07 2020
6nom05,extrapolation,unmarked,final,sa,ti,SimplePhrase_Comprehension,point_cowboy_pl_waitress_sg,NA,poinim tivaem sanegid,correct,NA,,NA,107,Thu Feb  6 15:15:13 2020
6nom05,extrapolation,unmarked,final,sa,ti,SimplePhrase_Comprehension,punch_burglar_pl_cowboy_sg,NA,straikim titumbat savaem,correct,NA,,NA,108,Thu Feb  6 15:15:21 2020
6nom05,extrapolation,unmarked,final,sa,ti,SimplePhrase_Comprehension,punch_chef_pl_cowboy_pl,NA,straikim tinork vaem,correct,NA,,NA,109,Thu Feb  6 15:15:27 2020
6nom05,extrapolation,unmarked,final,sa,ti,SimplePhrase_Comprehension,kick_cowboy_pl_chef_pl,NA,kikim tivaem nork,correct,NA,,NA,110,Thu Feb  6 15:15:32 2020
6nom05,extrapolation,unmarked,final,sa,ti,SimplePhrase_Comprehension,point_waitress_pl_cowboy_pl,NA,poinim tinegid vaem,correct,NA,,NA,111,Thu Feb  6 15:15:38 2020
6nom05,extrapolation,unmarked,final,sa,ti,SimplePhrase_Comprehension,punch_waitress_pl_cowboy_sg,NA,straikim tinegid savaem,correct,NA,,NA,112,Thu Feb  6 15:15:43 2020
6nom05,extrapolation,unmarked,final,sa,ti,SimplePhrase_Typing,point_waitress_pl_cowboy_sg,NA,poinim tinegid savaem,NA,poinim tinegid savaem,,NA,113,Thu Feb  6 15:16:27 2020
6nom05,extrapolation,unmarked,final,sa,ti,SimplePhrase_Typing,kick_chef_pl_burglar_sg,NA,kikim tinork satumbat,NA,kikim tinork satumbat,,NA,114,Thu Feb  6 15:16:41 2020
6nom05,extrapolation,unmarked,final,sa,ti,SimplePhrase_Typing,chef_two,NA,nork,NA,nork,,NA,115,Thu Feb  6 15:16:48 2020
6nom05,extrapolation,unmarked,final,sa,ti,SimplePhrase_Typing,cowboy_two,NA,vaem,NA,vaem,,NA,116,Thu Feb  6 15:16:55 2020
6nom05,extrapolation,unmarked,final,sa,ti,SimplePhrase_Typing,point_burglar_pl_cowboy_pl,NA,poinim titumbat vaem,NA,poinim titumbat vaem,,NA,117,Thu Feb  6 15:17:09 2020
6nom05,extrapolation,unmarked,final,sa,ti,SimplePhrase_Typing,kick_burglar_pl_waitress_sg,NA,kikim titumbat sanegid,NA,kikim titumbat sanegid,,NA,118,Thu Feb  6 15:17:22 2020
6nom05,extrapolation,unmarked,final,sa,ti,SimplePhrase_Typing,burglar_two,NA,tumbat,NA,tumbat,,NA,119,Thu Feb  6 15:17:30 2020
6nom05,extrapolation,unmarked,final,sa,ti,SimplePhrase_Typing,punch_waitress_pl_cowboy_pl,NA,straikim tinegid vaem,NA,straikim tinegid vaem,,NA,120,Thu Feb  6 15:17:40 2020
6nom05,extrapolation,unmarked,final,sa,ti,SimplePhrase_Typing,punch_chef_pl_burglar_sg,NA,straikim tinork satumbat,NA,straikim tinork satumbat,,NA,121,Thu Feb  6 15:17:57 2020
6nom05,extrapolation,unmarked,final,sa,ti,SimplePhrase_Typing,punch_burglar_pl_waitress_pl,NA,straikim titumbat negid,NA,straikim titumbat negid,,NA,122,Thu Feb  6 15:18:10 2020
6nom05,extrapolation,unmarked,final,sa,ti,SimplePhrase_Typing,waitress_two,NA,negid,NA,negid,,NA,123,Thu Feb  6 15:18:16 2020
6nom05,extrapolation,unmarked,final,sa,ti,SimplePhrase_Typing,point_chef_pl_waitress_pl,NA,poinim tinork negid,NA,poinim tinork negid,,NA,124,Thu Feb  6 15:18:26 2020
6nom05,extrapolation,unmarked,final,sa,ti,ComplexPhrase_Typing,punch_burglar_sg_cowboy_pl,cowboy,straikim tisatumbat vaem,NA,straikim tisatumbat vaem,,NA,125,Thu Feb  6 15:19:08 2020
6nom05,extrapolation,unmarked,final,sa,ti,ComplexPhrase_Typing,point_cowboy_sg_chef_pl,chef,poinim tisavaem nork,NA,poinim tisavaem nork,,NA,126,Thu Feb  6 15:19:19 2020
6nom05,extrapolation,unmarked,final,sa,ti,ComplexPhrase_Typing,point_burglar_sg_chef_pl,chef,poinim tisatumbat nork,NA,poinim tisatubat nork,,NA,127,Thu Feb  6 15:20:26 2020
6nom05,extrapolation,unmarked,final,sa,ti,ComplexPhrase_Typing,punch_waitress_sg_cowboy_pl,cowboy,straikim tisanegid vaem,NA,straikim tisanegid vaem,,NA,128,Thu Feb  6 15:20:39 2020
6nom05,extrapolation,unmarked,final,sa,ti,ComplexPhrase_Typing,punch_waitress_sg_cowboy_pl,cowboy,straikim tisanegid vaem,NA,straikim tisanegid vaem,,NA,129,Thu Feb  6 15:20:46 2020
6nom05,extrapolation,unmarked,final,sa,ti,ComplexPhrase_Typing,point_cowboy_sg_chef_pl,chef,poinim tisavaem nork,NA,poinim tisavaem nork,,NA,130,Thu Feb  6 15:21:00 2020
6nom05,extrapolation,unmarked,final,sa,ti,ComplexPhrase_Typing,point_burglar_sg_chef_pl,chef,poinim tisatumbat nork,NA,poinim tisatumbat nork,,NA,131,Thu Feb  6 15:21:04 2020
6nom05,extrapolation,unmarked,final,sa,ti,ComplexPhrase_Typing,punch_burglar_sg_cowboy_pl,cowboy,straikim tisatumbat vaem,NA,straikim tisatumbat vaem,,NA,132,Thu Feb  6 15:21:10 2020
6nom05,extrapolation,unmarked,final,sa,ti,ComplexPhrase_Typing,punch_waitress_sg_cowboy_pl,cowboy,straikim tisanegid vaem,NA,straikim tisanegid vaem,,NA,133,Thu Feb  6 15:21:15 2020
6nom05,extrapolation,unmarked,final,sa,ti,ComplexPhrase_Typing,point_cowboy_sg_chef_pl,chef,poinim tisavaem nork,NA,poinim tisavaem nork,,NA,134,Thu Feb  6 15:21:18 2020
6nom05,extrapolation,unmarked,final,sa,ti,ComplexPhrase_Typing,punch_burglar_sg_cowboy_pl,cowboy,straikim tisatumbat vaem,NA,straikim tisatumbat vaem,,NA,135,Thu Feb  6 15:21:23 2020
6nom05,extrapolation,unmarked,final,sa,ti,ComplexPhrase_Typing,point_burglar_sg_chef_pl,chef,poinim tisatumbat nork,NA,poinim tisatumbat nork,,NA,136,Thu Feb  6 15:21:28 2020
6nom05,extrapolation,unmarked,final,sa,ti,ComplexPhrase_Testing,point_chef_pl_cowboy_sg,NA,poinim tinork savaem,NA,NA,,NA,137,Thu Feb  6 15:22:14 2020
6nom05,extrapolation,unmarked,final,sa,ti,ComplexPhrase_Testing,punch_chef_pl_waitress_pl,waitress,straikim tinork negid,NA,NA,,NA,138,Thu Feb  6 15:22:24 2020
6nom05,extrapolation,unmarked,final,sa,ti,ComplexPhrase_Testing,kick_waitress_sg_cowboy_pl,cowboy,kikim tisanegid vaem,NA,NA,,NA,139,Thu Feb  6 15:22:37 2020
6nom05,extrapolation,unmarked,final,sa,ti,ComplexPhrase_Testing,point_waitress_sg_burglar_pl,burglar,poinim tisanegid tumbat,NA,NA,,NA,140,Thu Feb  6 15:22:43 2020
6nom05,extrapolation,unmarked,final,sa,ti,ComplexPhrase_Testing,punch_chef_pl_burglar_pl,burglar,straikim tinork tumbat,NA,NA,,NA,141,Thu Feb  6 15:22:52 2020
6nom05,extrapolation,unmarked,final,sa,ti,ComplexPhrase_Testing,kick_chef_sg_cowboy_pl,cowboy,kikim tisanork vaem,NA,NA,,NA,142,Thu Feb  6 15:23:03 2020
6nom05,extrapolation,unmarked,final,sa,ti,ComplexPhrase_Testing,punch_waitress_pl_cowboy_sg,NA,straikim tinegid savaem,NA,NA,,NA,143,Thu Feb  6 15:23:11 2020
6nom05,extrapolation,unmarked,final,sa,ti,ComplexPhrase_Testing,kick_waitress_sg_chef_pl,chef,kikim tisanegid nork,NA,NA,,NA,144,Thu Feb  6 15:23:22 2020
6nom05,extrapolation,unmarked,final,sa,ti,ComplexPhrase_Testing,punch_cowboy_pl_chef_pl,chef,straikim tivaem nork,NA,NA,,NA,145,Thu Feb  6 15:23:30 2020
6nom05,extrapolation,unmarked,final,sa,ti,ComplexPhrase_Testing,kick_burglar_pl_cowboy_sg,NA,kikim titumbat savaem,NA,NA,,NA,146,Thu Feb  6 15:23:38 2020
6nom05,extrapolation,unmarked,final,sa,ti,ComplexPhrase_Testing,point_waitress_sg_burglar_pl,burglar,poinim tisanegid tumbat,NA,NA,,NA,147,Thu Feb  6 15:23:47 2020
6nom05,extrapolation,unmarked,final,sa,ti,ComplexPhrase_Testing,kick_waitress_sg_chef_pl,chef,kikim tisanegid nork,NA,NA,,NA,148,Thu Feb  6 15:23:51 2020
6nom05,extrapolation,unmarked,final,sa,ti,ComplexPhrase_Testing,point_cowboy_sg_waitress_pl,waitress,poinim tisavaem negid,NA,NA,,NA,149,Thu Feb  6 15:23:56 2020
6nom05,extrapolation,unmarked,final,sa,ti,ComplexPhrase_Testing,punch_cowboy_sg_chef_pl,chef,straikim tisavaem nork,NA,NA,,NA,150,Thu Feb  6 15:24:01 2020
6nom05,extrapolation,unmarked,final,sa,ti,ComplexPhrase_Testing,punch_chef_sg_burglar_pl,burglar,straikim tisanork tumbat,NA,NA,,NA,151,Thu Feb  6 15:24:05 2020
6nom05,extrapolation,unmarked,final,sa,ti,ComplexPhrase_Testing,burglar_two,NA,tumbat,NA,NA,,NA,152,Thu Feb  6 15:24:07 2020
6nom05,extrapolation,unmarked,final,sa,ti,ComplexPhrase_Testing,point_waitress_sg_burglar_pl,burglar,poinim tisanegid tumbat,NA,NA,,NA,153,Thu Feb  6 15:24:13 2020
6nom05,extrapolation,unmarked,final,sa,ti,ComplexPhrase_Testing,punch_waitress_sg_chef_pl,chef,straikim tisanegid nork,NA,NA,,NA,154,Thu Feb  6 15:24:17 2020
6nom05,extrapolation,unmarked,final,sa,ti,ComplexPhrase_Testing,punch_waitress_sg_burglar_pl,burglar,straikim tisanegid tumbat,NA,NA,,NA,155,Thu Feb  6 15:24:20 2020
6nom05,extrapolation,unmarked,final,sa,ti,ComplexPhrase_Testing,punch_chef_sg_burglar_pl,burglar,straikim tisanork tumbat,NA,NA,,NA,156,Thu Feb  6 15:24:25 2020
6nom05,extrapolation,unmarked,final,sa,ti,ComplexPhrase_Testing,punch_waitress_sg_cowboy_pl,cowboy,straikim tisanegid vaem,NA,NA,,NA,157,Thu Feb  6 15:24:28 2020
6nom05,extrapolation,unmarked,final,sa,ti,ComplexPhrase_Testing,kick_burglar_sg_cowboy_pl,cowboy,kikim tisatumbat vaem,NA,NA,,NA,158,Thu Feb  6 15:24:32 2020
6nom05,extrapolation,unmarked,final,sa,ti,ComplexPhrase_Testing,point_burglar_pl_cowboy_pl,cowboy,poinim titumbat vaem,NA,NA,,NA,159,Thu Feb  6 15:24:37 2020
6nom05,extrapolation,unmarked,final,sa,ti,ComplexPhrase_Testing,kick_burglar_pl_cowboy_pl,cowboy,kikim titumbat vaem,NA,NA,,NA,160,Thu Feb  6 15:24:45 2020
6nom05,extrapolation,unmarked,final,sa,ti,ComplexPhrase_Testing,kick_burglar_sg_cowboy_pl,cowboy,kikim tisatumbat vaem,NA,NA,,NA,161,Thu Feb  6 15:24:51 2020
6nom05,extrapolation,unmarked,final,sa,ti,ComplexPhrase_Testing,point_chef_sg_burglar_pl,burglar,poinim tisanork tumbat,NA,NA,,NA,162,Thu Feb  6 15:24:58 2020
6nom05,extrapolation,unmarked,final,sa,ti,ComplexPhrase_Testing,point_chef_sg_burglar_pl,burglar,poinim tisanork tumbat,NA,NA,,NA,163,Thu Feb  6 15:25:01 2020
6nom05,extrapolation,unmarked,final,sa,ti,ComplexPhrase_Testing,punch_waitress_sg_cowboy_pl,cowboy,straikim tisanegid vaem,NA,NA,,NA,164,Thu Feb  6 15:25:08 2020
6nom05,extrapolation,unmarked,final,sa,ti,ComplexPhrase_Testing,kick_burglar_sg_cowboy_pl,cowboy,kikim tisatumbat vaem,NA,NA,,NA,165,Thu Feb  6 15:25:11 2020
6nom05,extrapolation,unmarked,final,sa,ti,ComplexPhrase_Testing,punch_waitress_sg_chef_pl,chef,straikim tisanegid nork,NA,NA,,NA,166,Thu Feb  6 15:25:14 2020
6nom05,extrapolation,unmarked,final,sa,ti,ComplexPhrase_Testing,kick_waitress_sg_cowboy_pl,cowboy,kikim tisanegid vaem,NA,NA,,NA,167,Thu Feb  6 15:25:17 2020
6nom05,extrapolation,unmarked,final,sa,ti,ComplexPhrase_Testing,point_cowboy_sg_waitress_pl,waitress,poinim tisavaem negid,NA,NA,,NA,168,Thu Feb  6 15:25:20 2020
6nom05,extrapolation,unmarked,final,sa,ti,ComplexPhrase_Testing,kick_waitress_pl_chef_sg,NA,kikim tinegid sanork,NA,NA,,NA,169,Thu Feb  6 15:25:24 2020
6nom05,extrapolation,unmarked,final,sa,ti,ComplexPhrase_Testing,cowboy_two,NA,vaem,NA,NA,,NA,170,Thu Feb  6 15:25:32 2020
6nom05,extrapolation,unmarked,final,sa,ti,ComplexPhrase_Testing,point_waitress_pl_chef_pl,chef,poinim tinegid nork,NA,NA,,NA,171,Thu Feb  6 15:25:38 2020
6nom05,extrapolation,unmarked,final,sa,ti,ComplexPhrase_Testing,point_chef_sg_burglar_pl,burglar,poinim tisanork tumbat,NA,NA,,NA,172,Thu Feb  6 15:25:46 2020
6nom05,extrapolation,unmarked,final,sa,ti,ComplexPhrase_Testing,chef_two,NA,nork,NA,NA,,NA,173,Thu Feb  6 15:25:48 2020
6nom05,extrapolation,unmarked,final,sa,ti,ComplexPhrase_Testing,waitress_two,NA,negid,NA,NA,,NA,174,Thu Feb  6 15:25:51 2020
6nom05,extrapolation,unmarked,final,sa,ti,ComplexPhrase_Testing,punch_waitress_sg_burglar_pl,burglar,straikim tisanegid tumbat,NA,NA,,NA,175,Thu Feb  6 15:25:57 2020
6nom05,extrapolation,unmarked,final,sa,ti,ComplexPhrase_Testing,kick_chef_sg_cowboy_pl,cowboy,kikim tisanork vaem,NA,NA,,NA,176,Thu Feb  6 15:25:59 2020
6nom05,extrapolation,unmarked,final,sa,ti,ComplexPhrase_Testing,punch_waitress_sg_chef_pl,chef,straikim tisanegid nork,NA,NA,,NA,177,Thu Feb  6 15:26:02 2020
6nom05,extrapolation,unmarked,final,sa,ti,ComplexPhrase_Testing,punch_waitress_sg_burglar_pl,burglar,straikim tisanegid tumbat,NA,NA,,NA,178,Thu Feb  6 15:26:05 2020
6nom05,extrapolation,unmarked,final,sa,ti,ComplexPhrase_Testing,point_cowboy_sg_waitress_pl,waitress,poinim tisavaem negid,NA,NA,,NA,179,Thu Feb  6 15:26:08 2020
6nom05,extrapolation,unmarked,final,sa,ti,ComplexPhrase_Testing,kick_waitress_sg_cowboy_pl,cowboy,kikim tisanegid vaem,NA,NA,,NA,180,Thu Feb  6 15:26:10 2020
6nom05,extrapolation,unmarked,final,sa,ti,ComplexPhrase_Testing,kick_waitress_sg_chef_pl,chef,kikim tisanegid nork,NA,NA,,NA,181,Thu Feb  6 15:26:13 2020
6nom05,extrapolation,unmarked,final,sa,ti,ComplexPhrase_Testing,punch_cowboy_sg_chef_pl,chef,straikim tisavaem nork,NA,NA,,NA,182,Thu Feb  6 15:26:16 2020
6nom05,extrapolation,unmarked,final,sa,ti,ComplexPhrase_Testing,kick_chef_sg_cowboy_pl,cowboy,kikim tisanork vaem,NA,NA,,NA,183,Thu Feb  6 15:26:19 2020
6nom05,extrapolation,unmarked,final,sa,ti,ComplexPhrase_Testing,punch_chef_sg_burglar_pl,burglar,straikim tisanork tumbat,NA,NA,,NA,184,Thu Feb  6 15:26:22 2020
6nom05,extrapolation,unmarked,final,sa,ti,ComplexPhrase_Testing,punch_cowboy_pl_chef_sg,NA,straikim tivaem sanork,NA,NA,,NA,185,Thu Feb  6 15:26:29 2020
6nom05,extrapolation,unmarked,final,sa,ti,ComplexPhrase_Testing,punch_waitress_sg_cowboy_pl,cowboy,straikim tisanegid vaem,NA,NA,,NA,186,Thu Feb  6 15:26:36 2020
6nom05,extrapolation,unmarked,final,sa,ti,ComplexPhrase_Testing,punch_cowboy_sg_chef_pl,chef,straikim tisavaem nork,NA,NA,,NA,187,Thu Feb  6 15:26:40 2020
6nom05,extrapolation,unmarked,final,sa,ti,ComplexPhrase_Testing,point_waitress_pl_cowboy_sg,NA,poinim tinegid savaem,NA,NA,,NA,188,Thu Feb  6 15:26:43 2020
6nom05,extrapolation,unmarked,final,sa,ti,Questionnaire,NA,NA,NA,NA,NA,,giving,MeaningCase,Thu Feb  6 15:27:29 2020
6nom05,extrapolation,unmarked,final,sa,ti,Questionnaire,NA,NA,NA,NA,NA,,one/ singular,MeaningNum,Thu Feb  6 15:27:29 2020
6nom05,extrapolation,unmarked,final,sa,ti,Questionnaire,NA,NA,NA,NA,NA,,before,OrderCaseNoun,Thu Feb  6 15:27:29 2020
6nom05,extrapolation,unmarked,final,sa,ti,Questionnaire,NA,NA,NA,NA,NA,,before,OrderNumNoun,Thu Feb  6 15:27:29 2020
6nom05,extrapolation,unmarked,final,sa,ti,Questionnaire,NA,NA,NA,NA,NA,,"english, mandarin chinese",Languages,Thu Feb  6 15:27:29 2020
