ID,Condition,MajorityOrder,NounPosition,markerNum,markerCase,Phase,Meaning,NounItem,InputSentence,Selection,TypedResponse,SpokenResponse,AnswerQuest,Trial,date&time
5b06,extrapolation,unmarked,initial,sa,gu,Noun_Training,chef,NA,vaem,NA,NA,,NA,1,Tue May 22 16:33:19 2018
5b06,extrapolation,unmarked,initial,sa,gu,Noun_Training,burglar,NA,negid,NA,NA,,NA,2,Tue May 22 16:33:24 2018
5b06,extrapolation,unmarked,initial,sa,gu,Noun_Training,chef,NA,vaem,NA,NA,,NA,3,Tue May 22 16:33:28 2018
5b06,extrapolation,unmarked,initial,sa,gu,Noun_Training,cowboy,NA,nork,NA,NA,,NA,4,Tue May 22 16:33:33 2018
5b06,extrapolation,unmarked,initial,sa,gu,Noun_Training,cowboy,NA,nork,NA,NA,,NA,5,Tue May 22 16:33:38 2018
5b06,extrapolation,unmarked,initial,sa,gu,Noun_Training,chef,NA,vaem,NA,NA,,NA,6,Tue May 22 16:33:43 2018
5b06,extrapolation,unmarked,initial,sa,gu,Noun_Training,waitress,NA,tumbat,NA,NA,,NA,7,Tue May 22 16:33:48 2018
5b06,extrapolation,unmarked,initial,sa,gu,Noun_Training,chef,NA,vaem,NA,NA,,NA,8,Tue May 22 16:33:53 2018
5b06,extrapolation,unmarked,initial,sa,gu,Noun_Training,chef,NA,vaem,NA,NA,,NA,9,Tue May 22 16:33:57 2018
5b06,extrapolation,unmarked,initial,sa,gu,Noun_Training,burglar,NA,negid,NA,NA,,NA,10,Tue May 22 16:34:02 2018
5b06,extrapolation,unmarked,initial,sa,gu,Noun_Training,cowboy,NA,nork,NA,NA,,NA,11,Tue May 22 16:34:07 2018
5b06,extrapolation,unmarked,initial,sa,gu,Noun_Training,burglar,NA,negid,NA,NA,,NA,12,Tue May 22 16:34:12 2018
5b06,extrapolation,unmarked,initial,sa,gu,Noun_Training,cowboy,NA,nork,NA,NA,,NA,13,Tue May 22 16:34:17 2018
5b06,extrapolation,unmarked,initial,sa,gu,Noun_Training,burglar,NA,negid,NA,NA,,NA,14,Tue May 22 16:34:22 2018
5b06,extrapolation,unmarked,initial,sa,gu,Noun_Training,chef,NA,vaem,NA,NA,,NA,15,Tue May 22 16:34:26 2018
5b06,extrapolation,unmarked,initial,sa,gu,Noun_Training,waitress,NA,tumbat,NA,NA,,NA,16,Tue May 22 16:34:31 2018
5b06,extrapolation,unmarked,initial,sa,gu,Noun_Training,waitress,NA,tumbat,NA,NA,,NA,17,Tue May 22 16:34:36 2018
5b06,extrapolation,unmarked,initial,sa,gu,Noun_Training,waitress,NA,tumbat,NA,NA,,NA,18,Tue May 22 16:34:41 2018
5b06,extrapolation,unmarked,initial,sa,gu,Noun_Training,burglar,NA,negid,NA,NA,,NA,19,Tue May 22 16:34:46 2018
5b06,extrapolation,unmarked,initial,sa,gu,Noun_Training,burglar,NA,negid,NA,NA,,NA,20,Tue May 22 16:34:51 2018
5b06,extrapolation,unmarked,initial,sa,gu,Noun_Training,waitress,NA,tumbat,NA,NA,,NA,21,Tue May 22 16:34:55 2018
5b06,extrapolation,unmarked,initial,sa,gu,Noun_Training,cowboy,NA,nork,NA,NA,,NA,22,Tue May 22 16:35:00 2018
5b06,extrapolation,unmarked,initial,sa,gu,Noun_Training,waitress,NA,tumbat,NA,NA,,NA,23,Tue May 22 16:35:05 2018
5b06,extrapolation,unmarked,initial,sa,gu,Noun_Training,cowboy,NA,nork,NA,NA,,NA,24,Tue May 22 16:35:10 2018
5b06,extrapolation,unmarked,initial,sa,gu,Noun_Selection,chef,NA,vaem,correct,NA,,NA,25,Tue May 22 16:35:35 2018
5b06,extrapolation,unmarked,initial,sa,gu,Noun_Selection,cowboy,NA,nork,correct,NA,,NA,26,Tue May 22 16:35:39 2018
5b06,extrapolation,unmarked,initial,sa,gu,Noun_Selection,cowboy,NA,nork,correct,NA,,NA,27,Tue May 22 16:35:43 2018
5b06,extrapolation,unmarked,initial,sa,gu,Noun_Selection,burglar,NA,negid,correct,NA,,NA,28,Tue May 22 16:35:46 2018
5b06,extrapolation,unmarked,initial,sa,gu,Noun_Selection,chef,NA,vaem,wrong,NA,,NA,29,Tue May 22 16:35:53 2018
5b06,extrapolation,unmarked,initial,sa,gu,Noun_Selection,burglar,NA,negid,correct,NA,,NA,30,Tue May 22 16:35:57 2018
5b06,extrapolation,unmarked,initial,sa,gu,Noun_Selection,waitress,NA,tumbat,correct,NA,,NA,31,Tue May 22 16:36:01 2018
5b06,extrapolation,unmarked,initial,sa,gu,Noun_Selection,waitress,NA,tumbat,correct,NA,,NA,32,Tue May 22 16:36:04 2018
5b06,extrapolation,unmarked,initial,sa,gu,Noun_Selection,cowboy,NA,nork,correct,NA,,NA,33,Tue May 22 16:36:09 2018
5b06,extrapolation,unmarked,initial,sa,gu,Noun_Selection,burglar,NA,negid,correct,NA,,NA,34,Tue May 22 16:36:12 2018
5b06,extrapolation,unmarked,initial,sa,gu,Noun_Selection,waitress,NA,tumbat,correct,NA,,NA,35,Tue May 22 16:36:16 2018
5b06,extrapolation,unmarked,initial,sa,gu,Noun_Selection,chef,NA,vaem,correct,NA,,NA,36,Tue May 22 16:36:19 2018
5b06,extrapolation,unmarked,initial,sa,gu,Noun_Testing,chef,NA,vaem,NA,NA,,NA,37,Tue May 22 16:36:43 2018
5b06,extrapolation,unmarked,initial,sa,gu,Noun_Testing,cowboy,NA,nork,NA,NA,,NA,38,Tue May 22 16:36:49 2018
5b06,extrapolation,unmarked,initial,sa,gu,Noun_Testing,waitress,NA,tumbat,NA,NA,,NA,39,Tue May 22 16:36:54 2018
5b06,extrapolation,unmarked,initial,sa,gu,Noun_Testing,chef,NA,vaem,NA,NA,,NA,40,Tue May 22 16:37:00 2018
5b06,extrapolation,unmarked,initial,sa,gu,Noun_Testing,burglar,NA,negid,NA,NA,,NA,41,Tue May 22 16:37:04 2018
5b06,extrapolation,unmarked,initial,sa,gu,Noun_Testing,burglar,NA,negid,NA,NA,,NA,42,Tue May 22 16:37:08 2018
5b06,extrapolation,unmarked,initial,sa,gu,Noun_Testing,cowboy,NA,nork,NA,NA,,NA,43,Tue May 22 16:37:14 2018
5b06,extrapolation,unmarked,initial,sa,gu,Noun_Testing,waitress,NA,tumbat,NA,NA,,NA,44,Tue May 22 16:37:19 2018
5b06,extrapolation,unmarked,initial,sa,gu,Noun_Testing,chef,NA,vaem,NA,NA,,NA,45,Tue May 22 16:37:24 2018
5b06,extrapolation,unmarked,initial,sa,gu,Noun_Testing,burglar,NA,negid,NA,NA,,NA,46,Tue May 22 16:37:28 2018
5b06,extrapolation,unmarked,initial,sa,gu,Noun_Testing,cowboy,NA,nork,NA,NA,,NA,47,Tue May 22 16:37:33 2018
5b06,extrapolation,unmarked,initial,sa,gu,Noun_Testing,waitress,NA,tumbat,NA,NA,,NA,48,Tue May 22 16:37:37 2018
5b06,extrapolation,unmarked,initial,sa,gu,SimplePhrase_Training,cowboy_three,NA,norksa,NA,NA,,NA,49,Tue May 22 16:38:13 2018
5b06,extrapolation,unmarked,initial,sa,gu,SimplePhrase_Training,burglar_four,NA,negidsa,NA,NA,,NA,50,Tue May 22 16:38:18 2018
5b06,extrapolation,unmarked,initial,sa,gu,SimplePhrase_Training,kick_chef_pl_burglar_sg,NA,kikim vaemsa negidgu,NA,NA,,NA,51,Tue May 22 16:38:26 2018
5b06,extrapolation,unmarked,initial,sa,gu,SimplePhrase_Training,point_burglar_pl_chef_sg,NA,poinim negidsa vaemgu,NA,NA,,NA,52,Tue May 22 16:38:33 2018
5b06,extrapolation,unmarked,initial,sa,gu,SimplePhrase_Training,kick_cowboy_pl_waitress_sg,NA,kikim norksa tumbatgu,NA,NA,,NA,53,Tue May 22 16:38:40 2018
5b06,extrapolation,unmarked,initial,sa,gu,SimplePhrase_Training,waitress_four,NA,tumbatsa,NA,NA,,NA,54,Tue May 22 16:38:46 2018
5b06,extrapolation,unmarked,initial,sa,gu,SimplePhrase_Training,burglar,NA,negid,NA,NA,,NA,55,Tue May 22 16:38:50 2018
5b06,extrapolation,unmarked,initial,sa,gu,SimplePhrase_Training,kick_waitress_pl_chef_sg,NA,kikim tumbatsa vaemgu,NA,NA,,NA,56,Tue May 22 16:38:58 2018
5b06,extrapolation,unmarked,initial,sa,gu,SimplePhrase_Training,chef_four,NA,vaemsa,NA,NA,,NA,57,Tue May 22 16:39:03 2018
5b06,extrapolation,unmarked,initial,sa,gu,SimplePhrase_Training,punch_burglar_pl_chef_sg,NA,straikim negidsa vaemgu,NA,NA,,NA,58,Tue May 22 16:39:10 2018
5b06,extrapolation,unmarked,initial,sa,gu,SimplePhrase_Training,chef_three,NA,vaemsa,NA,NA,,NA,59,Tue May 22 16:39:16 2018
5b06,extrapolation,unmarked,initial,sa,gu,SimplePhrase_Training,kick_burglar_sg_waitress_sg,NA,kikim negid tumbatgu,NA,NA,,NA,60,Tue May 22 16:39:23 2018
5b06,extrapolation,unmarked,initial,sa,gu,SimplePhrase_Training,kick_chef_sg_waitress_sg,NA,kikim vaem tumbatgu,NA,NA,,NA,61,Tue May 22 16:39:30 2018
5b06,extrapolation,unmarked,initial,sa,gu,SimplePhrase_Training,cowboy,NA,nork,NA,NA,,NA,62,Tue May 22 16:39:35 2018
5b06,extrapolation,unmarked,initial,sa,gu,SimplePhrase_Training,punch_waitress_pl_chef_sg,NA,straikim tumbatsa vaemgu,NA,NA,,NA,63,Tue May 22 16:39:42 2018
5b06,extrapolation,unmarked,initial,sa,gu,SimplePhrase_Training,cowboy_four,NA,norksa,NA,NA,,NA,64,Tue May 22 16:39:47 2018
5b06,extrapolation,unmarked,initial,sa,gu,SimplePhrase_Training,kick_cowboy_sg_chef_sg,NA,kikim nork vaemgu,NA,NA,,NA,65,Tue May 22 16:39:55 2018
5b06,extrapolation,unmarked,initial,sa,gu,SimplePhrase_Training,chef,NA,vaem,NA,NA,,NA,66,Tue May 22 16:40:00 2018
5b06,extrapolation,unmarked,initial,sa,gu,SimplePhrase_Training,punch_cowboy_pl_burglar_sg,NA,straikim norksa negidgu,NA,NA,,NA,67,Tue May 22 16:40:07 2018
5b06,extrapolation,unmarked,initial,sa,gu,SimplePhrase_Training,point_waitress_sg_cowboy_sg,NA,poinim tumbat norkgu,NA,NA,,NA,68,Tue May 22 16:40:15 2018
5b06,extrapolation,unmarked,initial,sa,gu,SimplePhrase_Training,punch_burglar_pl_waitress_sg,NA,straikim negidsa tumbatgu,NA,NA,,NA,69,Tue May 22 16:40:22 2018
5b06,extrapolation,unmarked,initial,sa,gu,SimplePhrase_Training,point_burglar_sg_cowboy_sg,NA,poinim negid norkgu,NA,NA,,NA,70,Tue May 22 16:40:30 2018
5b06,extrapolation,unmarked,initial,sa,gu,SimplePhrase_Training,kick_waitress_sg_burglar_sg,NA,kikim tumbat negidgu,NA,NA,,NA,71,Tue May 22 16:40:37 2018
5b06,extrapolation,unmarked,initial,sa,gu,SimplePhrase_Training,cowboy,NA,nork,NA,NA,,NA,72,Tue May 22 16:40:42 2018
5b06,extrapolation,unmarked,initial,sa,gu,SimplePhrase_Training,cowboy_four,NA,norksa,NA,NA,,NA,73,Tue May 22 16:40:47 2018
5b06,extrapolation,unmarked,initial,sa,gu,SimplePhrase_Training,chef,NA,vaem,NA,NA,,NA,74,Tue May 22 16:40:52 2018
5b06,extrapolation,unmarked,initial,sa,gu,SimplePhrase_Training,chef_two,NA,vaemsa,NA,NA,,NA,75,Tue May 22 16:40:57 2018
5b06,extrapolation,unmarked,initial,sa,gu,SimplePhrase_Training,waitress,NA,tumbat,NA,NA,,NA,76,Tue May 22 16:41:02 2018
5b06,extrapolation,unmarked,initial,sa,gu,SimplePhrase_Training,kick_cowboy_sg_burglar_sg,NA,kikim nork negidgu,NA,NA,,NA,77,Tue May 22 16:41:09 2018
5b06,extrapolation,unmarked,initial,sa,gu,SimplePhrase_Training,waitress_three,NA,tumbatsa,NA,NA,,NA,78,Tue May 22 16:41:14 2018
5b06,extrapolation,unmarked,initial,sa,gu,SimplePhrase_Training,point_chef_pl_waitress_sg,NA,poinim vaemsa tumbatgu,NA,NA,,NA,79,Tue May 22 16:41:21 2018
5b06,extrapolation,unmarked,initial,sa,gu,SimplePhrase_Training,point_cowboy_pl_waitress_sg,NA,poinim norksa tumbatgu,NA,NA,,NA,80,Tue May 22 16:41:29 2018
5b06,extrapolation,unmarked,initial,sa,gu,SimplePhrase_Training,kick_burglar_sg_cowboy_sg,NA,kikim negid norkgu,NA,NA,,NA,81,Tue May 22 16:41:36 2018
5b06,extrapolation,unmarked,initial,sa,gu,SimplePhrase_Training,point_waitress_sg_burglar_sg,NA,poinim tumbat negidgu,NA,NA,,NA,82,Tue May 22 16:41:44 2018
5b06,extrapolation,unmarked,initial,sa,gu,SimplePhrase_Training,burglar,NA,negid,NA,NA,,NA,83,Tue May 22 16:41:48 2018
5b06,extrapolation,unmarked,initial,sa,gu,SimplePhrase_Training,burglar_two,NA,negidsa,NA,NA,,NA,84,Tue May 22 16:41:53 2018
5b06,extrapolation,unmarked,initial,sa,gu,SimplePhrase_Training,kick_waitress_sg_cowboy_sg,NA,kikim tumbat norkgu,NA,NA,,NA,85,Tue May 22 16:42:01 2018
5b06,extrapolation,unmarked,initial,sa,gu,SimplePhrase_Training,chef_three,NA,vaemsa,NA,NA,,NA,86,Tue May 22 16:42:06 2018
5b06,extrapolation,unmarked,initial,sa,gu,SimplePhrase_Training,cowboy_two,NA,norksa,NA,NA,,NA,87,Tue May 22 16:42:11 2018
5b06,extrapolation,unmarked,initial,sa,gu,SimplePhrase_Training,punch_chef_sg_burglar_sg,NA,straikim vaem negidgu,NA,NA,,NA,88,Tue May 22 16:42:18 2018
5b06,extrapolation,unmarked,initial,sa,gu,SimplePhrase_Training,waitress_two,NA,tumbatsa,NA,NA,,NA,89,Tue May 22 16:42:23 2018
5b06,extrapolation,unmarked,initial,sa,gu,SimplePhrase_Training,punch_cowboy_pl_waitress_sg,NA,straikim norksa tumbatgu,NA,NA,,NA,90,Tue May 22 16:42:31 2018
5b06,extrapolation,unmarked,initial,sa,gu,SimplePhrase_Training,point_waitress_pl_chef_sg,NA,poinim tumbatsa vaemgu,NA,NA,,NA,91,Tue May 22 16:42:38 2018
5b06,extrapolation,unmarked,initial,sa,gu,SimplePhrase_Training,waitress_two,NA,tumbatsa,NA,NA,,NA,92,Tue May 22 16:42:43 2018
5b06,extrapolation,unmarked,initial,sa,gu,SimplePhrase_Training,punch_burglar_sg_cowboy_sg,NA,straikim negid norkgu,NA,NA,,NA,93,Tue May 22 16:42:51 2018
5b06,extrapolation,unmarked,initial,sa,gu,SimplePhrase_Training,burglar_three,NA,negidsa,NA,NA,,NA,94,Tue May 22 16:42:56 2018
5b06,extrapolation,unmarked,initial,sa,gu,SimplePhrase_Training,punch_waitress_sg_cowboy_sg,NA,straikim tumbat norkgu,NA,NA,,NA,95,Tue May 22 16:43:03 2018
5b06,extrapolation,unmarked,initial,sa,gu,SimplePhrase_Training,point_burglar_pl_waitress_sg,NA,poinim negidsa tumbatgu,NA,NA,,NA,96,Tue May 22 16:43:11 2018
5b06,extrapolation,unmarked,initial,sa,gu,SimplePhrase_Training,kick_burglar_sg_chef_sg,NA,kikim negid vaemgu,NA,NA,,NA,97,Tue May 22 16:43:18 2018
5b06,extrapolation,unmarked,initial,sa,gu,SimplePhrase_Training,point_chef_pl_burglar_sg,NA,poinim vaemsa negidgu,NA,NA,,NA,98,Tue May 22 16:43:26 2018
5b06,extrapolation,unmarked,initial,sa,gu,SimplePhrase_Training,punch_chef_pl_cowboy_sg,NA,straikim vaemsa norkgu,NA,NA,,NA,99,Tue May 22 16:43:33 2018
5b06,extrapolation,unmarked,initial,sa,gu,SimplePhrase_Training,cowboy_three,NA,norksa,NA,NA,,NA,100,Tue May 22 16:43:38 2018
5b06,extrapolation,unmarked,initial,sa,gu,SimplePhrase_Training,point_cowboy_sg_burglar_sg,NA,poinim nork negidgu,NA,NA,,NA,101,Tue May 22 16:43:46 2018
5b06,extrapolation,unmarked,initial,sa,gu,SimplePhrase_Training,punch_cowboy_pl_chef_sg,NA,straikim norksa vaemgu,NA,NA,,NA,102,Tue May 22 16:43:53 2018
5b06,extrapolation,unmarked,initial,sa,gu,SimplePhrase_Training,burglar_four,NA,negidsa,NA,NA,,NA,103,Tue May 22 16:43:58 2018
5b06,extrapolation,unmarked,initial,sa,gu,SimplePhrase_Training,chef_two,NA,vaemsa,NA,NA,,NA,104,Tue May 22 16:44:04 2018
5b06,extrapolation,unmarked,initial,sa,gu,SimplePhrase_Training,kick_chef_sg_cowboy_sg,NA,kikim vaem norkgu,NA,NA,,NA,105,Tue May 22 16:44:11 2018
5b06,extrapolation,unmarked,initial,sa,gu,SimplePhrase_Training,waitress,NA,tumbat,NA,NA,,NA,106,Tue May 22 16:44:16 2018
5b06,extrapolation,unmarked,initial,sa,gu,SimplePhrase_Training,point_cowboy_sg_chef_sg,NA,poinim nork vaemgu,NA,NA,,NA,107,Tue May 22 16:44:23 2018
5b06,extrapolation,unmarked,initial,sa,gu,SimplePhrase_Training,point_chef_sg_cowboy_sg,NA,poinim vaem norkgu,NA,NA,,NA,108,Tue May 22 16:44:30 2018
5b06,extrapolation,unmarked,initial,sa,gu,SimplePhrase_Training,punch_chef_pl_waitress_sg,NA,straikim vaemsa tumbatgu,NA,NA,,NA,109,Tue May 22 16:44:38 2018
5b06,extrapolation,unmarked,initial,sa,gu,SimplePhrase_Training,punch_waitress_pl_burglar_sg,NA,straikim tumbatsa negidgu,NA,NA,,NA,110,Tue May 22 16:44:46 2018
5b06,extrapolation,unmarked,initial,sa,gu,SimplePhrase_Comprehension,point_chef_sg_waitress_sg,NA,poinim vaem tumbatgu,correct,NA,,NA,111,Tue May 22 16:45:09 2018
5b06,extrapolation,unmarked,initial,sa,gu,SimplePhrase_Comprehension,waitress_four,NA,tumbatsa,correct,NA,,NA,112,Tue May 22 16:45:14 2018
5b06,extrapolation,unmarked,initial,sa,gu,SimplePhrase_Comprehension,burglar,NA,negid,correct,NA,,NA,113,Tue May 22 16:45:18 2018
5b06,extrapolation,unmarked,initial,sa,gu,SimplePhrase_Comprehension,point_waitress_pl_burglar_sg,NA,poinim tumbatsa negidgu,correct,NA,,NA,114,Tue May 22 16:45:26 2018
5b06,extrapolation,unmarked,initial,sa,gu,SimplePhrase_Comprehension,chef,NA,vaem,correct,NA,,NA,115,Tue May 22 16:45:30 2018
5b06,extrapolation,unmarked,initial,sa,gu,SimplePhrase_Comprehension,burglar_three,NA,negidsa,correct,NA,,NA,116,Tue May 22 16:45:35 2018
5b06,extrapolation,unmarked,initial,sa,gu,SimplePhrase_Comprehension,chef_two,NA,vaemsa,correct,NA,,NA,117,Tue May 22 16:45:39 2018
5b06,extrapolation,unmarked,initial,sa,gu,SimplePhrase_Comprehension,kick_waitress_pl_cowboy_sg,NA,kikim tumbatsa norkgu,wrong,NA,,NA,118,Tue May 22 16:45:49 2018
5b06,extrapolation,unmarked,initial,sa,gu,SimplePhrase_Comprehension,punch_waitress_pl_cowboy_sg,NA,straikim tumbatsa norkgu,correct,NA,,NA,119,Tue May 22 16:45:55 2018
5b06,extrapolation,unmarked,initial,sa,gu,SimplePhrase_Comprehension,point_cowboy_pl_burglar_sg,NA,poinim norksa negidgu,correct,NA,,NA,120,Tue May 22 16:46:01 2018
5b06,extrapolation,unmarked,initial,sa,gu,SimplePhrase_Comprehension,punch_burglar_sg_waitress_sg,NA,straikim negid tumbatgu,correct,NA,,NA,121,Tue May 22 16:46:07 2018
5b06,extrapolation,unmarked,initial,sa,gu,SimplePhrase_Comprehension,kick_cowboy_pl_chef_sg,NA,kikim norksa vaemgu,correct,NA,,NA,122,Tue May 22 16:46:12 2018
5b06,extrapolation,unmarked,initial,sa,gu,SimplePhrase_Comprehension,kick_chef_pl_waitress_sg,NA,kikim vaemsa tumbatgu,correct,NA,,NA,123,Tue May 22 16:46:19 2018
5b06,extrapolation,unmarked,initial,sa,gu,SimplePhrase_Comprehension,cowboy,NA,nork,correct,NA,,NA,124,Tue May 22 16:46:24 2018
5b06,extrapolation,unmarked,initial,sa,gu,SimplePhrase_Comprehension,kick_burglar_pl_cowboy_sg,NA,kikim negidsa norkgu,correct,NA,,NA,125,Tue May 22 16:46:29 2018
5b06,extrapolation,unmarked,initial,sa,gu,SimplePhrase_Comprehension,cowboy_three,NA,norksa,correct,NA,,NA,126,Tue May 22 16:46:33 2018
5b06,extrapolation,unmarked,initial,sa,gu,SimplePhrase_Comprehension,point_burglar_sg_chef_sg,NA,poinim negid vaemgu,correct,NA,,NA,127,Tue May 22 16:46:39 2018
5b06,extrapolation,unmarked,initial,sa,gu,SimplePhrase_Comprehension,kick_chef_pl_cowboy_sg,NA,kikim vaemsa norkgu,correct,NA,,NA,128,Tue May 22 16:46:46 2018
5b06,extrapolation,unmarked,initial,sa,gu,SimplePhrase_Comprehension,waitress,NA,tumbat,correct,NA,,NA,129,Tue May 22 16:46:50 2018
5b06,extrapolation,unmarked,initial,sa,gu,SimplePhrase_Comprehension,waitress_two,NA,tumbatsa,correct,NA,,NA,130,Tue May 22 16:46:54 2018
5b06,extrapolation,unmarked,initial,sa,gu,SimplePhrase_Comprehension,kick_cowboy_sg_waitress_sg,NA,kikim nork tumbatgu,correct,NA,,NA,131,Tue May 22 16:47:00 2018
5b06,extrapolation,unmarked,initial,sa,gu,SimplePhrase_Comprehension,waitress_three,NA,tumbatsa,correct,NA,,NA,132,Tue May 22 16:47:05 2018
5b06,extrapolation,unmarked,initial,sa,gu,SimplePhrase_Comprehension,cowboy_two,NA,norksa,correct,NA,,NA,133,Tue May 22 16:47:09 2018
5b06,extrapolation,unmarked,initial,sa,gu,SimplePhrase_Comprehension,point_burglar_sg_waitress_sg,NA,poinim negid tumbatgu,correct,NA,,NA,134,Tue May 22 16:47:14 2018
5b06,extrapolation,unmarked,initial,sa,gu,SimplePhrase_Comprehension,chef_four,NA,vaemsa,correct,NA,,NA,135,Tue May 22 16:47:19 2018
5b06,extrapolation,unmarked,initial,sa,gu,SimplePhrase_Comprehension,punch_chef_sg_cowboy_sg,NA,straikim vaem norkgu,correct,NA,,NA,136,Tue May 22 16:47:24 2018
5b06,extrapolation,unmarked,initial,sa,gu,SimplePhrase_Comprehension,kick_chef_sg_burglar_sg,NA,kikim vaem negidgu,correct,NA,,NA,137,Tue May 22 16:47:30 2018
5b06,extrapolation,unmarked,initial,sa,gu,SimplePhrase_Comprehension,burglar_two,NA,negidsa,correct,NA,,NA,138,Tue May 22 16:47:35 2018
5b06,extrapolation,unmarked,initial,sa,gu,SimplePhrase_Comprehension,point_waitress_sg_chef_sg,NA,poinim tumbat vaemgu,correct,NA,,NA,139,Tue May 22 16:47:40 2018
5b06,extrapolation,unmarked,initial,sa,gu,SimplePhrase_Comprehension,burglar_four,NA,negidsa,correct,NA,,NA,140,Tue May 22 16:47:44 2018
5b06,extrapolation,unmarked,initial,sa,gu,SimplePhrase_Comprehension,point_cowboy_sg_waitress_sg,NA,poinim nork tumbatgu,correct,NA,,NA,141,Tue May 22 16:47:50 2018
5b06,extrapolation,unmarked,initial,sa,gu,SimplePhrase_Comprehension,punch_chef_sg_waitress_sg,NA,straikim vaem tumbatgu,correct,NA,,NA,142,Tue May 22 16:47:56 2018
5b06,extrapolation,unmarked,initial,sa,gu,SimplePhrase_Comprehension,point_waitress_pl_cowboy_sg,NA,poinim tumbatsa norkgu,correct,NA,,NA,143,Tue May 22 16:48:01 2018
5b06,extrapolation,unmarked,initial,sa,gu,SimplePhrase_Comprehension,kick_cowboy_pl_burglar_sg,NA,kikim norksa negidgu,correct,NA,,NA,144,Tue May 22 16:48:07 2018
5b06,extrapolation,unmarked,initial,sa,gu,SimplePhrase_Typing,burglar_three,NA,negidsa,NA,negidsa,,NA,145,Tue May 22 16:48:44 2018
5b06,extrapolation,unmarked,initial,sa,gu,SimplePhrase_Typing,cowboy,NA,nork,NA,nork,,NA,146,Tue May 22 16:48:49 2018
5b06,extrapolation,unmarked,initial,sa,gu,SimplePhrase_Typing,kick_chef_pl_burglar_sg,NA,kikim vaemsa negidgu,NA,kikim vaemsa negidgu,,NA,147,Tue May 22 16:49:12 2018
5b06,extrapolation,unmarked,initial,sa,gu,SimplePhrase_Typing,kick_waitress_sg_burglar_sg,NA,kikim tumbat negidgu,NA,kikim tumbat negidgu,,NA,148,Tue May 22 16:49:25 2018
5b06,extrapolation,unmarked,initial,sa,gu,SimplePhrase_Typing,kick_cowboy_sg_burglar_sg,NA,kikim nork negidgu,NA,kikim nork negidgu,,NA,149,Tue May 22 16:49:35 2018
5b06,extrapolation,unmarked,initial,sa,gu,SimplePhrase_Typing,punch_cowboy_pl_waitress_sg,NA,straikim norksa tumbatgu,NA,straikim norksa tumbatgu,,NA,150,Tue May 22 16:49:52 2018
5b06,extrapolation,unmarked,initial,sa,gu,SimplePhrase_Typing,punch_cowboy_pl_burglar_sg,NA,straikim norksa negidgu,NA,straikim norksa negidgu,,NA,151,Tue May 22 16:50:04 2018
5b06,extrapolation,unmarked,initial,sa,gu,SimplePhrase_Typing,point_burglar_sg_cowboy_sg,NA,poinim negid norkgu,NA,poinim negid norkgu,,NA,152,Tue May 22 16:50:17 2018
5b06,extrapolation,unmarked,initial,sa,gu,SimplePhrase_Typing,kick_cowboy_sg_chef_sg,NA,kikim nork vaemgu,NA,kikim nork vaemgu,,NA,153,Tue May 22 16:50:37 2018
5b06,extrapolation,unmarked,initial,sa,gu,SimplePhrase_Typing,waitress,NA,tumbat,NA,tumbat,,NA,154,Tue May 22 16:50:44 2018
5b06,extrapolation,unmarked,initial,sa,gu,SimplePhrase_Typing,chef_four,NA,vaemsa,NA,vaemsa,,NA,155,Tue May 22 16:50:53 2018
5b06,extrapolation,unmarked,initial,sa,gu,SimplePhrase_Typing,burglar,NA,negid,NA,negid,,NA,156,Tue May 22 16:50:58 2018
5b06,extrapolation,unmarked,initial,sa,gu,SimplePhrase_Typing,chef,NA,vaem,NA,vaem,,NA,157,Tue May 22 16:51:06 2018
5b06,extrapolation,unmarked,initial,sa,gu,SimplePhrase_Typing,burglar_two,NA,negidsa,NA,negidsa,,NA,158,Tue May 22 16:51:13 2018
5b06,extrapolation,unmarked,initial,sa,gu,SimplePhrase_Typing,chef_two,NA,vaemsa,NA,vaemsa,,NA,159,Tue May 22 16:51:21 2018
5b06,extrapolation,unmarked,initial,sa,gu,SimplePhrase_Typing,point_cowboy_pl_waitress_sg,NA,poinim norksa tumbatgu,NA,poinim norksa tumbatgu,,NA,160,Tue May 22 16:51:33 2018
5b06,extrapolation,unmarked,initial,sa,gu,ComplexPhrase_Typing,kick_burglar_sg_cowboy_pl,cowboy,kikim negid norksagu,NA,kikim negid norksagu,,NA,161,Tue May 22 16:52:10 2018
5b06,extrapolation,unmarked,initial,sa,gu,ComplexPhrase_Typing,point_cowboy_sg_chef_pl,chef,poinim nork vaemsagu,NA,poinim nork vaemsagu,,NA,162,Tue May 22 16:52:23 2018
5b06,extrapolation,unmarked,initial,sa,gu,ComplexPhrase_Typing,point_cowboy_sg_burglar_pl,burglar,poinim nork negidsagu,NA,poinim nork negidsagu,,NA,163,Tue May 22 16:52:33 2018
5b06,extrapolation,unmarked,initial,sa,gu,ComplexPhrase_Typing,point_chef_sg_cowboy_pl,cowboy,poinim vaem norksagu,NA,poinim vaem norksagu,,NA,164,Tue May 22 16:52:41 2018
5b06,extrapolation,unmarked,initial,sa,gu,ComplexPhrase_Typing,point_cowboy_sg_chef_pl,chef,poinim nork vaemsagu,NA,poinim nork vaemsagu,,NA,165,Tue May 22 16:52:47 2018
5b06,extrapolation,unmarked,initial,sa,gu,ComplexPhrase_Typing,point_chef_sg_cowboy_pl,cowboy,poinim vaem norksagu,NA,poinim vaem norksagu,,NA,166,Tue May 22 16:53:00 2018
5b06,extrapolation,unmarked,initial,sa,gu,ComplexPhrase_Typing,kick_burglar_sg_cowboy_pl,cowboy,kikim negid norksagu,NA,kikim negid norksagu,,NA,167,Tue May 22 16:53:07 2018
5b06,extrapolation,unmarked,initial,sa,gu,ComplexPhrase_Typing,point_cowboy_sg_burglar_pl,burglar,poinim nork negidsagu,NA,poinim nork negidsagu,,NA,168,Tue May 22 16:53:11 2018
5b06,extrapolation,unmarked,initial,sa,gu,ComplexPhrase_Typing,point_cowboy_sg_burglar_pl,burglar,poinim nork negidsagu,NA,poinim nork negidsafu,,NA,169,Tue May 22 16:53:18 2018
5b06,extrapolation,unmarked,initial,sa,gu,ComplexPhrase_Typing,point_chef_sg_cowboy_pl,cowboy,poinim vaem norksagu,NA,poinim vaem norksagu,,NA,170,Tue May 22 16:53:27 2018
5b06,extrapolation,unmarked,initial,sa,gu,ComplexPhrase_Typing,point_cowboy_sg_chef_pl,chef,poinim nork vaemsagu,NA,poinim nork vaemsagu,,NA,171,Tue May 22 16:53:35 2018
5b06,extrapolation,unmarked,initial,sa,gu,ComplexPhrase_Typing,kick_burglar_sg_cowboy_pl,cowboy,kikim negid norksagu,NA,kikim negid norksagu,,NA,172,Tue May 22 16:53:41 2018
5b06,extrapolation,unmarked,initial,sa,gu,ComplexPhrase_Testing,point_waitress_sg_cowboy_pl,cowboy,poinim tumbat norksagu,NA,NA,,NA,173,Tue May 22 16:54:20 2018
5b06,extrapolation,unmarked,initial,sa,gu,ComplexPhrase_Testing,kick_burglar_pl_chef_sg,NA,kikim negidsa vaemgu,NA,NA,,NA,174,Tue May 22 16:54:28 2018
5b06,extrapolation,unmarked,initial,sa,gu,ComplexPhrase_Testing,chef,NA,vaem,NA,NA,,NA,175,Tue May 22 16:54:35 2018
5b06,extrapolation,unmarked,initial,sa,gu,ComplexPhrase_Testing,punch_chef_pl_waitress_sg,NA,straikim vaemsa tumbatgu,NA,NA,,NA,176,Tue May 22 16:54:42 2018
5b06,extrapolation,unmarked,initial,sa,gu,ComplexPhrase_Testing,point_waitress_pl_chef_sg,NA,poinim tumbatsa vaemgu,NA,NA,,NA,177,Tue May 22 16:54:50 2018
5b06,extrapolation,unmarked,initial,sa,gu,ComplexPhrase_Testing,punch_cowboy_sg_chef_sg,NA,straikim nork vaemgu,NA,NA,,NA,178,Tue May 22 16:54:59 2018
5b06,extrapolation,unmarked,initial,sa,gu,ComplexPhrase_Testing,kick_burglar_sg_chef_pl,chef,kikim negid vaemsagu,NA,NA,,NA,179,Tue May 22 16:55:09 2018
5b06,extrapolation,unmarked,initial,sa,gu,ComplexPhrase_Testing,punch_waitress_sg_burglar_pl,burglar,straikim tumbat negidsagu,NA,NA,,NA,180,Tue May 22 16:55:17 2018
5b06,extrapolation,unmarked,initial,sa,gu,ComplexPhrase_Testing,point_cowboy_sg_waitress_pl,waitress,poinim nork tumbatsagu,NA,NA,,NA,181,Tue May 22 16:55:23 2018
5b06,extrapolation,unmarked,initial,sa,gu,ComplexPhrase_Testing,kick_chef_sg_cowboy_pl,cowboy,kikim vaem norksagu,NA,NA,,NA,182,Tue May 22 16:55:28 2018
5b06,extrapolation,unmarked,initial,sa,gu,ComplexPhrase_Testing,punch_waitress_sg_burglar_pl,burglar,straikim tumbat negidsagu,NA,NA,,NA,183,Tue May 22 16:55:33 2018
5b06,extrapolation,unmarked,initial,sa,gu,ComplexPhrase_Testing,kick_chef_sg_cowboy_pl,cowboy,kikim vaem norksagu,NA,NA,,NA,184,Tue May 22 16:55:38 2018
5b06,extrapolation,unmarked,initial,sa,gu,ComplexPhrase_Testing,cowboy_two,NA,norksa,NA,NA,,NA,185,Tue May 22 16:55:41 2018
5b06,extrapolation,unmarked,initial,sa,gu,ComplexPhrase_Testing,punch_burglar_sg_waitress_pl,waitress,straikim negid tumbatsagu,NA,NA,,NA,186,Tue May 22 16:55:48 2018
5b06,extrapolation,unmarked,initial,sa,gu,ComplexPhrase_Testing,punch_waitress_sg_burglar_pl,burglar,straikim tumbat negidsagu,NA,NA,,NA,187,Tue May 22 16:55:54 2018
5b06,extrapolation,unmarked,initial,sa,gu,ComplexPhrase_Testing,punch_burglar_sg_chef_pl,chef,straikim negid vaemsagu,NA,NA,,NA,188,Tue May 22 16:55:59 2018
5b06,extrapolation,unmarked,initial,sa,gu,ComplexPhrase_Testing,punch_cowboy_sg_waitress_pl,waitress,straikim nork tumbatsagu,NA,NA,,NA,189,Tue May 22 16:56:04 2018
5b06,extrapolation,unmarked,initial,sa,gu,ComplexPhrase_Testing,punch_chef_pl_cowboy_sg,NA,straikim vaemsa norkgu,NA,NA,,NA,190,Tue May 22 16:56:09 2018
5b06,extrapolation,unmarked,initial,sa,gu,ComplexPhrase_Testing,punch_burglar_sg_cowboy_pl,cowboy,straikim negid norksagu,NA,NA,,NA,191,Tue May 22 16:56:19 2018
5b06,extrapolation,unmarked,initial,sa,gu,ComplexPhrase_Testing,point_cowboy_sg_chef_pl,chef,poinim nork vaemsagu,NA,NA,,NA,192,Tue May 22 16:56:26 2018
5b06,extrapolation,unmarked,initial,sa,gu,ComplexPhrase_Testing,burglar_two,NA,negidsa,NA,NA,,NA,193,Tue May 22 16:56:29 2018
5b06,extrapolation,unmarked,initial,sa,gu,ComplexPhrase_Testing,kick_burglar_sg_chef_pl,chef,kikim negid vaemsagu,NA,NA,,NA,194,Tue May 22 16:56:35 2018
5b06,extrapolation,unmarked,initial,sa,gu,ComplexPhrase_Testing,point_waitress_sg_chef_pl,chef,poinim tumbat vaemsagu,NA,NA,,NA,195,Tue May 22 16:56:40 2018
5b06,extrapolation,unmarked,initial,sa,gu,ComplexPhrase_Testing,punch_burglar_sg_cowboy_pl,cowboy,straikim negid norksagu,NA,NA,,NA,196,Tue May 22 16:56:47 2018
5b06,extrapolation,unmarked,initial,sa,gu,ComplexPhrase_Testing,point_cowboy_sg_waitress_pl,waitress,poinim nork tumbatsagu,NA,NA,,NA,197,Tue May 22 16:56:50 2018
5b06,extrapolation,unmarked,initial,sa,gu,ComplexPhrase_Testing,punch_burglar_sg_waitress_pl,waitress,straikim negid tumbatsagu,NA,NA,,NA,198,Tue May 22 16:56:54 2018
5b06,extrapolation,unmarked,initial,sa,gu,ComplexPhrase_Testing,punch_cowboy_sg_waitress_pl,waitress,straikim nork tumbatsagu,NA,NA,,NA,199,Tue May 22 16:56:58 2018
5b06,extrapolation,unmarked,initial,sa,gu,ComplexPhrase_Testing,punch_chef_sg_cowboy_sg,NA,straikim vaem norkgu,NA,NA,,NA,200,Tue May 22 16:57:04 2018
5b06,extrapolation,unmarked,initial,sa,gu,ComplexPhrase_Testing,waitress_two,NA,tumbatsa,NA,NA,,NA,201,Tue May 22 16:57:09 2018
5b06,extrapolation,unmarked,initial,sa,gu,ComplexPhrase_Testing,punch_waitress_pl_cowboy_sg,NA,straikim tumbatsa norkgu,NA,NA,,NA,202,Tue May 22 16:57:17 2018
5b06,extrapolation,unmarked,initial,sa,gu,ComplexPhrase_Testing,point_burglar_sg_waitress_pl,waitress,poinim negid tumbatsagu,NA,NA,,NA,203,Tue May 22 16:57:26 2018
5b06,extrapolation,unmarked,initial,sa,gu,ComplexPhrase_Testing,point_cowboy_sg_chef_pl,chef,poinim nork vaemsagu,NA,NA,,NA,204,Tue May 22 16:57:30 2018
5b06,extrapolation,unmarked,initial,sa,gu,ComplexPhrase_Testing,punch_burglar_sg_cowboy_pl,cowboy,straikim negid norksagu,NA,NA,,NA,205,Tue May 22 16:57:34 2018
5b06,extrapolation,unmarked,initial,sa,gu,ComplexPhrase_Testing,punch_waitress_sg_cowboy_sg,NA,straikim tumbat norkgu,NA,NA,,NA,206,Tue May 22 16:57:39 2018
5b06,extrapolation,unmarked,initial,sa,gu,ComplexPhrase_Testing,punch_burglar_sg_chef_pl,chef,straikim negid vaemsagu,NA,NA,,NA,207,Tue May 22 16:57:47 2018
5b06,extrapolation,unmarked,initial,sa,gu,ComplexPhrase_Testing,punch_burglar_pl_chef_sg,NA,straikim negidsa vaemgu,NA,NA,,NA,208,Tue May 22 16:57:53 2018
5b06,extrapolation,unmarked,initial,sa,gu,ComplexPhrase_Testing,point_cowboy_sg_waitress_pl,waitress,poinim nork tumbatsagu,NA,NA,,NA,209,Tue May 22 16:58:02 2018
5b06,extrapolation,unmarked,initial,sa,gu,ComplexPhrase_Testing,point_cowboy_sg_chef_pl,chef,poinim nork vaemsagu,NA,NA,,NA,210,Tue May 22 16:58:07 2018
5b06,extrapolation,unmarked,initial,sa,gu,ComplexPhrase_Testing,chef_three,NA,vaemsa,NA,NA,,NA,211,Tue May 22 16:58:09 2018
5b06,extrapolation,unmarked,initial,sa,gu,ComplexPhrase_Testing,point_waitress_sg_cowboy_pl,cowboy,poinim tumbat norksagu,NA,NA,,NA,212,Tue May 22 16:58:15 2018
5b06,extrapolation,unmarked,initial,sa,gu,ComplexPhrase_Testing,cowboy_three,NA,norksa,NA,NA,,NA,213,Tue May 22 16:58:18 2018
5b06,extrapolation,unmarked,initial,sa,gu,ComplexPhrase_Testing,point_waitress_sg_chef_pl,chef,poinim tumbat vaemsagu,NA,NA,,NA,214,Tue May 22 16:58:24 2018
5b06,extrapolation,unmarked,initial,sa,gu,ComplexPhrase_Testing,punch_burglar_sg_chef_pl,chef,straikim negid vaemsagu,NA,NA,,NA,215,Tue May 22 16:58:30 2018
5b06,extrapolation,unmarked,initial,sa,gu,ComplexPhrase_Testing,kick_chef_sg_burglar_sg,NA,kikim vaem negidgu,NA,NA,,NA,216,Tue May 22 16:58:37 2018
5b06,extrapolation,unmarked,initial,sa,gu,ComplexPhrase_Testing,cowboy,NA,nork,NA,NA,,NA,217,Tue May 22 16:58:43 2018
5b06,extrapolation,unmarked,initial,sa,gu,ComplexPhrase_Testing,point_waitress_sg_chef_pl,chef,poinim tumbat vaemsagu,NA,NA,,NA,218,Tue May 22 16:58:51 2018
5b06,extrapolation,unmarked,initial,sa,gu,ComplexPhrase_Testing,waitress,NA,tumbat,NA,NA,,NA,219,Tue May 22 16:58:53 2018
5b06,extrapolation,unmarked,initial,sa,gu,ComplexPhrase_Testing,point_burglar_sg_waitress_pl,waitress,poinim negid tumbatsagu,NA,NA,,NA,220,Tue May 22 16:59:00 2018
5b06,extrapolation,unmarked,initial,sa,gu,ComplexPhrase_Testing,point_burglar_sg_waitress_pl,waitress,poinim negid tumbatsagu,NA,NA,,NA,221,Tue May 22 16:59:04 2018
5b06,extrapolation,unmarked,initial,sa,gu,ComplexPhrase_Testing,kick_chef_sg_cowboy_pl,cowboy,kikim vaem norksagu,NA,NA,,NA,222,Tue May 22 16:59:10 2018
5b06,extrapolation,unmarked,initial,sa,gu,ComplexPhrase_Testing,point_burglar_sg_cowboy_sg,NA,poinim negid norkgu,NA,NA,,NA,223,Tue May 22 16:59:18 2018
5b06,extrapolation,unmarked,initial,sa,gu,ComplexPhrase_Testing,kick_burglar_sg_chef_pl,chef,kikim negid vaemsagu,NA,NA,,NA,224,Tue May 22 16:59:28 2018
5b06,extrapolation,unmarked,initial,sa,gu,ComplexPhrase_Testing,burglar,NA,negid,NA,NA,,NA,225,Tue May 22 16:59:32 2018
5b06,extrapolation,unmarked,initial,sa,gu,ComplexPhrase_Testing,punch_burglar_sg_waitress_pl,waitress,straikim negid tumbatsagu,NA,NA,,NA,226,Tue May 22 16:59:38 2018
5b06,extrapolation,unmarked,initial,sa,gu,ComplexPhrase_Testing,burglar_three,NA,negidsa,NA,NA,,NA,227,Tue May 22 16:59:41 2018
5b06,extrapolation,unmarked,initial,sa,gu,ComplexPhrase_Testing,point_waitress_sg_cowboy_sg,NA,poinim tumbat norkgu,NA,NA,,NA,228,Tue May 22 16:59:48 2018
5b06,extrapolation,unmarked,initial,sa,gu,ComplexPhrase_Testing,punch_cowboy_sg_waitress_pl,waitress,straikim nork tumbatsagu,NA,NA,,NA,229,Tue May 22 16:59:56 2018
5b06,extrapolation,unmarked,initial,sa,gu,ComplexPhrase_Testing,point_waitress_sg_cowboy_pl,cowboy,poinim tumbat norksagu,NA,NA,,NA,230,Tue May 22 17:00:02 2018
5b06,extrapolation,unmarked,initial,sa,gu,Questionnaire,NA,NA,NA,NA,NA,,the object of a sentence which the verb is acting upon,MeaningCase,Tue May 22 17:01:16 2018
5b06,extrapolation,unmarked,initial,sa,gu,Questionnaire,NA,NA,NA,NA,NA,,plural of a noun,MeaningNum,Tue May 22 17:01:16 2018
5b06,extrapolation,unmarked,initial,sa,gu,Questionnaire,NA,NA,NA,NA,NA,,after,OrderCaseNoun,Tue May 22 17:01:16 2018
5b06,extrapolation,unmarked,initial,sa,gu,Questionnaire,NA,NA,NA,NA,NA,,after,OrderNumNoun,Tue May 22 17:01:16 2018
5b06,extrapolation,unmarked,initial,sa,gu,Questionnaire,NA,NA,NA,NA,NA,,English,Languages,Tue May 22 17:01:16 2018
