ID,Condition,MajorityOrder,NounPosition,markerNum,markerCase,Phase,Meaning,NounItem,InputSentence,Selection,TypedResponse,SpokenResponse,AnswerQuest,Trial,date&time
5b08,extrapolation,unmarked,initial,sa,ti,Noun_Training,cowboy,NA,nork,NA,NA,,NA,1,Wed Jun 13 12:30:49 2018
5b08,extrapolation,unmarked,initial,sa,ti,Noun_Training,chef,NA,vaem,NA,NA,,NA,2,Wed Jun 13 12:30:54 2018
5b08,extrapolation,unmarked,initial,sa,ti,Noun_Training,waitress,NA,negid,NA,NA,,NA,3,Wed Jun 13 12:30:59 2018
5b08,extrapolation,unmarked,initial,sa,ti,Noun_Training,chef,NA,vaem,NA,NA,,NA,4,Wed Jun 13 12:31:03 2018
5b08,extrapolation,unmarked,initial,sa,ti,Noun_Training,waitress,NA,negid,NA,NA,,NA,5,Wed Jun 13 12:31:08 2018
5b08,extrapolation,unmarked,initial,sa,ti,Noun_Training,chef,NA,vaem,NA,NA,,NA,6,Wed Jun 13 12:31:13 2018
5b08,extrapolation,unmarked,initial,sa,ti,Noun_Training,burglar,NA,tumbat,NA,NA,,NA,7,Wed Jun 13 12:31:18 2018
5b08,extrapolation,unmarked,initial,sa,ti,Noun_Training,burglar,NA,tumbat,NA,NA,,NA,8,Wed Jun 13 12:31:23 2018
5b08,extrapolation,unmarked,initial,sa,ti,Noun_Training,burglar,NA,tumbat,NA,NA,,NA,9,Wed Jun 13 12:31:28 2018
5b08,extrapolation,unmarked,initial,sa,ti,Noun_Training,cowboy,NA,nork,NA,NA,,NA,10,Wed Jun 13 12:31:33 2018
5b08,extrapolation,unmarked,initial,sa,ti,Noun_Training,cowboy,NA,nork,NA,NA,,NA,11,Wed Jun 13 12:31:38 2018
5b08,extrapolation,unmarked,initial,sa,ti,Noun_Training,cowboy,NA,nork,NA,NA,,NA,12,Wed Jun 13 12:31:42 2018
5b08,extrapolation,unmarked,initial,sa,ti,Noun_Training,burglar,NA,tumbat,NA,NA,,NA,13,Wed Jun 13 12:31:47 2018
5b08,extrapolation,unmarked,initial,sa,ti,Noun_Training,chef,NA,vaem,NA,NA,,NA,14,Wed Jun 13 12:31:52 2018
5b08,extrapolation,unmarked,initial,sa,ti,Noun_Training,waitress,NA,negid,NA,NA,,NA,15,Wed Jun 13 12:31:57 2018
5b08,extrapolation,unmarked,initial,sa,ti,Noun_Training,burglar,NA,tumbat,NA,NA,,NA,16,Wed Jun 13 12:32:02 2018
5b08,extrapolation,unmarked,initial,sa,ti,Noun_Training,waitress,NA,negid,NA,NA,,NA,17,Wed Jun 13 12:32:07 2018
5b08,extrapolation,unmarked,initial,sa,ti,Noun_Training,chef,NA,vaem,NA,NA,,NA,18,Wed Jun 13 12:32:11 2018
5b08,extrapolation,unmarked,initial,sa,ti,Noun_Training,waitress,NA,negid,NA,NA,,NA,19,Wed Jun 13 12:32:16 2018
5b08,extrapolation,unmarked,initial,sa,ti,Noun_Training,cowboy,NA,nork,NA,NA,,NA,20,Wed Jun 13 12:32:21 2018
5b08,extrapolation,unmarked,initial,sa,ti,Noun_Training,waitress,NA,negid,NA,NA,,NA,21,Wed Jun 13 12:32:26 2018
5b08,extrapolation,unmarked,initial,sa,ti,Noun_Training,chef,NA,vaem,NA,NA,,NA,22,Wed Jun 13 12:32:31 2018
5b08,extrapolation,unmarked,initial,sa,ti,Noun_Training,cowboy,NA,nork,NA,NA,,NA,23,Wed Jun 13 12:32:36 2018
5b08,extrapolation,unmarked,initial,sa,ti,Noun_Training,burglar,NA,tumbat,NA,NA,,NA,24,Wed Jun 13 12:32:40 2018
5b08,extrapolation,unmarked,initial,sa,ti,Noun_Selection,burglar,NA,tumbat,correct,NA,,NA,25,Wed Jun 13 12:33:04 2018
5b08,extrapolation,unmarked,initial,sa,ti,Noun_Selection,burglar,NA,tumbat,correct,NA,,NA,26,Wed Jun 13 12:33:08 2018
5b08,extrapolation,unmarked,initial,sa,ti,Noun_Selection,chef,NA,vaem,correct,NA,,NA,27,Wed Jun 13 12:33:11 2018
5b08,extrapolation,unmarked,initial,sa,ti,Noun_Selection,chef,NA,vaem,correct,NA,,NA,28,Wed Jun 13 12:33:14 2018
5b08,extrapolation,unmarked,initial,sa,ti,Noun_Selection,chef,NA,vaem,wrong,NA,,NA,29,Wed Jun 13 12:33:19 2018
5b08,extrapolation,unmarked,initial,sa,ti,Noun_Selection,burglar,NA,tumbat,correct,NA,,NA,30,Wed Jun 13 12:33:24 2018
5b08,extrapolation,unmarked,initial,sa,ti,Noun_Selection,cowboy,NA,nork,correct,NA,,NA,31,Wed Jun 13 12:33:28 2018
5b08,extrapolation,unmarked,initial,sa,ti,Noun_Selection,waitress,NA,negid,correct,NA,,NA,32,Wed Jun 13 12:33:31 2018
5b08,extrapolation,unmarked,initial,sa,ti,Noun_Selection,waitress,NA,negid,correct,NA,,NA,33,Wed Jun 13 12:33:35 2018
5b08,extrapolation,unmarked,initial,sa,ti,Noun_Selection,cowboy,NA,nork,correct,NA,,NA,34,Wed Jun 13 12:33:39 2018
5b08,extrapolation,unmarked,initial,sa,ti,Noun_Selection,cowboy,NA,nork,correct,NA,,NA,35,Wed Jun 13 12:33:42 2018
5b08,extrapolation,unmarked,initial,sa,ti,Noun_Selection,waitress,NA,negid,correct,NA,,NA,36,Wed Jun 13 12:33:46 2018
5b08,extrapolation,unmarked,initial,sa,ti,Noun_Testing,cowboy,NA,nork,NA,NA,,NA,37,Wed Jun 13 12:34:09 2018
5b08,extrapolation,unmarked,initial,sa,ti,Noun_Testing,burglar,NA,tumbat,NA,NA,,NA,38,Wed Jun 13 12:34:15 2018
5b08,extrapolation,unmarked,initial,sa,ti,Noun_Testing,burglar,NA,tumbat,NA,NA,,NA,39,Wed Jun 13 12:34:20 2018
5b08,extrapolation,unmarked,initial,sa,ti,Noun_Testing,waitress,NA,negid,NA,NA,,NA,40,Wed Jun 13 12:34:25 2018
5b08,extrapolation,unmarked,initial,sa,ti,Noun_Testing,chef,NA,vaem,NA,NA,,NA,41,Wed Jun 13 12:34:29 2018
5b08,extrapolation,unmarked,initial,sa,ti,Noun_Testing,cowboy,NA,nork,NA,NA,,NA,42,Wed Jun 13 12:34:33 2018
5b08,extrapolation,unmarked,initial,sa,ti,Noun_Testing,cowboy,NA,nork,NA,NA,,NA,43,Wed Jun 13 12:34:38 2018
5b08,extrapolation,unmarked,initial,sa,ti,Noun_Testing,chef,NA,vaem,NA,NA,,NA,44,Wed Jun 13 12:34:43 2018
5b08,extrapolation,unmarked,initial,sa,ti,Noun_Testing,burglar,NA,tumbat,NA,NA,,NA,45,Wed Jun 13 12:34:47 2018
5b08,extrapolation,unmarked,initial,sa,ti,Noun_Testing,waitress,NA,negid,NA,NA,,NA,46,Wed Jun 13 12:34:52 2018
5b08,extrapolation,unmarked,initial,sa,ti,Noun_Testing,waitress,NA,negid,NA,NA,,NA,47,Wed Jun 13 12:34:56 2018
5b08,extrapolation,unmarked,initial,sa,ti,Noun_Testing,chef,NA,vaem,NA,NA,,NA,48,Wed Jun 13 12:35:00 2018
5b08,extrapolation,unmarked,initial,sa,ti,SimplePhrase_Training,burglar_three,NA,tumbatsa,NA,NA,,NA,49,Wed Jun 13 12:35:34 2018
5b08,extrapolation,unmarked,initial,sa,ti,SimplePhrase_Training,point_chef_sg_cowboy_sg,NA,poinim vaem norkti,NA,NA,,NA,50,Wed Jun 13 12:35:41 2018
5b08,extrapolation,unmarked,initial,sa,ti,SimplePhrase_Training,kick_burglar_sg_cowboy_sg,NA,kikim tumbat norkti,NA,NA,,NA,51,Wed Jun 13 12:35:48 2018
5b08,extrapolation,unmarked,initial,sa,ti,SimplePhrase_Training,cowboy_four,NA,norksa,NA,NA,,NA,52,Wed Jun 13 12:35:53 2018
5b08,extrapolation,unmarked,initial,sa,ti,SimplePhrase_Training,punch_cowboy_pl_burglar_sg,NA,straikim norksa tumbatti,NA,NA,,NA,53,Wed Jun 13 12:36:01 2018
5b08,extrapolation,unmarked,initial,sa,ti,SimplePhrase_Training,chef,NA,vaem,NA,NA,,NA,54,Wed Jun 13 12:36:06 2018
5b08,extrapolation,unmarked,initial,sa,ti,SimplePhrase_Training,burglar_two,NA,tumbatsa,NA,NA,,NA,55,Wed Jun 13 12:36:11 2018
5b08,extrapolation,unmarked,initial,sa,ti,SimplePhrase_Training,point_chef_pl_waitress_sg,NA,poinim vaemsa negidti,NA,NA,,NA,56,Wed Jun 13 12:36:19 2018
5b08,extrapolation,unmarked,initial,sa,ti,SimplePhrase_Training,point_burglar_pl_cowboy_sg,NA,poinim tumbatsa norkti,NA,NA,,NA,57,Wed Jun 13 12:36:26 2018
5b08,extrapolation,unmarked,initial,sa,ti,SimplePhrase_Training,punch_burglar_pl_chef_sg,NA,straikim tumbatsa vaemti,NA,NA,,NA,58,Wed Jun 13 12:36:34 2018
5b08,extrapolation,unmarked,initial,sa,ti,SimplePhrase_Training,kick_burglar_sg_chef_sg,NA,kikim tumbat vaemti,NA,NA,,NA,59,Wed Jun 13 12:36:41 2018
5b08,extrapolation,unmarked,initial,sa,ti,SimplePhrase_Training,kick_chef_pl_cowboy_sg,NA,kikim vaemsa norkti,NA,NA,,NA,60,Wed Jun 13 12:36:49 2018
5b08,extrapolation,unmarked,initial,sa,ti,SimplePhrase_Training,point_chef_sg_burglar_sg,NA,poinim vaem tumbatti,NA,NA,,NA,61,Wed Jun 13 12:36:56 2018
5b08,extrapolation,unmarked,initial,sa,ti,SimplePhrase_Training,kick_cowboy_pl_chef_sg,NA,kikim norksa vaemti,NA,NA,,NA,62,Wed Jun 13 12:37:04 2018
5b08,extrapolation,unmarked,initial,sa,ti,SimplePhrase_Training,kick_burglar_pl_waitress_sg,NA,kikim tumbatsa negidti,NA,NA,,NA,63,Wed Jun 13 12:37:11 2018
5b08,extrapolation,unmarked,initial,sa,ti,SimplePhrase_Training,kick_waitress_sg_cowboy_sg,NA,kikim negid norkti,NA,NA,,NA,64,Wed Jun 13 12:37:18 2018
5b08,extrapolation,unmarked,initial,sa,ti,SimplePhrase_Training,punch_cowboy_pl_chef_sg,NA,straikim norksa vaemti,NA,NA,,NA,65,Wed Jun 13 12:37:26 2018
5b08,extrapolation,unmarked,initial,sa,ti,SimplePhrase_Training,cowboy,NA,nork,NA,NA,,NA,66,Wed Jun 13 12:37:31 2018
5b08,extrapolation,unmarked,initial,sa,ti,SimplePhrase_Training,punch_burglar_pl_cowboy_sg,NA,straikim tumbatsa norkti,NA,NA,,NA,67,Wed Jun 13 12:37:39 2018
5b08,extrapolation,unmarked,initial,sa,ti,SimplePhrase_Training,burglar_four,NA,tumbatsa,NA,NA,,NA,68,Wed Jun 13 12:37:44 2018
5b08,extrapolation,unmarked,initial,sa,ti,SimplePhrase_Training,point_burglar_sg_waitress_sg,NA,poinim tumbat negidti,NA,NA,,NA,69,Wed Jun 13 12:37:51 2018
5b08,extrapolation,unmarked,initial,sa,ti,SimplePhrase_Training,punch_waitress_sg_chef_sg,NA,straikim negid vaemti,NA,NA,,NA,70,Wed Jun 13 12:37:59 2018
5b08,extrapolation,unmarked,initial,sa,ti,SimplePhrase_Training,waitress_three,NA,negidsa,NA,NA,,NA,71,Wed Jun 13 12:38:04 2018
5b08,extrapolation,unmarked,initial,sa,ti,SimplePhrase_Training,point_burglar_pl_chef_sg,NA,poinim tumbatsa vaemti,NA,NA,,NA,72,Wed Jun 13 12:38:11 2018
5b08,extrapolation,unmarked,initial,sa,ti,SimplePhrase_Training,kick_cowboy_sg_burglar_sg,NA,kikim nork tumbatti,NA,NA,,NA,73,Wed Jun 13 12:38:19 2018
5b08,extrapolation,unmarked,initial,sa,ti,SimplePhrase_Training,waitress_three,NA,negidsa,NA,NA,,NA,74,Wed Jun 13 12:38:24 2018
5b08,extrapolation,unmarked,initial,sa,ti,SimplePhrase_Training,punch_waitress_sg_burglar_sg,NA,straikim negid tumbatti,NA,NA,,NA,75,Wed Jun 13 12:38:31 2018
5b08,extrapolation,unmarked,initial,sa,ti,SimplePhrase_Training,kick_cowboy_sg_waitress_sg,NA,kikim nork negidti,NA,NA,,NA,76,Wed Jun 13 12:38:39 2018
5b08,extrapolation,unmarked,initial,sa,ti,SimplePhrase_Training,punch_chef_sg_cowboy_sg,NA,straikim vaem norkti,NA,NA,,NA,77,Wed Jun 13 12:38:46 2018
5b08,extrapolation,unmarked,initial,sa,ti,SimplePhrase_Training,chef_two,NA,vaemsa,NA,NA,,NA,78,Wed Jun 13 12:38:51 2018
5b08,extrapolation,unmarked,initial,sa,ti,SimplePhrase_Training,kick_waitress_pl_chef_sg,NA,kikim negidsa vaemti,NA,NA,,NA,79,Wed Jun 13 12:38:59 2018
5b08,extrapolation,unmarked,initial,sa,ti,SimplePhrase_Training,punch_chef_sg_burglar_sg,NA,straikim vaem tumbatti,NA,NA,,NA,80,Wed Jun 13 12:39:06 2018
5b08,extrapolation,unmarked,initial,sa,ti,SimplePhrase_Training,chef,NA,vaem,NA,NA,,NA,81,Wed Jun 13 12:39:11 2018
5b08,extrapolation,unmarked,initial,sa,ti,SimplePhrase_Training,punch_chef_pl_waitress_sg,NA,straikim vaemsa negidti,NA,NA,,NA,82,Wed Jun 13 12:39:18 2018
5b08,extrapolation,unmarked,initial,sa,ti,SimplePhrase_Training,point_waitress_pl_burglar_sg,NA,poinim negidsa tumbatti,NA,NA,,NA,83,Wed Jun 13 12:39:26 2018
5b08,extrapolation,unmarked,initial,sa,ti,SimplePhrase_Training,burglar_four,NA,tumbatsa,NA,NA,,NA,84,Wed Jun 13 12:39:31 2018
5b08,extrapolation,unmarked,initial,sa,ti,SimplePhrase_Training,burglar,NA,tumbat,NA,NA,,NA,85,Wed Jun 13 12:39:36 2018
5b08,extrapolation,unmarked,initial,sa,ti,SimplePhrase_Training,point_cowboy_sg_burglar_sg,NA,poinim nork tumbatti,NA,NA,,NA,86,Wed Jun 13 12:39:43 2018
5b08,extrapolation,unmarked,initial,sa,ti,SimplePhrase_Training,chef_four,NA,vaemsa,NA,NA,,NA,87,Wed Jun 13 12:39:48 2018
5b08,extrapolation,unmarked,initial,sa,ti,SimplePhrase_Training,waitress,NA,negid,NA,NA,,NA,88,Wed Jun 13 12:39:53 2018
5b08,extrapolation,unmarked,initial,sa,ti,SimplePhrase_Training,kick_chef_sg_burglar_sg,NA,kikim vaem tumbatti,NA,NA,,NA,89,Wed Jun 13 12:40:00 2018
5b08,extrapolation,unmarked,initial,sa,ti,SimplePhrase_Training,point_waitress_sg_cowboy_sg,NA,poinim negid norkti,NA,NA,,NA,90,Wed Jun 13 12:40:08 2018
5b08,extrapolation,unmarked,initial,sa,ti,SimplePhrase_Training,burglar_two,NA,tumbatsa,NA,NA,,NA,91,Wed Jun 13 12:40:13 2018
5b08,extrapolation,unmarked,initial,sa,ti,SimplePhrase_Training,burglar,NA,tumbat,NA,NA,,NA,92,Wed Jun 13 12:40:18 2018
5b08,extrapolation,unmarked,initial,sa,ti,SimplePhrase_Training,kick_chef_pl_waitress_sg,NA,kikim vaemsa negidti,NA,NA,,NA,93,Wed Jun 13 12:40:25 2018
5b08,extrapolation,unmarked,initial,sa,ti,SimplePhrase_Training,chef_three,NA,vaemsa,NA,NA,,NA,94,Wed Jun 13 12:40:30 2018
5b08,extrapolation,unmarked,initial,sa,ti,SimplePhrase_Training,punch_burglar_pl_waitress_sg,NA,straikim tumbatsa negidti,NA,NA,,NA,95,Wed Jun 13 12:40:38 2018
5b08,extrapolation,unmarked,initial,sa,ti,SimplePhrase_Training,punch_cowboy_sg_waitress_sg,NA,straikim nork negidti,NA,NA,,NA,96,Wed Jun 13 12:40:46 2018
5b08,extrapolation,unmarked,initial,sa,ti,SimplePhrase_Training,punch_waitress_sg_cowboy_sg,NA,straikim negid norkti,NA,NA,,NA,97,Wed Jun 13 12:40:53 2018
5b08,extrapolation,unmarked,initial,sa,ti,SimplePhrase_Training,cowboy_two,NA,norksa,NA,NA,,NA,98,Wed Jun 13 12:40:58 2018
5b08,extrapolation,unmarked,initial,sa,ti,SimplePhrase_Training,point_waitress_pl_chef_sg,NA,poinim negidsa vaemti,NA,NA,,NA,99,Wed Jun 13 12:41:06 2018
5b08,extrapolation,unmarked,initial,sa,ti,SimplePhrase_Training,cowboy,NA,nork,NA,NA,,NA,100,Wed Jun 13 12:41:11 2018
5b08,extrapolation,unmarked,initial,sa,ti,SimplePhrase_Training,kick_waitress_pl_burglar_sg,NA,kikim negidsa tumbatti,NA,NA,,NA,101,Wed Jun 13 12:41:18 2018
5b08,extrapolation,unmarked,initial,sa,ti,SimplePhrase_Training,waitress_two,NA,negidsa,NA,NA,,NA,102,Wed Jun 13 12:41:23 2018
5b08,extrapolation,unmarked,initial,sa,ti,SimplePhrase_Training,point_cowboy_pl_chef_sg,NA,poinim norksa vaemti,NA,NA,,NA,103,Wed Jun 13 12:41:31 2018
5b08,extrapolation,unmarked,initial,sa,ti,SimplePhrase_Training,waitress,NA,negid,NA,NA,,NA,104,Wed Jun 13 12:41:36 2018
5b08,extrapolation,unmarked,initial,sa,ti,SimplePhrase_Training,cowboy_two,NA,norksa,NA,NA,,NA,105,Wed Jun 13 12:41:41 2018
5b08,extrapolation,unmarked,initial,sa,ti,SimplePhrase_Training,point_cowboy_sg_waitress_sg,NA,poinim nork negidti,NA,NA,,NA,106,Wed Jun 13 12:41:48 2018
5b08,extrapolation,unmarked,initial,sa,ti,SimplePhrase_Training,cowboy_three,NA,norksa,NA,NA,,NA,107,Wed Jun 13 12:41:53 2018
5b08,extrapolation,unmarked,initial,sa,ti,SimplePhrase_Training,waitress_four,NA,negidsa,NA,NA,,NA,108,Wed Jun 13 12:41:58 2018
5b08,extrapolation,unmarked,initial,sa,ti,SimplePhrase_Training,waitress_two,NA,negidsa,NA,NA,,NA,109,Wed Jun 13 12:42:03 2018
5b08,extrapolation,unmarked,initial,sa,ti,SimplePhrase_Training,cowboy_three,NA,norksa,NA,NA,,NA,110,Wed Jun 13 12:42:08 2018
5b08,extrapolation,unmarked,initial,sa,ti,SimplePhrase_Comprehension,cowboy_three,NA,norksa,correct,NA,,NA,111,Wed Jun 13 12:42:40 2018
5b08,extrapolation,unmarked,initial,sa,ti,SimplePhrase_Comprehension,point_chef_pl_burglar_sg,NA,poinim vaemsa tumbatti,correct,NA,,NA,112,Wed Jun 13 12:42:48 2018
5b08,extrapolation,unmarked,initial,sa,ti,SimplePhrase_Comprehension,punch_chef_pl_burglar_sg,NA,straikim vaemsa tumbatti,correct,NA,,NA,113,Wed Jun 13 12:42:54 2018
5b08,extrapolation,unmarked,initial,sa,ti,SimplePhrase_Comprehension,point_burglar_sg_cowboy_sg,NA,poinim tumbat norkti,correct,NA,,NA,114,Wed Jun 13 12:43:02 2018
5b08,extrapolation,unmarked,initial,sa,ti,SimplePhrase_Comprehension,chef_four,NA,vaemsa,correct,NA,,NA,115,Wed Jun 13 12:43:07 2018
5b08,extrapolation,unmarked,initial,sa,ti,SimplePhrase_Comprehension,waitress_two,NA,negidsa,correct,NA,,NA,116,Wed Jun 13 12:43:12 2018
5b08,extrapolation,unmarked,initial,sa,ti,SimplePhrase_Comprehension,point_chef_sg_waitress_sg,NA,poinim vaem negidti,correct,NA,,NA,117,Wed Jun 13 12:43:18 2018
5b08,extrapolation,unmarked,initial,sa,ti,SimplePhrase_Comprehension,burglar,NA,tumbat,correct,NA,,NA,118,Wed Jun 13 12:43:23 2018
5b08,extrapolation,unmarked,initial,sa,ti,SimplePhrase_Comprehension,chef,NA,vaem,correct,NA,,NA,119,Wed Jun 13 12:43:27 2018
5b08,extrapolation,unmarked,initial,sa,ti,SimplePhrase_Comprehension,chef_three,NA,vaemsa,correct,NA,,NA,120,Wed Jun 13 12:43:31 2018
5b08,extrapolation,unmarked,initial,sa,ti,SimplePhrase_Comprehension,chef_two,NA,vaemsa,correct,NA,,NA,121,Wed Jun 13 12:43:36 2018
5b08,extrapolation,unmarked,initial,sa,ti,SimplePhrase_Comprehension,point_burglar_pl_waitress_sg,NA,poinim tumbatsa negidti,correct,NA,,NA,122,Wed Jun 13 12:43:42 2018
5b08,extrapolation,unmarked,initial,sa,ti,SimplePhrase_Comprehension,waitress_three,NA,negidsa,correct,NA,,NA,123,Wed Jun 13 12:43:46 2018
5b08,extrapolation,unmarked,initial,sa,ti,SimplePhrase_Comprehension,burglar_four,NA,tumbatsa,correct,NA,,NA,124,Wed Jun 13 12:43:51 2018
5b08,extrapolation,unmarked,initial,sa,ti,SimplePhrase_Comprehension,cowboy,NA,nork,correct,NA,,NA,125,Wed Jun 13 12:43:56 2018
5b08,extrapolation,unmarked,initial,sa,ti,SimplePhrase_Comprehension,kick_cowboy_sg_chef_sg,NA,kikim nork vaemti,correct,NA,,NA,126,Wed Jun 13 12:44:06 2018
5b08,extrapolation,unmarked,initial,sa,ti,SimplePhrase_Comprehension,point_waitress_sg_burglar_sg,NA,poinim negid tumbatti,correct,NA,,NA,127,Wed Jun 13 12:44:12 2018
5b08,extrapolation,unmarked,initial,sa,ti,SimplePhrase_Comprehension,punch_cowboy_pl_waitress_sg,NA,straikim norksa negidti,wrong,NA,,NA,128,Wed Jun 13 12:44:21 2018
5b08,extrapolation,unmarked,initial,sa,ti,SimplePhrase_Comprehension,waitress_four,NA,negidsa,correct,NA,,NA,129,Wed Jun 13 12:44:27 2018
5b08,extrapolation,unmarked,initial,sa,ti,SimplePhrase_Comprehension,point_cowboy_pl_burglar_sg,NA,poinim norksa tumbatti,correct,NA,,NA,130,Wed Jun 13 12:44:33 2018
5b08,extrapolation,unmarked,initial,sa,ti,SimplePhrase_Comprehension,point_cowboy_pl_waitress_sg,NA,poinim norksa negidti,correct,NA,,NA,131,Wed Jun 13 12:44:39 2018
5b08,extrapolation,unmarked,initial,sa,ti,SimplePhrase_Comprehension,punch_waitress_pl_burglar_sg,NA,straikim negidsa tumbatti,correct,NA,,NA,132,Wed Jun 13 12:44:47 2018
5b08,extrapolation,unmarked,initial,sa,ti,SimplePhrase_Comprehension,point_waitress_sg_chef_sg,NA,poinim negid vaemti,correct,NA,,NA,133,Wed Jun 13 12:44:55 2018
5b08,extrapolation,unmarked,initial,sa,ti,SimplePhrase_Comprehension,kick_chef_pl_burglar_sg,NA,kikim vaemsa tumbatti,correct,NA,,NA,134,Wed Jun 13 12:45:04 2018
5b08,extrapolation,unmarked,initial,sa,ti,SimplePhrase_Comprehension,kick_cowboy_pl_burglar_sg,NA,kikim norksa tumbatti,correct,NA,,NA,135,Wed Jun 13 12:45:09 2018
5b08,extrapolation,unmarked,initial,sa,ti,SimplePhrase_Comprehension,cowboy_two,NA,norksa,correct,NA,,NA,136,Wed Jun 13 12:45:14 2018
5b08,extrapolation,unmarked,initial,sa,ti,SimplePhrase_Comprehension,point_burglar_sg_chef_sg,NA,poinim tumbat vaemti,correct,NA,,NA,137,Wed Jun 13 12:45:21 2018
5b08,extrapolation,unmarked,initial,sa,ti,SimplePhrase_Comprehension,punch_burglar_sg_waitress_sg,NA,straikim tumbat negidti,correct,NA,,NA,138,Wed Jun 13 12:45:29 2018
5b08,extrapolation,unmarked,initial,sa,ti,SimplePhrase_Comprehension,kick_chef_sg_waitress_sg,NA,kikim vaem negidti,correct,NA,,NA,139,Wed Jun 13 12:45:35 2018
5b08,extrapolation,unmarked,initial,sa,ti,SimplePhrase_Comprehension,point_cowboy_sg_chef_sg,NA,poinim nork vaemti,correct,NA,,NA,140,Wed Jun 13 12:45:43 2018
5b08,extrapolation,unmarked,initial,sa,ti,SimplePhrase_Comprehension,cowboy_four,NA,norksa,correct,NA,,NA,141,Wed Jun 13 12:45:47 2018
5b08,extrapolation,unmarked,initial,sa,ti,SimplePhrase_Comprehension,kick_waitress_sg_chef_sg,NA,kikim negid vaemti,correct,NA,,NA,142,Wed Jun 13 12:45:53 2018
5b08,extrapolation,unmarked,initial,sa,ti,SimplePhrase_Comprehension,kick_burglar_pl_chef_sg,NA,kikim tumbatsa vaemti,correct,NA,,NA,143,Wed Jun 13 12:46:03 2018
5b08,extrapolation,unmarked,initial,sa,ti,SimplePhrase_Comprehension,waitress,NA,negid,correct,NA,,NA,144,Wed Jun 13 12:46:07 2018
5b08,extrapolation,unmarked,initial,sa,ti,SimplePhrase_Typing,kick_chef_sg_burglar_sg,NA,kikim vaem tumbatti,NA,kikim vaem tumbatti,,NA,145,Wed Jun 13 12:46:53 2018
5b08,extrapolation,unmarked,initial,sa,ti,SimplePhrase_Typing,punch_cowboy_pl_burglar_sg,NA,straikim norksa tumbatti,NA,straikim norksa tumbatti,,NA,146,Wed Jun 13 12:47:15 2018
5b08,extrapolation,unmarked,initial,sa,ti,SimplePhrase_Typing,waitress,NA,negid,NA,negid,,NA,147,Wed Jun 13 12:47:23 2018
5b08,extrapolation,unmarked,initial,sa,ti,SimplePhrase_Typing,cowboy_four,NA,norksa,NA,norksa,,NA,148,Wed Jun 13 12:47:32 2018
5b08,extrapolation,unmarked,initial,sa,ti,SimplePhrase_Typing,burglar_four,NA,tumbatsa,NA,tumbatsa,,NA,149,Wed Jun 13 12:47:42 2018
5b08,extrapolation,unmarked,initial,sa,ti,SimplePhrase_Typing,punch_chef_sg_cowboy_sg,NA,straikim vaem norkti,NA,straikim vaem norkti,,NA,150,Wed Jun 13 12:47:54 2018
5b08,extrapolation,unmarked,initial,sa,ti,SimplePhrase_Typing,cowboy,NA,nork,NA,nork,,NA,151,Wed Jun 13 12:48:00 2018
5b08,extrapolation,unmarked,initial,sa,ti,SimplePhrase_Typing,waitress_four,NA,negidsa,NA,negidsa,,NA,152,Wed Jun 13 12:48:10 2018
5b08,extrapolation,unmarked,initial,sa,ti,SimplePhrase_Typing,point_waitress_pl_chef_sg,NA,poinim negidsa vaemti,NA,poinim negidsa vaemti,,NA,153,Wed Jun 13 12:48:26 2018
5b08,extrapolation,unmarked,initial,sa,ti,SimplePhrase_Typing,kick_waitress_pl_chef_sg,NA,kikim negidsa vaemti,NA,kikim negidsa vaemti,,NA,154,Wed Jun 13 12:48:38 2018
5b08,extrapolation,unmarked,initial,sa,ti,SimplePhrase_Typing,kick_chef_pl_waitress_sg,NA,kikim vaemsa negidti,NA,kikim vaemsa negidti,,NA,155,Wed Jun 13 12:48:50 2018
5b08,extrapolation,unmarked,initial,sa,ti,SimplePhrase_Typing,chef_three,NA,vaemsa,NA,vaemsa,,NA,156,Wed Jun 13 12:49:00 2018
5b08,extrapolation,unmarked,initial,sa,ti,SimplePhrase_Typing,point_burglar_sg_waitress_sg,NA,poinim tumbat negidti,NA,poinim tumbat negidti,,NA,157,Wed Jun 13 12:49:13 2018
5b08,extrapolation,unmarked,initial,sa,ti,SimplePhrase_Typing,chef,NA,vaem,NA,vaem,,NA,158,Wed Jun 13 12:49:20 2018
5b08,extrapolation,unmarked,initial,sa,ti,SimplePhrase_Typing,kick_waitress_sg_cowboy_sg,NA,kikim negid norkti,NA,kikim negid norkti,,NA,159,Wed Jun 13 12:49:33 2018
5b08,extrapolation,unmarked,initial,sa,ti,SimplePhrase_Typing,burglar,NA,tumbat,NA,tumbat,,NA,160,Wed Jun 13 12:49:40 2018
5b08,extrapolation,unmarked,initial,sa,ti,ComplexPhrase_Typing,kick_burglar_sg_chef_pl,chef,kikim tumbat vaemsati,NA,kikim tumbat vaemsati,,NA,161,Wed Jun 13 12:50:24 2018
5b08,extrapolation,unmarked,initial,sa,ti,ComplexPhrase_Typing,kick_burglar_sg_cowboy_pl,cowboy,kikim tumbat norksati,NA,kikim tumbat norksati,,NA,162,Wed Jun 13 12:50:31 2018
5b08,extrapolation,unmarked,initial,sa,ti,ComplexPhrase_Typing,punch_waitress_sg_burglar_pl,burglar,straikim negid tumbatsati,NA,straikim negid tumbatsati,,NA,163,Wed Jun 13 12:50:45 2018
5b08,extrapolation,unmarked,initial,sa,ti,ComplexPhrase_Typing,point_chef_sg_waitress_pl,waitress,poinim vaem negidsati,NA,poinim vaem negidsati,,NA,164,Wed Jun 13 12:50:56 2018
5b08,extrapolation,unmarked,initial,sa,ti,ComplexPhrase_Typing,kick_burglar_sg_cowboy_pl,cowboy,kikim tumbat norksati,NA,kikim tumbat norksati,,NA,165,Wed Jun 13 12:51:07 2018
5b08,extrapolation,unmarked,initial,sa,ti,ComplexPhrase_Typing,point_chef_sg_waitress_pl,waitress,poinim vaem negidsati,NA,poinim vaem negidsati,,NA,166,Wed Jun 13 12:51:15 2018
5b08,extrapolation,unmarked,initial,sa,ti,ComplexPhrase_Typing,kick_burglar_sg_chef_pl,chef,kikim tumbat vaemsati,NA,kikim tumbat vaemsati,,NA,167,Wed Jun 13 12:51:27 2018
5b08,extrapolation,unmarked,initial,sa,ti,ComplexPhrase_Typing,punch_waitress_sg_burglar_pl,burglar,straikim negid tumbatsati,NA,straikim negid tumbatsati,,NA,168,Wed Jun 13 12:51:34 2018
5b08,extrapolation,unmarked,initial,sa,ti,ComplexPhrase_Typing,kick_burglar_sg_cowboy_pl,cowboy,kikim tumbat norksati,NA,kikim tumbat norksati,,NA,169,Wed Jun 13 12:51:42 2018
5b08,extrapolation,unmarked,initial,sa,ti,ComplexPhrase_Typing,punch_waitress_sg_burglar_pl,burglar,straikim negid tumbatsati,NA,straikim negid tumbatsati,,NA,170,Wed Jun 13 12:51:49 2018
5b08,extrapolation,unmarked,initial,sa,ti,ComplexPhrase_Typing,point_chef_sg_waitress_pl,waitress,poinim vaem negidsati,NA,poinim vaem negidsati,,NA,171,Wed Jun 13 12:51:54 2018
5b08,extrapolation,unmarked,initial,sa,ti,ComplexPhrase_Typing,kick_burglar_sg_chef_pl,chef,kikim tumbat vaemsati,NA,kikim tumbat vaemsati,,NA,172,Wed Jun 13 12:52:00 2018
5b08,extrapolation,unmarked,initial,sa,ti,ComplexPhrase_Testing,point_chef_pl_waitress_sg,NA,poinim vaemsa negidti,NA,NA,,NA,173,Wed Jun 13 12:52:46 2018
5b08,extrapolation,unmarked,initial,sa,ti,ComplexPhrase_Testing,point_cowboy_sg_burglar_pl,burglar,poinim nork tumbatsati,NA,NA,,NA,174,Wed Jun 13 12:52:57 2018
5b08,extrapolation,unmarked,initial,sa,ti,ComplexPhrase_Testing,point_burglar_sg_chef_pl,chef,poinim tumbat vaemsati,NA,NA,,NA,175,Wed Jun 13 12:53:02 2018
5b08,extrapolation,unmarked,initial,sa,ti,ComplexPhrase_Testing,kick_cowboy_sg_chef_pl,chef,kikim nork vaemsati,NA,NA,,NA,176,Wed Jun 13 12:53:08 2018
5b08,extrapolation,unmarked,initial,sa,ti,ComplexPhrase_Testing,kick_burglar_sg_waitress_pl,waitress,kikim tumbat negidsati,NA,NA,,NA,177,Wed Jun 13 12:53:13 2018
5b08,extrapolation,unmarked,initial,sa,ti,ComplexPhrase_Testing,cowboy_three,NA,norksa,NA,NA,,NA,178,Wed Jun 13 12:53:16 2018
5b08,extrapolation,unmarked,initial,sa,ti,ComplexPhrase_Testing,kick_cowboy_sg_burglar_pl,burglar,kikim nork tumbatsati,NA,NA,,NA,179,Wed Jun 13 12:53:24 2018
5b08,extrapolation,unmarked,initial,sa,ti,ComplexPhrase_Testing,waitress_two,NA,negidsa,NA,NA,,NA,180,Wed Jun 13 12:53:27 2018
5b08,extrapolation,unmarked,initial,sa,ti,ComplexPhrase_Testing,kick_waitress_sg_burglar_pl,burglar,kikim negid tumbatsati,NA,NA,,NA,181,Wed Jun 13 12:53:33 2018
5b08,extrapolation,unmarked,initial,sa,ti,ComplexPhrase_Testing,punch_chef_sg_cowboy_pl,cowboy,straikim vaem norksati,NA,NA,,NA,182,Wed Jun 13 12:53:40 2018
5b08,extrapolation,unmarked,initial,sa,ti,ComplexPhrase_Testing,kick_cowboy_sg_chef_pl,chef,kikim nork vaemsati,NA,NA,,NA,183,Wed Jun 13 12:53:46 2018
5b08,extrapolation,unmarked,initial,sa,ti,ComplexPhrase_Testing,punch_waitress_sg_burglar_pl,burglar,straikim negid tumbatsati,NA,NA,,NA,184,Wed Jun 13 12:53:50 2018
5b08,extrapolation,unmarked,initial,sa,ti,ComplexPhrase_Testing,chef,NA,vaem,NA,NA,,NA,185,Wed Jun 13 12:53:53 2018
5b08,extrapolation,unmarked,initial,sa,ti,ComplexPhrase_Testing,punch_waitress_sg_chef_sg,NA,straikim negid vaemti,NA,NA,,NA,186,Wed Jun 13 12:54:01 2018
5b08,extrapolation,unmarked,initial,sa,ti,ComplexPhrase_Testing,kick_cowboy_sg_burglar_pl,burglar,kikim nork tumbatsati,NA,NA,,NA,187,Wed Jun 13 12:54:10 2018
5b08,extrapolation,unmarked,initial,sa,ti,ComplexPhrase_Testing,punch_chef_sg_cowboy_pl,cowboy,straikim vaem norksati,NA,NA,,NA,188,Wed Jun 13 12:54:15 2018
5b08,extrapolation,unmarked,initial,sa,ti,ComplexPhrase_Testing,point_burglar_sg_waitress_sg,NA,poinim tumbat negidti,NA,NA,,NA,189,Wed Jun 13 12:54:20 2018
5b08,extrapolation,unmarked,initial,sa,ti,ComplexPhrase_Testing,kick_cowboy_sg_burglar_pl,burglar,kikim nork tumbatsati,NA,NA,,NA,190,Wed Jun 13 12:54:29 2018
5b08,extrapolation,unmarked,initial,sa,ti,ComplexPhrase_Testing,waitress,NA,negid,NA,NA,,NA,191,Wed Jun 13 12:54:30 2018
5b08,extrapolation,unmarked,initial,sa,ti,ComplexPhrase_Testing,point_burglar_sg_chef_pl,chef,poinim tumbat vaemsati,NA,NA,,NA,192,Wed Jun 13 12:54:36 2018
5b08,extrapolation,unmarked,initial,sa,ti,ComplexPhrase_Testing,punch_cowboy_sg_chef_sg,NA,straikim nork vaemti,NA,NA,,NA,193,Wed Jun 13 12:54:41 2018
5b08,extrapolation,unmarked,initial,sa,ti,ComplexPhrase_Testing,burglar_three,NA,tumbatsa,NA,NA,,NA,194,Wed Jun 13 12:54:47 2018
5b08,extrapolation,unmarked,initial,sa,ti,ComplexPhrase_Testing,kick_cowboy_sg_chef_pl,chef,kikim nork vaemsati,NA,NA,,NA,195,Wed Jun 13 12:54:56 2018
5b08,extrapolation,unmarked,initial,sa,ti,ComplexPhrase_Testing,kick_burglar_sg_waitress_pl,waitress,kikim tumbat negidsati,NA,NA,,NA,196,Wed Jun 13 12:55:01 2018
5b08,extrapolation,unmarked,initial,sa,ti,ComplexPhrase_Testing,point_cowboy_sg_burglar_pl,burglar,poinim nork tumbatsati,NA,NA,,NA,197,Wed Jun 13 12:55:09 2018
5b08,extrapolation,unmarked,initial,sa,ti,ComplexPhrase_Testing,kick_waitress_sg_burglar_pl,burglar,kikim negid tumbatsati,NA,NA,,NA,198,Wed Jun 13 12:55:12 2018
5b08,extrapolation,unmarked,initial,sa,ti,ComplexPhrase_Testing,kick_waitress_sg_chef_sg,NA,kikim negid vaemti,NA,NA,,NA,199,Wed Jun 13 12:55:17 2018
5b08,extrapolation,unmarked,initial,sa,ti,ComplexPhrase_Testing,point_burglar_sg_cowboy_sg,NA,poinim tumbat norkti,NA,NA,,NA,200,Wed Jun 13 12:55:24 2018
5b08,extrapolation,unmarked,initial,sa,ti,ComplexPhrase_Testing,punch_chef_sg_burglar_sg,NA,straikim vaem tumbatti,NA,NA,,NA,201,Wed Jun 13 12:55:32 2018
5b08,extrapolation,unmarked,initial,sa,ti,ComplexPhrase_Testing,point_chef_sg_cowboy_pl,cowboy,poinim vaem norksati,NA,NA,,NA,202,Wed Jun 13 12:55:40 2018
5b08,extrapolation,unmarked,initial,sa,ti,ComplexPhrase_Testing,point_burglar_sg_chef_pl,chef,poinim tumbat vaemsati,NA,NA,,NA,203,Wed Jun 13 12:55:44 2018
5b08,extrapolation,unmarked,initial,sa,ti,ComplexPhrase_Testing,punch_waitress_sg_burglar_pl,burglar,straikim negid tumbatsati,NA,NA,,NA,204,Wed Jun 13 12:55:48 2018
5b08,extrapolation,unmarked,initial,sa,ti,ComplexPhrase_Testing,kick_waitress_sg_burglar_pl,burglar,kikim negid tumbatsati,NA,NA,,NA,205,Wed Jun 13 12:55:54 2018
5b08,extrapolation,unmarked,initial,sa,ti,ComplexPhrase_Testing,punch_cowboy_sg_chef_pl,chef,straikim nork vaemsati,NA,NA,,NA,206,Wed Jun 13 12:55:58 2018
5b08,extrapolation,unmarked,initial,sa,ti,ComplexPhrase_Testing,chef_three,NA,vaemsa,NA,NA,,NA,207,Wed Jun 13 12:56:03 2018
5b08,extrapolation,unmarked,initial,sa,ti,ComplexPhrase_Testing,kick_waitress_sg_chef_pl,chef,kikim negid vaemsati,NA,NA,,NA,208,Wed Jun 13 12:56:09 2018
5b08,extrapolation,unmarked,initial,sa,ti,ComplexPhrase_Testing,kick_burglar_sg_waitress_pl,waitress,kikim tumbat negidsati,NA,NA,,NA,209,Wed Jun 13 12:56:13 2018
5b08,extrapolation,unmarked,initial,sa,ti,ComplexPhrase_Testing,punch_burglar_sg_waitress_pl,waitress,straikim tumbat negidsati,NA,NA,,NA,210,Wed Jun 13 12:56:19 2018
5b08,extrapolation,unmarked,initial,sa,ti,ComplexPhrase_Testing,burglar,NA,tumbat,NA,NA,,NA,211,Wed Jun 13 12:56:22 2018
5b08,extrapolation,unmarked,initial,sa,ti,ComplexPhrase_Testing,punch_waitress_pl_cowboy_sg,NA,straikim negidsa norkti,NA,NA,,NA,212,Wed Jun 13 12:56:31 2018
5b08,extrapolation,unmarked,initial,sa,ti,ComplexPhrase_Testing,punch_burglar_sg_waitress_pl,waitress,straikim tumbat negidsati,NA,NA,,NA,213,Wed Jun 13 12:56:39 2018
5b08,extrapolation,unmarked,initial,sa,ti,ComplexPhrase_Testing,kick_waitress_sg_chef_pl,chef,kikim negid vaemsati,NA,NA,,NA,214,Wed Jun 13 12:56:44 2018
5b08,extrapolation,unmarked,initial,sa,ti,ComplexPhrase_Testing,point_chef_sg_cowboy_pl,cowboy,poinim vaem norksati,NA,NA,,NA,215,Wed Jun 13 12:56:48 2018
5b08,extrapolation,unmarked,initial,sa,ti,ComplexPhrase_Testing,punch_chef_sg_cowboy_pl,cowboy,straikim vaem norksati,NA,NA,,NA,216,Wed Jun 13 12:56:55 2018
5b08,extrapolation,unmarked,initial,sa,ti,ComplexPhrase_Testing,chef_two,NA,vaemsa,NA,NA,,NA,217,Wed Jun 13 12:57:05 2018
5b08,extrapolation,unmarked,initial,sa,ti,ComplexPhrase_Testing,point_burglar_pl_waitress_sg,NA,poinim tumbatsa negidti,NA,NA,,NA,218,Wed Jun 13 12:57:12 2018
5b08,extrapolation,unmarked,initial,sa,ti,ComplexPhrase_Testing,punch_burglar_sg_waitress_pl,waitress,straikim tumbat negidsati,NA,NA,,NA,219,Wed Jun 13 12:57:20 2018
5b08,extrapolation,unmarked,initial,sa,ti,ComplexPhrase_Testing,kick_burglar_pl_cowboy_sg,NA,kikim tumbatsa norkti,NA,NA,,NA,220,Wed Jun 13 12:57:25 2018
5b08,extrapolation,unmarked,initial,sa,ti,ComplexPhrase_Testing,punch_cowboy_sg_chef_pl,chef,straikim nork vaemsati,NA,NA,,NA,221,Wed Jun 13 12:57:33 2018
5b08,extrapolation,unmarked,initial,sa,ti,ComplexPhrase_Testing,kick_waitress_sg_chef_pl,chef,kikim negid vaemsati,NA,NA,,NA,222,Wed Jun 13 12:57:36 2018
5b08,extrapolation,unmarked,initial,sa,ti,ComplexPhrase_Testing,punch_chef_pl_cowboy_sg,NA,straikim vaemsa norkti,NA,NA,,NA,223,Wed Jun 13 12:57:40 2018
5b08,extrapolation,unmarked,initial,sa,ti,ComplexPhrase_Testing,cowboy,NA,nork,NA,NA,,NA,224,Wed Jun 13 12:57:46 2018
5b08,extrapolation,unmarked,initial,sa,ti,ComplexPhrase_Testing,point_chef_sg_cowboy_pl,cowboy,poinim vaem norksati,NA,NA,,NA,225,Wed Jun 13 12:57:51 2018
5b08,extrapolation,unmarked,initial,sa,ti,ComplexPhrase_Testing,point_cowboy_sg_burglar_pl,burglar,poinim nork tumbatsati,NA,NA,,NA,226,Wed Jun 13 12:57:56 2018
5b08,extrapolation,unmarked,initial,sa,ti,ComplexPhrase_Testing,punch_cowboy_sg_chef_pl,chef,straikim nork vaemsati,NA,NA,,NA,227,Wed Jun 13 12:57:59 2018
5b08,extrapolation,unmarked,initial,sa,ti,ComplexPhrase_Testing,punch_waitress_sg_burglar_pl,burglar,straikim negid tumbatsati,NA,NA,,NA,228,Wed Jun 13 12:58:03 2018
5b08,extrapolation,unmarked,initial,sa,ti,ComplexPhrase_Testing,waitress_four,NA,negidsa,NA,NA,,NA,229,Wed Jun 13 12:58:06 2018
5b08,extrapolation,unmarked,initial,sa,ti,ComplexPhrase_Testing,punch_burglar_pl_chef_sg,NA,straikim tumbatsa vaemti,NA,NA,,NA,230,Wed Jun 13 12:58:13 2018
5b08,extrapolation,unmarked,initial,sa,ti,Questionnaire,NA,NA,NA,NA,NA,,it marks the object of the verb,MeaningCase,Wed Jun 13 12:59:32 2018
5b08,extrapolation,unmarked,initial,sa,ti,Questionnaire,NA,NA,NA,NA,NA,,plural,MeaningNum,Wed Jun 13 12:59:32 2018
5b08,extrapolation,unmarked,initial,sa,ti,Questionnaire,NA,NA,NA,NA,NA,,after,OrderCaseNoun,Wed Jun 13 12:59:33 2018
5b08,extrapolation,unmarked,initial,sa,ti,Questionnaire,NA,NA,NA,NA,NA,,after,OrderNumNoun,Wed Jun 13 12:59:33 2018
5b08,extrapolation,unmarked,initial,sa,ti,Questionnaire,NA,NA,NA,NA,NA,,English,Languages,Wed Jun 13 12:59:33 2018
