ID,Condition,MajorityOrder,NounPosition,markerNum,markerCase,Phase,Meaning,NounItem,InputSentence,Selection,TypedResponse,SpokenResponse,AnswerQuest,Trial,date&time
6b04,extrapolation,unmarked,final,sa,ti,Noun_Training,chef,NA,vaem,NA,NA,,NA,1,Fri May 18 10:36:44 2018
6b04,extrapolation,unmarked,final,sa,ti,Noun_Training,waitress,NA,nork,NA,NA,,NA,2,Fri May 18 10:36:49 2018
6b04,extrapolation,unmarked,final,sa,ti,Noun_Training,burglar,NA,negid,NA,NA,,NA,3,Fri May 18 10:36:54 2018
6b04,extrapolation,unmarked,final,sa,ti,Noun_Training,chef,NA,vaem,NA,NA,,NA,4,Fri May 18 10:36:59 2018
6b04,extrapolation,unmarked,final,sa,ti,Noun_Training,chef,NA,vaem,NA,NA,,NA,5,Fri May 18 10:37:03 2018
6b04,extrapolation,unmarked,final,sa,ti,Noun_Training,cowboy,NA,tumbat,NA,NA,,NA,6,Fri May 18 10:37:08 2018
6b04,extrapolation,unmarked,final,sa,ti,Noun_Training,burglar,NA,negid,NA,NA,,NA,7,Fri May 18 10:37:13 2018
6b04,extrapolation,unmarked,final,sa,ti,Noun_Training,cowboy,NA,tumbat,NA,NA,,NA,8,Fri May 18 10:37:18 2018
6b04,extrapolation,unmarked,final,sa,ti,Noun_Training,burglar,NA,negid,NA,NA,,NA,9,Fri May 18 10:37:23 2018
6b04,extrapolation,unmarked,final,sa,ti,Noun_Training,waitress,NA,nork,NA,NA,,NA,10,Fri May 18 10:37:28 2018
6b04,extrapolation,unmarked,final,sa,ti,Noun_Training,cowboy,NA,tumbat,NA,NA,,NA,11,Fri May 18 10:37:33 2018
6b04,extrapolation,unmarked,final,sa,ti,Noun_Training,burglar,NA,negid,NA,NA,,NA,12,Fri May 18 10:37:37 2018
6b04,extrapolation,unmarked,final,sa,ti,Noun_Training,waitress,NA,nork,NA,NA,,NA,13,Fri May 18 10:37:42 2018
6b04,extrapolation,unmarked,final,sa,ti,Noun_Training,waitress,NA,nork,NA,NA,,NA,14,Fri May 18 10:37:47 2018
6b04,extrapolation,unmarked,final,sa,ti,Noun_Training,cowboy,NA,tumbat,NA,NA,,NA,15,Fri May 18 10:37:52 2018
6b04,extrapolation,unmarked,final,sa,ti,Noun_Training,waitress,NA,nork,NA,NA,,NA,16,Fri May 18 10:37:57 2018
6b04,extrapolation,unmarked,final,sa,ti,Noun_Training,waitress,NA,nork,NA,NA,,NA,17,Fri May 18 10:38:02 2018
6b04,extrapolation,unmarked,final,sa,ti,Noun_Training,cowboy,NA,tumbat,NA,NA,,NA,18,Fri May 18 10:38:07 2018
6b04,extrapolation,unmarked,final,sa,ti,Noun_Training,chef,NA,vaem,NA,NA,,NA,19,Fri May 18 10:38:12 2018
6b04,extrapolation,unmarked,final,sa,ti,Noun_Training,burglar,NA,negid,NA,NA,,NA,20,Fri May 18 10:38:16 2018
6b04,extrapolation,unmarked,final,sa,ti,Noun_Training,burglar,NA,negid,NA,NA,,NA,21,Fri May 18 10:38:21 2018
6b04,extrapolation,unmarked,final,sa,ti,Noun_Training,chef,NA,vaem,NA,NA,,NA,22,Fri May 18 10:38:26 2018
6b04,extrapolation,unmarked,final,sa,ti,Noun_Training,cowboy,NA,tumbat,NA,NA,,NA,23,Fri May 18 10:38:31 2018
6b04,extrapolation,unmarked,final,sa,ti,Noun_Training,chef,NA,vaem,NA,NA,,NA,24,Fri May 18 10:38:36 2018
6b04,extrapolation,unmarked,final,sa,ti,Noun_Selection,chef,NA,vaem,correct,NA,,NA,25,Fri May 18 10:38:59 2018
6b04,extrapolation,unmarked,final,sa,ti,Noun_Selection,burglar,NA,negid,correct,NA,,NA,26,Fri May 18 10:39:03 2018
6b04,extrapolation,unmarked,final,sa,ti,Noun_Selection,waitress,NA,nork,correct,NA,,NA,27,Fri May 18 10:39:06 2018
6b04,extrapolation,unmarked,final,sa,ti,Noun_Selection,chef,NA,vaem,correct,NA,,NA,28,Fri May 18 10:39:09 2018
6b04,extrapolation,unmarked,final,sa,ti,Noun_Selection,waitress,NA,nork,correct,NA,,NA,29,Fri May 18 10:39:12 2018
6b04,extrapolation,unmarked,final,sa,ti,Noun_Selection,burglar,NA,negid,correct,NA,,NA,30,Fri May 18 10:39:15 2018
6b04,extrapolation,unmarked,final,sa,ti,Noun_Selection,burglar,NA,negid,correct,NA,,NA,31,Fri May 18 10:39:18 2018
6b04,extrapolation,unmarked,final,sa,ti,Noun_Selection,cowboy,NA,tumbat,correct,NA,,NA,32,Fri May 18 10:39:21 2018
6b04,extrapolation,unmarked,final,sa,ti,Noun_Selection,cowboy,NA,tumbat,correct,NA,,NA,33,Fri May 18 10:39:24 2018
6b04,extrapolation,unmarked,final,sa,ti,Noun_Selection,chef,NA,vaem,correct,NA,,NA,34,Fri May 18 10:39:27 2018
6b04,extrapolation,unmarked,final,sa,ti,Noun_Selection,cowboy,NA,tumbat,correct,NA,,NA,35,Fri May 18 10:39:30 2018
6b04,extrapolation,unmarked,final,sa,ti,Noun_Selection,waitress,NA,nork,correct,NA,,NA,36,Fri May 18 10:39:33 2018
6b04,extrapolation,unmarked,final,sa,ti,Noun_Testing,burglar,NA,negid,NA,NA,,NA,37,Fri May 18 10:39:57 2018
6b04,extrapolation,unmarked,final,sa,ti,Noun_Testing,cowboy,NA,tumbat,NA,NA,,NA,38,Fri May 18 10:40:01 2018
6b04,extrapolation,unmarked,final,sa,ti,Noun_Testing,burglar,NA,negid,NA,NA,,NA,39,Fri May 18 10:40:03 2018
6b04,extrapolation,unmarked,final,sa,ti,Noun_Testing,chef,NA,vaem,NA,NA,,NA,40,Fri May 18 10:40:12 2018
6b04,extrapolation,unmarked,final,sa,ti,Noun_Testing,burglar,NA,negid,NA,NA,,NA,41,Fri May 18 10:40:16 2018
6b04,extrapolation,unmarked,final,sa,ti,Noun_Testing,waitress,NA,nork,NA,NA,,NA,42,Fri May 18 10:40:20 2018
6b04,extrapolation,unmarked,final,sa,ti,Noun_Testing,chef,NA,vaem,NA,NA,,NA,43,Fri May 18 10:40:25 2018
6b04,extrapolation,unmarked,final,sa,ti,Noun_Testing,chef,NA,vaem,NA,NA,,NA,44,Fri May 18 10:40:29 2018
6b04,extrapolation,unmarked,final,sa,ti,Noun_Testing,waitress,NA,nork,NA,NA,,NA,45,Fri May 18 10:40:33 2018
6b04,extrapolation,unmarked,final,sa,ti,Noun_Testing,waitress,NA,nork,NA,NA,,NA,46,Fri May 18 10:40:37 2018
6b04,extrapolation,unmarked,final,sa,ti,Noun_Testing,cowboy,NA,tumbat,NA,NA,,NA,47,Fri May 18 10:40:41 2018
6b04,extrapolation,unmarked,final,sa,ti,Noun_Testing,cowboy,NA,tumbat,NA,NA,,NA,48,Fri May 18 10:40:45 2018
6b04,extrapolation,unmarked,final,sa,ti,SimplePhrase_Training,cowboy_two,NA,satumbat,NA,NA,,NA,49,Fri May 18 10:41:20 2018
6b04,extrapolation,unmarked,final,sa,ti,SimplePhrase_Training,point_chef_sg_waitress_sg,NA,poinim vaem tinork,NA,NA,,NA,50,Fri May 18 10:41:27 2018
6b04,extrapolation,unmarked,final,sa,ti,SimplePhrase_Training,kick_burglar_pl_waitress_sg,NA,kikim sanegid tinork,NA,NA,,NA,51,Fri May 18 10:41:34 2018
6b04,extrapolation,unmarked,final,sa,ti,SimplePhrase_Training,burglar,NA,negid,NA,NA,,NA,52,Fri May 18 10:41:39 2018
6b04,extrapolation,unmarked,final,sa,ti,SimplePhrase_Training,kick_chef_pl_cowboy_sg,NA,kikim savaem titumbat,NA,NA,,NA,53,Fri May 18 10:41:47 2018
6b04,extrapolation,unmarked,final,sa,ti,SimplePhrase_Training,waitress_three,NA,sanork,NA,NA,,NA,54,Fri May 18 10:41:52 2018
6b04,extrapolation,unmarked,final,sa,ti,SimplePhrase_Training,cowboy,NA,tumbat,NA,NA,,NA,55,Fri May 18 10:41:57 2018
6b04,extrapolation,unmarked,final,sa,ti,SimplePhrase_Training,kick_waitress_sg_burglar_sg,NA,kikim nork tinegid,NA,NA,,NA,56,Fri May 18 10:42:04 2018
6b04,extrapolation,unmarked,final,sa,ti,SimplePhrase_Training,chef_three,NA,savaem,NA,NA,,NA,57,Fri May 18 10:42:09 2018
6b04,extrapolation,unmarked,final,sa,ti,SimplePhrase_Training,point_cowboy_sg_chef_sg,NA,poinim tumbat tivaem,NA,NA,,NA,58,Fri May 18 10:42:16 2018
6b04,extrapolation,unmarked,final,sa,ti,SimplePhrase_Training,point_waitress_sg_burglar_sg,NA,poinim nork tinegid,NA,NA,,NA,59,Fri May 18 10:42:23 2018
6b04,extrapolation,unmarked,final,sa,ti,SimplePhrase_Training,waitress,NA,nork,NA,NA,,NA,60,Fri May 18 10:42:28 2018
6b04,extrapolation,unmarked,final,sa,ti,SimplePhrase_Training,kick_burglar_pl_cowboy_sg,NA,kikim sanegid titumbat,NA,NA,,NA,61,Fri May 18 10:42:36 2018
6b04,extrapolation,unmarked,final,sa,ti,SimplePhrase_Training,point_burglar_pl_cowboy_sg,NA,poinim sanegid titumbat,NA,NA,,NA,62,Fri May 18 10:42:44 2018
6b04,extrapolation,unmarked,final,sa,ti,SimplePhrase_Training,punch_chef_sg_waitress_sg,NA,straikim vaem tinork,NA,NA,,NA,63,Fri May 18 10:42:51 2018
6b04,extrapolation,unmarked,final,sa,ti,SimplePhrase_Training,cowboy_four,NA,satumbat,NA,NA,,NA,64,Fri May 18 10:42:56 2018
6b04,extrapolation,unmarked,final,sa,ti,SimplePhrase_Training,punch_cowboy_pl_burglar_sg,NA,straikim satumbat tinegid,NA,NA,,NA,65,Fri May 18 10:43:04 2018
6b04,extrapolation,unmarked,final,sa,ti,SimplePhrase_Training,chef_three,NA,savaem,NA,NA,,NA,66,Fri May 18 10:43:09 2018
6b04,extrapolation,unmarked,final,sa,ti,SimplePhrase_Training,waitress_three,NA,sanork,NA,NA,,NA,67,Fri May 18 10:43:14 2018
6b04,extrapolation,unmarked,final,sa,ti,SimplePhrase_Training,cowboy_three,NA,satumbat,NA,NA,,NA,68,Fri May 18 10:43:19 2018
6b04,extrapolation,unmarked,final,sa,ti,SimplePhrase_Training,punch_chef_sg_cowboy_sg,NA,straikim vaem titumbat,NA,NA,,NA,69,Fri May 18 10:43:27 2018
6b04,extrapolation,unmarked,final,sa,ti,SimplePhrase_Training,point_cowboy_pl_burglar_sg,NA,poinim satumbat tinegid,NA,NA,,NA,70,Fri May 18 10:43:34 2018
6b04,extrapolation,unmarked,final,sa,ti,SimplePhrase_Training,waitress_four,NA,sanork,NA,NA,,NA,71,Fri May 18 10:43:39 2018
6b04,extrapolation,unmarked,final,sa,ti,SimplePhrase_Training,point_waitress_pl_cowboy_sg,NA,poinim sanork titumbat,NA,NA,,NA,72,Fri May 18 10:43:47 2018
6b04,extrapolation,unmarked,final,sa,ti,SimplePhrase_Training,punch_waitress_sg_chef_sg,NA,straikim nork tivaem,NA,NA,,NA,73,Fri May 18 10:43:54 2018
6b04,extrapolation,unmarked,final,sa,ti,SimplePhrase_Training,kick_waitress_pl_chef_sg,NA,kikim sanork tivaem,NA,NA,,NA,74,Fri May 18 10:44:02 2018
6b04,extrapolation,unmarked,final,sa,ti,SimplePhrase_Training,point_chef_pl_burglar_sg,NA,poinim savaem tinegid,NA,NA,,NA,75,Fri May 18 10:44:09 2018
6b04,extrapolation,unmarked,final,sa,ti,SimplePhrase_Training,punch_waitress_pl_burglar_sg,NA,straikim sanork tinegid,NA,NA,,NA,76,Fri May 18 10:44:17 2018
6b04,extrapolation,unmarked,final,sa,ti,SimplePhrase_Training,kick_cowboy_sg_chef_sg,NA,kikim tumbat tivaem,NA,NA,,NA,77,Fri May 18 10:44:24 2018
6b04,extrapolation,unmarked,final,sa,ti,SimplePhrase_Training,punch_burglar_pl_waitress_sg,NA,straikim sanegid tinork,NA,NA,,NA,78,Fri May 18 10:44:31 2018
6b04,extrapolation,unmarked,final,sa,ti,SimplePhrase_Training,point_cowboy_sg_waitress_sg,NA,poinim tumbat tinork,NA,NA,,NA,79,Fri May 18 10:44:39 2018
6b04,extrapolation,unmarked,final,sa,ti,SimplePhrase_Training,kick_chef_pl_burglar_sg,NA,kikim savaem tinegid,NA,NA,,NA,80,Fri May 18 10:44:46 2018
6b04,extrapolation,unmarked,final,sa,ti,SimplePhrase_Training,kick_cowboy_pl_burglar_sg,NA,kikim satumbat tinegid,NA,NA,,NA,81,Fri May 18 10:44:54 2018
6b04,extrapolation,unmarked,final,sa,ti,SimplePhrase_Training,waitress_two,NA,sanork,NA,NA,,NA,82,Fri May 18 10:44:59 2018
6b04,extrapolation,unmarked,final,sa,ti,SimplePhrase_Training,punch_burglar_pl_cowboy_sg,NA,straikim sanegid titumbat,NA,NA,,NA,83,Fri May 18 10:45:07 2018
6b04,extrapolation,unmarked,final,sa,ti,SimplePhrase_Training,waitress,NA,nork,NA,NA,,NA,84,Fri May 18 10:45:11 2018
6b04,extrapolation,unmarked,final,sa,ti,SimplePhrase_Training,punch_waitress_pl_cowboy_sg,NA,straikim sanork titumbat,NA,NA,,NA,85,Fri May 18 10:45:19 2018
6b04,extrapolation,unmarked,final,sa,ti,SimplePhrase_Training,kick_burglar_sg_chef_sg,NA,kikim negid tivaem,NA,NA,,NA,86,Fri May 18 10:45:26 2018
6b04,extrapolation,unmarked,final,sa,ti,SimplePhrase_Training,kick_chef_sg_waitress_sg,NA,kikim vaem tinork,NA,NA,,NA,87,Fri May 18 10:45:33 2018
6b04,extrapolation,unmarked,final,sa,ti,SimplePhrase_Training,chef,NA,vaem,NA,NA,,NA,88,Fri May 18 10:45:38 2018
6b04,extrapolation,unmarked,final,sa,ti,SimplePhrase_Training,burglar,NA,negid,NA,NA,,NA,89,Fri May 18 10:45:43 2018
6b04,extrapolation,unmarked,final,sa,ti,SimplePhrase_Training,cowboy,NA,tumbat,NA,NA,,NA,90,Fri May 18 10:45:48 2018
6b04,extrapolation,unmarked,final,sa,ti,SimplePhrase_Training,chef_two,NA,savaem,NA,NA,,NA,91,Fri May 18 10:45:53 2018
6b04,extrapolation,unmarked,final,sa,ti,SimplePhrase_Training,waitress_two,NA,sanork,NA,NA,,NA,92,Fri May 18 10:45:58 2018
6b04,extrapolation,unmarked,final,sa,ti,SimplePhrase_Training,punch_chef_sg_burglar_sg,NA,straikim vaem tinegid,NA,NA,,NA,93,Fri May 18 10:46:05 2018
6b04,extrapolation,unmarked,final,sa,ti,SimplePhrase_Training,chef,NA,vaem,NA,NA,,NA,94,Fri May 18 10:46:10 2018
6b04,extrapolation,unmarked,final,sa,ti,SimplePhrase_Training,punch_burglar_pl_chef_sg,NA,straikim sanegid tivaem,NA,NA,,NA,95,Fri May 18 10:46:18 2018
6b04,extrapolation,unmarked,final,sa,ti,SimplePhrase_Training,kick_cowboy_sg_waitress_sg,NA,kikim tumbat tinork,NA,NA,,NA,96,Fri May 18 10:46:25 2018
6b04,extrapolation,unmarked,final,sa,ti,SimplePhrase_Training,kick_waitress_sg_cowboy_sg,NA,kikim nork titumbat,NA,NA,,NA,97,Fri May 18 10:46:32 2018
6b04,extrapolation,unmarked,final,sa,ti,SimplePhrase_Training,chef_four,NA,savaem,NA,NA,,NA,98,Fri May 18 10:46:37 2018
6b04,extrapolation,unmarked,final,sa,ti,SimplePhrase_Training,point_burglar_sg_waitress_sg,NA,poinim negid tinork,NA,NA,,NA,99,Fri May 18 10:46:45 2018
6b04,extrapolation,unmarked,final,sa,ti,SimplePhrase_Training,punch_cowboy_pl_chef_sg,NA,straikim satumbat tivaem,NA,NA,,NA,100,Fri May 18 10:46:52 2018
6b04,extrapolation,unmarked,final,sa,ti,SimplePhrase_Training,waitress_four,NA,sanork,NA,NA,,NA,101,Fri May 18 10:46:57 2018
6b04,extrapolation,unmarked,final,sa,ti,SimplePhrase_Training,point_waitress_sg_chef_sg,NA,poinim nork tivaem,NA,NA,,NA,102,Fri May 18 10:47:05 2018
6b04,extrapolation,unmarked,final,sa,ti,SimplePhrase_Training,point_chef_sg_cowboy_sg,NA,poinim vaem titumbat,NA,NA,,NA,103,Fri May 18 10:47:12 2018
6b04,extrapolation,unmarked,final,sa,ti,SimplePhrase_Training,burglar_four,NA,sanegid,NA,NA,,NA,104,Fri May 18 10:47:17 2018
6b04,extrapolation,unmarked,final,sa,ti,SimplePhrase_Training,burglar_two,NA,sanegid,NA,NA,,NA,105,Fri May 18 10:47:22 2018
6b04,extrapolation,unmarked,final,sa,ti,SimplePhrase_Training,punch_cowboy_pl_waitress_sg,NA,straikim satumbat tinork,NA,NA,,NA,106,Fri May 18 10:47:30 2018
6b04,extrapolation,unmarked,final,sa,ti,SimplePhrase_Training,cowboy_two,NA,satumbat,NA,NA,,NA,107,Fri May 18 10:47:35 2018
6b04,extrapolation,unmarked,final,sa,ti,SimplePhrase_Training,point_burglar_sg_chef_sg,NA,poinim negid tivaem,NA,NA,,NA,108,Fri May 18 10:47:42 2018
6b04,extrapolation,unmarked,final,sa,ti,SimplePhrase_Training,chef_four,NA,savaem,NA,NA,,NA,109,Fri May 18 10:47:47 2018
6b04,extrapolation,unmarked,final,sa,ti,SimplePhrase_Training,burglar_three,NA,sanegid,NA,NA,,NA,110,Fri May 18 10:47:52 2018
6b04,extrapolation,unmarked,final,sa,ti,SimplePhrase_Comprehension,kick_burglar_pl_chef_sg,NA,kikim sanegid tivaem,correct,NA,,NA,111,Fri May 18 10:48:19 2018
6b04,extrapolation,unmarked,final,sa,ti,SimplePhrase_Comprehension,punch_waitress_sg_cowboy_sg,NA,straikim nork titumbat,correct,NA,,NA,112,Fri May 18 10:48:25 2018
6b04,extrapolation,unmarked,final,sa,ti,SimplePhrase_Comprehension,cowboy_two,NA,satumbat,correct,NA,,NA,113,Fri May 18 10:48:30 2018
6b04,extrapolation,unmarked,final,sa,ti,SimplePhrase_Comprehension,waitress_two,NA,sanork,correct,NA,,NA,114,Fri May 18 10:48:34 2018
6b04,extrapolation,unmarked,final,sa,ti,SimplePhrase_Comprehension,cowboy,NA,tumbat,correct,NA,,NA,115,Fri May 18 10:48:38 2018
6b04,extrapolation,unmarked,final,sa,ti,SimplePhrase_Comprehension,chef_four,NA,savaem,correct,NA,,NA,116,Fri May 18 10:48:42 2018
6b04,extrapolation,unmarked,final,sa,ti,SimplePhrase_Comprehension,point_burglar_pl_chef_sg,NA,poinim sanegid tivaem,correct,NA,,NA,117,Fri May 18 10:48:48 2018
6b04,extrapolation,unmarked,final,sa,ti,SimplePhrase_Comprehension,point_cowboy_pl_chef_sg,NA,poinim satumbat tivaem,correct,NA,,NA,118,Fri May 18 10:48:54 2018
6b04,extrapolation,unmarked,final,sa,ti,SimplePhrase_Comprehension,punch_cowboy_sg_chef_sg,NA,straikim tumbat tivaem,correct,NA,,NA,119,Fri May 18 10:48:59 2018
6b04,extrapolation,unmarked,final,sa,ti,SimplePhrase_Comprehension,point_waitress_sg_cowboy_sg,NA,poinim nork titumbat,correct,NA,,NA,120,Fri May 18 10:49:05 2018
6b04,extrapolation,unmarked,final,sa,ti,SimplePhrase_Comprehension,burglar,NA,negid,correct,NA,,NA,121,Fri May 18 10:49:09 2018
6b04,extrapolation,unmarked,final,sa,ti,SimplePhrase_Comprehension,punch_chef_pl_waitress_sg,NA,straikim savaem tinork,correct,NA,,NA,122,Fri May 18 10:49:15 2018
6b04,extrapolation,unmarked,final,sa,ti,SimplePhrase_Comprehension,punch_burglar_sg_chef_sg,NA,straikim negid tivaem,correct,NA,,NA,123,Fri May 18 10:49:20 2018
6b04,extrapolation,unmarked,final,sa,ti,SimplePhrase_Comprehension,point_chef_pl_waitress_sg,NA,poinim savaem tinork,correct,NA,,NA,124,Fri May 18 10:49:26 2018
6b04,extrapolation,unmarked,final,sa,ti,SimplePhrase_Comprehension,point_burglar_sg_cowboy_sg,NA,poinim negid titumbat,correct,NA,,NA,125,Fri May 18 10:49:32 2018
6b04,extrapolation,unmarked,final,sa,ti,SimplePhrase_Comprehension,chef_two,NA,savaem,correct,NA,,NA,126,Fri May 18 10:49:36 2018
6b04,extrapolation,unmarked,final,sa,ti,SimplePhrase_Comprehension,kick_cowboy_sg_burglar_sg,NA,kikim tumbat tinegid,correct,NA,,NA,127,Fri May 18 10:49:44 2018
6b04,extrapolation,unmarked,final,sa,ti,SimplePhrase_Comprehension,punch_cowboy_sg_waitress_sg,NA,straikim tumbat tinork,correct,NA,,NA,128,Fri May 18 10:49:50 2018
6b04,extrapolation,unmarked,final,sa,ti,SimplePhrase_Comprehension,kick_chef_sg_cowboy_sg,NA,kikim vaem titumbat,correct,NA,,NA,129,Fri May 18 10:49:56 2018
6b04,extrapolation,unmarked,final,sa,ti,SimplePhrase_Comprehension,point_waitress_pl_chef_sg,NA,poinim sanork tivaem,correct,NA,,NA,130,Fri May 18 10:50:02 2018
6b04,extrapolation,unmarked,final,sa,ti,SimplePhrase_Comprehension,waitress_four,NA,sanork,correct,NA,,NA,131,Fri May 18 10:50:06 2018
6b04,extrapolation,unmarked,final,sa,ti,SimplePhrase_Comprehension,burglar_four,NA,sanegid,correct,NA,,NA,132,Fri May 18 10:50:11 2018
6b04,extrapolation,unmarked,final,sa,ti,SimplePhrase_Comprehension,waitress,NA,nork,correct,NA,,NA,133,Fri May 18 10:50:15 2018
6b04,extrapolation,unmarked,final,sa,ti,SimplePhrase_Comprehension,punch_burglar_sg_cowboy_sg,NA,straikim negid titumbat,correct,NA,,NA,134,Fri May 18 10:50:21 2018
6b04,extrapolation,unmarked,final,sa,ti,SimplePhrase_Comprehension,burglar_three,NA,sanegid,correct,NA,,NA,135,Fri May 18 10:50:25 2018
6b04,extrapolation,unmarked,final,sa,ti,SimplePhrase_Comprehension,kick_cowboy_pl_waitress_sg,NA,kikim satumbat tinork,correct,NA,,NA,136,Fri May 18 10:50:31 2018
6b04,extrapolation,unmarked,final,sa,ti,SimplePhrase_Comprehension,chef,NA,vaem,correct,NA,,NA,137,Fri May 18 10:50:35 2018
6b04,extrapolation,unmarked,final,sa,ti,SimplePhrase_Comprehension,kick_chef_pl_waitress_sg,NA,kikim savaem tinork,correct,NA,,NA,138,Fri May 18 10:50:42 2018
6b04,extrapolation,unmarked,final,sa,ti,SimplePhrase_Comprehension,chef_three,NA,savaem,correct,NA,,NA,139,Fri May 18 10:50:47 2018
6b04,extrapolation,unmarked,final,sa,ti,SimplePhrase_Comprehension,punch_chef_pl_cowboy_sg,NA,straikim savaem titumbat,correct,NA,,NA,140,Fri May 18 10:50:53 2018
6b04,extrapolation,unmarked,final,sa,ti,SimplePhrase_Comprehension,waitress_three,NA,sanork,correct,NA,,NA,141,Fri May 18 10:50:57 2018
6b04,extrapolation,unmarked,final,sa,ti,SimplePhrase_Comprehension,kick_waitress_sg_chef_sg,NA,kikim nork tivaem,correct,NA,,NA,142,Fri May 18 10:51:05 2018
6b04,extrapolation,unmarked,final,sa,ti,SimplePhrase_Comprehension,punch_chef_pl_burglar_sg,NA,straikim savaem tinegid,correct,NA,,NA,143,Fri May 18 10:51:11 2018
6b04,extrapolation,unmarked,final,sa,ti,SimplePhrase_Comprehension,cowboy_three,NA,satumbat,correct,NA,,NA,144,Fri May 18 10:51:15 2018
6b04,extrapolation,unmarked,final,sa,ti,SimplePhrase_Typing,waitress_three,NA,sanork,NA,sanork,,NA,145,Fri May 18 10:51:47 2018
6b04,extrapolation,unmarked,final,sa,ti,SimplePhrase_Typing,kick_waitress_sg_burglar_sg,NA,kikim nork tinegid,NA,kikim nork tinegid,,NA,146,Fri May 18 10:52:03 2018
6b04,extrapolation,unmarked,final,sa,ti,SimplePhrase_Typing,burglar,NA,negid,NA,negid,,NA,147,Fri May 18 10:52:09 2018
6b04,extrapolation,unmarked,final,sa,ti,SimplePhrase_Typing,kick_cowboy_sg_chef_sg,NA,kikim tumbat tivaem,NA,kikim tumbat tivaem,,NA,148,Fri May 18 10:52:21 2018
6b04,extrapolation,unmarked,final,sa,ti,SimplePhrase_Typing,waitress,NA,nork,NA,nork,,NA,149,Fri May 18 10:52:27 2018
6b04,extrapolation,unmarked,final,sa,ti,SimplePhrase_Typing,punch_burglar_pl_waitress_sg,NA,straikim sanegid tinork,NA,straikim sanegid tinork,,NA,150,Fri May 18 10:52:39 2018
6b04,extrapolation,unmarked,final,sa,ti,SimplePhrase_Typing,burglar_three,NA,sanegid,NA,sanegid,,NA,151,Fri May 18 10:52:46 2018
6b04,extrapolation,unmarked,final,sa,ti,SimplePhrase_Typing,chef_four,NA,savaem,NA,savaem,,NA,152,Fri May 18 10:52:53 2018
6b04,extrapolation,unmarked,final,sa,ti,SimplePhrase_Typing,point_chef_sg_waitress_sg,NA,poinim vaem tinork,NA,poinim vaem tinork,,NA,153,Fri May 18 10:53:04 2018
6b04,extrapolation,unmarked,final,sa,ti,SimplePhrase_Typing,cowboy,NA,tumbat,NA,tumbat,,NA,154,Fri May 18 10:53:13 2018
6b04,extrapolation,unmarked,final,sa,ti,SimplePhrase_Typing,point_burglar_sg_chef_sg,NA,poinim negid tivaem,NA,poinim negid tivaem,,NA,155,Fri May 18 10:53:25 2018
6b04,extrapolation,unmarked,final,sa,ti,SimplePhrase_Typing,chef,NA,vaem,NA,vaem,,NA,156,Fri May 18 10:53:31 2018
6b04,extrapolation,unmarked,final,sa,ti,SimplePhrase_Typing,point_cowboy_pl_burglar_sg,NA,poinim satumbat tinegid,NA,poinim satumbat tinegid,,NA,157,Fri May 18 10:53:46 2018
6b04,extrapolation,unmarked,final,sa,ti,SimplePhrase_Typing,cowboy_two,NA,satumbat,NA,satumbat,,NA,158,Fri May 18 10:53:53 2018
6b04,extrapolation,unmarked,final,sa,ti,SimplePhrase_Typing,kick_cowboy_pl_burglar_sg,NA,kikim satumbat tinegid,NA,kikim satumbat tinegid,,NA,159,Fri May 18 10:54:05 2018
6b04,extrapolation,unmarked,final,sa,ti,SimplePhrase_Typing,punch_waitress_pl_burglar_sg,NA,straikim sanork tinegid,NA,straikim sanork tinegid,,NA,160,Fri May 18 10:54:15 2018
6b04,extrapolation,unmarked,final,sa,ti,ComplexPhrase_Typing,kick_cowboy_sg_waitress_pl,waitress,kikim tumbat tisanork,NA,kikim tumbat tisanork,,NA,161,Fri May 18 10:54:53 2018
6b04,extrapolation,unmarked,final,sa,ti,ComplexPhrase_Typing,punch_chef_sg_waitress_pl,waitress,straikim vaem tisanork,NA,straikim vaem tisanork,,NA,162,Fri May 18 10:55:00 2018
6b04,extrapolation,unmarked,final,sa,ti,ComplexPhrase_Typing,punch_waitress_sg_cowboy_pl,cowboy,straikim nork tisatumbat,NA,straikim nork tisatumbat,,NA,163,Fri May 18 10:55:08 2018
6b04,extrapolation,unmarked,final,sa,ti,ComplexPhrase_Typing,point_chef_sg_waitress_pl,waitress,poinim vaem tisanork,NA,poinim vaem tisanork,,NA,164,Fri May 18 10:55:13 2018
6b04,extrapolation,unmarked,final,sa,ti,ComplexPhrase_Typing,point_chef_sg_waitress_pl,waitress,poinim vaem tisanork,NA,poinim vaem tisanork,,NA,165,Fri May 18 10:55:20 2018
6b04,extrapolation,unmarked,final,sa,ti,ComplexPhrase_Typing,kick_cowboy_sg_waitress_pl,waitress,kikim tumbat tisanork,NA,kikim tumbat tisanork,,NA,166,Fri May 18 10:55:26 2018
6b04,extrapolation,unmarked,final,sa,ti,ComplexPhrase_Typing,punch_chef_sg_waitress_pl,waitress,straikim vaem tisanork,NA,straikim vaem tisanork,,NA,167,Fri May 18 10:55:32 2018
6b04,extrapolation,unmarked,final,sa,ti,ComplexPhrase_Typing,punch_waitress_sg_cowboy_pl,cowboy,straikim nork tisatumbat,NA,straikim nork tisatumbat,,NA,168,Fri May 18 10:55:38 2018
6b04,extrapolation,unmarked,final,sa,ti,ComplexPhrase_Typing,punch_chef_sg_waitress_pl,waitress,straikim vaem tisanork,NA,straikim vaem tisanork,,NA,169,Fri May 18 10:55:48 2018
6b04,extrapolation,unmarked,final,sa,ti,ComplexPhrase_Typing,point_chef_sg_waitress_pl,waitress,poinim vaem tisanork,NA,poinim vaem tisanork,,NA,170,Fri May 18 10:55:59 2018
6b04,extrapolation,unmarked,final,sa,ti,ComplexPhrase_Typing,punch_waitress_sg_cowboy_pl,cowboy,straikim nork tisatumbat,NA,straikim nork tisatumbat,,NA,171,Fri May 18 10:56:06 2018
6b04,extrapolation,unmarked,final,sa,ti,ComplexPhrase_Typing,kick_cowboy_sg_waitress_pl,waitress,kikim tumbat tisanork,NA,kikim tumbat tisanork,,NA,172,Fri May 18 10:56:12 2018
6b04,extrapolation,unmarked,final,sa,ti,ComplexPhrase_Testing,kick_burglar_pl_waitress_sg,NA,kikim sanegid tinork,NA,NA,,NA,173,Fri May 18 10:56:48 2018
6b04,extrapolation,unmarked,final,sa,ti,ComplexPhrase_Testing,chef,NA,vaem,NA,NA,,NA,174,Fri May 18 10:56:54 2018
6b04,extrapolation,unmarked,final,sa,ti,ComplexPhrase_Testing,waitress,NA,nork,NA,NA,,NA,175,Fri May 18 10:56:58 2018
6b04,extrapolation,unmarked,final,sa,ti,ComplexPhrase_Testing,punch_chef_sg_cowboy_pl,cowboy,straikim vaem tisatumbat,NA,NA,,NA,176,Fri May 18 10:57:11 2018
6b04,extrapolation,unmarked,final,sa,ti,ComplexPhrase_Testing,burglar,NA,negid,NA,NA,,NA,177,Fri May 18 10:57:14 2018
6b04,extrapolation,unmarked,final,sa,ti,ComplexPhrase_Testing,kick_cowboy_sg_waitress_pl,waitress,kikim tumbat tisanork,NA,NA,,NA,178,Fri May 18 10:57:22 2018
6b04,extrapolation,unmarked,final,sa,ti,ComplexPhrase_Testing,punch_burglar_pl_waitress_sg,NA,straikim sanegid tinork,NA,NA,,NA,179,Fri May 18 10:57:28 2018
6b04,extrapolation,unmarked,final,sa,ti,ComplexPhrase_Testing,kick_waitress_sg_burglar_sg,NA,kikim nork tinegid,NA,NA,,NA,180,Fri May 18 10:57:37 2018
6b04,extrapolation,unmarked,final,sa,ti,ComplexPhrase_Testing,point_waitress_sg_burglar_pl,burglar,poinim nork tisanegid,NA,NA,,NA,181,Fri May 18 10:57:45 2018
6b04,extrapolation,unmarked,final,sa,ti,ComplexPhrase_Testing,burglar_two,NA,sanegid,NA,NA,,NA,182,Fri May 18 10:57:48 2018
6b04,extrapolation,unmarked,final,sa,ti,ComplexPhrase_Testing,punch_chef_sg_burglar_pl,burglar,straikim vaem tisanegid,NA,NA,,NA,183,Fri May 18 10:57:55 2018
6b04,extrapolation,unmarked,final,sa,ti,ComplexPhrase_Testing,point_cowboy_sg_burglar_pl,burglar,poinim tumbat tisanegid,NA,NA,,NA,184,Fri May 18 10:58:02 2018
6b04,extrapolation,unmarked,final,sa,ti,ComplexPhrase_Testing,kick_waitress_sg_chef_pl,chef,kikim nork tisavaem,NA,NA,,NA,185,Fri May 18 10:58:08 2018
6b04,extrapolation,unmarked,final,sa,ti,ComplexPhrase_Testing,punch_chef_pl_burglar_sg,NA,straikim savaem tinegid,NA,NA,,NA,186,Fri May 18 10:58:14 2018
6b04,extrapolation,unmarked,final,sa,ti,ComplexPhrase_Testing,burglar_three,NA,sanegid,NA,NA,,NA,187,Fri May 18 10:58:19 2018
6b04,extrapolation,unmarked,final,sa,ti,ComplexPhrase_Testing,point_cowboy_sg_waitress_pl,waitress,poinim tumbat tisanork,NA,NA,,NA,188,Fri May 18 10:58:26 2018
6b04,extrapolation,unmarked,final,sa,ti,ComplexPhrase_Testing,chef_three,NA,savaem,NA,NA,,NA,189,Fri May 18 10:58:29 2018
6b04,extrapolation,unmarked,final,sa,ti,ComplexPhrase_Testing,punch_waitress_sg_burglar_pl,burglar,straikim nork tisanegid,NA,NA,,NA,190,Fri May 18 10:58:35 2018
6b04,extrapolation,unmarked,final,sa,ti,ComplexPhrase_Testing,point_cowboy_sg_burglar_pl,burglar,poinim tumbat tisanegid,NA,NA,,NA,191,Fri May 18 10:58:39 2018
6b04,extrapolation,unmarked,final,sa,ti,ComplexPhrase_Testing,punch_chef_sg_burglar_pl,burglar,straikim vaem tisanegid,NA,NA,,NA,192,Fri May 18 10:58:44 2018
6b04,extrapolation,unmarked,final,sa,ti,ComplexPhrase_Testing,kick_cowboy_pl_waitress_sg,NA,kikim satumbat tinork,NA,NA,,NA,193,Fri May 18 10:58:48 2018
6b04,extrapolation,unmarked,final,sa,ti,ComplexPhrase_Testing,point_waitress_sg_burglar_pl,burglar,poinim nork tisanegid,NA,NA,,NA,194,Fri May 18 10:58:57 2018
6b04,extrapolation,unmarked,final,sa,ti,ComplexPhrase_Testing,punch_waitress_sg_burglar_pl,burglar,straikim nork tisanegid,NA,NA,,NA,195,Fri May 18 10:59:01 2018
6b04,extrapolation,unmarked,final,sa,ti,ComplexPhrase_Testing,point_chef_sg_cowboy_pl,cowboy,poinim vaem tisatumbat,NA,NA,,NA,196,Fri May 18 10:59:07 2018
6b04,extrapolation,unmarked,final,sa,ti,ComplexPhrase_Testing,punch_chef_sg_waitress_pl,waitress,straikim vaem tisanork,NA,NA,,NA,197,Fri May 18 10:59:11 2018
6b04,extrapolation,unmarked,final,sa,ti,ComplexPhrase_Testing,kick_chef_sg_waitress_pl,waitress,kikim vaem tisanork,NA,NA,,NA,198,Fri May 18 10:59:15 2018
6b04,extrapolation,unmarked,final,sa,ti,ComplexPhrase_Testing,punch_chef_sg_waitress_pl,waitress,straikim vaem tisanork,NA,NA,,NA,199,Fri May 18 10:59:20 2018
6b04,extrapolation,unmarked,final,sa,ti,ComplexPhrase_Testing,cowboy_three,NA,satumbat,NA,NA,,NA,200,Fri May 18 10:59:22 2018
6b04,extrapolation,unmarked,final,sa,ti,ComplexPhrase_Testing,punch_waitress_pl_burglar_sg,NA,straikim sanork tinegid,NA,NA,,NA,201,Fri May 18 10:59:28 2018
6b04,extrapolation,unmarked,final,sa,ti,ComplexPhrase_Testing,point_cowboy_sg_waitress_pl,waitress,poinim tumbat tisanork,NA,NA,,NA,202,Fri May 18 10:59:36 2018
6b04,extrapolation,unmarked,final,sa,ti,ComplexPhrase_Testing,cowboy,NA,tumbat,NA,NA,,NA,203,Fri May 18 10:59:38 2018
6b04,extrapolation,unmarked,final,sa,ti,ComplexPhrase_Testing,burglar_four,NA,sanegid,NA,NA,,NA,204,Fri May 18 10:59:42 2018
6b04,extrapolation,unmarked,final,sa,ti,ComplexPhrase_Testing,punch_chef_sg_cowboy_pl,cowboy,straikim vaem tisatumbat,NA,NA,,NA,205,Fri May 18 10:59:49 2018
6b04,extrapolation,unmarked,final,sa,ti,ComplexPhrase_Testing,waitress_four,NA,sanork,NA,NA,,NA,206,Fri May 18 10:59:52 2018
6b04,extrapolation,unmarked,final,sa,ti,ComplexPhrase_Testing,punch_waitress_sg_burglar_sg,NA,straikim nork tinegid,NA,NA,,NA,207,Fri May 18 10:59:57 2018
6b04,extrapolation,unmarked,final,sa,ti,ComplexPhrase_Testing,point_cowboy_sg_waitress_sg,NA,poinim tumbat tinork,NA,NA,,NA,208,Fri May 18 11:00:04 2018
6b04,extrapolation,unmarked,final,sa,ti,ComplexPhrase_Testing,punch_waitress_sg_burglar_pl,burglar,straikim nork tisanegid,NA,NA,,NA,209,Fri May 18 11:00:12 2018
6b04,extrapolation,unmarked,final,sa,ti,ComplexPhrase_Testing,punch_chef_sg_burglar_pl,burglar,straikim vaem tisanegid,NA,NA,,NA,210,Fri May 18 11:00:17 2018
6b04,extrapolation,unmarked,final,sa,ti,ComplexPhrase_Testing,kick_waitress_sg_cowboy_pl,cowboy,kikim nork tisatumbat,NA,NA,,NA,211,Fri May 18 11:00:21 2018
6b04,extrapolation,unmarked,final,sa,ti,ComplexPhrase_Testing,point_chef_sg_cowboy_sg,NA,poinim vaem titumbat,NA,NA,,NA,212,Fri May 18 11:00:25 2018
6b04,extrapolation,unmarked,final,sa,ti,ComplexPhrase_Testing,point_cowboy_sg_waitress_pl,waitress,poinim tumbat tisanork,NA,NA,,NA,213,Fri May 18 11:00:33 2018
6b04,extrapolation,unmarked,final,sa,ti,ComplexPhrase_Testing,point_cowboy_sg_burglar_pl,burglar,poinim tumbat tisanegid,NA,NA,,NA,214,Fri May 18 11:00:39 2018
6b04,extrapolation,unmarked,final,sa,ti,ComplexPhrase_Testing,kick_chef_sg_waitress_pl,waitress,kikim vaem tisanork,NA,NA,,NA,215,Fri May 18 11:00:42 2018
6b04,extrapolation,unmarked,final,sa,ti,ComplexPhrase_Testing,kick_cowboy_sg_waitress_pl,waitress,kikim tumbat tisanork,NA,NA,,NA,216,Fri May 18 11:00:47 2018
6b04,extrapolation,unmarked,final,sa,ti,ComplexPhrase_Testing,point_burglar_sg_chef_sg,NA,poinim negid tivaem,NA,NA,,NA,217,Fri May 18 11:00:51 2018
6b04,extrapolation,unmarked,final,sa,ti,ComplexPhrase_Testing,point_chef_sg_cowboy_pl,cowboy,poinim vaem tisatumbat,NA,NA,,NA,218,Fri May 18 11:00:58 2018
6b04,extrapolation,unmarked,final,sa,ti,ComplexPhrase_Testing,kick_chef_sg_waitress_pl,waitress,kikim vaem tisanork,NA,NA,,NA,219,Fri May 18 11:01:03 2018
6b04,extrapolation,unmarked,final,sa,ti,ComplexPhrase_Testing,kick_waitress_sg_chef_pl,chef,kikim nork tisavaem,NA,NA,,NA,220,Fri May 18 11:01:07 2018
6b04,extrapolation,unmarked,final,sa,ti,ComplexPhrase_Testing,kick_waitress_sg_chef_pl,chef,kikim nork tisavaem,NA,NA,,NA,221,Fri May 18 11:01:10 2018
6b04,extrapolation,unmarked,final,sa,ti,ComplexPhrase_Testing,kick_cowboy_sg_waitress_pl,waitress,kikim tumbat tisanork,NA,NA,,NA,222,Fri May 18 11:01:14 2018
6b04,extrapolation,unmarked,final,sa,ti,ComplexPhrase_Testing,punch_chef_sg_cowboy_pl,cowboy,straikim vaem tisatumbat,NA,NA,,NA,223,Fri May 18 11:01:18 2018
6b04,extrapolation,unmarked,final,sa,ti,ComplexPhrase_Testing,kick_waitress_sg_cowboy_pl,cowboy,kikim nork tisatumbat,NA,NA,,NA,224,Fri May 18 11:01:22 2018
6b04,extrapolation,unmarked,final,sa,ti,ComplexPhrase_Testing,point_chef_sg_cowboy_pl,cowboy,poinim vaem tisatumbat,NA,NA,,NA,225,Fri May 18 11:01:27 2018
6b04,extrapolation,unmarked,final,sa,ti,ComplexPhrase_Testing,point_waitress_sg_burglar_pl,burglar,poinim nork tisanegid,NA,NA,,NA,226,Fri May 18 11:01:31 2018
6b04,extrapolation,unmarked,final,sa,ti,ComplexPhrase_Testing,point_chef_pl_burglar_sg,NA,poinim savaem tinegid,NA,NA,,NA,227,Fri May 18 11:01:39 2018
6b04,extrapolation,unmarked,final,sa,ti,ComplexPhrase_Testing,kick_waitress_sg_cowboy_pl,cowboy,kikim nork tisatumbat,NA,NA,,NA,228,Fri May 18 11:01:47 2018
6b04,extrapolation,unmarked,final,sa,ti,ComplexPhrase_Testing,punch_chef_sg_waitress_pl,waitress,straikim vaem tisanork,NA,NA,,NA,229,Fri May 18 11:01:51 2018
6b04,extrapolation,unmarked,final,sa,ti,ComplexPhrase_Testing,point_chef_sg_burglar_sg,NA,poinim vaem tinegid,NA,NA,,NA,230,Fri May 18 11:01:56 2018
6b04,extrapolation,unmarked,final,sa,ti,Questionnaire,NA,NA,NA,NA,NA,,plural,MeaningNum,Fri May 18 11:03:14 2018
6b04,extrapolation,unmarked,final,sa,ti,Questionnaire,NA,NA,NA,NA,NA,,indicates the object of an action,MeaningCase,Fri May 18 11:03:14 2018
6b04,extrapolation,unmarked,final,sa,ti,Questionnaire,NA,NA,NA,NA,NA,,before,OrderNumNoun,Fri May 18 11:03:14 2018
6b04,extrapolation,unmarked,final,sa,ti,Questionnaire,NA,NA,NA,NA,NA,,before,OrderCaseNoun,Fri May 18 11:03:14 2018
6b04,extrapolation,unmarked,final,sa,ti,Questionnaire,NA,NA,NA,NA,NA,,"english, french",Languages,Fri May 18 11:03:14 2018