ID,Condition,MajorityOrder,NounPosition,markerNum,markerCase,Phase,Meaning,NounItem,Noun,binaryResp,InputSentence,Selection,TypedResponse,SpokenResponse,AnswerQuest,Trial,date&time
5ja07,extrapolation,unmarked,initial,セヒ,ギト,Noun_Training,chef,NA,NA,,タソヌ,NA,NA,,NA,1,Fri Oct  5 15:36:07 2018
5ja07,extrapolation,unmarked,initial,セヒ,ギト,Noun_Training,burglar,NA,NA,,ダクメ,NA,NA,,NA,2,Fri Oct  5 15:36:12 2018
5ja07,extrapolation,unmarked,initial,セヒ,ギト,Noun_Training,chef,NA,NA,,タソヌ,NA,NA,,NA,3,Fri Oct  5 15:36:17 2018
5ja07,extrapolation,unmarked,initial,セヒ,ギト,Noun_Training,chef,NA,NA,,タソヌ,NA,NA,,NA,4,Fri Oct  5 15:36:22 2018
5ja07,extrapolation,unmarked,initial,セヒ,ギト,Noun_Training,waitress,NA,NA,,ネチビ,NA,NA,,NA,5,Fri Oct  5 15:36:27 2018
5ja07,extrapolation,unmarked,initial,セヒ,ギト,Noun_Training,cowboy,NA,NA,,ソギナ,NA,NA,,NA,6,Fri Oct  5 15:36:32 2018
5ja07,extrapolation,unmarked,initial,セヒ,ギト,Noun_Training,waitress,NA,NA,,ネチビ,NA,NA,,NA,7,Fri Oct  5 15:36:37 2018
5ja07,extrapolation,unmarked,initial,セヒ,ギト,Noun_Training,burglar,NA,NA,,ダクメ,NA,NA,,NA,8,Fri Oct  5 15:36:42 2018
5ja07,extrapolation,unmarked,initial,セヒ,ギト,Noun_Training,chef,NA,NA,,タソヌ,NA,NA,,NA,9,Fri Oct  5 15:36:46 2018
5ja07,extrapolation,unmarked,initial,セヒ,ギト,Noun_Training,cowboy,NA,NA,,ソギナ,NA,NA,,NA,10,Fri Oct  5 15:36:51 2018
5ja07,extrapolation,unmarked,initial,セヒ,ギト,Noun_Training,waitress,NA,NA,,ネチビ,NA,NA,,NA,11,Fri Oct  5 15:36:56 2018
5ja07,extrapolation,unmarked,initial,セヒ,ギト,Noun_Training,waitress,NA,NA,,ネチビ,NA,NA,,NA,12,Fri Oct  5 15:37:01 2018
5ja07,extrapolation,unmarked,initial,セヒ,ギト,Noun_Training,waitress,NA,NA,,ネチビ,NA,NA,,NA,13,Fri Oct  5 15:37:06 2018
5ja07,extrapolation,unmarked,initial,セヒ,ギト,Noun_Training,cowboy,NA,NA,,ソギナ,NA,NA,,NA,14,Fri Oct  5 15:37:11 2018
5ja07,extrapolation,unmarked,initial,セヒ,ギト,Noun_Training,burglar,NA,NA,,ダクメ,NA,NA,,NA,15,Fri Oct  5 15:37:16 2018
5ja07,extrapolation,unmarked,initial,セヒ,ギト,Noun_Training,burglar,NA,NA,,ダクメ,NA,NA,,NA,16,Fri Oct  5 15:37:21 2018
5ja07,extrapolation,unmarked,initial,セヒ,ギト,Noun_Training,cowboy,NA,NA,,ソギナ,NA,NA,,NA,17,Fri Oct  5 15:37:25 2018
5ja07,extrapolation,unmarked,initial,セヒ,ギト,Noun_Training,cowboy,NA,NA,,ソギナ,NA,NA,,NA,18,Fri Oct  5 15:37:30 2018
5ja07,extrapolation,unmarked,initial,セヒ,ギト,Noun_Training,burglar,NA,NA,,ダクメ,NA,NA,,NA,19,Fri Oct  5 15:37:35 2018
5ja07,extrapolation,unmarked,initial,セヒ,ギト,Noun_Training,waitress,NA,NA,,ネチビ,NA,NA,,NA,20,Fri Oct  5 15:37:40 2018
5ja07,extrapolation,unmarked,initial,セヒ,ギト,Noun_Training,chef,NA,NA,,タソヌ,NA,NA,,NA,21,Fri Oct  5 15:37:45 2018
5ja07,extrapolation,unmarked,initial,セヒ,ギト,Noun_Training,chef,NA,NA,,タソヌ,NA,NA,,NA,22,Fri Oct  5 15:37:50 2018
5ja07,extrapolation,unmarked,initial,セヒ,ギト,Noun_Training,burglar,NA,NA,,ダクメ,NA,NA,,NA,23,Fri Oct  5 15:37:55 2018
5ja07,extrapolation,unmarked,initial,セヒ,ギト,Noun_Training,cowboy,NA,NA,,ソギナ,NA,NA,,NA,24,Fri Oct  5 15:38:00 2018
5ja07,extrapolation,unmarked,initial,セヒ,ギト,Noun_Selection,waitress,NA,NA,,ネチビ,correct,NA,,NA,25,Fri Oct  5 15:38:26 2018
5ja07,extrapolation,unmarked,initial,セヒ,ギト,Noun_Selection,burglar,NA,NA,,ダクメ,correct,NA,,NA,26,Fri Oct  5 15:38:31 2018
5ja07,extrapolation,unmarked,initial,セヒ,ギト,Noun_Selection,cowboy,NA,NA,,ソギナ,correct,NA,,NA,27,Fri Oct  5 15:38:35 2018
5ja07,extrapolation,unmarked,initial,セヒ,ギト,Noun_Selection,waitress,NA,NA,,ネチビ,correct,NA,,NA,28,Fri Oct  5 15:38:39 2018
5ja07,extrapolation,unmarked,initial,セヒ,ギト,Noun_Selection,burglar,NA,NA,,ダクメ,correct,NA,,NA,29,Fri Oct  5 15:38:43 2018
5ja07,extrapolation,unmarked,initial,セヒ,ギト,Noun_Selection,chef,NA,NA,,タソヌ,correct,NA,,NA,30,Fri Oct  5 15:38:47 2018
5ja07,extrapolation,unmarked,initial,セヒ,ギト,Noun_Selection,cowboy,NA,NA,,ソギナ,correct,NA,,NA,31,Fri Oct  5 15:38:50 2018
5ja07,extrapolation,unmarked,initial,セヒ,ギト,Noun_Selection,cowboy,NA,NA,,ソギナ,correct,NA,,NA,32,Fri Oct  5 15:38:54 2018
5ja07,extrapolation,unmarked,initial,セヒ,ギト,Noun_Selection,waitress,NA,NA,,ネチビ,correct,NA,,NA,33,Fri Oct  5 15:38:57 2018
5ja07,extrapolation,unmarked,initial,セヒ,ギト,Noun_Selection,chef,NA,NA,,タソヌ,correct,NA,,NA,34,Fri Oct  5 15:39:01 2018
5ja07,extrapolation,unmarked,initial,セヒ,ギト,Noun_Selection,chef,NA,NA,,タソヌ,correct,NA,,NA,35,Fri Oct  5 15:39:04 2018
5ja07,extrapolation,unmarked,initial,セヒ,ギト,Noun_Selection,burglar,NA,NA,,ダクメ,correct,NA,,NA,36,Fri Oct  5 15:39:08 2018
5ja07,extrapolation,unmarked,initial,セヒ,ギト,Noun_Testing,burglar,NA,NA,,ダクメ,NA,NA,ダクメ,NA,37,Fri Oct  5 15:39:43 2018
5ja07,extrapolation,unmarked,initial,セヒ,ギト,Noun_Testing,chef,NA,NA,,タソヌ,NA,NA,タソヌ,NA,38,Fri Oct  5 15:39:48 2018
5ja07,extrapolation,unmarked,initial,セヒ,ギト,Noun_Testing,cowboy,NA,NA,,ソギナ,NA,NA,ソギナ,NA,39,Fri Oct  5 15:39:53 2018
5ja07,extrapolation,unmarked,initial,セヒ,ギト,Noun_Testing,waitress,NA,NA,,ネチビ,NA,NA,ネチビ,NA,40,Fri Oct  5 15:39:57 2018
5ja07,extrapolation,unmarked,initial,セヒ,ギト,Noun_Testing,waitress,NA,NA,,ネチビ,NA,NA,ネチビ,NA,41,Fri Oct  5 15:40:01 2018
5ja07,extrapolation,unmarked,initial,セヒ,ギト,Noun_Testing,burglar,NA,NA,,ダクメ,NA,NA,ダクメ,NA,42,Fri Oct  5 15:40:05 2018
5ja07,extrapolation,unmarked,initial,セヒ,ギト,Noun_Testing,cowboy,NA,NA,,ソギナ,NA,NA,ソギナ,NA,43,Fri Oct  5 15:40:10 2018
5ja07,extrapolation,unmarked,initial,セヒ,ギト,Noun_Testing,cowboy,NA,NA,,ソギナ,NA,NA,ソギナ,NA,44,Fri Oct  5 15:40:14 2018
5ja07,extrapolation,unmarked,initial,セヒ,ギト,Noun_Testing,chef,NA,NA,,タソヌ,NA,NA,タソヌ,NA,45,Fri Oct  5 15:40:18 2018
5ja07,extrapolation,unmarked,initial,セヒ,ギト,Noun_Testing,burglar,NA,NA,,ダクメ,NA,NA,ダクメ,NA,46,Fri Oct  5 15:40:22 2018
5ja07,extrapolation,unmarked,initial,セヒ,ギト,Noun_Testing,chef,NA,NA,,タソヌ,NA,NA,タソヌ,NA,47,Fri Oct  5 15:40:27 2018
5ja07,extrapolation,unmarked,initial,セヒ,ギト,Noun_Testing,waitress,NA,NA,,ネチビ,NA,NA,ネチビ,NA,48,Fri Oct  5 15:40:32 2018
5ja07,extrapolation,unmarked,initial,セヒ,ギト,SimplePhrase_Training,waitress_four,NA,NA,,ネチビ セヒ,NA,NA,,NA,49,Fri Oct  5 15:41:19 2018
5ja07,extrapolation,unmarked,initial,セヒ,ギト,SimplePhrase_Training,point_chef_pl_waitress_sg,NA,NA,,サスラ タソヌ セヒ ネチビ ギト,NA,NA,,NA,50,Fri Oct  5 15:41:27 2018
5ja07,extrapolation,unmarked,initial,セヒ,ギト,SimplePhrase_Training,chef_two,NA,NA,,タソヌ セヒ,NA,NA,,NA,51,Fri Oct  5 15:41:32 2018
5ja07,extrapolation,unmarked,initial,セヒ,ギト,SimplePhrase_Training,cowboy,NA,NA,,ソギナ,NA,NA,,NA,52,Fri Oct  5 15:41:37 2018
5ja07,extrapolation,unmarked,initial,セヒ,ギト,SimplePhrase_Training,punch_waitress_pl_chef_sg,NA,NA,,ナグラ ネチビ セヒ タソヌ ギト,NA,NA,,NA,53,Fri Oct  5 15:41:45 2018
5ja07,extrapolation,unmarked,initial,セヒ,ギト,SimplePhrase_Training,waitress_three,NA,NA,,ネチビ セヒ,NA,NA,,NA,54,Fri Oct  5 15:41:50 2018
5ja07,extrapolation,unmarked,initial,セヒ,ギト,SimplePhrase_Training,waitress_two,NA,NA,,ネチビ セヒ,NA,NA,,NA,55,Fri Oct  5 15:41:55 2018
5ja07,extrapolation,unmarked,initial,セヒ,ギト,SimplePhrase_Training,cowboy_two,NA,NA,,ソギナ セヒ,NA,NA,,NA,56,Fri Oct  5 15:42:01 2018
5ja07,extrapolation,unmarked,initial,セヒ,ギト,SimplePhrase_Training,kick_cowboy_sg_burglar_sg,NA,NA,,ケルラ ソギナ ダクメ ギト,NA,NA,,NA,57,Fri Oct  5 15:42:08 2018
5ja07,extrapolation,unmarked,initial,セヒ,ギト,SimplePhrase_Training,point_chef_pl_cowboy_sg,NA,NA,,サスラ タソヌ セヒ ソギナ ギト,NA,NA,,NA,58,Fri Oct  5 15:42:16 2018
5ja07,extrapolation,unmarked,initial,セヒ,ギト,SimplePhrase_Training,punch_chef_pl_cowboy_sg,NA,NA,,ナグラ タソヌ セヒ ソギナ ギト,NA,NA,,NA,59,Fri Oct  5 15:42:24 2018
5ja07,extrapolation,unmarked,initial,セヒ,ギト,SimplePhrase_Training,point_chef_pl_burglar_sg,NA,NA,,サスラ タソヌ セヒ ダクメ ギト,NA,NA,,NA,60,Fri Oct  5 15:42:32 2018
5ja07,extrapolation,unmarked,initial,セヒ,ギト,SimplePhrase_Training,kick_cowboy_sg_chef_sg,NA,NA,,ケルラ ソギナ タソヌ ギト,NA,NA,,NA,61,Fri Oct  5 15:42:40 2018
5ja07,extrapolation,unmarked,initial,セヒ,ギト,SimplePhrase_Training,point_burglar_sg_chef_sg,NA,NA,,サスラ ダクメ タソヌ ギト,NA,NA,,NA,62,Fri Oct  5 15:42:47 2018
5ja07,extrapolation,unmarked,initial,セヒ,ギト,SimplePhrase_Training,chef_three,NA,NA,,タソヌ セヒ,NA,NA,,NA,63,Fri Oct  5 15:42:53 2018
5ja07,extrapolation,unmarked,initial,セヒ,ギト,SimplePhrase_Training,chef_four,NA,NA,,タソヌ セヒ,NA,NA,,NA,64,Fri Oct  5 15:42:58 2018
5ja07,extrapolation,unmarked,initial,セヒ,ギト,SimplePhrase_Training,chef,NA,NA,,タソヌ,NA,NA,,NA,65,Fri Oct  5 15:43:03 2018
5ja07,extrapolation,unmarked,initial,セヒ,ギト,SimplePhrase_Training,punch_chef_sg_waitress_sg,NA,NA,,ナグラ タソヌ ネチビ ギト,NA,NA,,NA,66,Fri Oct  5 15:43:11 2018
5ja07,extrapolation,unmarked,initial,セヒ,ギト,SimplePhrase_Training,punch_burglar_pl_chef_sg,NA,NA,,ナグラ ダクメ セヒ タソヌ ギト,NA,NA,,NA,67,Fri Oct  5 15:43:19 2018
5ja07,extrapolation,unmarked,initial,セヒ,ギト,SimplePhrase_Training,chef,NA,NA,,タソヌ,NA,NA,,NA,68,Fri Oct  5 15:43:23 2018
5ja07,extrapolation,unmarked,initial,セヒ,ギト,SimplePhrase_Training,kick_chef_pl_waitress_sg,NA,NA,,ケルラ タソヌ セヒ ネチビ ギト,NA,NA,,NA,69,Fri Oct  5 15:43:31 2018
5ja07,extrapolation,unmarked,initial,セヒ,ギト,SimplePhrase_Training,point_cowboy_sg_waitress_sg,NA,NA,,サスラ ソギナ ネチビ ギト,NA,NA,,NA,70,Fri Oct  5 15:43:39 2018
5ja07,extrapolation,unmarked,initial,セヒ,ギト,SimplePhrase_Training,waitress_three,NA,NA,,ネチビ セヒ,NA,NA,,NA,71,Fri Oct  5 15:43:44 2018
5ja07,extrapolation,unmarked,initial,セヒ,ギト,SimplePhrase_Training,point_waitress_sg_chef_sg,NA,NA,,サスラ ネチビ タソヌ ギト,NA,NA,,NA,72,Fri Oct  5 15:43:52 2018
5ja07,extrapolation,unmarked,initial,セヒ,ギト,SimplePhrase_Training,burglar,NA,NA,,ダクメ,NA,NA,,NA,73,Fri Oct  5 15:43:57 2018
5ja07,extrapolation,unmarked,initial,セヒ,ギト,SimplePhrase_Training,cowboy_four,NA,NA,,ソギナ セヒ,NA,NA,,NA,74,Fri Oct  5 15:44:02 2018
5ja07,extrapolation,unmarked,initial,セヒ,ギト,SimplePhrase_Training,burglar_four,NA,NA,,ダクメ セヒ,NA,NA,,NA,75,Fri Oct  5 15:44:07 2018
5ja07,extrapolation,unmarked,initial,セヒ,ギト,SimplePhrase_Training,punch_cowboy_sg_waitress_sg,NA,NA,,ナグラ ソギナ ネチビ ギト,NA,NA,,NA,76,Fri Oct  5 15:44:15 2018
5ja07,extrapolation,unmarked,initial,セヒ,ギト,SimplePhrase_Training,kick_burglar_pl_chef_sg,NA,NA,,ケルラ ダクメ セヒ タソヌ ギト,NA,NA,,NA,77,Fri Oct  5 15:44:23 2018
5ja07,extrapolation,unmarked,initial,セヒ,ギト,SimplePhrase_Training,burglar,NA,NA,,ダクメ,NA,NA,,NA,78,Fri Oct  5 15:44:28 2018
5ja07,extrapolation,unmarked,initial,セヒ,ギト,SimplePhrase_Training,punch_cowboy_pl_burglar_sg,NA,NA,,ナグラ ソギナ セヒ ダクメ ギト,NA,NA,,NA,79,Fri Oct  5 15:44:36 2018
5ja07,extrapolation,unmarked,initial,セヒ,ギト,SimplePhrase_Training,punch_waitress_pl_burglar_sg,NA,NA,,ナグラ ネチビ セヒ ダクメ ギト,NA,NA,,NA,80,Fri Oct  5 15:44:44 2018
5ja07,extrapolation,unmarked,initial,セヒ,ギト,SimplePhrase_Training,chef_four,NA,NA,,タソヌ セヒ,NA,NA,,NA,81,Fri Oct  5 15:44:49 2018
5ja07,extrapolation,unmarked,initial,セヒ,ギト,SimplePhrase_Training,kick_chef_sg_cowboy_sg,NA,NA,,ケルラ タソヌ ソギナ ギト,NA,NA,,NA,82,Fri Oct  5 15:44:57 2018
5ja07,extrapolation,unmarked,initial,セヒ,ギト,SimplePhrase_Training,kick_burglar_sg_cowboy_sg,NA,NA,,ケルラ ダクメ ソギナ ギト,NA,NA,,NA,83,Fri Oct  5 15:45:04 2018
5ja07,extrapolation,unmarked,initial,セヒ,ギト,SimplePhrase_Training,cowboy_three,NA,NA,,ソギナ セヒ,NA,NA,,NA,84,Fri Oct  5 15:45:10 2018
5ja07,extrapolation,unmarked,initial,セヒ,ギト,SimplePhrase_Training,point_waitress_pl_burglar_sg,NA,NA,,サスラ ネチビ セヒ ダクメ ギト,NA,NA,,NA,85,Fri Oct  5 15:45:18 2018
5ja07,extrapolation,unmarked,initial,セヒ,ギト,SimplePhrase_Training,burglar_three,NA,NA,,ダクメ セヒ,NA,NA,,NA,86,Fri Oct  5 15:45:23 2018
5ja07,extrapolation,unmarked,initial,セヒ,ギト,SimplePhrase_Training,punch_chef_pl_burglar_sg,NA,NA,,ナグラ タソヌ セヒ ダクメ ギト,NA,NA,,NA,87,Fri Oct  5 15:45:31 2018
5ja07,extrapolation,unmarked,initial,セヒ,ギト,SimplePhrase_Training,chef_two,NA,NA,,タソヌ セヒ,NA,NA,,NA,88,Fri Oct  5 15:45:36 2018
5ja07,extrapolation,unmarked,initial,セヒ,ギト,SimplePhrase_Training,cowboy,NA,NA,,ソギナ,NA,NA,,NA,89,Fri Oct  5 15:45:41 2018
5ja07,extrapolation,unmarked,initial,セヒ,ギト,SimplePhrase_Training,point_waitress_sg_cowboy_sg,NA,NA,,サスラ ネチビ ソギナ ギト,NA,NA,,NA,90,Fri Oct  5 15:45:48 2018
5ja07,extrapolation,unmarked,initial,セヒ,ギト,SimplePhrase_Training,punch_waitress_pl_cowboy_sg,NA,NA,,ナグラ ネチビ セヒ ソギナ ギト,NA,NA,,NA,91,Fri Oct  5 15:45:57 2018
5ja07,extrapolation,unmarked,initial,セヒ,ギト,SimplePhrase_Training,waitress_two,NA,NA,,ネチビ セヒ,NA,NA,,NA,92,Fri Oct  5 15:46:02 2018
5ja07,extrapolation,unmarked,initial,セヒ,ギト,SimplePhrase_Training,point_cowboy_sg_chef_sg,NA,NA,,サスラ ソギナ タソヌ ギト,NA,NA,,NA,93,Fri Oct  5 15:46:09 2018
5ja07,extrapolation,unmarked,initial,セヒ,ギト,SimplePhrase_Training,kick_waitress_sg_chef_sg,NA,NA,,ケルラ ネチビ タソヌ ギト,NA,NA,,NA,94,Fri Oct  5 15:46:17 2018
5ja07,extrapolation,unmarked,initial,セヒ,ギト,SimplePhrase_Training,kick_waitress_pl_burglar_sg,NA,NA,,ケルラ ネチビ セヒ ダクメ ギト,NA,NA,,NA,95,Fri Oct  5 15:46:25 2018
5ja07,extrapolation,unmarked,initial,セヒ,ギト,SimplePhrase_Training,point_burglar_pl_waitress_sg,NA,NA,,サスラ ダクメ セヒ ネチビ ギト,NA,NA,,NA,96,Fri Oct  5 15:46:33 2018
5ja07,extrapolation,unmarked,initial,セヒ,ギト,SimplePhrase_Training,burglar_two,NA,NA,,ダクメ セヒ,NA,NA,,NA,97,Fri Oct  5 15:46:38 2018
5ja07,extrapolation,unmarked,initial,セヒ,ギト,SimplePhrase_Training,waitress_four,NA,NA,,ネチビ セヒ,NA,NA,,NA,98,Fri Oct  5 15:46:43 2018
5ja07,extrapolation,unmarked,initial,セヒ,ギト,SimplePhrase_Training,waitress,NA,NA,,ネチビ,NA,NA,,NA,99,Fri Oct  5 15:46:48 2018
5ja07,extrapolation,unmarked,initial,セヒ,ギト,SimplePhrase_Training,punch_burglar_sg_cowboy_sg,NA,NA,,ナグラ ダクメ ソギナ ギト,NA,NA,,NA,100,Fri Oct  5 15:46:56 2018
5ja07,extrapolation,unmarked,initial,セヒ,ギト,SimplePhrase_Training,waitress,NA,NA,,ネチビ,NA,NA,,NA,101,Fri Oct  5 15:47:01 2018
5ja07,extrapolation,unmarked,initial,セヒ,ギト,SimplePhrase_Training,point_cowboy_sg_burglar_sg,NA,NA,,サスラ ソギナ ダクメ ギト,NA,NA,,NA,102,Fri Oct  5 15:47:08 2018
5ja07,extrapolation,unmarked,initial,セヒ,ギト,SimplePhrase_Training,kick_chef_pl_burglar_sg,NA,NA,,ケルラ タソヌ セヒ ダクメ ギト,NA,NA,,NA,103,Fri Oct  5 15:47:16 2018
5ja07,extrapolation,unmarked,initial,セヒ,ギト,SimplePhrase_Training,kick_waitress_sg_cowboy_sg,NA,NA,,ケルラ ネチビ ソギナ ギト,NA,NA,,NA,104,Fri Oct  5 15:47:24 2018
5ja07,extrapolation,unmarked,initial,セヒ,ギト,SimplePhrase_Training,punch_burglar_sg_waitress_sg,NA,NA,,ナグラ ダクメ ネチビ ギト,NA,NA,,NA,105,Fri Oct  5 15:47:32 2018
5ja07,extrapolation,unmarked,initial,セヒ,ギト,SimplePhrase_Training,point_burglar_pl_cowboy_sg,NA,NA,,サスラ ダクメ セヒ ソギナ ギト,NA,NA,,NA,106,Fri Oct  5 15:47:40 2018
5ja07,extrapolation,unmarked,initial,セヒ,ギト,SimplePhrase_Training,punch_cowboy_pl_chef_sg,NA,NA,,ナグラ ソギナ セヒ タソヌ ギト,NA,NA,,NA,107,Fri Oct  5 15:47:48 2018
5ja07,extrapolation,unmarked,initial,セヒ,ギト,SimplePhrase_Training,burglar_four,NA,NA,,ダクメ セヒ,NA,NA,,NA,108,Fri Oct  5 15:47:53 2018
5ja07,extrapolation,unmarked,initial,セヒ,ギト,SimplePhrase_Training,kick_cowboy_sg_waitress_sg,NA,NA,,ケルラ ソギナ ネチビ ギト,NA,NA,,NA,109,Fri Oct  5 15:48:01 2018
5ja07,extrapolation,unmarked,initial,セヒ,ギト,SimplePhrase_Training,kick_burglar_sg_waitress_sg,NA,NA,,ケルラ ダクメ ネチビ ギト,NA,NA,,NA,110,Fri Oct  5 15:48:08 2018
5ja07,extrapolation,unmarked,initial,セヒ,ギト,SimplePhrase_Comprehension,point_chef_sg_burglar_sg,NA,NA,,サスラ タソヌ ダクメ ギト,correct,NA,,NA,111,Fri Oct  5 15:48:36 2018
5ja07,extrapolation,unmarked,initial,セヒ,ギト,SimplePhrase_Comprehension,punch_cowboy_pl_waitress_sg,NA,NA,,ナグラ ソギナ セヒ ネチビ ギト,correct,NA,,NA,112,Fri Oct  5 15:48:44 2018
5ja07,extrapolation,unmarked,initial,セヒ,ギト,SimplePhrase_Comprehension,burglar,NA,NA,,ダクメ,correct,NA,,NA,113,Fri Oct  5 15:48:48 2018
5ja07,extrapolation,unmarked,initial,セヒ,ギト,SimplePhrase_Comprehension,point_burglar_sg_waitress_sg,NA,NA,,サスラ ダクメ ネチビ ギト,correct,NA,,NA,114,Fri Oct  5 15:48:55 2018
5ja07,extrapolation,unmarked,initial,セヒ,ギト,SimplePhrase_Comprehension,kick_cowboy_pl_chef_sg,NA,NA,,ケルラ ソギナ セヒ タソヌ ギト,correct,NA,,NA,115,Fri Oct  5 15:49:04 2018
5ja07,extrapolation,unmarked,initial,セヒ,ギト,SimplePhrase_Comprehension,point_waitress_pl_cowboy_sg,NA,NA,,サスラ ネチビ セヒ ソギナ ギト,correct,NA,,NA,116,Fri Oct  5 15:49:11 2018
5ja07,extrapolation,unmarked,initial,セヒ,ギト,SimplePhrase_Comprehension,waitress_three,NA,NA,,ネチビ セヒ,correct,NA,,NA,117,Fri Oct  5 15:49:16 2018
5ja07,extrapolation,unmarked,initial,セヒ,ギト,SimplePhrase_Comprehension,burglar_two,NA,NA,,ダクメ セヒ,correct,NA,,NA,118,Fri Oct  5 15:49:20 2018
5ja07,extrapolation,unmarked,initial,セヒ,ギト,SimplePhrase_Comprehension,cowboy_two,NA,NA,,ソギナ セヒ,correct,NA,,NA,119,Fri Oct  5 15:49:25 2018
5ja07,extrapolation,unmarked,initial,セヒ,ギト,SimplePhrase_Comprehension,chef,NA,NA,,タソヌ,correct,NA,,NA,120,Fri Oct  5 15:49:29 2018
5ja07,extrapolation,unmarked,initial,セヒ,ギト,SimplePhrase_Comprehension,punch_chef_sg_burglar_sg,NA,NA,,ナグラ タソヌ ダクメ ギト,correct,NA,,NA,121,Fri Oct  5 15:49:36 2018
5ja07,extrapolation,unmarked,initial,セヒ,ギト,SimplePhrase_Comprehension,punch_burglar_sg_chef_sg,NA,NA,,ナグラ ダクメ タソヌ ギト,correct,NA,,NA,122,Fri Oct  5 15:49:44 2018
5ja07,extrapolation,unmarked,initial,セヒ,ギト,SimplePhrase_Comprehension,kick_waitress_pl_chef_sg,NA,NA,,ケルラ ネチビ セヒ タソヌ ギト,correct,NA,,NA,123,Fri Oct  5 15:49:53 2018
5ja07,extrapolation,unmarked,initial,セヒ,ギト,SimplePhrase_Comprehension,punch_waitress_sg_burglar_sg,NA,NA,,ナグラ ネチビ ダクメ ギト,correct,NA,,NA,124,Fri Oct  5 15:50:00 2018
5ja07,extrapolation,unmarked,initial,セヒ,ギト,SimplePhrase_Comprehension,kick_cowboy_pl_burglar_sg,NA,NA,,ケルラ ソギナ セヒ ダクメ ギト,correct,NA,,NA,125,Fri Oct  5 15:50:09 2018
5ja07,extrapolation,unmarked,initial,セヒ,ギト,SimplePhrase_Comprehension,punch_cowboy_sg_chef_sg,NA,NA,,ナグラ ソギナ タソヌ ギト,correct,NA,,NA,126,Fri Oct  5 15:50:16 2018
5ja07,extrapolation,unmarked,initial,セヒ,ギト,SimplePhrase_Comprehension,cowboy,NA,NA,,ソギナ,correct,NA,,NA,127,Fri Oct  5 15:50:21 2018
5ja07,extrapolation,unmarked,initial,セヒ,ギト,SimplePhrase_Comprehension,point_cowboy_pl_burglar_sg,NA,NA,,サスラ ソギナ セヒ ダクメ ギト,correct,NA,,NA,128,Fri Oct  5 15:50:29 2018
5ja07,extrapolation,unmarked,initial,セヒ,ギト,SimplePhrase_Comprehension,kick_chef_pl_cowboy_sg,NA,NA,,ケルラ タソヌ セヒ ソギナ ギト,correct,NA,,NA,129,Fri Oct  5 15:50:37 2018
5ja07,extrapolation,unmarked,initial,セヒ,ギト,SimplePhrase_Comprehension,waitress,NA,NA,,ネチビ,correct,NA,,NA,130,Fri Oct  5 15:50:41 2018
5ja07,extrapolation,unmarked,initial,セヒ,ギト,SimplePhrase_Comprehension,burglar_three,NA,NA,,ダクメ セヒ,correct,NA,,NA,131,Fri Oct  5 15:50:46 2018
5ja07,extrapolation,unmarked,initial,セヒ,ギト,SimplePhrase_Comprehension,point_cowboy_pl_chef_sg,NA,NA,,サスラ ソギナ セヒ タソヌ ギト,correct,NA,,NA,132,Fri Oct  5 15:50:53 2018
5ja07,extrapolation,unmarked,initial,セヒ,ギト,SimplePhrase_Comprehension,chef_four,NA,NA,,タソヌ セヒ,correct,NA,,NA,133,Fri Oct  5 15:50:58 2018
5ja07,extrapolation,unmarked,initial,セヒ,ギト,SimplePhrase_Comprehension,kick_cowboy_pl_waitress_sg,NA,NA,,ケルラ ソギナ セヒ ネチビ ギト,correct,NA,,NA,134,Fri Oct  5 15:51:05 2018
5ja07,extrapolation,unmarked,initial,セヒ,ギト,SimplePhrase_Comprehension,cowboy_four,NA,NA,,ソギナ セヒ,correct,NA,,NA,135,Fri Oct  5 15:51:11 2018
5ja07,extrapolation,unmarked,initial,セヒ,ギト,SimplePhrase_Comprehension,burglar_four,NA,NA,,ダクメ セヒ,correct,NA,,NA,136,Fri Oct  5 15:51:15 2018
5ja07,extrapolation,unmarked,initial,セヒ,ギト,SimplePhrase_Comprehension,point_chef_sg_cowboy_sg,NA,NA,,サスラ タソヌ ソギナ ギト,correct,NA,,NA,137,Fri Oct  5 15:51:22 2018
5ja07,extrapolation,unmarked,initial,セヒ,ギト,SimplePhrase_Comprehension,chef_two,NA,NA,,タソヌ セヒ,correct,NA,,NA,138,Fri Oct  5 15:51:26 2018
5ja07,extrapolation,unmarked,initial,セヒ,ギト,SimplePhrase_Comprehension,point_chef_sg_waitress_sg,NA,NA,,サスラ タソヌ ネチビ ギト,correct,NA,,NA,139,Fri Oct  5 15:51:34 2018
5ja07,extrapolation,unmarked,initial,セヒ,ギト,SimplePhrase_Comprehension,kick_waitress_pl_cowboy_sg,NA,NA,,ケルラ ネチビ セヒ ソギナ ギト,correct,NA,,NA,140,Fri Oct  5 15:51:41 2018
5ja07,extrapolation,unmarked,initial,セヒ,ギト,SimplePhrase_Comprehension,punch_chef_sg_cowboy_sg,NA,NA,,ナグラ タソヌ ソギナ ギト,correct,NA,,NA,141,Fri Oct  5 15:51:48 2018
5ja07,extrapolation,unmarked,initial,セヒ,ギト,SimplePhrase_Comprehension,cowboy_three,NA,NA,,ソギナ セヒ,correct,NA,,NA,142,Fri Oct  5 15:51:53 2018
5ja07,extrapolation,unmarked,initial,セヒ,ギト,SimplePhrase_Comprehension,waitress_two,NA,NA,,ネチビ セヒ,correct,NA,,NA,143,Fri Oct  5 15:51:58 2018
5ja07,extrapolation,unmarked,initial,セヒ,ギト,SimplePhrase_Comprehension,punch_waitress_sg_cowboy_sg,NA,NA,,ナグラ ネチビ ソギナ ギト,correct,NA,,NA,144,Fri Oct  5 15:52:05 2018
5ja07,extrapolation,unmarked,initial,セヒ,ギト,SimplePhrase_Typing,punch_burglar_pl_chef_sg,NA,NA,,ナグラ ダクメ セヒ タソヌ ギト,NA,ナグラ ダクメ セヒ タソヌ ギト,,NA,145,Fri Oct  5 15:53:06 2018
5ja07,extrapolation,unmarked,initial,セヒ,ギト,SimplePhrase_Typing,waitress,NA,NA,,ネチビ,NA,ネチビ,,NA,146,Fri Oct  5 15:53:13 2018
5ja07,extrapolation,unmarked,initial,セヒ,ギト,SimplePhrase_Typing,chef_two,NA,NA,,タソヌ セヒ,NA,タソヌ セヒ,,NA,147,Fri Oct  5 15:53:22 2018
5ja07,extrapolation,unmarked,initial,セヒ,ギト,SimplePhrase_Typing,cowboy,NA,NA,,ソギナ,NA,ソギナ,,NA,148,Fri Oct  5 15:53:29 2018
5ja07,extrapolation,unmarked,initial,セヒ,ギト,SimplePhrase_Typing,kick_chef_pl_waitress_sg,NA,NA,,ケルラ タソヌ セヒ ネチビ ギト,NA,ケルラ タソヌ セヒ ネチビ ギト,,NA,149,Fri Oct  5 15:53:48 2018
5ja07,extrapolation,unmarked,initial,セヒ,ギト,SimplePhrase_Typing,point_burglar_sg_chef_sg,NA,NA,,サスラ ダクメ タソヌ ギト,NA,サスラ ダクメ タソヌ ギト,,NA,150,Fri Oct  5 15:54:00 2018
5ja07,extrapolation,unmarked,initial,セヒ,ギト,SimplePhrase_Typing,chef,NA,NA,,タソヌ,NA,タソヌ,,NA,151,Fri Oct  5 15:54:07 2018
5ja07,extrapolation,unmarked,initial,セヒ,ギト,SimplePhrase_Typing,burglar_four,NA,NA,,ダクメ セヒ,NA,ダクメ セヒ,,NA,152,Fri Oct  5 15:54:15 2018
5ja07,extrapolation,unmarked,initial,セヒ,ギト,SimplePhrase_Typing,punch_waitress_pl_cowboy_sg,NA,NA,,ナグラ ネチビ セヒ ソギナ ギト,NA,ナグラ ネチビ セヒ ソギナ ギト,,NA,153,Fri Oct  5 15:54:32 2018
5ja07,extrapolation,unmarked,initial,セヒ,ギト,SimplePhrase_Typing,chef_three,NA,NA,,タソヌ セヒ,NA,タソヌ セヒ,,NA,154,Fri Oct  5 15:54:42 2018
5ja07,extrapolation,unmarked,initial,セヒ,ギト,SimplePhrase_Typing,kick_cowboy_sg_burglar_sg,NA,NA,,ケルラ ソギナ ダクメ ギト,NA,ケルラ ソギナ ダクメ ギト,,NA,155,Fri Oct  5 15:54:57 2018
5ja07,extrapolation,unmarked,initial,セヒ,ギト,SimplePhrase_Typing,cowboy_three,NA,NA,,ソギナ セヒ,NA,ソギナ セヒ,,NA,156,Fri Oct  5 15:55:06 2018
5ja07,extrapolation,unmarked,initial,セヒ,ギト,SimplePhrase_Typing,point_burglar_pl_cowboy_sg,NA,NA,,サスラ ダクメ セヒ ソギナ ギト,NA,サスラ ダクメ セヒ ソギナ ギト,,NA,157,Fri Oct  5 15:55:21 2018
5ja07,extrapolation,unmarked,initial,セヒ,ギト,SimplePhrase_Typing,point_waitress_sg_chef_sg,NA,NA,,サスラ ネチビ タソヌ ギト,NA,サスラ ネチビ タソヌ ギト,,NA,158,Fri Oct  5 15:55:33 2018
5ja07,extrapolation,unmarked,initial,セヒ,ギト,SimplePhrase_Typing,burglar,NA,NA,,ダクメ,NA,ダクメ,,NA,159,Fri Oct  5 15:55:40 2018
5ja07,extrapolation,unmarked,initial,セヒ,ギト,SimplePhrase_Typing,punch_chef_sg_waitress_sg,NA,NA,,ナグラ タソヌ ネチビ ギト,NA,ナグラ タソヌ ネチビ ギト,,NA,160,Fri Oct  5 15:55:52 2018
5ja07,extrapolation,unmarked,initial,セヒ,ギト,ComplexPhrase_Typing,punch_chef_sg_cowboy_pl,cowboy,sogina,,ナグラ タソヌ ソギナ セヒ ギト,NA,ナグラ タソヌ ソギナ セヒ ギト,,NA,161,Fri Oct  5 15:56:39 2018
5ja07,extrapolation,unmarked,initial,セヒ,ギト,ComplexPhrase_Typing,kick_waitress_sg_burglar_pl,burglar,dakume,,ケルラ ネチビ ダクメ セヒ ギト,NA,ケルラ ネチビ ダクメ セヒ ギト,,NA,162,Fri Oct  5 15:56:48 2018
5ja07,extrapolation,unmarked,initial,セヒ,ギト,ComplexPhrase_Typing,point_burglar_sg_cowboy_pl,cowboy,sogina,,サスラ ダクメ ソギナ セヒ ギト,NA,サスラ ダクメ ソギナ セヒ ギト,,NA,163,Fri Oct  5 15:56:58 2018
5ja07,extrapolation,unmarked,initial,セヒ,ギト,ComplexPhrase_Typing,point_cowboy_sg_burglar_pl,burglar,dakume,,サスラ ソギナ ダクメ セヒ ギト,NA,サスラ ソギナ ダクメ セヒ ギト,,NA,164,Fri Oct  5 15:57:06 2018
5ja07,extrapolation,unmarked,initial,セヒ,ギト,ComplexPhrase_Typing,punch_chef_sg_cowboy_pl,cowboy,sogina,,ナグラ タソヌ ソギナ セヒ ギト,NA,ナグラ タソヌ ソギナ セヒ ギト,,NA,165,Fri Oct  5 15:57:15 2018
5ja07,extrapolation,unmarked,initial,セヒ,ギト,ComplexPhrase_Typing,kick_waitress_sg_burglar_pl,burglar,dakume,,ケルラ ネチビ ダクメ セヒ ギト,NA,ケルラ ネチビ ダクメ セヒ ギト,,NA,166,Fri Oct  5 15:57:23 2018
5ja07,extrapolation,unmarked,initial,セヒ,ギト,ComplexPhrase_Typing,point_cowboy_sg_burglar_pl,burglar,dakume,,サスラ ソギナ ダクメ セヒ ギト,NA,サスラ ソギナ ダクメ セヒ ギト,,NA,167,Fri Oct  5 15:57:32 2018
5ja07,extrapolation,unmarked,initial,セヒ,ギト,ComplexPhrase_Typing,point_burglar_sg_cowboy_pl,cowboy,sogina,,サスラ ダクメ ソギナ セヒ ギト,NA,サスラ ダクメ ソギナ セヒ ギト,,NA,168,Fri Oct  5 15:57:38 2018
5ja07,extrapolation,unmarked,initial,セヒ,ギト,ComplexPhrase_Typing,punch_chef_sg_cowboy_pl,cowboy,sogina,,ナグラ タソヌ ソギナ セヒ ギト,NA,ナグラ タソヌ ソギナ セヒ ギト,,NA,169,Fri Oct  5 15:57:47 2018
5ja07,extrapolation,unmarked,initial,セヒ,ギト,ComplexPhrase_Typing,point_burglar_sg_cowboy_pl,cowboy,sogina,,サスラ ダクメ ソギナ セヒ ギト,NA,サスラ ダクメ ソギナ セヒ ギト,,NA,170,Fri Oct  5 15:57:54 2018
5ja07,extrapolation,unmarked,initial,セヒ,ギト,ComplexPhrase_Typing,kick_waitress_sg_burglar_pl,burglar,dakume,,ケルラ ネチビ ダクメ セヒ ギト,NA,ケルラ ネチビ ダクメ セヒ ギト,,NA,171,Fri Oct  5 15:58:01 2018
5ja07,extrapolation,unmarked,initial,セヒ,ギト,ComplexPhrase_Typing,point_cowboy_sg_burglar_pl,burglar,dakume,,サスラ ソギナ ダクメ セヒ ギト,NA,サスラ ソギナ ダクメ セヒ ギト,,NA,172,Fri Oct  5 15:58:08 2018
5ja07,extrapolation,unmarked,initial,セヒ,ギト,ComplexPhrase_Testing,point_cowboy_sg_burglar_pl,burglar,dakume,,サスラ ソギナ ダクメ セヒ ギト,NA,NA,サスラ ソギナ ダクメ セヒ ギト,NA,173,Fri Oct  5 15:59:04 2018
5ja07,extrapolation,unmarked,initial,セヒ,ギト,ComplexPhrase_Testing,punch_waitress_sg_cowboy_pl,cowboy,sogina,,ナグラ ネチビ ソギナ セヒ ギト,NA,NA,ナグラ ネチビ ソギナ セヒ ギト,NA,174,Fri Oct  5 15:59:11 2018
5ja07,extrapolation,unmarked,initial,セヒ,ギト,ComplexPhrase_Testing,point_waitress_sg_cowboy_pl,cowboy,sogina,,サスラ ネチビ ソギナ セヒ ギト,NA,NA,サスラ ネチビ ソギナ セヒ ギト,NA,175,Fri Oct  5 15:59:18 2018
5ja07,extrapolation,unmarked,initial,セヒ,ギト,ComplexPhrase_Testing,point_burglar_pl_cowboy_sg,NA,NA,,サスラ ダクメ セヒ ソギナ ギト,NA,NA,サスラ ダクメ セヒ ソギナ ギト,NA,176,Fri Oct  5 15:59:26 2018
5ja07,extrapolation,unmarked,initial,セヒ,ギト,ComplexPhrase_Testing,point_cowboy_sg_chef_pl,chef,tasonu,,サスラ ソギナ タソヌ セヒ ギト,NA,NA,サスラ ソギナ タソヌ セヒ ギト,NA,177,Fri Oct  5 15:59:38 2018
5ja07,extrapolation,unmarked,initial,セヒ,ギト,ComplexPhrase_Testing,kick_chef_sg_waitress_pl,waitress,nechibi,,ケルラ タソヌ ネチビ セヒ ギト,NA,NA,ケルラ タソヌ ネチビ セヒ ギト,NA,178,Fri Oct  5 15:59:44 2018
5ja07,extrapolation,unmarked,initial,セヒ,ギト,ComplexPhrase_Testing,chef,NA,NA,,タソヌ,NA,NA,タソヌ,NA,179,Fri Oct  5 15:59:45 2018
5ja07,extrapolation,unmarked,initial,セヒ,ギト,ComplexPhrase_Testing,punch_chef_pl_waitress_sg,NA,NA,,ナグラ タソヌ セヒ ネチビ ギト,NA,NA,ナグラ タソヌ セヒ ネチビ ギト,NA,180,Fri Oct  5 15:59:52 2018
5ja07,extrapolation,unmarked,initial,セヒ,ギト,ComplexPhrase_Testing,kick_cowboy_sg_waitress_pl,waitress,nechibi,,ケルラ ソギナ ネチビ セヒ ギト,NA,NA,ケルラ ソギナ ネチビ セヒ ギト,NA,181,Fri Oct  5 16:00:02 2018
5ja07,extrapolation,unmarked,initial,セヒ,ギト,ComplexPhrase_Testing,point_cowboy_sg_burglar_pl,burglar,dakume,,サスラ ソギナ ダクメ セヒ ギト,NA,NA,サスラ ソギナ ダクメ セヒ ギト,NA,182,Fri Oct  5 16:00:07 2018
5ja07,extrapolation,unmarked,initial,セヒ,ギト,ComplexPhrase_Testing,kick_waitress_sg_cowboy_pl,cowboy,sogina,,ケルラ ネチビ ソギナ セヒ ギト,NA,NA,ケルラ ネチビ ソギナ セヒ ギト,NA,183,Fri Oct  5 16:00:12 2018
5ja07,extrapolation,unmarked,initial,セヒ,ギト,ComplexPhrase_Testing,point_waitress_sg_chef_pl,chef,tasonu,,サスラ ネチビ タソヌ セヒ ギト,NA,NA,サスラ ネチビ タソヌ セヒ ギト,NA,184,Fri Oct  5 16:00:17 2018
5ja07,extrapolation,unmarked,initial,セヒ,ギト,ComplexPhrase_Testing,cowboy,NA,NA,,ソギナ,NA,NA,ソギナ,NA,185,Fri Oct  5 16:00:20 2018
5ja07,extrapolation,unmarked,initial,セヒ,ギト,ComplexPhrase_Testing,point_cowboy_sg_chef_pl,chef,tasonu,,サスラ ソギナ タソヌ セヒ ギト,NA,NA,サスラ ソギナ タソヌ セヒ ギト,NA,186,Fri Oct  5 16:00:27 2018
5ja07,extrapolation,unmarked,initial,セヒ,ギト,ComplexPhrase_Testing,punch_burglar_sg_cowboy_pl,cowboy,sogina,,ナグラ ダクメ ソギナ セヒ ギト,NA,NA,ナグラ ダクメ ソギナ セヒ ギト,NA,187,Fri Oct  5 16:00:32 2018
5ja07,extrapolation,unmarked,initial,セヒ,ギト,ComplexPhrase_Testing,point_cowboy_sg_burglar_pl,burglar,dakume,,サスラ ソギナ ダクメ セヒ ギト,NA,NA,サスラ ソギナ ダクメ セヒ ギト,NA,188,Fri Oct  5 16:00:37 2018
5ja07,extrapolation,unmarked,initial,セヒ,ギト,ComplexPhrase_Testing,kick_cowboy_sg_waitress_pl,waitress,nechibi,,ケルラ ソギナ ネチビ セヒ ギト,NA,NA,ケルラ ソギナ ネチビ セヒ ギト,NA,189,Fri Oct  5 16:00:43 2018
5ja07,extrapolation,unmarked,initial,セヒ,ギト,ComplexPhrase_Testing,cowboy_two,NA,NA,,ソギナ セヒ,NA,NA,ソギナ セヒ,NA,190,Fri Oct  5 16:00:46 2018
5ja07,extrapolation,unmarked,initial,セヒ,ギト,ComplexPhrase_Testing,point_cowboy_sg_chef_pl,chef,tasonu,,サスラ ソギナ タソヌ セヒ ギト,NA,NA,サスラ ソギナ タソヌ セヒ ギト,NA,191,Fri Oct  5 16:00:53 2018
5ja07,extrapolation,unmarked,initial,セヒ,ギト,ComplexPhrase_Testing,point_waitress_sg_chef_sg,NA,NA,,サスラ ネチビ タソヌ ギト,NA,NA,サスラ ネチビ タソヌ ギト,NA,192,Fri Oct  5 16:00:56 2018
5ja07,extrapolation,unmarked,initial,セヒ,ギト,ComplexPhrase_Testing,punch_chef_sg_cowboy_pl,cowboy,sogina,,ナグラ タソヌ ソギナ セヒ ギト,NA,NA,ナグラ タソヌ ソギナ セヒ ギト,NA,193,Fri Oct  5 16:01:08 2018
5ja07,extrapolation,unmarked,initial,セヒ,ギト,ComplexPhrase_Testing,point_burglar_sg_cowboy_pl,cowboy,sogina,,サスラ ダクメ ソギナ セヒ ギト,NA,NA,サスラ ダクメ ソギナ セヒ ギト,NA,194,Fri Oct  5 16:01:13 2018
5ja07,extrapolation,unmarked,initial,セヒ,ギト,ComplexPhrase_Testing,kick_chef_sg_waitress_pl,waitress,nechibi,,ケルラ タソヌ ネチビ セヒ ギト,NA,NA,ケルラ タソヌ ネチビ セヒ ギト,NA,195,Fri Oct  5 16:01:18 2018
5ja07,extrapolation,unmarked,initial,セヒ,ギト,ComplexPhrase_Testing,point_burglar_sg_cowboy_pl,cowboy,sogina,,サスラ ダクメ ソギナ セヒ ギト,NA,NA,サスラ ダクメ ソギナ セヒ ギト,NA,196,Fri Oct  5 16:01:24 2018
5ja07,extrapolation,unmarked,initial,セヒ,ギト,ComplexPhrase_Testing,punch_chef_sg_cowboy_pl,cowboy,sogina,,ナグラ タソヌ ソギナ セヒ ギト,NA,NA,ナグラ タソヌ ソギナ セヒ ギト,NA,197,Fri Oct  5 16:01:29 2018
5ja07,extrapolation,unmarked,initial,セヒ,ギト,ComplexPhrase_Testing,punch_waitress_pl_cowboy_sg,NA,NA,,ナグラ ネチビ セヒ ソギナ ギト,NA,NA,ナグラ ネチビ セヒ ソギナ ギト,NA,198,Fri Oct  5 16:01:35 2018
5ja07,extrapolation,unmarked,initial,セヒ,ギト,ComplexPhrase_Testing,punch_burglar_sg_waitress_sg,NA,NA,,ナグラ ダクメ ネチビ ギト,NA,NA,ナグラ ダクメ ネチビ ギト,NA,199,Fri Oct  5 16:01:45 2018
5ja07,extrapolation,unmarked,initial,セヒ,ギト,ComplexPhrase_Testing,waitress_three,NA,NA,,ネチビ セヒ,NA,NA,ネチビ セヒ,NA,200,Fri Oct  5 16:01:51 2018
5ja07,extrapolation,unmarked,initial,セヒ,ギト,ComplexPhrase_Testing,point_waitress_sg_cowboy_pl,cowboy,sogina,,サスラ ネチビ ソギナ セヒ ギト,NA,NA,サスラ ネチビ ソギナ セヒ ギト,NA,201,Fri Oct  5 16:01:58 2018
5ja07,extrapolation,unmarked,initial,セヒ,ギト,ComplexPhrase_Testing,kick_chef_sg_burglar_pl,burglar,dakume,,ケルラ タソヌ ダクメ セヒ ギト,NA,NA,ケルラ タソヌ ダクメ セヒ ギト,NA,202,Fri Oct  5 16:02:03 2018
5ja07,extrapolation,unmarked,initial,セヒ,ギト,ComplexPhrase_Testing,kick_chef_sg_burglar_pl,burglar,dakume,,ケルラ タソヌ ダクメ セヒ ギト,NA,NA,ケルラ タソヌ ダクメ セヒ ギト,NA,203,Fri Oct  5 16:02:09 2018
5ja07,extrapolation,unmarked,initial,セヒ,ギト,ComplexPhrase_Testing,kick_chef_sg_burglar_pl,burglar,dakume,,ケルラ タソヌ ダクメ セヒ ギト,NA,NA,ケルラ タソヌ ダクメ セヒ ギト,NA,204,Fri Oct  5 16:02:14 2018
5ja07,extrapolation,unmarked,initial,セヒ,ギト,ComplexPhrase_Testing,cowboy_four,NA,NA,,ソギナ セヒ,NA,NA,ソギナ セヒ,NA,205,Fri Oct  5 16:02:16 2018
5ja07,extrapolation,unmarked,initial,セヒ,ギト,ComplexPhrase_Testing,punch_cowboy_sg_chef_sg,NA,NA,,ナグラ ソギナ タソヌ ギト,NA,NA,ナグラ ソギナ タソヌ ギト,NA,206,Fri Oct  5 16:02:25 2018
5ja07,extrapolation,unmarked,initial,セヒ,ギト,ComplexPhrase_Testing,point_burglar_sg_chef_sg,NA,NA,,サスラ ダクメ タソヌ ギト,NA,NA,サスラ ダクメ タソヌ ギト,NA,207,Fri Oct  5 16:02:34 2018
5ja07,extrapolation,unmarked,initial,セヒ,ギト,ComplexPhrase_Testing,point_waitress_sg_cowboy_pl,cowboy,sogina,,サスラ ネチビ ソギナ セヒ ギト,NA,NA,サスラ ネチビ ソギナ セヒ ギト,NA,208,Fri Oct  5 16:02:42 2018
5ja07,extrapolation,unmarked,initial,セヒ,ギト,ComplexPhrase_Testing,point_waitress_sg_chef_pl,chef,tasonu,,サスラ ネチビ タソヌ セヒ ギト,NA,NA,サスラ ネチビ タソヌ セヒ ギト,NA,209,Fri Oct  5 16:02:47 2018
5ja07,extrapolation,unmarked,initial,セヒ,ギト,ComplexPhrase_Testing,punch_waitress_pl_chef_sg,NA,NA,,ナグラ ネチビ セヒ タソヌ ギト,NA,NA,ナグラ ネチビ セヒ タソヌ ギト,NA,210,Fri Oct  5 16:02:52 2018
5ja07,extrapolation,unmarked,initial,セヒ,ギト,ComplexPhrase_Testing,kick_chef_sg_waitress_pl,waitress,nechibi,,ケルラ タソヌ ネチビ セヒ ギト,NA,NA,ケルラ タソヌ ネチビ セヒ ギト,NA,211,Fri Oct  5 16:03:01 2018
5ja07,extrapolation,unmarked,initial,セヒ,ギト,ComplexPhrase_Testing,chef_two,NA,NA,,タソヌ セヒ,NA,NA,タソヌ セヒ,NA,212,Fri Oct  5 16:03:03 2018
5ja07,extrapolation,unmarked,initial,セヒ,ギト,ComplexPhrase_Testing,kick_cowboy_pl_chef_sg,NA,NA,,ケルラ ソギナ セヒ タソヌ ギト,NA,NA,ケルラ ソギナ セヒ タソヌ ギト,NA,213,Fri Oct  5 16:03:12 2018
5ja07,extrapolation,unmarked,initial,セヒ,ギト,ComplexPhrase_Testing,punch_chef_sg_cowboy_pl,cowboy,sogina,,ナグラ タソヌ ソギナ セヒ ギト,NA,NA,ナグラ タソヌ ソギナ セヒ ギト,NA,214,Fri Oct  5 16:03:21 2018
5ja07,extrapolation,unmarked,initial,セヒ,ギト,ComplexPhrase_Testing,waitress,NA,NA,,ネチビ,NA,NA,ネチビ,NA,215,Fri Oct  5 16:03:23 2018
5ja07,extrapolation,unmarked,initial,セヒ,ギト,ComplexPhrase_Testing,kick_waitress_sg_cowboy_pl,cowboy,sogina,,ケルラ ネチビ ソギナ セヒ ギト,NA,NA,ケルラ ネチビ ソギナ セヒ ギト,NA,216,Fri Oct  5 16:03:30 2018
5ja07,extrapolation,unmarked,initial,セヒ,ギト,ComplexPhrase_Testing,kick_cowboy_sg_burglar_sg,NA,NA,,ケルラ ソギナ ダクメ ギト,NA,NA,ケルラ ソギナ ダクメ ギト,NA,217,Fri Oct  5 16:03:34 2018
5ja07,extrapolation,unmarked,initial,セヒ,ギト,ComplexPhrase_Testing,punch_waitress_sg_cowboy_pl,cowboy,sogina,,ナグラ ネチビ ソギナ セヒ ギト,NA,NA,ナグラ ネチビ ソギナ セヒ ギト,NA,218,Fri Oct  5 16:03:46 2018
5ja07,extrapolation,unmarked,initial,セヒ,ギト,ComplexPhrase_Testing,punch_burglar_sg_chef_sg,NA,NA,,ナグラ ダクメ タソヌ ギト,NA,NA,ナグラ ダクメ タソヌ ギト,NA,219,Fri Oct  5 16:03:51 2018
5ja07,extrapolation,unmarked,initial,セヒ,ギト,ComplexPhrase_Testing,punch_burglar_pl_chef_sg,NA,NA,,ナグラ ダクメ セヒ タソヌ ギト,NA,NA,ナグラ ダクメ セヒ タソヌ ギト,NA,220,Fri Oct  5 16:04:00 2018
5ja07,extrapolation,unmarked,initial,セヒ,ギト,ComplexPhrase_Testing,punch_waitress_sg_cowboy_pl,cowboy,sogina,,ナグラ ネチビ ソギナ セヒ ギト,NA,NA,ナグラ ネチビ ソギナ セヒ ギト,NA,221,Fri Oct  5 16:04:08 2018
5ja07,extrapolation,unmarked,initial,セヒ,ギト,ComplexPhrase_Testing,point_burglar_sg_cowboy_pl,cowboy,sogina,,サスラ ダクメ ソギナ セヒ ギト,NA,NA,サスラ ダクメ ソギナ セヒ ギト,NA,222,Fri Oct  5 16:04:13 2018
5ja07,extrapolation,unmarked,initial,セヒ,ギト,ComplexPhrase_Testing,punch_burglar_sg_cowboy_pl,cowboy,sogina,,ナグラ ダクメ ソギナ セヒ ギト,NA,NA,ナグラ ダクメ ソギナ セヒ ギト,NA,223,Fri Oct  5 16:04:19 2018
5ja07,extrapolation,unmarked,initial,セヒ,ギト,ComplexPhrase_Testing,burglar,NA,NA,,ダクメ,NA,NA,ダクメ,NA,224,Fri Oct  5 16:04:21 2018
5ja07,extrapolation,unmarked,initial,セヒ,ギト,ComplexPhrase_Testing,kick_waitress_sg_cowboy_pl,cowboy,sogina,,ケルラ ネチビ ソギナ セヒ ギト,NA,NA,ケルラ ネチビ ソギナ セヒ ギト,NA,225,Fri Oct  5 16:04:29 2018
5ja07,extrapolation,unmarked,initial,セヒ,ギト,ComplexPhrase_Testing,point_waitress_sg_chef_pl,chef,tasonu,,サスラ ネチビ タソヌ セヒ ギト,NA,NA,サスラ ネチビ タソヌ セヒ ギト,NA,226,Fri Oct  5 16:04:35 2018
5ja07,extrapolation,unmarked,initial,セヒ,ギト,ComplexPhrase_Testing,kick_cowboy_sg_waitress_pl,waitress,nechibi,,ケルラ ソギナ ネチビ セヒ ギト,NA,NA,ケルラ ソギナ ネチビ セヒ ギト,NA,227,Fri Oct  5 16:04:41 2018
5ja07,extrapolation,unmarked,initial,セヒ,ギト,ComplexPhrase_Testing,chef_four,NA,NA,,タソヌ セヒ,NA,NA,タソヌ セヒ,NA,228,Fri Oct  5 16:04:44 2018
5ja07,extrapolation,unmarked,initial,セヒ,ギト,ComplexPhrase_Testing,waitress_two,NA,NA,,ネチビ セヒ,NA,NA,ネチビ セヒ,NA,229,Fri Oct  5 16:04:50 2018
5ja07,extrapolation,unmarked,initial,セヒ,ギト,ComplexPhrase_Testing,punch_burglar_sg_cowboy_pl,cowboy,sogina,,ナグラ ダクメ ソギナ セヒ ギト,NA,NA,ナグラ ダクメ ソギナ セヒ ギト,NA,230,Fri Oct  5 16:04:57 2018
5ja07,extrapolation,unmarked,initial,セヒ,ギト,Questionnaire,NA,NA,NA,,NA,NA,NA,plural,フクスウニン,MeaningNum,Fri Oct  5 16:06:06 2018
5ja07,extrapolation,unmarked,initial,セヒ,ギト,Questionnaire,NA,NA,NA,,NA,NA,NA,accusative,ダレダレヲ,MeaningCase,Fri Oct  5 16:06:06 2018
5ja07,extrapolation,unmarked,initial,セヒ,ギト,Questionnaire,NA,NA,NA,,NA,NA,NA,after,ウシロ,OrderNumNoun,Fri Oct  5 16:06:06 2018
5ja07,extrapolation,unmarked,initial,セヒ,ギト,Questionnaire,NA,NA,NA,,NA,NA,NA,after,ウシロ,OrderCaseNoun,Fri Oct  5 16:06:06 2018
5ja07,extrapolation,unmarked,initial,セヒ,ギト,Questionnaire,NA,NA,NA,,NA,NA,NA,Japanese,ニホンゴ,Languages,Fri Oct  5 16:06:06 2018