﻿ID,Condition,MajorityOrder,NounPosition,markerNum,markerCase,Phase,Meaning,NounItem,Noun,binaryResp,InputSentence,Selection,TypedResponse,SpokenResponse,AnswerQuest,Trial,date&time
5ja16,extrapolation,unmarked,initial,ヨザ,ギト,Noun_Training,burglar,NA,NA,,ダクメ,NA,NA,,NA,1,Mon Oct 15 18:16:58 2018
5ja16,extrapolation,unmarked,initial,ヨザ,ギト,Noun_Training,chef,NA,NA,,タソヌ,NA,NA,,NA,2,Mon Oct 15 18:17:03 2018
5ja16,extrapolation,unmarked,initial,ヨザ,ギト,Noun_Training,waitress,NA,NA,,ネチビ,NA,NA,,NA,3,Mon Oct 15 18:17:08 2018
5ja16,extrapolation,unmarked,initial,ヨザ,ギト,Noun_Training,chef,NA,NA,,タソヌ,NA,NA,,NA,4,Mon Oct 15 18:17:13 2018
5ja16,extrapolation,unmarked,initial,ヨザ,ギト,Noun_Training,burglar,NA,NA,,ダクメ,NA,NA,,NA,5,Mon Oct 15 18:17:18 2018
5ja16,extrapolation,unmarked,initial,ヨザ,ギト,Noun_Training,waitress,NA,NA,,ネチビ,NA,NA,,NA,6,Mon Oct 15 18:17:23 2018
5ja16,extrapolation,unmarked,initial,ヨザ,ギト,Noun_Training,cowboy,NA,NA,,ソギナ,NA,NA,,NA,7,Mon Oct 15 18:17:28 2018
5ja16,extrapolation,unmarked,initial,ヨザ,ギト,Noun_Training,cowboy,NA,NA,,ソギナ,NA,NA,,NA,8,Mon Oct 15 18:17:33 2018
5ja16,extrapolation,unmarked,initial,ヨザ,ギト,Noun_Training,chef,NA,NA,,タソヌ,NA,NA,,NA,9,Mon Oct 15 18:17:37 2018
5ja16,extrapolation,unmarked,initial,ヨザ,ギト,Noun_Training,burglar,NA,NA,,ダクメ,NA,NA,,NA,10,Mon Oct 15 18:17:42 2018
5ja16,extrapolation,unmarked,initial,ヨザ,ギト,Noun_Training,waitress,NA,NA,,ネチビ,NA,NA,,NA,11,Mon Oct 15 18:17:47 2018
5ja16,extrapolation,unmarked,initial,ヨザ,ギト,Noun_Training,cowboy,NA,NA,,ソギナ,NA,NA,,NA,12,Mon Oct 15 18:17:52 2018
5ja16,extrapolation,unmarked,initial,ヨザ,ギト,Noun_Training,burglar,NA,NA,,ダクメ,NA,NA,,NA,13,Mon Oct 15 18:17:57 2018
5ja16,extrapolation,unmarked,initial,ヨザ,ギト,Noun_Training,waitress,NA,NA,,ネチビ,NA,NA,,NA,14,Mon Oct 15 18:18:02 2018
5ja16,extrapolation,unmarked,initial,ヨザ,ギト,Noun_Training,chef,NA,NA,,タソヌ,NA,NA,,NA,15,Mon Oct 15 18:18:07 2018
5ja16,extrapolation,unmarked,initial,ヨザ,ギト,Noun_Training,burglar,NA,NA,,ダクメ,NA,NA,,NA,16,Mon Oct 15 18:18:12 2018
5ja16,extrapolation,unmarked,initial,ヨザ,ギト,Noun_Training,cowboy,NA,NA,,ソギナ,NA,NA,,NA,17,Mon Oct 15 18:18:16 2018
5ja16,extrapolation,unmarked,initial,ヨザ,ギト,Noun_Training,burglar,NA,NA,,ダクメ,NA,NA,,NA,18,Mon Oct 15 18:18:21 2018
5ja16,extrapolation,unmarked,initial,ヨザ,ギト,Noun_Training,chef,NA,NA,,タソヌ,NA,NA,,NA,19,Mon Oct 15 18:18:26 2018
5ja16,extrapolation,unmarked,initial,ヨザ,ギト,Noun_Training,cowboy,NA,NA,,ソギナ,NA,NA,,NA,20,Mon Oct 15 18:18:31 2018
5ja16,extrapolation,unmarked,initial,ヨザ,ギト,Noun_Training,waitress,NA,NA,,ネチビ,NA,NA,,NA,21,Mon Oct 15 18:18:36 2018
5ja16,extrapolation,unmarked,initial,ヨザ,ギト,Noun_Training,cowboy,NA,NA,,ソギナ,NA,NA,,NA,22,Mon Oct 15 18:18:41 2018
5ja16,extrapolation,unmarked,initial,ヨザ,ギト,Noun_Training,waitress,NA,NA,,ネチビ,NA,NA,,NA,23,Mon Oct 15 18:18:46 2018
5ja16,extrapolation,unmarked,initial,ヨザ,ギト,Noun_Training,chef,NA,NA,,タソヌ,NA,NA,,NA,24,Mon Oct 15 18:18:51 2018
5ja16,extrapolation,unmarked,initial,ヨザ,ギト,Noun_Selection,cowboy,NA,NA,,ソギナ,correct,NA,,NA,25,Mon Oct 15 18:19:19 2018
5ja16,extrapolation,unmarked,initial,ヨザ,ギト,Noun_Selection,burglar,NA,NA,,ダクメ,correct,NA,,NA,26,Mon Oct 15 18:19:25 2018
5ja16,extrapolation,unmarked,initial,ヨザ,ギト,Noun_Selection,waitress,NA,NA,,ネチビ,correct,NA,,NA,27,Mon Oct 15 18:19:28 2018
5ja16,extrapolation,unmarked,initial,ヨザ,ギト,Noun_Selection,chef,NA,NA,,タソヌ,correct,NA,,NA,28,Mon Oct 15 18:19:34 2018
5ja16,extrapolation,unmarked,initial,ヨザ,ギト,Noun_Selection,waitress,NA,NA,,ネチビ,correct,NA,,NA,29,Mon Oct 15 18:19:38 2018
5ja16,extrapolation,unmarked,initial,ヨザ,ギト,Noun_Selection,chef,NA,NA,,タソヌ,correct,NA,,NA,30,Mon Oct 15 18:19:42 2018
5ja16,extrapolation,unmarked,initial,ヨザ,ギト,Noun_Selection,burglar,NA,NA,,ダクメ,correct,NA,,NA,31,Mon Oct 15 18:19:45 2018
5ja16,extrapolation,unmarked,initial,ヨザ,ギト,Noun_Selection,chef,NA,NA,,タソヌ,correct,NA,,NA,32,Mon Oct 15 18:19:50 2018
5ja16,extrapolation,unmarked,initial,ヨザ,ギト,Noun_Selection,waitress,NA,NA,,ネチビ,correct,NA,,NA,33,Mon Oct 15 18:19:53 2018
5ja16,extrapolation,unmarked,initial,ヨザ,ギト,Noun_Selection,cowboy,NA,NA,,ソギナ,correct,NA,,NA,34,Mon Oct 15 18:19:58 2018
5ja16,extrapolation,unmarked,initial,ヨザ,ギト,Noun_Selection,burglar,NA,NA,,ダクメ,correct,NA,,NA,35,Mon Oct 15 18:20:01 2018
5ja16,extrapolation,unmarked,initial,ヨザ,ギト,Noun_Selection,cowboy,NA,NA,,ソギナ,correct,NA,,NA,36,Mon Oct 15 18:20:05 2018
5ja16,extrapolation,unmarked,initial,ヨザ,ギト,Noun_Testing,cowboy,NA,NA,,ソギナ,NA,NA,ソギナ,NA,37,Mon Oct 15 18:20:40 2018
5ja16,extrapolation,unmarked,initial,ヨザ,ギト,Noun_Testing,cowboy,NA,NA,,ソギナ,NA,NA,ソギナ,NA,38,Mon Oct 15 18:20:44 2018
5ja16,extrapolation,unmarked,initial,ヨザ,ギト,Noun_Testing,chef,NA,NA,,タソヌ,NA,NA,タソヌ,NA,39,Mon Oct 15 18:20:59 2018
5ja16,extrapolation,unmarked,initial,ヨザ,ギト,Noun_Testing,waitress,NA,NA,,ネチビ,NA,NA,ネチビ,NA,40,Mon Oct 15 18:21:03 2018
5ja16,extrapolation,unmarked,initial,ヨザ,ギト,Noun_Testing,burglar,NA,NA,,ダクメ,NA,NA,ダクメ,NA,41,Mon Oct 15 18:21:07 2018
5ja16,extrapolation,unmarked,initial,ヨザ,ギト,Noun_Testing,burglar,NA,NA,,ダクメ,NA,NA,ダクメ,NA,42,Mon Oct 15 18:21:11 2018
5ja16,extrapolation,unmarked,initial,ヨザ,ギト,Noun_Testing,chef,NA,NA,,タソヌ,NA,NA,タソヌ,NA,43,Mon Oct 15 18:21:20 2018
5ja16,extrapolation,unmarked,initial,ヨザ,ギト,Noun_Testing,chef,NA,NA,,タソヌ,NA,NA,タソヌ,NA,44,Mon Oct 15 18:21:24 2018
5ja16,extrapolation,unmarked,initial,ヨザ,ギト,Noun_Testing,cowboy,NA,NA,,ソギナ,NA,NA,ソギナ,NA,45,Mon Oct 15 18:21:28 2018
5ja16,extrapolation,unmarked,initial,ヨザ,ギト,Noun_Testing,burglar,NA,NA,,ダクメ,NA,NA,ダクメ,NA,46,Mon Oct 15 18:21:33 2018
5ja16,extrapolation,unmarked,initial,ヨザ,ギト,Noun_Testing,waitress,NA,NA,,ネチビ,NA,NA,ネチビ,NA,47,Mon Oct 15 18:21:37 2018
5ja16,extrapolation,unmarked,initial,ヨザ,ギト,Noun_Testing,waitress,NA,NA,,ネチビ,NA,NA,ネチビ,NA,48,Mon Oct 15 18:21:41 2018
5ja16,extrapolation,unmarked,initial,ヨザ,ギト,SimplePhrase_Training,point_cowboy_sg_waitress_sg,NA,NA,,サスラ ソギナ ネチビ ギト,NA,NA,,NA,49,Mon Oct 15 18:22:31 2018
5ja16,extrapolation,unmarked,initial,ヨザ,ギト,SimplePhrase_Training,point_burglar_sg_chef_sg,NA,NA,,サスラ ダクメ タソヌ ギト,NA,NA,,NA,50,Mon Oct 15 18:22:39 2018
5ja16,extrapolation,unmarked,initial,ヨザ,ギト,SimplePhrase_Training,kick_waitress_pl_cowboy_sg,NA,NA,,ケルラ ネチビ ヨザ ソギナ ギト,NA,NA,,NA,51,Mon Oct 15 18:22:47 2018
5ja16,extrapolation,unmarked,initial,ヨザ,ギト,SimplePhrase_Training,point_cowboy_sg_chef_sg,NA,NA,,サスラ ソギナ タソヌ ギト,NA,NA,,NA,52,Mon Oct 15 18:22:54 2018
5ja16,extrapolation,unmarked,initial,ヨザ,ギト,SimplePhrase_Training,punch_burglar_sg_chef_sg,NA,NA,,ナグラ ダクメ タソヌ ギト,NA,NA,,NA,53,Mon Oct 15 18:23:02 2018
5ja16,extrapolation,unmarked,initial,ヨザ,ギト,SimplePhrase_Training,chef,NA,NA,,タソヌ,NA,NA,,NA,54,Mon Oct 15 18:23:07 2018
5ja16,extrapolation,unmarked,initial,ヨザ,ギト,SimplePhrase_Training,chef_three,NA,NA,,タソヌ ヨザ,NA,NA,,NA,55,Mon Oct 15 18:23:12 2018
5ja16,extrapolation,unmarked,initial,ヨザ,ギト,SimplePhrase_Training,chef_two,NA,NA,,タソヌ ヨザ,NA,NA,,NA,56,Mon Oct 15 18:23:17 2018
5ja16,extrapolation,unmarked,initial,ヨザ,ギト,SimplePhrase_Training,waitress_three,NA,NA,,ネチビ ヨザ,NA,NA,,NA,57,Mon Oct 15 18:23:22 2018
5ja16,extrapolation,unmarked,initial,ヨザ,ギト,SimplePhrase_Training,cowboy_four,NA,NA,,ソギナ ヨザ,NA,NA,,NA,58,Mon Oct 15 18:23:28 2018
5ja16,extrapolation,unmarked,initial,ヨザ,ギト,SimplePhrase_Training,waitress_four,NA,NA,,ネチビ ヨザ,NA,NA,,NA,59,Mon Oct 15 18:23:33 2018
5ja16,extrapolation,unmarked,initial,ヨザ,ギト,SimplePhrase_Training,punch_burglar_sg_waitress_sg,NA,NA,,ナグラ ダクメ ネチビ ギト,NA,NA,,NA,60,Mon Oct 15 18:23:40 2018
5ja16,extrapolation,unmarked,initial,ヨザ,ギト,SimplePhrase_Training,kick_cowboy_pl_chef_sg,NA,NA,,ケルラ ソギナ ヨザ タソヌ ギト,NA,NA,,NA,61,Mon Oct 15 18:23:49 2018
5ja16,extrapolation,unmarked,initial,ヨザ,ギト,SimplePhrase_Training,chef_three,NA,NA,,タソヌ ヨザ,NA,NA,,NA,62,Mon Oct 15 18:23:54 2018
5ja16,extrapolation,unmarked,initial,ヨザ,ギト,SimplePhrase_Training,punch_chef_sg_cowboy_sg,NA,NA,,ナグラ タソヌ ソギナ ギト,NA,NA,,NA,63,Mon Oct 15 18:24:01 2018
5ja16,extrapolation,unmarked,initial,ヨザ,ギト,SimplePhrase_Training,punch_chef_pl_burglar_sg,NA,NA,,ナグラ タソヌ ヨザ ダクメ ギト,NA,NA,,NA,64,Mon Oct 15 18:24:09 2018
5ja16,extrapolation,unmarked,initial,ヨザ,ギト,SimplePhrase_Training,point_cowboy_pl_burglar_sg,NA,NA,,サスラ ソギナ ヨザ ダクメ ギト,NA,NA,,NA,65,Mon Oct 15 18:24:17 2018
5ja16,extrapolation,unmarked,initial,ヨザ,ギト,SimplePhrase_Training,cowboy,NA,NA,,ソギナ,NA,NA,,NA,66,Mon Oct 15 18:24:22 2018
5ja16,extrapolation,unmarked,initial,ヨザ,ギト,SimplePhrase_Training,kick_waitress_sg_burglar_sg,NA,NA,,ケルラ ネチビ ダクメ ギト,NA,NA,,NA,67,Mon Oct 15 18:24:30 2018
5ja16,extrapolation,unmarked,initial,ヨザ,ギト,SimplePhrase_Training,burglar_two,NA,NA,,ダクメ ヨザ,NA,NA,,NA,68,Mon Oct 15 18:24:35 2018
5ja16,extrapolation,unmarked,initial,ヨザ,ギト,SimplePhrase_Training,burglar_two,NA,NA,,ダクメ ヨザ,NA,NA,,NA,69,Mon Oct 15 18:24:40 2018
5ja16,extrapolation,unmarked,initial,ヨザ,ギト,SimplePhrase_Training,kick_chef_sg_cowboy_sg,NA,NA,,ケルラ タソヌ ソギナ ギト,NA,NA,,NA,70,Mon Oct 15 18:24:48 2018
5ja16,extrapolation,unmarked,initial,ヨザ,ギト,SimplePhrase_Training,cowboy_three,NA,NA,,ソギナ ヨザ,NA,NA,,NA,71,Mon Oct 15 18:24:53 2018
5ja16,extrapolation,unmarked,initial,ヨザ,ギト,SimplePhrase_Training,kick_cowboy_pl_waitress_sg,NA,NA,,ケルラ ソギナ ヨザ ネチビ ギト,NA,NA,,NA,72,Mon Oct 15 18:25:01 2018
5ja16,extrapolation,unmarked,initial,ヨザ,ギト,SimplePhrase_Training,point_chef_sg_burglar_sg,NA,NA,,サスラ タソヌ ダクメ ギト,NA,NA,,NA,73,Mon Oct 15 18:25:09 2018
5ja16,extrapolation,unmarked,initial,ヨザ,ギト,SimplePhrase_Training,kick_waitress_pl_chef_sg,NA,NA,,ケルラ ネチビ ヨザ タソヌ ギト,NA,NA,,NA,74,Mon Oct 15 18:25:17 2018
5ja16,extrapolation,unmarked,initial,ヨザ,ギト,SimplePhrase_Training,cowboy_two,NA,NA,,ソギナ ヨザ,NA,NA,,NA,75,Mon Oct 15 18:25:22 2018
5ja16,extrapolation,unmarked,initial,ヨザ,ギト,SimplePhrase_Training,point_chef_pl_cowboy_sg,NA,NA,,サスラ タソヌ ヨザ ソギナ ギト,NA,NA,,NA,76,Mon Oct 15 18:25:30 2018
5ja16,extrapolation,unmarked,initial,ヨザ,ギト,SimplePhrase_Training,burglar_three,NA,NA,,ダクメ ヨザ,NA,NA,,NA,77,Mon Oct 15 18:25:35 2018
5ja16,extrapolation,unmarked,initial,ヨザ,ギト,SimplePhrase_Training,kick_chef_sg_waitress_sg,NA,NA,,ケルラ タソヌ ネチビ ギト,NA,NA,,NA,78,Mon Oct 15 18:25:43 2018
5ja16,extrapolation,unmarked,initial,ヨザ,ギト,SimplePhrase_Training,waitress,NA,NA,,ネチビ,NA,NA,,NA,79,Mon Oct 15 18:25:48 2018
5ja16,extrapolation,unmarked,initial,ヨザ,ギト,SimplePhrase_Training,waitress,NA,NA,,ネチビ,NA,NA,,NA,80,Mon Oct 15 18:25:53 2018
5ja16,extrapolation,unmarked,initial,ヨザ,ギト,SimplePhrase_Training,punch_waitress_pl_burglar_sg,NA,NA,,ナグラ ネチビ ヨザ ダクメ ギト,NA,NA,,NA,81,Mon Oct 15 18:26:01 2018
5ja16,extrapolation,unmarked,initial,ヨザ,ギト,SimplePhrase_Training,waitress_four,NA,NA,,ネチビ ヨザ,NA,NA,,NA,82,Mon Oct 15 18:26:06 2018
5ja16,extrapolation,unmarked,initial,ヨザ,ギト,SimplePhrase_Training,punch_burglar_pl_cowboy_sg,NA,NA,,ナグラ ダクメ ヨザ ソギナ ギト,NA,NA,,NA,83,Mon Oct 15 18:26:14 2018
5ja16,extrapolation,unmarked,initial,ヨザ,ギト,SimplePhrase_Training,point_burglar_pl_cowboy_sg,NA,NA,,サスラ ダクメ ヨザ ソギナ ギト,NA,NA,,NA,84,Mon Oct 15 18:26:22 2018
5ja16,extrapolation,unmarked,initial,ヨザ,ギト,SimplePhrase_Training,point_waitress_pl_chef_sg,NA,NA,,サスラ ネチビ ヨザ タソヌ ギト,NA,NA,,NA,85,Mon Oct 15 18:26:30 2018
5ja16,extrapolation,unmarked,initial,ヨザ,ギト,SimplePhrase_Training,punch_cowboy_sg_chef_sg,NA,NA,,ナグラ ソギナ タソヌ ギト,NA,NA,,NA,86,Mon Oct 15 18:26:37 2018
5ja16,extrapolation,unmarked,initial,ヨザ,ギト,SimplePhrase_Training,kick_burglar_sg_cowboy_sg,NA,NA,,ケルラ ダクメ ソギナ ギト,NA,NA,,NA,87,Mon Oct 15 18:26:45 2018
5ja16,extrapolation,unmarked,initial,ヨザ,ギト,SimplePhrase_Training,punch_cowboy_sg_burglar_sg,NA,NA,,ナグラ ソギナ ダクメ ギト,NA,NA,,NA,88,Mon Oct 15 18:26:53 2018
5ja16,extrapolation,unmarked,initial,ヨザ,ギト,SimplePhrase_Training,cowboy_four,NA,NA,,ソギナ ヨザ,NA,NA,,NA,89,Mon Oct 15 18:26:58 2018
5ja16,extrapolation,unmarked,initial,ヨザ,ギト,SimplePhrase_Training,burglar,NA,NA,,ダクメ,NA,NA,,NA,90,Mon Oct 15 18:27:03 2018
5ja16,extrapolation,unmarked,initial,ヨザ,ギト,SimplePhrase_Training,cowboy,NA,NA,,ソギナ,NA,NA,,NA,91,Mon Oct 15 18:27:08 2018
5ja16,extrapolation,unmarked,initial,ヨザ,ギト,SimplePhrase_Training,chef_four,NA,NA,,タソヌ ヨザ,NA,NA,,NA,92,Mon Oct 15 18:27:13 2018
5ja16,extrapolation,unmarked,initial,ヨザ,ギト,SimplePhrase_Training,waitress_three,NA,NA,,ネチビ ヨザ,NA,NA,,NA,93,Mon Oct 15 18:27:18 2018
5ja16,extrapolation,unmarked,initial,ヨザ,ギト,SimplePhrase_Training,punch_chef_pl_waitress_sg,NA,NA,,ナグラ タソヌ ヨザ ネチビ ギト,NA,NA,,NA,94,Mon Oct 15 18:27:26 2018
5ja16,extrapolation,unmarked,initial,ヨザ,ギト,SimplePhrase_Training,burglar_four,NA,NA,,ダクメ ヨザ,NA,NA,,NA,95,Mon Oct 15 18:27:31 2018
5ja16,extrapolation,unmarked,initial,ヨザ,ギト,SimplePhrase_Training,point_waitress_pl_cowboy_sg,NA,NA,,サスラ ネチビ ヨザ ソギナ ギト,NA,NA,,NA,96,Mon Oct 15 18:27:39 2018
5ja16,extrapolation,unmarked,initial,ヨザ,ギト,SimplePhrase_Training,burglar,NA,NA,,ダクメ,NA,NA,,NA,97,Mon Oct 15 18:27:44 2018
5ja16,extrapolation,unmarked,initial,ヨザ,ギト,SimplePhrase_Training,point_waitress_sg_burglar_sg,NA,NA,,サスラ ネチビ ダクメ ギト,NA,NA,,NA,98,Mon Oct 15 18:27:52 2018
5ja16,extrapolation,unmarked,initial,ヨザ,ギト,SimplePhrase_Training,chef,NA,NA,,タソヌ,NA,NA,,NA,99,Mon Oct 15 18:27:57 2018
5ja16,extrapolation,unmarked,initial,ヨザ,ギト,SimplePhrase_Training,kick_burglar_pl_chef_sg,NA,NA,,ケルラ ダクメ ヨザ タソヌ ギト,NA,NA,,NA,100,Mon Oct 15 18:28:05 2018
5ja16,extrapolation,unmarked,initial,ヨザ,ギト,SimplePhrase_Training,waitress_two,NA,NA,,ネチビ ヨザ,NA,NA,,NA,101,Mon Oct 15 18:28:10 2018
5ja16,extrapolation,unmarked,initial,ヨザ,ギト,SimplePhrase_Training,point_burglar_pl_waitress_sg,NA,NA,,サスラ ダクメ ヨザ ネチビ ギト,NA,NA,,NA,102,Mon Oct 15 18:28:18 2018
5ja16,extrapolation,unmarked,initial,ヨザ,ギト,SimplePhrase_Training,kick_chef_sg_burglar_sg,NA,NA,,ケルラ タソヌ ダクメ ギト,NA,NA,,NA,103,Mon Oct 15 18:28:25 2018
5ja16,extrapolation,unmarked,initial,ヨザ,ギト,SimplePhrase_Training,point_chef_sg_waitress_sg,NA,NA,,サスラ タソヌ ネチビ ギト,NA,NA,,NA,104,Mon Oct 15 18:28:33 2018
5ja16,extrapolation,unmarked,initial,ヨザ,ギト,SimplePhrase_Training,cowboy_three,NA,NA,,ソギナ ヨザ,NA,NA,,NA,105,Mon Oct 15 18:28:38 2018
5ja16,extrapolation,unmarked,initial,ヨザ,ギト,SimplePhrase_Training,punch_waitress_pl_chef_sg,NA,NA,,ナグラ ネチビ ヨザ タソヌ ギト,NA,NA,,NA,106,Mon Oct 15 18:28:46 2018
5ja16,extrapolation,unmarked,initial,ヨザ,ギト,SimplePhrase_Training,punch_cowboy_sg_waitress_sg,NA,NA,,ナグラ ソギナ ネチビ ギト,NA,NA,,NA,107,Mon Oct 15 18:28:54 2018
5ja16,extrapolation,unmarked,initial,ヨザ,ギト,SimplePhrase_Training,kick_cowboy_sg_burglar_sg,NA,NA,,ケルラ ソギナ ダクメ ギト,NA,NA,,NA,108,Mon Oct 15 18:29:02 2018
5ja16,extrapolation,unmarked,initial,ヨザ,ギト,SimplePhrase_Training,kick_burglar_pl_waitress_sg,NA,NA,,ケルラ ダクメ ヨザ ネチビ ギト,NA,NA,,NA,109,Mon Oct 15 18:29:10 2018
5ja16,extrapolation,unmarked,initial,ヨザ,ギト,SimplePhrase_Training,punch_waitress_pl_cowboy_sg,NA,NA,,ナグラ ネチビ ヨザ ソギナ ギト,NA,NA,,NA,110,Mon Oct 15 18:29:18 2018
5ja16,extrapolation,unmarked,initial,ヨザ,ギト,SimplePhrase_Comprehension,cowboy,NA,NA,,ソギナ,correct,NA,,NA,111,Mon Oct 15 18:29:42 2018
5ja16,extrapolation,unmarked,initial,ヨザ,ギト,SimplePhrase_Comprehension,waitress_two,NA,NA,,ネチビ ヨザ,correct,NA,,NA,112,Mon Oct 15 18:29:47 2018
5ja16,extrapolation,unmarked,initial,ヨザ,ギト,SimplePhrase_Comprehension,point_waitress_pl_burglar_sg,NA,NA,,サスラ ネチビ ヨザ ダクメ ギト,correct,NA,,NA,113,Mon Oct 15 18:29:58 2018
5ja16,extrapolation,unmarked,initial,ヨザ,ギト,SimplePhrase_Comprehension,punch_chef_sg_waitress_sg,NA,NA,,ナグラ タソヌ ネチビ ギト,correct,NA,,NA,114,Mon Oct 15 18:30:07 2018
5ja16,extrapolation,unmarked,initial,ヨザ,ギト,SimplePhrase_Comprehension,kick_cowboy_sg_chef_sg,NA,NA,,ケルラ ソギナ タソヌ ギト,correct,NA,,NA,115,Mon Oct 15 18:30:20 2018
5ja16,extrapolation,unmarked,initial,ヨザ,ギト,SimplePhrase_Comprehension,waitress_four,NA,NA,,ネチビ ヨザ,correct,NA,,NA,116,Mon Oct 15 18:30:24 2018
5ja16,extrapolation,unmarked,initial,ヨザ,ギト,SimplePhrase_Comprehension,point_cowboy_pl_chef_sg,NA,NA,,サスラ ソギナ ヨザ タソヌ ギト,correct,NA,,NA,117,Mon Oct 15 18:30:32 2018
5ja16,extrapolation,unmarked,initial,ヨザ,ギト,SimplePhrase_Comprehension,waitress_three,NA,NA,,ネチビ ヨザ,correct,NA,,NA,118,Mon Oct 15 18:30:36 2018
5ja16,extrapolation,unmarked,initial,ヨザ,ギト,SimplePhrase_Comprehension,point_chef_pl_waitress_sg,NA,NA,,サスラ タソヌ ヨザ ネチビ ギト,correct,NA,,NA,119,Mon Oct 15 18:30:43 2018
5ja16,extrapolation,unmarked,initial,ヨザ,ギト,SimplePhrase_Comprehension,punch_waitress_sg_cowboy_sg,NA,NA,,ナグラ ネチビ ソギナ ギト,correct,NA,,NA,120,Mon Oct 15 18:30:49 2018
5ja16,extrapolation,unmarked,initial,ヨザ,ギト,SimplePhrase_Comprehension,kick_chef_pl_cowboy_sg,NA,NA,,ケルラ タソヌ ヨザ ソギナ ギト,correct,NA,,NA,121,Mon Oct 15 18:30:55 2018
5ja16,extrapolation,unmarked,initial,ヨザ,ギト,SimplePhrase_Comprehension,cowboy_four,NA,NA,,ソギナ ヨザ,correct,NA,,NA,122,Mon Oct 15 18:30:59 2018
5ja16,extrapolation,unmarked,initial,ヨザ,ギト,SimplePhrase_Comprehension,point_burglar_sg_cowboy_sg,NA,NA,,サスラ ダクメ ソギナ ギト,correct,NA,,NA,123,Mon Oct 15 18:31:05 2018
5ja16,extrapolation,unmarked,initial,ヨザ,ギト,SimplePhrase_Comprehension,chef_four,NA,NA,,タソヌ ヨザ,correct,NA,,NA,124,Mon Oct 15 18:31:10 2018
5ja16,extrapolation,unmarked,initial,ヨザ,ギト,SimplePhrase_Comprehension,kick_cowboy_sg_waitress_sg,NA,NA,,ケルラ ソギナ ネチビ ギト,correct,NA,,NA,125,Mon Oct 15 18:31:16 2018
5ja16,extrapolation,unmarked,initial,ヨザ,ギト,SimplePhrase_Comprehension,kick_chef_pl_waitress_sg,NA,NA,,ケルラ タソヌ ヨザ ネチビ ギト,correct,NA,,NA,126,Mon Oct 15 18:31:22 2018
5ja16,extrapolation,unmarked,initial,ヨザ,ギト,SimplePhrase_Comprehension,punch_chef_pl_cowboy_sg,NA,NA,,ナグラ タソヌ ヨザ ソギナ ギト,correct,NA,,NA,127,Mon Oct 15 18:31:28 2018
5ja16,extrapolation,unmarked,initial,ヨザ,ギト,SimplePhrase_Comprehension,kick_waitress_sg_chef_sg,NA,NA,,ケルラ ネチビ タソヌ ギト,correct,NA,,NA,128,Mon Oct 15 18:31:34 2018
5ja16,extrapolation,unmarked,initial,ヨザ,ギト,SimplePhrase_Comprehension,chef,NA,NA,,タソヌ,correct,NA,,NA,129,Mon Oct 15 18:31:38 2018
5ja16,extrapolation,unmarked,initial,ヨザ,ギト,SimplePhrase_Comprehension,cowboy_two,NA,NA,,ソギナ ヨザ,correct,NA,,NA,130,Mon Oct 15 18:31:43 2018
5ja16,extrapolation,unmarked,initial,ヨザ,ギト,SimplePhrase_Comprehension,punch_burglar_pl_waitress_sg,NA,NA,,ナグラ ダクメ ヨザ ネチビ ギト,correct,NA,,NA,131,Mon Oct 15 18:31:49 2018
5ja16,extrapolation,unmarked,initial,ヨザ,ギト,SimplePhrase_Comprehension,punch_cowboy_pl_burglar_sg,NA,NA,,ナグラ ソギナ ヨザ ダクメ ギト,correct,NA,,NA,132,Mon Oct 15 18:31:55 2018
5ja16,extrapolation,unmarked,initial,ヨザ,ギト,SimplePhrase_Comprehension,kick_burglar_sg_waitress_sg,NA,NA,,ケルラ ダクメ ネチビ ギト,correct,NA,,NA,133,Mon Oct 15 18:32:01 2018
5ja16,extrapolation,unmarked,initial,ヨザ,ギト,SimplePhrase_Comprehension,chef_three,NA,NA,,タソヌ ヨザ,correct,NA,,NA,134,Mon Oct 15 18:32:06 2018
5ja16,extrapolation,unmarked,initial,ヨザ,ギト,SimplePhrase_Comprehension,point_cowboy_pl_waitress_sg,NA,NA,,サスラ ソギナ ヨザ ネチビ ギト,correct,NA,,NA,135,Mon Oct 15 18:32:12 2018
5ja16,extrapolation,unmarked,initial,ヨザ,ギト,SimplePhrase_Comprehension,point_chef_sg_cowboy_sg,NA,NA,,サスラ タソヌ ソギナ ギト,correct,NA,,NA,136,Mon Oct 15 18:32:18 2018
5ja16,extrapolation,unmarked,initial,ヨザ,ギト,SimplePhrase_Comprehension,burglar_three,NA,NA,,ダクメ ヨザ,correct,NA,,NA,137,Mon Oct 15 18:32:22 2018
5ja16,extrapolation,unmarked,initial,ヨザ,ギト,SimplePhrase_Comprehension,waitress,NA,NA,,ネチビ,correct,NA,,NA,138,Mon Oct 15 18:32:26 2018
5ja16,extrapolation,unmarked,initial,ヨザ,ギト,SimplePhrase_Comprehension,kick_cowboy_pl_burglar_sg,NA,NA,,ケルラ ソギナ ヨザ ダクメ ギト,correct,NA,,NA,139,Mon Oct 15 18:32:32 2018
5ja16,extrapolation,unmarked,initial,ヨザ,ギト,SimplePhrase_Comprehension,cowboy_three,NA,NA,,ソギナ ヨザ,correct,NA,,NA,140,Mon Oct 15 18:32:37 2018
5ja16,extrapolation,unmarked,initial,ヨザ,ギト,SimplePhrase_Comprehension,burglar_two,NA,NA,,ダクメ ヨザ,correct,NA,,NA,141,Mon Oct 15 18:32:41 2018
5ja16,extrapolation,unmarked,initial,ヨザ,ギト,SimplePhrase_Comprehension,punch_chef_sg_burglar_sg,NA,NA,,ナグラ タソヌ ダクメ ギト,correct,NA,,NA,142,Mon Oct 15 18:32:48 2018
5ja16,extrapolation,unmarked,initial,ヨザ,ギト,SimplePhrase_Comprehension,kick_waitress_sg_cowboy_sg,NA,NA,,ケルラ ネチビ ソギナ ギト,correct,NA,,NA,143,Mon Oct 15 18:32:54 2018
5ja16,extrapolation,unmarked,initial,ヨザ,ギト,SimplePhrase_Comprehension,burglar,NA,NA,,ダクメ,correct,NA,,NA,144,Mon Oct 15 18:32:58 2018
5ja16,extrapolation,unmarked,initial,ヨザ,ギト,SimplePhrase_Typing,point_cowboy_sg_waitress_sg,NA,NA,,サスラ ソギナ ネチビ ギト,NA,サスラ ソギナ ネチビ ギト,,NA,145,Mon Oct 15 18:34:04 2018
5ja16,extrapolation,unmarked,initial,ヨザ,ギト,SimplePhrase_Typing,punch_waitress_pl_cowboy_sg,NA,NA,,ナグラ ネチビ ヨザ ソギナ ギト,NA,ナグラ ネチビ ヨザ ソギナ ギト,,NA,146,Mon Oct 15 18:34:24 2018
5ja16,extrapolation,unmarked,initial,ヨザ,ギト,SimplePhrase_Typing,punch_cowboy_sg_burglar_sg,NA,NA,,ナグラ ソギナ ダクメ ギト,NA,ナグラ ソギナ ダクメ ギト,,NA,147,Mon Oct 15 18:34:43 2018
5ja16,extrapolation,unmarked,initial,ヨザ,ギト,SimplePhrase_Typing,waitress_three,NA,NA,,ネチビ ヨザ,NA,ネチビ ヨザ,,NA,148,Mon Oct 15 18:34:54 2018
5ja16,extrapolation,unmarked,initial,ヨザ,ギト,SimplePhrase_Typing,chef_two,NA,NA,,タソヌ ヨザ,NA,タソヌ ヨザ,,NA,149,Mon Oct 15 18:35:07 2018
5ja16,extrapolation,unmarked,initial,ヨザ,ギト,SimplePhrase_Typing,punch_chef_pl_waitress_sg,NA,NA,,ナグラ タソヌ ヨザ ネチビ ギト,NA,ナグラ タソヌ ヨザ ネチビ ギト,,NA,150,Mon Oct 15 18:35:25 2018
5ja16,extrapolation,unmarked,initial,ヨザ,ギト,SimplePhrase_Typing,waitress,NA,NA,,ネチビ,NA,ネチビ,,NA,151,Mon Oct 15 18:35:32 2018
5ja16,extrapolation,unmarked,initial,ヨザ,ギト,SimplePhrase_Typing,waitress_four,NA,NA,,ネチビ ヨザ,NA,ネチビ ヨザ,,NA,152,Mon Oct 15 18:35:42 2018
5ja16,extrapolation,unmarked,initial,ヨザ,ギト,SimplePhrase_Typing,punch_chef_pl_burglar_sg,NA,NA,,ナグラ タソヌ ヨザ ダクメ ギト,NA,ナグラ タソヌ ヨザ ダクメ ギト,,NA,153,Mon Oct 15 18:36:00 2018
5ja16,extrapolation,unmarked,initial,ヨザ,ギト,SimplePhrase_Typing,cowboy_four,NA,NA,,ソギナ ヨザ,NA,ソギナ ヨザ,,NA,154,Mon Oct 15 18:36:12 2018
5ja16,extrapolation,unmarked,initial,ヨザ,ギト,SimplePhrase_Typing,burglar,NA,NA,,ダクメ,NA,ダクメ,,NA,155,Mon Oct 15 18:36:19 2018
5ja16,extrapolation,unmarked,initial,ヨザ,ギト,SimplePhrase_Typing,point_cowboy_sg_chef_sg,NA,NA,,サスラ ソギナ タソヌ ギト,NA,(サスラ ソギナ),,NA,156,Mon Oct 15 18:37:18 2018
5ja16,extrapolation,unmarked,initial,ヨザ,ギト,SimplePhrase_Typing,cowboy,NA,NA,,ソギナ,NA,ソギナ,,NA,157,Mon Oct 15 18:37:27 2018
5ja16,extrapolation,unmarked,initial,ヨザ,ギト,SimplePhrase_Typing,punch_cowboy_sg_chef_sg,NA,NA,,ナグラ ソギナ タソヌ ギト,NA,ナグラ ソギナ タソヌ ギト,,NA,158,Mon Oct 15 18:37:44 2018
5ja16,extrapolation,unmarked,initial,ヨザ,ギト,SimplePhrase_Typing,point_burglar_pl_waitress_sg,NA,NA,,サスラ ダクメ ヨザ ネチビ ギト,NA,サスラ ダクメ ヨザ ネチビ ギト,,NA,159,Mon Oct 15 18:38:10 2018
5ja16,extrapolation,unmarked,initial,ヨザ,ギト,SimplePhrase_Typing,chef,NA,NA,,タソヌ,NA,タソヌ,,NA,160,Mon Oct 15 18:38:18 2018
5ja16,extrapolation,unmarked,initial,ヨザ,ギト,ComplexPhrase_Typing,point_chef_sg_burglar_pl,burglar,dakume,,サスラ タソヌ ダクメ ヨザ ギト,NA,サスラ タソヌ ダクメ ヨザ ギト,,NA,161,Mon Oct 15 18:39:15 2018
5ja16,extrapolation,unmarked,initial,ヨザ,ギト,ComplexPhrase_Typing,kick_waitress_sg_cowboy_pl,cowboy,sogina,,ケルラ ネチビ ソギナ ヨザ ギト,NA,ケルラ ネチビ ソギナ ヨザ ギト,,NA,162,Mon Oct 15 18:39:36 2018
5ja16,extrapolation,unmarked,initial,ヨザ,ギト,ComplexPhrase_Typing,point_burglar_sg_chef_pl,chef,tasonu,,サスラ ダクメ タソヌ ヨザ ギト,NA,サスラ ダクメ タソヌ ヨザ ギト,,NA,163,Mon Oct 15 18:40:02 2018
5ja16,extrapolation,unmarked,initial,ヨザ,ギト,ComplexPhrase_Typing,point_burglar_sg_waitress_pl,waitress,nechibi,,サスラ ダクメ ネチビ ヨザ ギト,NA,サスラ ダクメ ネチビ ヨザ ギト,,NA,164,Mon Oct 15 18:40:14 2018
5ja16,extrapolation,unmarked,initial,ヨザ,ギト,ComplexPhrase_Typing,kick_waitress_sg_cowboy_pl,cowboy,sogina,,ケルラ ネチビ ソギナ ヨザ ギト,NA,ケルラ ネチビ ソギナ ヨザ ギト,,NA,165,Mon Oct 15 18:40:27 2018
5ja16,extrapolation,unmarked,initial,ヨザ,ギト,ComplexPhrase_Typing,point_burglar_sg_chef_pl,chef,tasonu,,サスラ ダクメ タソヌ ヨザ ギト,NA,サスラ ダクメ タソヌ ヨザ ギト,,NA,166,Mon Oct 15 18:40:36 2018
5ja16,extrapolation,unmarked,initial,ヨザ,ギト,ComplexPhrase_Typing,point_chef_sg_burglar_pl,burglar,dakume,,サスラ タソヌ ダクメ ヨザ ギト,NA,サスラ タソヌ ダクメ ヨザ ギト,,NA,167,Mon Oct 15 18:40:46 2018
5ja16,extrapolation,unmarked,initial,ヨザ,ギト,ComplexPhrase_Typing,point_burglar_sg_waitress_pl,waitress,nechibi,,サスラ ダクメ ネチビ ヨザ ギト,NA,サスラ ダクメ ネチビ ヨザ ギト,,NA,168,Mon Oct 15 18:40:55 2018
5ja16,extrapolation,unmarked,initial,ヨザ,ギト,ComplexPhrase_Typing,point_burglar_sg_chef_pl,chef,tasonu,,サスラ ダクメ タソヌ ヨザ ギト,NA,サスラ ダクメ タソヌ ヨザ ギト,,NA,169,Mon Oct 15 18:41:12 2018
5ja16,extrapolation,unmarked,initial,ヨザ,ギト,ComplexPhrase_Typing,kick_waitress_sg_cowboy_pl,cowboy,sogina,,ケルラ ネチビ ソギナ ヨザ ギト,NA,ケルラ ネチビ ソギナ ヨザ ギト,,NA,170,Mon Oct 15 18:41:26 2018
5ja16,extrapolation,unmarked,initial,ヨザ,ギト,ComplexPhrase_Typing,point_burglar_sg_waitress_pl,waitress,nechibi,,サスラ ダクメ ネチビ ヨザ ギト,NA,サスラ ダクメ ネチビ ヨザ ギト,,NA,171,Mon Oct 15 18:41:36 2018
5ja16,extrapolation,unmarked,initial,ヨザ,ギト,ComplexPhrase_Typing,point_chef_sg_burglar_pl,burglar,dakume,,サスラ タソヌ ダクメ ヨザ ギト,NA,サスラ タソヌ ダクメ ヨザ ギト,,NA,172,Mon Oct 15 18:41:46 2018
5ja16,extrapolation,unmarked,initial,ヨザ,ギト,ComplexPhrase_Testing,punch_cowboy_sg_waitress_sg,NA,NA,,ナグラ ソギナ ネチビ ギト,NA,NA,ナグラ ソギナ ネチビ ギト,NA,173,Mon Oct 15 18:42:45 2018
5ja16,extrapolation,unmarked,initial,ヨザ,ギト,ComplexPhrase_Testing,kick_cowboy_sg_waitress_pl,waitress,nechibi,,ケルラ ソギナ ネチビ ヨザ ギト,NA,NA,ケルラ ソギナ ネチビ ヨザ ギト,NA,174,Mon Oct 15 18:42:59 2018
5ja16,extrapolation,unmarked,initial,ヨザ,ギト,ComplexPhrase_Testing,chef_two,NA,NA,,タソヌ ヨザ,NA,NA,タソヌ ヨザ,NA,175,Mon Oct 15 18:43:07 2018
5ja16,extrapolation,unmarked,initial,ヨザ,ギト,ComplexPhrase_Testing,kick_waitress_sg_burglar_pl,burglar,dakume,,ケルラ ネチビ ダクメ ヨザ ギト,NA,NA,ケルラ ネチビ ダクメ ヨザ ギト,NA,176,Mon Oct 15 18:43:16 2018
5ja16,extrapolation,unmarked,initial,ヨザ,ギト,ComplexPhrase_Testing,point_cowboy_pl_waitress_sg,NA,NA,,サスラ ソギナ ヨザ ネチビ ギト,NA,NA,サスラ ソギナ ヨザ ネチビ ギト,NA,177,Mon Oct 15 18:43:22 2018
5ja16,extrapolation,unmarked,initial,ヨザ,ギト,ComplexPhrase_Testing,point_waitress_sg_chef_pl,chef,tasonu,,サスラ ネチビ タソヌ ヨザ ギト,NA,NA,サスラ ネチビ タソヌ ヨザ ギト,NA,178,Mon Oct 15 18:43:34 2018
5ja16,extrapolation,unmarked,initial,ヨザ,ギト,ComplexPhrase_Testing,point_chef_pl_burglar_sg,NA,NA,,サスラ タソヌ ヨザ ダクメ ギト,NA,NA,サスラ タソヌ ヨザ ダクメ ギト,NA,179,Mon Oct 15 18:43:43 2018
5ja16,extrapolation,unmarked,initial,ヨザ,ギト,ComplexPhrase_Testing,kick_cowboy_sg_waitress_pl,waitress,nechibi,,ケルラ ソギナ ネチビ ヨザ ギト,NA,NA,ケルラ ソギナ ネチビ ヨザ ギト,NA,180,Mon Oct 15 18:43:57 2018
5ja16,extrapolation,unmarked,initial,ヨザ,ギト,ComplexPhrase_Testing,punch_chef_sg_burglar_pl,burglar,dakume,,ナグラ タソヌ ダクメ ヨザ ギト,NA,NA,ナグラ タソヌ ダクメ ヨザ ギト,NA,181,Mon Oct 15 18:44:07 2018
5ja16,extrapolation,unmarked,initial,ヨザ,ギト,ComplexPhrase_Testing,point_burglar_sg_cowboy_pl,cowboy,sogina,,サスラ ダクメ ソギナ ヨザ ギト,NA,NA,サスラ ダクメ ソギナ ヨザ ギト,NA,182,Mon Oct 15 18:44:16 2018
5ja16,extrapolation,unmarked,initial,ヨザ,ギト,ComplexPhrase_Testing,kick_waitress_sg_burglar_pl,burglar,dakume,,ケルラ ネチビ ダクメ ヨザ ギト,NA,NA,ケルラ ネチビ ダクメ ヨザ ギト,NA,183,Mon Oct 15 18:44:22 2018
5ja16,extrapolation,unmarked,initial,ヨザ,ギト,ComplexPhrase_Testing,point_cowboy_sg_burglar_sg,NA,NA,,サスラ ソギナ ダクメ ギト,NA,NA,サスラ ソギナ ダクメ ギト,NA,184,Mon Oct 15 18:44:30 2018
5ja16,extrapolation,unmarked,initial,ヨザ,ギト,ComplexPhrase_Testing,kick_cowboy_sg_burglar_sg,NA,NA,,ケルラ ソギナ ダクメ ギト,NA,NA,ケルラ ソギナ ダクメ ギト,NA,185,Mon Oct 15 18:44:38 2018
5ja16,extrapolation,unmarked,initial,ヨザ,ギト,ComplexPhrase_Testing,kick_burglar_sg_cowboy_sg,NA,NA,,ケルラ ダクメ ソギナ ギト,NA,NA,ケルラ ダクメ ソギナ ギト,NA,186,Mon Oct 15 18:44:47 2018
5ja16,extrapolation,unmarked,initial,ヨザ,ギト,ComplexPhrase_Testing,kick_waitress_sg_chef_pl,chef,tasonu,,ケルラ ネチビ タソヌ ヨザ ギト,NA,NA,ケルラ ネチビ タソヌ ヨザ ギト,NA,187,Mon Oct 15 18:44:59 2018
5ja16,extrapolation,unmarked,initial,ヨザ,ギト,ComplexPhrase_Testing,burglar,NA,NA,,ダクメ,NA,NA,ダクメ,NA,188,Mon Oct 15 18:45:02 2018
5ja16,extrapolation,unmarked,initial,ヨザ,ギト,ComplexPhrase_Testing,burglar_three,NA,NA,,ダクメ ヨザ,NA,NA,ダクメ ヨザ,NA,189,Mon Oct 15 18:45:07 2018
5ja16,extrapolation,unmarked,initial,ヨザ,ギト,ComplexPhrase_Testing,point_waitress_sg_cowboy_pl,cowboy,sogina,,サスラ ネチビ ソギナ ヨザ ギト,NA,NA,サスラ ネチビ ソギナ ヨザ ギト,NA,190,Mon Oct 15 18:45:15 2018
5ja16,extrapolation,unmarked,initial,ヨザ,ギト,ComplexPhrase_Testing,punch_cowboy_sg_waitress_pl,waitress,nechibi,,ナグラ ソギナ ネチビ ヨザ ギト,NA,NA,ナグラ ソギナ ネチビ ヨザ ギト,NA,191,Mon Oct 15 18:45:20 2018
5ja16,extrapolation,unmarked,initial,ヨザ,ギト,ComplexPhrase_Testing,punch_cowboy_sg_waitress_pl,waitress,nechibi,,ナグラ ソギナ ネチビ ヨザ ギト,NA,NA,ナグラ ソギナ ネチビ ヨザ ギト,NA,192,Mon Oct 15 18:45:26 2018
5ja16,extrapolation,unmarked,initial,ヨザ,ギト,ComplexPhrase_Testing,kick_burglar_sg_chef_pl,chef,tasonu,,ケルラ ダクメ タソヌ ヨザ ギト,NA,NA,ケルラ ダクメ タソヌ ヨザ ギト,NA,193,Mon Oct 15 18:45:33 2018
5ja16,extrapolation,unmarked,initial,ヨザ,ギト,ComplexPhrase_Testing,kick_waitress_sg_chef_pl,chef,tasonu,,ケルラ ネチビ タソヌ ヨザ ギト,NA,NA,ケルラ ネチビ タソヌ ヨザ ギト,NA,194,Mon Oct 15 18:45:39 2018
5ja16,extrapolation,unmarked,initial,ヨザ,ギト,ComplexPhrase_Testing,kick_waitress_sg_cowboy_pl,cowboy,sogina,,ケルラ ネチビ ソギナ ヨザ ギト,NA,NA,ケルラ ネチビ ソギナ ヨザ ギト,NA,195,Mon Oct 15 18:45:45 2018
5ja16,extrapolation,unmarked,initial,ヨザ,ギト,ComplexPhrase_Testing,kick_burglar_sg_chef_pl,chef,tasonu,,ケルラ ダクメ タソヌ ヨザ ギト,NA,NA,ケルラ ダクメ タソヌ ヨザ ギト,NA,196,Mon Oct 15 18:45:50 2018
5ja16,extrapolation,unmarked,initial,ヨザ,ギト,ComplexPhrase_Testing,point_chef_sg_burglar_pl,burglar,dakume,,サスラ タソヌ ダクメ ヨザ ギト,NA,NA,サスラ タソヌ ダクメ ヨザ ギト,NA,197,Mon Oct 15 18:46:00 2018
5ja16,extrapolation,unmarked,initial,ヨザ,ギト,ComplexPhrase_Testing,punch_chef_sg_burglar_sg,NA,NA,,ナグラ タソヌ ダクメ ギト,NA,NA,ナグラ タソヌ ダクメ ギト,NA,198,Mon Oct 15 18:46:06 2018
5ja16,extrapolation,unmarked,initial,ヨザ,ギト,ComplexPhrase_Testing,point_burglar_sg_cowboy_pl,cowboy,sogina,,サスラ ダクメ ソギナ ヨザ ギト,NA,NA,サスラ ダクメ ソギナ ヨザ ギト,NA,199,Mon Oct 15 18:46:18 2018
5ja16,extrapolation,unmarked,initial,ヨザ,ギト,ComplexPhrase_Testing,point_cowboy_sg_chef_pl,chef,tasonu,,サスラ ソギナ タソヌ ヨザ ギト,NA,NA,サスラ ソギナ タソヌ ヨザ ギト,NA,200,Mon Oct 15 18:46:24 2018
5ja16,extrapolation,unmarked,initial,ヨザ,ギト,ComplexPhrase_Testing,point_chef_sg_burglar_pl,burglar,dakume,,サスラ タソヌ ダクメ ヨザ ギト,NA,NA,サスラ タソヌ ダクメ ヨザ ギト,NA,201,Mon Oct 15 18:46:29 2018
5ja16,extrapolation,unmarked,initial,ヨザ,ギト,ComplexPhrase_Testing,punch_chef_sg_burglar_pl,burglar,dakume,,ナグラ タソヌ ダクメ ヨザ ギト,NA,NA,ナグラ タソヌ ダクメ ヨザ ギト,NA,202,Mon Oct 15 18:46:34 2018
5ja16,extrapolation,unmarked,initial,ヨザ,ギト,ComplexPhrase_Testing,point_waitress_sg_cowboy_pl,cowboy,sogina,,サスラ ネチビ ソギナ ヨザ ギト,NA,NA,サスラ ネチビ ソギナ ヨザ ギト,NA,203,Mon Oct 15 18:46:41 2018
5ja16,extrapolation,unmarked,initial,ヨザ,ギト,ComplexPhrase_Testing,point_burglar_sg_cowboy_pl,cowboy,sogina,,サスラ ダクメ ソギナ ヨザ ギト,NA,NA,サスラ ダクメ ソギナ ヨザ ギト,NA,204,Mon Oct 15 18:46:46 2018
5ja16,extrapolation,unmarked,initial,ヨザ,ギト,ComplexPhrase_Testing,kick_waitress_sg_cowboy_pl,cowboy,sogina,,ケルラ ネチビ ソギナ ヨザ ギト,NA,NA,ケルラ ネチビ ソギナ ヨザ ギト,NA,205,Mon Oct 15 18:46:51 2018
5ja16,extrapolation,unmarked,initial,ヨザ,ギト,ComplexPhrase_Testing,punch_chef_sg_burglar_pl,burglar,dakume,,ナグラ タソヌ ダクメ ヨザ ギト,NA,NA,ナグラ タソヌ ダクメ ヨザ ギト,NA,206,Mon Oct 15 18:46:56 2018
5ja16,extrapolation,unmarked,initial,ヨザ,ギト,ComplexPhrase_Testing,kick_burglar_sg_chef_pl,chef,tasonu,,ケルラ ダクメ タソヌ ヨザ ギト,NA,NA,ケルラ ダクメ タソヌ ヨザ ギト,NA,207,Mon Oct 15 18:47:01 2018
5ja16,extrapolation,unmarked,initial,ヨザ,ギト,ComplexPhrase_Testing,burglar_two,NA,NA,,ダクメ ヨザ,NA,NA,ダクメ ヨザ,NA,208,Mon Oct 15 18:47:03 2018
5ja16,extrapolation,unmarked,initial,ヨザ,ギト,ComplexPhrase_Testing,waitress_three,NA,NA,,ネチビ ヨザ,NA,NA,ネチビ ヨザ,NA,209,Mon Oct 15 18:47:08 2018
5ja16,extrapolation,unmarked,initial,ヨザ,ギト,ComplexPhrase_Testing,waitress,NA,NA,,ネチビ,NA,NA,ネチビ,NA,210,Mon Oct 15 18:47:12 2018
5ja16,extrapolation,unmarked,initial,ヨザ,ギト,ComplexPhrase_Testing,waitress_two,NA,NA,,ネチビ ヨザ,NA,NA,ネチビ ヨザ,NA,211,Mon Oct 15 18:47:17 2018
5ja16,extrapolation,unmarked,initial,ヨザ,ギト,ComplexPhrase_Testing,kick_waitress_sg_cowboy_pl,cowboy,sogina,,ケルラ ネチビ ソギナ ヨザ ギト,NA,NA,ケルラ ネチビ ソギナ ヨザ ギト,NA,212,Mon Oct 15 18:47:24 2018
5ja16,extrapolation,unmarked,initial,ヨザ,ギト,ComplexPhrase_Testing,point_chef_sg_burglar_pl,burglar,dakume,,サスラ タソヌ ダクメ ヨザ ギト,NA,NA,サスラ タソヌ ダクメ ヨザ ギト,NA,213,Mon Oct 15 18:47:29 2018
5ja16,extrapolation,unmarked,initial,ヨザ,ギト,ComplexPhrase_Testing,cowboy,NA,NA,,ソギナ,NA,NA,ソギナ,NA,214,Mon Oct 15 18:47:33 2018
5ja16,extrapolation,unmarked,initial,ヨザ,ギト,ComplexPhrase_Testing,point_cowboy_sg_chef_pl,chef,tasonu,,サスラ ソギナ タソヌ ヨザ ギト,NA,NA,サスラ ソギナ タソヌ ヨザ ギト,NA,215,Mon Oct 15 18:47:39 2018
5ja16,extrapolation,unmarked,initial,ヨザ,ギト,ComplexPhrase_Testing,point_cowboy_sg_chef_pl,chef,tasonu,,サスラ ソギナ タソヌ ヨザ ギト,NA,NA,サスラ ソギナ タソヌ ヨザ ギト,NA,216,Mon Oct 15 18:47:44 2018
5ja16,extrapolation,unmarked,initial,ヨザ,ギト,ComplexPhrase_Testing,point_waitress_sg_chef_pl,chef,tasonu,,サスラ ネチビ タソヌ ヨザ ギト,NA,NA,サスラ ネチビ タソヌ ヨザ ギト,NA,217,Mon Oct 15 18:47:50 2018
5ja16,extrapolation,unmarked,initial,ヨザ,ギト,ComplexPhrase_Testing,point_waitress_sg_chef_pl,chef,tasonu,,サスラ ネチビ タソヌ ヨザ ギト,NA,NA,サスラ ネチビ タソヌ ヨザ ギト,NA,218,Mon Oct 15 18:47:55 2018
5ja16,extrapolation,unmarked,initial,ヨザ,ギト,ComplexPhrase_Testing,kick_waitress_sg_chef_pl,chef,tasonu,,ケルラ ネチビ タソヌ ヨザ ギト,NA,NA,ケルラ ネチビ タソヌ ヨザ ギト,NA,219,Mon Oct 15 18:48:00 2018
5ja16,extrapolation,unmarked,initial,ヨザ,ギト,ComplexPhrase_Testing,point_waitress_sg_cowboy_pl,cowboy,sogina,,サスラ ネチビ ソギナ ヨザ ギト,NA,NA,サスラ ネチビ ソギナ ヨザ ギト,NA,220,Mon Oct 15 18:48:04 2018
5ja16,extrapolation,unmarked,initial,ヨザ,ギト,ComplexPhrase_Testing,point_waitress_pl_chef_sg,NA,NA,,サスラ ネチビ ヨザ タソヌ ギト,NA,NA,サスラ ネチビ ヨザ タソヌ ギト,NA,221,Mon Oct 15 18:48:09 2018
5ja16,extrapolation,unmarked,initial,ヨザ,ギト,ComplexPhrase_Testing,punch_cowboy_sg_waitress_pl,waitress,nechibi,,ナグラ ソギナ ネチビ ヨザ ギト,NA,NA,ナグラ ソギナ ネチビ ヨザ ギト,NA,222,Mon Oct 15 18:48:19 2018
5ja16,extrapolation,unmarked,initial,ヨザ,ギト,ComplexPhrase_Testing,kick_waitress_pl_chef_sg,NA,NA,,ケルラ ネチビ ヨザ タソヌ ギト,NA,NA,ケルラ ネチビ ヨザ タソヌ ギト,NA,223,Mon Oct 15 18:48:23 2018
5ja16,extrapolation,unmarked,initial,ヨザ,ギト,ComplexPhrase_Testing,kick_waitress_sg_burglar_pl,burglar,dakume,,ケルラ ネチビ ダクメ ヨザ ギト,NA,NA,ケルラ ネチビ ダクメ ヨザ ギト,NA,224,Mon Oct 15 18:48:31 2018
5ja16,extrapolation,unmarked,initial,ヨザ,ギト,ComplexPhrase_Testing,kick_cowboy_sg_waitress_sg,NA,NA,,ケルラ ソギナ ネチビ ギト,NA,NA,(ケルラ ソギナ ネチビ ヨザ),NA,225,Mon Oct 15 18:48:35 2018
5ja16,extrapolation,unmarked,initial,ヨザ,ギト,ComplexPhrase_Testing,chef_three,NA,NA,,タソヌ ヨザ,NA,NA,(タソヌ ギト),NA,226,Mon Oct 15 18:48:46 2018
5ja16,extrapolation,unmarked,initial,ヨザ,ギト,ComplexPhrase_Testing,kick_cowboy_sg_waitress_pl,waitress,nechibi,,ケルラ ソギナ ネチビ ヨザ ギト,NA,NA,ケルラ ソギナ ネチビ ヨザ ギト,NA,227,Mon Oct 15 18:48:57 2018
5ja16,extrapolation,unmarked,initial,ヨザ,ギト,ComplexPhrase_Testing,chef,NA,NA,,タソヌ,NA,NA,タソヌ,NA,228,Mon Oct 15 18:49:00 2018
5ja16,extrapolation,unmarked,initial,ヨザ,ギト,ComplexPhrase_Testing,punch_burglar_pl_waitress_sg,NA,NA,,ナグラ ダクメ ヨザ ネチビ ギト,NA,NA,ナグラ ダクメ ヨザ ネチビ ギト,NA,229,Mon Oct 15 18:49:07 2018
5ja16,extrapolation,unmarked,initial,ヨザ,ギト,ComplexPhrase_Testing,point_cowboy_pl_chef_sg,NA,NA,,サスラ ソギナ ヨザ タソヌ ギト,NA,NA,サスラ ソギナ ヨザ タソヌ ギト,NA,230,Mon Oct 15 18:49:16 2018
5ja16,extrapolation,unmarked,initial,ヨザ,ギト,Questionnaire,NA,NA,NA,,NA,NA,NA,polite,マス,,Mon Oct 15 18:50:39 2018
5ja16,extrapolation,unmarked,initial,ヨザ,ギト,Questionnaire,NA,NA,NA,,NA,NA,NA,plural,タチ,,Mon Oct 15 18:50:39 2018
5ja16,extrapolation,unmarked,initial,ヨザ,ギト,Questionnaire,NA,NA,NA,,NA,NA,NA,after,ウシロ,,Mon Oct 15 18:50:39 2018
5ja16,extrapolation,unmarked,initial,ヨザ,ギト,Questionnaire,NA,NA,NA,,NA,NA,NA,after,ウシロ,,Mon Oct 15 18:50:39 2018
5ja16,extrapolation,unmarked,initial,ヨザ,ギト,Questionnaire,NA,NA,NA,,NA,NA,NA,Japanese,ニホンゴ,,Mon Oct 15 18:50:39 2018
