列1,Condition,MajorityOrder,NounPosition,markerNum,markerCase,Phase,Meaning,NounItem,Noun,binaryResp,InputSentence,Selection,TypedResponse,SpokenResponse,AnswerQuest,Trial,date&time
5ja19,extrapolation,unmarked,initial,ヨザ,セヒ,Noun_Training,chef,NA,NA,,タソヌ,NA,NA,,NA,1,Fri Oct 19 09:55:49 2018
5ja19,extrapolation,unmarked,initial,ヨザ,セヒ,Noun_Training,cowboy,NA,NA,,ソギナ,NA,NA,,NA,2,Fri Oct 19 09:55:54 2018
5ja19,extrapolation,unmarked,initial,ヨザ,セヒ,Noun_Training,waitress,NA,NA,,ダクメ,NA,NA,,NA,3,Fri Oct 19 09:55:59 2018
5ja19,extrapolation,unmarked,initial,ヨザ,セヒ,Noun_Training,chef,NA,NA,,タソヌ,NA,NA,,NA,4,Fri Oct 19 09:56:04 2018
5ja19,extrapolation,unmarked,initial,ヨザ,セヒ,Noun_Training,waitress,NA,NA,,ダクメ,NA,NA,,NA,5,Fri Oct 19 09:56:09 2018
5ja19,extrapolation,unmarked,initial,ヨザ,セヒ,Noun_Training,burglar,NA,NA,,ネチビ,NA,NA,,NA,6,Fri Oct 19 09:56:14 2018
5ja19,extrapolation,unmarked,initial,ヨザ,セヒ,Noun_Training,chef,NA,NA,,タソヌ,NA,NA,,NA,7,Fri Oct 19 09:56:18 2018
5ja19,extrapolation,unmarked,initial,ヨザ,セヒ,Noun_Training,waitress,NA,NA,,ダクメ,NA,NA,,NA,8,Fri Oct 19 09:56:23 2018
5ja19,extrapolation,unmarked,initial,ヨザ,セヒ,Noun_Training,chef,NA,NA,,タソヌ,NA,NA,,NA,9,Fri Oct 19 09:56:28 2018
5ja19,extrapolation,unmarked,initial,ヨザ,セヒ,Noun_Training,chef,NA,NA,,タソヌ,NA,NA,,NA,10,Fri Oct 19 09:56:33 2018
5ja19,extrapolation,unmarked,initial,ヨザ,セヒ,Noun_Training,chef,NA,NA,,タソヌ,NA,NA,,NA,11,Fri Oct 19 09:56:38 2018
5ja19,extrapolation,unmarked,initial,ヨザ,セヒ,Noun_Training,cowboy,NA,NA,,ソギナ,NA,NA,,NA,12,Fri Oct 19 09:56:43 2018
5ja19,extrapolation,unmarked,initial,ヨザ,セヒ,Noun_Training,cowboy,NA,NA,,ソギナ,NA,NA,,NA,13,Fri Oct 19 09:56:48 2018
5ja19,extrapolation,unmarked,initial,ヨザ,セヒ,Noun_Training,cowboy,NA,NA,,ソギナ,NA,NA,,NA,14,Fri Oct 19 09:56:53 2018
5ja19,extrapolation,unmarked,initial,ヨザ,セヒ,Noun_Training,cowboy,NA,NA,,ソギナ,NA,NA,,NA,15,Fri Oct 19 09:56:58 2018
5ja19,extrapolation,unmarked,initial,ヨザ,セヒ,Noun_Training,burglar,NA,NA,,ネチビ,NA,NA,,NA,16,Fri Oct 19 09:57:02 2018
5ja19,extrapolation,unmarked,initial,ヨザ,セヒ,Noun_Training,burglar,NA,NA,,ネチビ,NA,NA,,NA,17,Fri Oct 19 09:57:07 2018
5ja19,extrapolation,unmarked,initial,ヨザ,セヒ,Noun_Training,waitress,NA,NA,,ダクメ,NA,NA,,NA,18,Fri Oct 19 09:57:12 2018
5ja19,extrapolation,unmarked,initial,ヨザ,セヒ,Noun_Training,burglar,NA,NA,,ネチビ,NA,NA,,NA,19,Fri Oct 19 09:57:17 2018
5ja19,extrapolation,unmarked,initial,ヨザ,セヒ,Noun_Training,waitress,NA,NA,,ダクメ,NA,NA,,NA,20,Fri Oct 19 09:57:22 2018
5ja19,extrapolation,unmarked,initial,ヨザ,セヒ,Noun_Training,burglar,NA,NA,,ネチビ,NA,NA,,NA,21,Fri Oct 19 09:57:27 2018
5ja19,extrapolation,unmarked,initial,ヨザ,セヒ,Noun_Training,waitress,NA,NA,,ダクメ,NA,NA,,NA,22,Fri Oct 19 09:57:32 2018
5ja19,extrapolation,unmarked,initial,ヨザ,セヒ,Noun_Training,burglar,NA,NA,,ネチビ,NA,NA,,NA,23,Fri Oct 19 09:57:36 2018
5ja19,extrapolation,unmarked,initial,ヨザ,セヒ,Noun_Training,cowboy,NA,NA,,ソギナ,NA,NA,,NA,24,Fri Oct 19 09:57:41 2018
5ja19,extrapolation,unmarked,initial,ヨザ,セヒ,Noun_Selection,waitress,NA,NA,,ダクメ,correct,NA,,NA,25,Fri Oct 19 09:58:10 2018
5ja19,extrapolation,unmarked,initial,ヨザ,セヒ,Noun_Selection,waitress,NA,NA,,ダクメ,correct,NA,,NA,26,Fri Oct 19 09:58:16 2018
5ja19,extrapolation,unmarked,initial,ヨザ,セヒ,Noun_Selection,cowboy,NA,NA,,ソギナ,correct,NA,,NA,27,Fri Oct 19 09:58:20 2018
5ja19,extrapolation,unmarked,initial,ヨザ,セヒ,Noun_Selection,cowboy,NA,NA,,ソギナ,correct,NA,,NA,28,Fri Oct 19 09:58:24 2018
5ja19,extrapolation,unmarked,initial,ヨザ,セヒ,Noun_Selection,burglar,NA,NA,,ネチビ,correct,NA,,NA,29,Fri Oct 19 09:58:28 2018
5ja19,extrapolation,unmarked,initial,ヨザ,セヒ,Noun_Selection,chef,NA,NA,,タソヌ,correct,NA,,NA,30,Fri Oct 19 09:58:32 2018
5ja19,extrapolation,unmarked,initial,ヨザ,セヒ,Noun_Selection,waitress,NA,NA,,ダクメ,correct,NA,,NA,31,Fri Oct 19 09:58:36 2018
5ja19,extrapolation,unmarked,initial,ヨザ,セヒ,Noun_Selection,burglar,NA,NA,,ネチビ,correct,NA,,NA,32,Fri Oct 19 09:58:40 2018
5ja19,extrapolation,unmarked,initial,ヨザ,セヒ,Noun_Selection,cowboy,NA,NA,,ソギナ,correct,NA,,NA,33,Fri Oct 19 09:58:44 2018
5ja19,extrapolation,unmarked,initial,ヨザ,セヒ,Noun_Selection,chef,NA,NA,,タソヌ,correct,NA,,NA,34,Fri Oct 19 09:58:49 2018
5ja19,extrapolation,unmarked,initial,ヨザ,セヒ,Noun_Selection,burglar,NA,NA,,ネチビ,correct,NA,,NA,35,Fri Oct 19 09:58:52 2018
5ja19,extrapolation,unmarked,initial,ヨザ,セヒ,Noun_Selection,chef,NA,NA,,タソヌ,wrong,NA,,NA,36,Fri Oct 19 09:59:00 2018
5ja19,extrapolation,unmarked,initial,ヨザ,セヒ,Noun_Testing,chef,NA,NA,,タソヌ,NA,NA,タソヌ,NA,37,Fri Oct 19 09:59:37 2018
5ja19,extrapolation,unmarked,initial,ヨザ,セヒ,Noun_Testing,chef,NA,NA,,タソヌ,NA,NA,タソヌ,NA,38,Fri Oct 19 09:59:41 2018
5ja19,extrapolation,unmarked,initial,ヨザ,セヒ,Noun_Testing,cowboy,NA,NA,,ソギナ,NA,NA,ソギナ,NA,39,Fri Oct 19 09:59:47 2018
5ja19,extrapolation,unmarked,initial,ヨザ,セヒ,Noun_Testing,burglar,NA,NA,,ネチビ,NA,NA,ネチビ,NA,40,Fri Oct 19 09:59:51 2018
5ja19,extrapolation,unmarked,initial,ヨザ,セヒ,Noun_Testing,cowboy,NA,NA,,ソギナ,NA,NA,ソギナ,NA,41,Fri Oct 19 09:59:56 2018
5ja19,extrapolation,unmarked,initial,ヨザ,セヒ,Noun_Testing,waitress,NA,NA,,ダクメ,NA,NA,ダクメ,NA,42,Fri Oct 19 10:00:01 2018
5ja19,extrapolation,unmarked,initial,ヨザ,セヒ,Noun_Testing,waitress,NA,NA,,ダクメ,NA,NA,ダクメ,NA,43,Fri Oct 19 10:00:05 2018
5ja19,extrapolation,unmarked,initial,ヨザ,セヒ,Noun_Testing,waitress,NA,NA,,ダクメ,NA,NA,ダクメ,NA,44,Fri Oct 19 10:00:09 2018
5ja19,extrapolation,unmarked,initial,ヨザ,セヒ,Noun_Testing,cowboy,NA,NA,,ソギナ,NA,NA,ソギナ,NA,45,Fri Oct 19 10:00:13 2018
5ja19,extrapolation,unmarked,initial,ヨザ,セヒ,Noun_Testing,chef,NA,NA,,タソヌ,NA,NA,タソヌ,NA,46,Fri Oct 19 10:00:18 2018
5ja19,extrapolation,unmarked,initial,ヨザ,セヒ,Noun_Testing,burglar,NA,NA,,ネチビ,NA,NA,ネチビ,NA,47,Fri Oct 19 10:00:22 2018
5ja19,extrapolation,unmarked,initial,ヨザ,セヒ,Noun_Testing,burglar,NA,NA,,ネチビ,NA,NA,ネチビ,NA,48,Fri Oct 19 10:00:26 2018
5ja19,extrapolation,unmarked,initial,ヨザ,セヒ,SimplePhrase_Training,burglar_two,NA,NA,,ネチビ ヨザ,NA,NA,,NA,49,Fri Oct 19 10:01:12 2018
5ja19,extrapolation,unmarked,initial,ヨザ,セヒ,SimplePhrase_Training,chef_four,NA,NA,,タソヌ ヨザ,NA,NA,,NA,50,Fri Oct 19 10:01:17 2018
5ja19,extrapolation,unmarked,initial,ヨザ,セヒ,SimplePhrase_Training,point_waitress_pl_chef_sg,NA,NA,,サスラ ダクメ ヨザ タソヌ セヒ,NA,NA,,NA,51,Fri Oct 19 10:01:25 2018
5ja19,extrapolation,unmarked,initial,ヨザ,セヒ,SimplePhrase_Training,waitress,NA,NA,,ダクメ,NA,NA,,NA,52,Fri Oct 19 10:01:30 2018
5ja19,extrapolation,unmarked,initial,ヨザ,セヒ,SimplePhrase_Training,point_chef_sg_waitress_sg,NA,NA,,サスラ タソヌ ダクメ セヒ,NA,NA,,NA,53,Fri Oct 19 10:01:38 2018
5ja19,extrapolation,unmarked,initial,ヨザ,セヒ,SimplePhrase_Training,point_waitress_pl_burglar_sg,NA,NA,,サスラ ダクメ ヨザ ネチビ セヒ,NA,NA,,NA,54,Fri Oct 19 10:01:46 2018
5ja19,extrapolation,unmarked,initial,ヨザ,セヒ,SimplePhrase_Training,punch_waitress_pl_chef_sg,NA,NA,,ナグラ ダクメ ヨザ タソヌ セヒ,NA,NA,,NA,55,Fri Oct 19 10:01:54 2018
5ja19,extrapolation,unmarked,initial,ヨザ,セヒ,SimplePhrase_Training,chef,NA,NA,,タソヌ,NA,NA,,NA,56,Fri Oct 19 10:01:58 2018
5ja19,extrapolation,unmarked,initial,ヨザ,セヒ,SimplePhrase_Training,point_burglar_pl_cowboy_sg,NA,NA,,サスラ ネチビ ヨザ ソギナ セヒ,NA,NA,,NA,57,Fri Oct 19 10:02:06 2018
5ja19,extrapolation,unmarked,initial,ヨザ,セヒ,SimplePhrase_Training,waitress_two,NA,NA,,ダクメ ヨザ,NA,NA,,NA,58,Fri Oct 19 10:02:12 2018
5ja19,extrapolation,unmarked,initial,ヨザ,セヒ,SimplePhrase_Training,punch_chef_sg_waitress_sg,NA,NA,,ナグラ タソヌ ダクメ セヒ,NA,NA,,NA,59,Fri Oct 19 10:02:19 2018
5ja19,extrapolation,unmarked,initial,ヨザ,セヒ,SimplePhrase_Training,punch_waitress_pl_burglar_sg,NA,NA,,ナグラ ダクメ ヨザ ネチビ セヒ,NA,NA,,NA,60,Fri Oct 19 10:02:27 2018
5ja19,extrapolation,unmarked,initial,ヨザ,セヒ,SimplePhrase_Training,burglar,NA,NA,,ネチビ,NA,NA,,NA,61,Fri Oct 19 10:02:32 2018
5ja19,extrapolation,unmarked,initial,ヨザ,セヒ,SimplePhrase_Training,punch_cowboy_pl_chef_sg,NA,NA,,ナグラ ソギナ ヨザ タソヌ セヒ,NA,NA,,NA,62,Fri Oct 19 10:02:40 2018
5ja19,extrapolation,unmarked,initial,ヨザ,セヒ,SimplePhrase_Training,cowboy_three,NA,NA,,ソギナ ヨザ,NA,NA,,NA,63,Fri Oct 19 10:02:45 2018
5ja19,extrapolation,unmarked,initial,ヨザ,セヒ,SimplePhrase_Training,kick_waitress_sg_chef_sg,NA,NA,,ケルラ ダクメ タソヌ セヒ,NA,NA,,NA,64,Fri Oct 19 10:02:53 2018
5ja19,extrapolation,unmarked,initial,ヨザ,セヒ,SimplePhrase_Training,burglar_three,NA,NA,,ネチビ ヨザ,NA,NA,,NA,65,Fri Oct 19 10:02:58 2018
5ja19,extrapolation,unmarked,initial,ヨザ,セヒ,SimplePhrase_Training,burglar_four,NA,NA,,ネチビ ヨザ,NA,NA,,NA,66,Fri Oct 19 10:03:03 2018
5ja19,extrapolation,unmarked,initial,ヨザ,セヒ,SimplePhrase_Training,punch_cowboy_pl_burglar_sg,NA,NA,,ナグラ ソギナ ヨザ ネチビ セヒ,NA,NA,,NA,67,Fri Oct 19 10:03:11 2018
5ja19,extrapolation,unmarked,initial,ヨザ,セヒ,SimplePhrase_Training,kick_waitress_sg_burglar_sg,NA,NA,,ケルラ ダクメ ネチビ セヒ,NA,NA,,NA,68,Fri Oct 19 10:03:19 2018
5ja19,extrapolation,unmarked,initial,ヨザ,セヒ,SimplePhrase_Training,cowboy,NA,NA,,ソギナ,NA,NA,,NA,69,Fri Oct 19 10:03:24 2018
5ja19,extrapolation,unmarked,initial,ヨザ,セヒ,SimplePhrase_Training,point_burglar_pl_chef_sg,NA,NA,,サスラ ネチビ ヨザ タソヌ セヒ,NA,NA,,NA,70,Fri Oct 19 10:03:32 2018
5ja19,extrapolation,unmarked,initial,ヨザ,セヒ,SimplePhrase_Training,chef_two,NA,NA,,タソヌ ヨザ,NA,NA,,NA,71,Fri Oct 19 10:03:37 2018
5ja19,extrapolation,unmarked,initial,ヨザ,セヒ,SimplePhrase_Training,burglar_four,NA,NA,,ネチビ ヨザ,NA,NA,,NA,72,Fri Oct 19 10:03:42 2018
5ja19,extrapolation,unmarked,initial,ヨザ,セヒ,SimplePhrase_Training,kick_cowboy_sg_chef_sg,NA,NA,,ケルラ ソギナ タソヌ セヒ,NA,NA,,NA,73,Fri Oct 19 10:03:50 2018
5ja19,extrapolation,unmarked,initial,ヨザ,セヒ,SimplePhrase_Training,waitress_three,NA,NA,,ダクメ ヨザ,NA,NA,,NA,74,Fri Oct 19 10:03:55 2018
5ja19,extrapolation,unmarked,initial,ヨザ,セヒ,SimplePhrase_Training,kick_chef_sg_cowboy_sg,NA,NA,,ケルラ タソヌ ソギナ セヒ,NA,NA,,NA,75,Fri Oct 19 10:04:03 2018
5ja19,extrapolation,unmarked,initial,ヨザ,セヒ,SimplePhrase_Training,waitress_four,NA,NA,,ダクメ ヨザ,NA,NA,,NA,76,Fri Oct 19 10:04:08 2018
5ja19,extrapolation,unmarked,initial,ヨザ,セヒ,SimplePhrase_Training,point_chef_pl_burglar_sg,NA,NA,,サスラ タソヌ ヨザ ネチビ セヒ,NA,NA,,NA,77,Fri Oct 19 10:04:16 2018
5ja19,extrapolation,unmarked,initial,ヨザ,セヒ,SimplePhrase_Training,cowboy_two,NA,NA,,ソギナ ヨザ,NA,NA,,NA,78,Fri Oct 19 10:04:21 2018
5ja19,extrapolation,unmarked,initial,ヨザ,セヒ,SimplePhrase_Training,punch_chef_pl_cowboy_sg,NA,NA,,ナグラ タソヌ ヨザ ソギナ セヒ,NA,NA,,NA,79,Fri Oct 19 10:04:29 2018
5ja19,extrapolation,unmarked,initial,ヨザ,セヒ,SimplePhrase_Training,point_waitress_sg_cowboy_sg,NA,NA,,サスラ ダクメ ソギナ セヒ,NA,NA,,NA,80,Fri Oct 19 10:04:37 2018
5ja19,extrapolation,unmarked,initial,ヨザ,セヒ,SimplePhrase_Training,kick_waitress_sg_cowboy_sg,NA,NA,,ケルラ ダクメ ソギナ セヒ,NA,NA,,NA,81,Fri Oct 19 10:04:44 2018
5ja19,extrapolation,unmarked,initial,ヨザ,セヒ,SimplePhrase_Training,punch_burglar_sg_chef_sg,NA,NA,,ナグラ ネチビ タソヌ セヒ,NA,NA,,NA,82,Fri Oct 19 10:04:52 2018
5ja19,extrapolation,unmarked,initial,ヨザ,セヒ,SimplePhrase_Training,punch_cowboy_pl_waitress_sg,NA,NA,,ナグラ ソギナ ヨザ ダクメ セヒ,NA,NA,,NA,83,Fri Oct 19 10:05:00 2018
5ja19,extrapolation,unmarked,initial,ヨザ,セヒ,SimplePhrase_Training,punch_burglar_pl_cowboy_sg,NA,NA,,ナグラ ネチビ ヨザ ソギナ セヒ,NA,NA,,NA,84,Fri Oct 19 10:05:08 2018
5ja19,extrapolation,unmarked,initial,ヨザ,セヒ,SimplePhrase_Training,kick_chef_sg_waitress_sg,NA,NA,,ケルラ タソヌ ダクメ セヒ,NA,NA,,NA,85,Fri Oct 19 10:05:15 2018
5ja19,extrapolation,unmarked,initial,ヨザ,セヒ,SimplePhrase_Training,punch_burglar_sg_waitress_sg,NA,NA,,ナグラ ネチビ ダクメ セヒ,NA,NA,,NA,86,Fri Oct 19 10:05:23 2018
5ja19,extrapolation,unmarked,initial,ヨザ,セヒ,SimplePhrase_Training,point_cowboy_pl_chef_sg,NA,NA,,サスラ ソギナ ヨザ タソヌ セヒ,NA,NA,,NA,87,Fri Oct 19 10:05:31 2018
5ja19,extrapolation,unmarked,initial,ヨザ,セヒ,SimplePhrase_Training,chef,NA,NA,,タソヌ,NA,NA,,NA,88,Fri Oct 19 10:05:36 2018
5ja19,extrapolation,unmarked,initial,ヨザ,セヒ,SimplePhrase_Training,point_cowboy_sg_burglar_sg,NA,NA,,サスラ ソギナ ネチビ セヒ,NA,NA,,NA,89,Fri Oct 19 10:05:44 2018
5ja19,extrapolation,unmarked,initial,ヨザ,セヒ,SimplePhrase_Training,cowboy,NA,NA,,ソギナ,NA,NA,,NA,90,Fri Oct 19 10:05:48 2018
5ja19,extrapolation,unmarked,initial,ヨザ,セヒ,SimplePhrase_Training,cowboy_four,NA,NA,,ソギナ ヨザ,NA,NA,,NA,91,Fri Oct 19 10:05:54 2018
5ja19,extrapolation,unmarked,initial,ヨザ,セヒ,SimplePhrase_Training,kick_burglar_pl_cowboy_sg,NA,NA,,ケルラ ネチビ ヨザ ソギナ セヒ,NA,NA,,NA,92,Fri Oct 19 10:06:02 2018
5ja19,extrapolation,unmarked,initial,ヨザ,セヒ,SimplePhrase_Training,burglar,NA,NA,,ネチビ,NA,NA,,NA,93,Fri Oct 19 10:06:06 2018
5ja19,extrapolation,unmarked,initial,ヨザ,セヒ,SimplePhrase_Training,kick_chef_sg_burglar_sg,NA,NA,,ケルラ タソヌ ネチビ セヒ,NA,NA,,NA,94,Fri Oct 19 10:06:14 2018
5ja19,extrapolation,unmarked,initial,ヨザ,セヒ,SimplePhrase_Training,waitress,NA,NA,,ダクメ,NA,NA,,NA,95,Fri Oct 19 10:06:19 2018
5ja19,extrapolation,unmarked,initial,ヨザ,セヒ,SimplePhrase_Training,chef_three,NA,NA,,タソヌ ヨザ,NA,NA,,NA,96,Fri Oct 19 10:06:24 2018
5ja19,extrapolation,unmarked,initial,ヨザ,セヒ,SimplePhrase_Training,point_cowboy_sg_waitress_sg,NA,NA,,サスラ ソギナ ダクメ セヒ,NA,NA,,NA,97,Fri Oct 19 10:06:32 2018
5ja19,extrapolation,unmarked,initial,ヨザ,セヒ,SimplePhrase_Training,kick_cowboy_pl_burglar_sg,NA,NA,,ケルラ ソギナ ヨザ ネチビ セヒ,NA,NA,,NA,98,Fri Oct 19 10:06:40 2018
5ja19,extrapolation,unmarked,initial,ヨザ,セヒ,SimplePhrase_Training,burglar_three,NA,NA,,ネチビ ヨザ,NA,NA,,NA,99,Fri Oct 19 10:06:45 2018
5ja19,extrapolation,unmarked,initial,ヨザ,セヒ,SimplePhrase_Training,kick_burglar_pl_waitress_sg,NA,NA,,ケルラ ネチビ ヨザ ダクメ セヒ,NA,NA,,NA,100,Fri Oct 19 10:06:53 2018
5ja19,extrapolation,unmarked,initial,ヨザ,セヒ,SimplePhrase_Training,kick_burglar_sg_chef_sg,NA,NA,,ケルラ ネチビ タソヌ セヒ,NA,NA,,NA,101,Fri Oct 19 10:07:00 2018
5ja19,extrapolation,unmarked,initial,ヨザ,セヒ,SimplePhrase_Training,kick_cowboy_sg_waitress_sg,NA,NA,,ケルラ ソギナ ダクメ セヒ,NA,NA,,NA,102,Fri Oct 19 10:07:08 2018
5ja19,extrapolation,unmarked,initial,ヨザ,セヒ,SimplePhrase_Training,point_burglar_sg_waitress_sg,NA,NA,,サスラ ネチビ ダクメ セヒ,NA,NA,,NA,103,Fri Oct 19 10:07:16 2018
5ja19,extrapolation,unmarked,initial,ヨザ,セヒ,SimplePhrase_Training,burglar_two,NA,NA,,ネチビ ヨザ,NA,NA,,NA,104,Fri Oct 19 10:07:21 2018
5ja19,extrapolation,unmarked,initial,ヨザ,セヒ,SimplePhrase_Training,punch_waitress_pl_cowboy_sg,NA,NA,,ナグラ ダクメ ヨザ ソギナ セヒ,NA,NA,,NA,105,Fri Oct 19 10:07:29 2018
5ja19,extrapolation,unmarked,initial,ヨザ,セヒ,SimplePhrase_Training,punch_chef_pl_burglar_sg,NA,NA,,ナグラ タソヌ ヨザ ネチビ セヒ,NA,NA,,NA,106,Fri Oct 19 10:07:37 2018
5ja19,extrapolation,unmarked,initial,ヨザ,セヒ,SimplePhrase_Training,chef_two,NA,NA,,タソヌ ヨザ,NA,NA,,NA,107,Fri Oct 19 10:07:42 2018
5ja19,extrapolation,unmarked,initial,ヨザ,セヒ,SimplePhrase_Training,point_chef_sg_cowboy_sg,NA,NA,,サスラ タソヌ ソギナ セヒ,NA,NA,,NA,108,Fri Oct 19 10:07:50 2018
5ja19,extrapolation,unmarked,initial,ヨザ,セヒ,SimplePhrase_Training,chef_three,NA,NA,,タソヌ ヨザ,NA,NA,,NA,109,Fri Oct 19 10:07:55 2018
5ja19,extrapolation,unmarked,initial,ヨザ,セヒ,SimplePhrase_Training,cowboy_two,NA,NA,,ソギナ ヨザ,NA,NA,,NA,110,Fri Oct 19 10:08:00 2018
5ja19,extrapolation,unmarked,initial,ヨザ,セヒ,SimplePhrase_Comprehension,punch_waitress_sg_burglar_sg,NA,NA,,ナグラ ダクメ ネチビ セヒ,correct,NA,,NA,111,Fri Oct 19 10:08:26 2018
5ja19,extrapolation,unmarked,initial,ヨザ,セヒ,SimplePhrase_Comprehension,burglar,NA,NA,,ネチビ,correct,NA,,NA,112,Fri Oct 19 10:08:30 2018
5ja19,extrapolation,unmarked,initial,ヨザ,セヒ,SimplePhrase_Comprehension,chef_two,NA,NA,,タソヌ ヨザ,correct,NA,,NA,113,Fri Oct 19 10:08:35 2018
5ja19,extrapolation,unmarked,initial,ヨザ,セヒ,SimplePhrase_Comprehension,kick_chef_pl_burglar_sg,NA,NA,,ケルラ タソヌ ヨザ ネチビ セヒ,correct,NA,,NA,114,Fri Oct 19 10:08:41 2018
5ja19,extrapolation,unmarked,initial,ヨザ,セヒ,SimplePhrase_Comprehension,waitress_four,NA,NA,,ダクメ ヨザ,correct,NA,,NA,115,Fri Oct 19 10:08:45 2018
5ja19,extrapolation,unmarked,initial,ヨザ,セヒ,SimplePhrase_Comprehension,point_burglar_sg_cowboy_sg,NA,NA,,サスラ ネチビ ソギナ セヒ,correct,NA,,NA,116,Fri Oct 19 10:08:51 2018
5ja19,extrapolation,unmarked,initial,ヨザ,セヒ,SimplePhrase_Comprehension,burglar_two,NA,NA,,ネチビ ヨザ,correct,NA,,NA,117,Fri Oct 19 10:08:55 2018
5ja19,extrapolation,unmarked,initial,ヨザ,セヒ,SimplePhrase_Comprehension,chef,NA,NA,,タソヌ,correct,NA,,NA,118,Fri Oct 19 10:09:00 2018
5ja19,extrapolation,unmarked,initial,ヨザ,セヒ,SimplePhrase_Comprehension,point_chef_pl_cowboy_sg,NA,NA,,サスラ タソヌ ヨザ ソギナ セヒ,correct,NA,,NA,119,Fri Oct 19 10:09:06 2018
5ja19,extrapolation,unmarked,initial,ヨザ,セヒ,SimplePhrase_Comprehension,kick_cowboy_sg_burglar_sg,NA,NA,,ケルラ ソギナ ネチビ セヒ,correct,NA,,NA,120,Fri Oct 19 10:09:12 2018
5ja19,extrapolation,unmarked,initial,ヨザ,セヒ,SimplePhrase_Comprehension,waitress,NA,NA,,ダクメ,correct,NA,,NA,121,Fri Oct 19 10:09:16 2018
5ja19,extrapolation,unmarked,initial,ヨザ,セヒ,SimplePhrase_Comprehension,point_waitress_pl_cowboy_sg,NA,NA,,サスラ ダクメ ヨザ ソギナ セヒ,correct,NA,,NA,122,Fri Oct 19 10:09:22 2018
5ja19,extrapolation,unmarked,initial,ヨザ,セヒ,SimplePhrase_Comprehension,burglar_four,NA,NA,,ネチビ ヨザ,correct,NA,,NA,123,Fri Oct 19 10:09:26 2018
5ja19,extrapolation,unmarked,initial,ヨザ,セヒ,SimplePhrase_Comprehension,point_cowboy_pl_burglar_sg,NA,NA,,サスラ ソギナ ヨザ ネチビ セヒ,correct,NA,,NA,124,Fri Oct 19 10:09:32 2018
5ja19,extrapolation,unmarked,initial,ヨザ,セヒ,SimplePhrase_Comprehension,cowboy_two,NA,NA,,ソギナ ヨザ,correct,NA,,NA,125,Fri Oct 19 10:09:37 2018
5ja19,extrapolation,unmarked,initial,ヨザ,セヒ,SimplePhrase_Comprehension,waitress_three,NA,NA,,ダクメ ヨザ,correct,NA,,NA,126,Fri Oct 19 10:09:41 2018
5ja19,extrapolation,unmarked,initial,ヨザ,セヒ,SimplePhrase_Comprehension,kick_cowboy_pl_waitress_sg,NA,NA,,ケルラ ソギナ ヨザ ダクメ セヒ,correct,NA,,NA,127,Fri Oct 19 10:09:48 2018
5ja19,extrapolation,unmarked,initial,ヨザ,セヒ,SimplePhrase_Comprehension,punch_burglar_pl_chef_sg,NA,NA,,ナグラ ネチビ ヨザ タソヌ セヒ,correct,NA,,NA,128,Fri Oct 19 10:09:54 2018
5ja19,extrapolation,unmarked,initial,ヨザ,セヒ,SimplePhrase_Comprehension,cowboy_four,NA,NA,,ソギナ ヨザ,correct,NA,,NA,129,Fri Oct 19 10:09:58 2018
5ja19,extrapolation,unmarked,initial,ヨザ,セヒ,SimplePhrase_Comprehension,kick_chef_pl_cowboy_sg,NA,NA,,ケルラ タソヌ ヨザ ソギナ セヒ,correct,NA,,NA,130,Fri Oct 19 10:10:05 2018
5ja19,extrapolation,unmarked,initial,ヨザ,セヒ,SimplePhrase_Comprehension,kick_burglar_sg_cowboy_sg,NA,NA,,ケルラ ネチビ ソギナ セヒ,correct,NA,,NA,131,Fri Oct 19 10:10:11 2018
5ja19,extrapolation,unmarked,initial,ヨザ,セヒ,SimplePhrase_Comprehension,punch_chef_sg_cowboy_sg,NA,NA,,ナグラ タソヌ ソギナ セヒ,correct,NA,,NA,132,Fri Oct 19 10:10:17 2018
5ja19,extrapolation,unmarked,initial,ヨザ,セヒ,SimplePhrase_Comprehension,burglar_three,NA,NA,,ネチビ ヨザ,correct,NA,,NA,133,Fri Oct 19 10:10:22 2018
5ja19,extrapolation,unmarked,initial,ヨザ,セヒ,SimplePhrase_Comprehension,point_cowboy_pl_waitress_sg,NA,NA,,サスラ ソギナ ヨザ ダクメ セヒ,correct,NA,,NA,134,Fri Oct 19 10:10:28 2018
5ja19,extrapolation,unmarked,initial,ヨザ,セヒ,SimplePhrase_Comprehension,chef_three,NA,NA,,タソヌ ヨザ,correct,NA,,NA,135,Fri Oct 19 10:10:32 2018
5ja19,extrapolation,unmarked,initial,ヨザ,セヒ,SimplePhrase_Comprehension,cowboy,NA,NA,,ソギナ,correct,NA,,NA,136,Fri Oct 19 10:10:36 2018
5ja19,extrapolation,unmarked,initial,ヨザ,セヒ,SimplePhrase_Comprehension,kick_waitress_pl_chef_sg,NA,NA,,ケルラ ダクメ ヨザ タソヌ セヒ,correct,NA,,NA,137,Fri Oct 19 10:10:45 2018
5ja19,extrapolation,unmarked,initial,ヨザ,セヒ,SimplePhrase_Comprehension,chef_four,NA,NA,,タソヌ ヨザ,correct,NA,,NA,138,Fri Oct 19 10:10:49 2018
5ja19,extrapolation,unmarked,initial,ヨザ,セヒ,SimplePhrase_Comprehension,punch_cowboy_sg_chef_sg,NA,NA,,ナグラ ソギナ タソヌ セヒ,correct,NA,,NA,139,Fri Oct 19 10:10:55 2018
5ja19,extrapolation,unmarked,initial,ヨザ,セヒ,SimplePhrase_Comprehension,punch_cowboy_sg_waitress_sg,NA,NA,,ナグラ ソギナ ダクメ セヒ,correct,NA,,NA,140,Fri Oct 19 10:11:01 2018
5ja19,extrapolation,unmarked,initial,ヨザ,セヒ,SimplePhrase_Comprehension,point_cowboy_sg_chef_sg,NA,NA,,サスラ ソギナ タソヌ セヒ,correct,NA,,NA,141,Fri Oct 19 10:11:08 2018
5ja19,extrapolation,unmarked,initial,ヨザ,セヒ,SimplePhrase_Comprehension,kick_waitress_pl_cowboy_sg,NA,NA,,ケルラ ダクメ ヨザ ソギナ セヒ,correct,NA,,NA,142,Fri Oct 19 10:11:14 2018
5ja19,extrapolation,unmarked,initial,ヨザ,セヒ,SimplePhrase_Comprehension,punch_cowboy_sg_burglar_sg,NA,NA,,ナグラ ソギナ ネチビ セヒ,correct,NA,,NA,143,Fri Oct 19 10:11:20 2018
5ja19,extrapolation,unmarked,initial,ヨザ,セヒ,SimplePhrase_Comprehension,point_waitress_sg_burglar_sg,NA,NA,,サスラ ダクメ ネチビ セヒ,correct,NA,,NA,144,Fri Oct 19 10:11:26 2018
5ja19,extrapolation,unmarked,initial,ヨザ,セヒ,SimplePhrase_Typing,burglar,NA,NA,,ネチビ,NA,ネチビ,,NA,145,Fri Oct 19 10:12:07 2018
5ja19,extrapolation,unmarked,initial,ヨザ,セヒ,SimplePhrase_Typing,kick_chef_sg_waitress_sg,NA,NA,,ケルラ タソヌ ダクメ セヒ,NA,(ケルラ タソヌセヒダクメセヒ),,NA,146,Fri Oct 19 10:12:47 2018
5ja19,extrapolation,unmarked,initial,ヨザ,セヒ,SimplePhrase_Typing,chef_three,NA,NA,,タソヌ ヨザ,NA,タソヌヨザ,,NA,147,Fri Oct 19 10:13:00 2018
5ja19,extrapolation,unmarked,initial,ヨザ,セヒ,SimplePhrase_Typing,point_burglar_pl_cowboy_sg,NA,NA,,サスラ ネチビ ヨザ ソギナ セヒ,NA,サスラ ネチビ ヨザソギナセヒ,,NA,148,Fri Oct 19 10:13:28 2018
5ja19,extrapolation,unmarked,initial,ヨザ,セヒ,SimplePhrase_Typing,punch_chef_pl_burglar_sg,NA,NA,,ナグラ タソヌ ヨザ ネチビ セヒ,NA,ナグラ タソヌヨザ ネチビ セヒ,,NA,149,Fri Oct 19 10:13:54 2018
5ja19,extrapolation,unmarked,initial,ヨザ,セヒ,SimplePhrase_Typing,chef_two,NA,NA,,タソヌ ヨザ,NA,タソヌ ヨザ,,NA,150,Fri Oct 19 10:14:09 2018
5ja19,extrapolation,unmarked,initial,ヨザ,セヒ,SimplePhrase_Typing,punch_waitress_pl_chef_sg,NA,NA,,ナグラ ダクメ ヨザ タソヌ セヒ,NA,ナグラ ダクメヨザ タソヌ セヒ,,NA,151,Fri Oct 19 10:14:39 2018
5ja19,extrapolation,unmarked,initial,ヨザ,セヒ,SimplePhrase_Typing,punch_waitress_pl_cowboy_sg,NA,NA,,ナグラ ダクメ ヨザ ソギナ セヒ,NA,ナグラ ダクメ ヨザ ソギナセヒ,,NA,152,Fri Oct 19 10:15:04 2018
5ja19,extrapolation,unmarked,initial,ヨザ,セヒ,SimplePhrase_Typing,cowboy,NA,NA,,ソギナ,NA,ソギナ,,NA,153,Fri Oct 19 10:15:13 2018
5ja19,extrapolation,unmarked,initial,ヨザ,セヒ,SimplePhrase_Typing,waitress_four,NA,NA,,ダクメ ヨザ,NA,ダクメ ヨザ,,NA,154,Fri Oct 19 10:15:24 2018
5ja19,extrapolation,unmarked,initial,ヨザ,セヒ,SimplePhrase_Typing,kick_cowboy_sg_chef_sg,NA,NA,,ケルラ ソギナ タソヌ セヒ,NA,ケルラ ソギナタソヌ セヒ,,NA,155,Fri Oct 19 10:15:53 2018
5ja19,extrapolation,unmarked,initial,ヨザ,セヒ,SimplePhrase_Typing,burglar_three,NA,NA,,ネチビ ヨザ,NA,ネチビ ヨザ,,NA,156,Fri Oct 19 10:16:04 2018
5ja19,extrapolation,unmarked,initial,ヨザ,セヒ,SimplePhrase_Typing,chef,NA,NA,,タソヌ,NA,タソヌ,,NA,157,Fri Oct 19 10:16:12 2018
5ja19,extrapolation,unmarked,initial,ヨザ,セヒ,SimplePhrase_Typing,waitress,NA,NA,,ダクメ,NA,ダクメ,,NA,158,Fri Oct 19 10:16:20 2018
5ja19,extrapolation,unmarked,initial,ヨザ,セヒ,SimplePhrase_Typing,kick_chef_sg_cowboy_sg,NA,NA,,ケルラ タソヌ ソギナ セヒ,NA,ケルラ タソヌソギナ セヒ,,NA,159,Fri Oct 19 10:16:39 2018
5ja19,extrapolation,unmarked,initial,ヨザ,セヒ,SimplePhrase_Typing,point_chef_sg_waitress_sg,NA,NA,,サスラ タソヌ ダクメ セヒ,NA,サスラ タソヌ ダクメ セヒ,,NA,160,Fri Oct 19 10:16:57 2018
5ja19,extrapolation,unmarked,initial,ヨザ,セヒ,ComplexPhrase_Typing,point_burglar_sg_chef_pl,chef,tasonu,,サスラ ネチビ タソヌ ヨザ セヒ,NA,サスラ ネチビ タソヌ ヨザ セヒ,,NA,161,Fri Oct 19 10:17:54 2018
5ja19,extrapolation,unmarked,initial,ヨザ,セヒ,ComplexPhrase_Typing,kick_chef_sg_cowboy_pl,cowboy,sogina,,ケルラ タソヌ ソギナ ヨザ セヒ,NA,ケルラ タソヌ ソギナ ヨザ セヒ,,NA,162,Fri Oct 19 10:18:11 2018
5ja19,extrapolation,unmarked,initial,ヨザ,セヒ,ComplexPhrase_Typing,kick_burglar_sg_waitress_pl,waitress,dakume,,ケルラ ネチビ ダクメ ヨザ セヒ,NA,ケルラ ネチビ ダクメ ヨザ セヒ,,NA,163,Fri Oct 19 10:18:26 2018
5ja19,extrapolation,unmarked,initial,ヨザ,セヒ,ComplexPhrase_Typing,point_cowboy_sg_chef_pl,chef,tasonu,,サスラ ソギナ タソヌ ヨザ セヒ,NA,サスラ ソギナ タソヌ ヨザ セヒ,,NA,164,Fri Oct 19 10:18:42 2018
5ja19,extrapolation,unmarked,initial,ヨザ,セヒ,ComplexPhrase_Typing,kick_chef_sg_cowboy_pl,cowboy,sogina,,ケルラ タソヌ ソギナ ヨザ セヒ,NA,ケルラ タソヌソギナ ヨザ セヒ,,NA,165,Fri Oct 19 10:18:59 2018
5ja19,extrapolation,unmarked,initial,ヨザ,セヒ,ComplexPhrase_Typing,point_cowboy_sg_chef_pl,chef,tasonu,,サスラ ソギナ タソヌ ヨザ セヒ,NA,サスラ ソギナ タソヌ ヨザ セヒ,,NA,166,Fri Oct 19 10:19:13 2018
5ja19,extrapolation,unmarked,initial,ヨザ,セヒ,ComplexPhrase_Typing,point_burglar_sg_chef_pl,chef,tasonu,,サスラ ネチビ タソヌ ヨザ セヒ,NA,サスラ ナチビ タソヌ ヨザ セヒ,,NA,167,Fri Oct 19 10:19:25 2018
5ja19,extrapolation,unmarked,initial,ヨザ,セヒ,ComplexPhrase_Typing,kick_burglar_sg_waitress_pl,waitress,dakume,,ケルラ ネチビ ダクメ ヨザ セヒ,NA,ケルラ ネチビ ダクメ ヨザ セヒ,,NA,168,Fri Oct 19 10:19:38 2018
5ja19,extrapolation,unmarked,initial,ヨザ,セヒ,ComplexPhrase_Typing,point_cowboy_sg_chef_pl,chef,tasonu,,サスラ ソギナ タソヌ ヨザ セヒ,NA,サスラ ソギナ タソヌ ヨザ セヒ,,NA,169,Fri Oct 19 10:19:54 2018
5ja19,extrapolation,unmarked,initial,ヨザ,セヒ,ComplexPhrase_Typing,kick_burglar_sg_waitress_pl,waitress,dakume,,ケルラ ネチビ ダクメ ヨザ セヒ,NA,ケルラ ネチビ ダクメ ヨザ セヒ,,NA,170,Fri Oct 19 10:20:07 2018
5ja19,extrapolation,unmarked,initial,ヨザ,セヒ,ComplexPhrase_Typing,point_burglar_sg_chef_pl,chef,tasonu,,サスラ ネチビ タソヌ ヨザ セヒ,NA,サスラ ナチビ タソヌ ヨザ セヒ,,NA,171,Fri Oct 19 10:20:20 2018
5ja19,extrapolation,unmarked,initial,ヨザ,セヒ,ComplexPhrase_Typing,kick_chef_sg_cowboy_pl,cowboy,sogina,,ケルラ タソヌ ソギナ ヨザ セヒ,NA,ケルラ タソヌ ソギナ ヨザ セヒ,,NA,172,Fri Oct 19 10:20:36 2018
5ja19,extrapolation,unmarked,initial,ヨザ,セヒ,ComplexPhrase_Testing,punch_chef_sg_burglar_pl,burglar,nechibi,,ナグラ タソヌ ネチビ ヨザ セヒ,NA,NA,ナグラ タソヌ ネチビ ヨザ セヒ,NA,173,Fri Oct 19 10:21:33 2018
5ja19,extrapolation,unmarked,initial,ヨザ,セヒ,ComplexPhrase_Testing,kick_burglar_pl_waitress_sg,NA,NA,,ケルラ ネチビ ヨザ ダクメ セヒ,NA,NA,ケルラ ネチビ ヨザ ダクメ セヒ,NA,174,Fri Oct 19 10:21:41 2018
5ja19,extrapolation,unmarked,initial,ヨザ,セヒ,ComplexPhrase_Testing,point_burglar_sg_cowboy_pl,cowboy,sogina,,サスラ ネチビ ソギナ ヨザ セヒ,NA,NA,サスラ ネチビ ソギナ ヨザ セヒ,NA,175,Fri Oct 19 10:21:51 2018
5ja19,extrapolation,unmarked,initial,ヨザ,セヒ,ComplexPhrase_Testing,cowboy_three,NA,NA,,ソギナ ヨザ,NA,NA,ソギナ ヨザ,NA,176,Fri Oct 19 10:21:54 2018
5ja19,extrapolation,unmarked,initial,ヨザ,セヒ,ComplexPhrase_Testing,punch_burglar_sg_cowboy_pl,cowboy,sogina,,ナグラ ネチビ ソギナ ヨザ セヒ,NA,NA,ナグラ ネチビ ソギナ ヨザ セヒ,NA,177,Fri Oct 19 10:22:01 2018
5ja19,extrapolation,unmarked,initial,ヨザ,セヒ,ComplexPhrase_Testing,point_burglar_sg_cowboy_pl,cowboy,sogina,,サスラ ネチビ ソギナ ヨザ セヒ,NA,NA,サスラ ネチビ ソギナ ヨザ セヒ,NA,178,Fri Oct 19 10:22:06 2018
5ja19,extrapolation,unmarked,initial,ヨザ,セヒ,ComplexPhrase_Testing,kick_chef_sg_waitress_pl,waitress,dakume,,ケルラ タソヌ ダクメ ヨザ セヒ,NA,NA,ケルラ タソヌ ダクメ ヨザ セヒ,NA,179,Fri Oct 19 10:22:11 2018
5ja19,extrapolation,unmarked,initial,ヨザ,セヒ,ComplexPhrase_Testing,cowboy_four,NA,NA,,ソギナ ヨザ,NA,NA,ソギナ ヨザ,NA,180,Fri Oct 19 10:22:14 2018
5ja19,extrapolation,unmarked,initial,ヨザ,セヒ,ComplexPhrase_Testing,point_waitress_sg_chef_pl,chef,tasonu,,サスラ ダクメ タソヌ ヨザ セヒ,NA,NA,サスラ ダクメ タソヌ ヨザ セヒ,NA,181,Fri Oct 19 10:22:21 2018
5ja19,extrapolation,unmarked,initial,ヨザ,セヒ,ComplexPhrase_Testing,point_chef_sg_waitress_sg,NA,NA,,サスラ タソヌ ダクメ セヒ,NA,NA,サスラ タソヌ ダクメ セヒ,NA,182,Fri Oct 19 10:22:26 2018
5ja19,extrapolation,unmarked,initial,ヨザ,セヒ,ComplexPhrase_Testing,point_cowboy_sg_waitress_pl,waitress,dakume,,サスラ ソギナ ダクメ ヨザ セヒ,NA,NA,サスラ ソギナ ダクメ ヨザ セヒ,NA,183,Fri Oct 19 10:22:35 2018
5ja19,extrapolation,unmarked,initial,ヨザ,セヒ,ComplexPhrase_Testing,punch_waitress_sg_cowboy_pl,cowboy,sogina,,ナグラ ダクメ ソギナ ヨザ セヒ,NA,NA,ナグラ ダクメ ソギナ ヨザ セヒ,NA,184,Fri Oct 19 10:22:41 2018
5ja19,extrapolation,unmarked,initial,ヨザ,セヒ,ComplexPhrase_Testing,kick_waitress_pl_chef_sg,NA,NA,,ケルラ ダクメ ヨザ タソヌ セヒ,NA,NA,ケルラ ダクメ ヨザ タソヌ セヒ,NA,185,Fri Oct 19 10:22:46 2018
5ja19,extrapolation,unmarked,initial,ヨザ,セヒ,ComplexPhrase_Testing,point_cowboy_sg_waitress_pl,waitress,dakume,,サスラ ソギナ ダクメ ヨザ セヒ,NA,NA,サスラ ソギナ ダクメ ヨザ セヒ,NA,186,Fri Oct 19 10:22:55 2018
5ja19,extrapolation,unmarked,initial,ヨザ,セヒ,ComplexPhrase_Testing,punch_burglar_sg_cowboy_pl,cowboy,sogina,,ナグラ ネチビ ソギナ ヨザ セヒ,NA,NA,ナグラ ネチビ ソギナ ヨザ セヒ,NA,187,Fri Oct 19 10:22:59 2018
5ja19,extrapolation,unmarked,initial,ヨザ,セヒ,ComplexPhrase_Testing,punch_chef_sg_cowboy_pl,cowboy,sogina,,ナグラ タソヌ ソギナ ヨザ セヒ,NA,NA,ナグラ ダクメ ソギナ ヨザ セヒ,NA,188,Fri Oct 19 10:23:04 2018
5ja19,extrapolation,unmarked,initial,ヨザ,セヒ,ComplexPhrase_Testing,waitress_three,NA,NA,,ダクメ ヨザ,NA,NA,ダクメ ヨザ,NA,189,Fri Oct 19 10:23:06 2018
5ja19,extrapolation,unmarked,initial,ヨザ,セヒ,ComplexPhrase_Testing,kick_chef_sg_cowboy_pl,cowboy,sogina,,ケルラ タソヌ ソギナ ヨザ セヒ,NA,NA,ケルラ ダクヌ ソギナ ヨザ セヒ,NA,190,Fri Oct 19 10:23:14 2018
5ja19,extrapolation,unmarked,initial,ヨザ,セヒ,ComplexPhrase_Testing,punch_burglar_sg_cowboy_sg,NA,NA,,ナグラ ネチビ ソギナ セヒ,NA,NA,ナグラ ネチビ ソギナ セヒ,NA,191,Fri Oct 19 10:23:18 2018
5ja19,extrapolation,unmarked,initial,ヨザ,セヒ,ComplexPhrase_Testing,point_waitress_sg_chef_pl,chef,tasonu,,サスラ ダクメ タソヌ ヨザ セヒ,NA,NA,サスラ ダクメ タソヌ ヨザ セヒ,NA,192,Fri Oct 19 10:23:27 2018
5ja19,extrapolation,unmarked,initial,ヨザ,セヒ,ComplexPhrase_Testing,kick_chef_sg_cowboy_pl,cowboy,sogina,,ケルラ タソヌ ソギナ ヨザ セヒ,NA,NA,ケルラ タソヌ ソギナ ヨザ セヒ,NA,193,Fri Oct 19 10:23:33 2018
5ja19,extrapolation,unmarked,initial,ヨザ,セヒ,ComplexPhrase_Testing,punch_burglar_sg_cowboy_pl,cowboy,sogina,,ナグラ ネチビ ソギナ ヨザ セヒ,NA,NA,ナグラ ネチビ ソギナ ヨザ セヒ,NA,194,Fri Oct 19 10:23:37 2018
5ja19,extrapolation,unmarked,initial,ヨザ,セヒ,ComplexPhrase_Testing,chef,NA,NA,,タソヌ,NA,NA,タソヌ,NA,195,Fri Oct 19 10:23:39 2018
5ja19,extrapolation,unmarked,initial,ヨザ,セヒ,ComplexPhrase_Testing,burglar_three,NA,NA,,ネチビ ヨザ,NA,NA,ネチビ ヨザ,NA,196,Fri Oct 19 10:23:43 2018
5ja19,extrapolation,unmarked,initial,ヨザ,セヒ,ComplexPhrase_Testing,point_burglar_sg_chef_pl,chef,tasonu,,サスラ ネチビ タソヌ ヨザ セヒ,NA,NA,サスラ ネチビ タソヌ ヨザ セヒ,NA,197,Fri Oct 19 10:23:49 2018
5ja19,extrapolation,unmarked,initial,ヨザ,セヒ,ComplexPhrase_Testing,kick_burglar_pl_chef_sg,NA,NA,,ケルラ ネチビ ヨザ タソヌ セヒ,NA,NA,ケルラ ネチビ ヨザ タソヌ セヒ,NA,198,Fri Oct 19 10:23:57 2018
5ja19,extrapolation,unmarked,initial,ヨザ,セヒ,ComplexPhrase_Testing,point_chef_sg_burglar_pl,burglar,nechibi,,サスラ タソヌ ネチビ ヨザ セヒ,NA,NA,サスラ タソヌ ネチビ ヨザ セヒ,NA,199,Fri Oct 19 10:24:05 2018
5ja19,extrapolation,unmarked,initial,ヨザ,セヒ,ComplexPhrase_Testing,point_chef_sg_waitress_pl,waitress,dakume,,サスラ タソヌ ダクメ ヨザ セヒ,NA,NA,サスラ タソヌ ダクメ ヨザ セヒ,NA,200,Fri Oct 19 10:24:10 2018
5ja19,extrapolation,unmarked,initial,ヨザ,セヒ,ComplexPhrase_Testing,burglar,NA,NA,,ネチビ,NA,NA,ネチビ,NA,201,Fri Oct 19 10:24:12 2018
5ja19,extrapolation,unmarked,initial,ヨザ,セヒ,ComplexPhrase_Testing,punch_chef_sg_cowboy_pl,cowboy,sogina,,ナグラ タソヌ ソギナ ヨザ セヒ,NA,NA,ナグラ タソヌ ソギナ ヨザ セヒ,NA,202,Fri Oct 19 10:24:19 2018
5ja19,extrapolation,unmarked,initial,ヨザ,セヒ,ComplexPhrase_Testing,kick_chef_sg_waitress_pl,waitress,dakume,,ケルラ タソヌ ダクメ ヨザ セヒ,NA,NA,ケルラ タソヌ ダクメ ヨザ セヒ,NA,203,Fri Oct 19 10:24:23 2018
5ja19,extrapolation,unmarked,initial,ヨザ,セヒ,ComplexPhrase_Testing,point_cowboy_sg_waitress_pl,waitress,dakume,,サスラ ソギナ ダクメ ヨザ セヒ,NA,NA,サスラ ソギナ ダクメ ヨザ セヒ,NA,204,Fri Oct 19 10:24:27 2018
5ja19,extrapolation,unmarked,initial,ヨザ,セヒ,ComplexPhrase_Testing,point_burglar_sg_cowboy_pl,cowboy,sogina,,サスラ ネチビ ソギナ ヨザ セヒ,NA,NA,サスラ ネチビ ソギナ ヨザ セヒ,NA,205,Fri Oct 19 10:24:32 2018
5ja19,extrapolation,unmarked,initial,ヨザ,セヒ,ComplexPhrase_Testing,burglar_two,NA,NA,,ネチビ ヨザ,NA,NA,ネチビ ヨザ,NA,206,Fri Oct 19 10:24:34 2018
5ja19,extrapolation,unmarked,initial,ヨザ,セヒ,ComplexPhrase_Testing,point_chef_sg_waitress_pl,waitress,dakume,,サスラ タソヌ ダクメ ヨザ セヒ,NA,NA,サスラ タソヌ ダクメ ヨザ セヒ,NA,207,Fri Oct 19 10:24:41 2018
5ja19,extrapolation,unmarked,initial,ヨザ,セヒ,ComplexPhrase_Testing,punch_chef_sg_cowboy_pl,cowboy,sogina,,ナグラ タソヌ ソギナ ヨザ セヒ,NA,NA,ナグラ タソヌ ソギナ ヨザ セヒ,NA,208,Fri Oct 19 10:24:45 2018
5ja19,extrapolation,unmarked,initial,ヨザ,セヒ,ComplexPhrase_Testing,point_burglar_sg_chef_pl,chef,tasonu,,サスラ ネチビ タソヌ ヨザ セヒ,NA,NA,サスラ ネチビ タソヌ ヨザ セヒ,NA,209,Fri Oct 19 10:24:51 2018
5ja19,extrapolation,unmarked,initial,ヨザ,セヒ,ComplexPhrase_Testing,kick_waitress_sg_burglar_sg,NA,NA,,ケルラ ダクメ ネチビ セヒ,NA,NA,(ケルラ ダクメ ネチビ ヨザ),NA,210,Fri Oct 19 10:24:56 2018
5ja19,extrapolation,unmarked,initial,ヨザ,セヒ,ComplexPhrase_Testing,point_chef_sg_waitress_pl,waitress,dakume,,サスラ タソヌ ダクメ ヨザ セヒ,NA,NA,サスラ タソヌ ダクメ ヨザ セヒ,NA,211,Fri Oct 19 10:25:04 2018
5ja19,extrapolation,unmarked,initial,ヨザ,セヒ,ComplexPhrase_Testing,punch_waitress_sg_cowboy_pl,cowboy,sogina,,ナグラ ダクメ ソギナ ヨザ セヒ,NA,NA,ナグラ ダクメ ソギナ ヨザ セヒ,NA,212,Fri Oct 19 10:25:08 2018
5ja19,extrapolation,unmarked,initial,ヨザ,セヒ,ComplexPhrase_Testing,point_waitress_sg_chef_pl,chef,tasonu,,サスラ ダクメ タソヌ ヨザ セヒ,NA,NA,サスラ ダクメ タソヌ ヨザ セヒ,NA,213,Fri Oct 19 10:25:13 2018
5ja19,extrapolation,unmarked,initial,ヨザ,セヒ,ComplexPhrase_Testing,punch_chef_sg_burglar_pl,burglar,nechibi,,ナグラ タソヌ ネチビ ヨザ セヒ,NA,NA,ナグラ タソヌ ネチビ ヨザ セヒ,NA,214,Fri Oct 19 10:25:18 2018
5ja19,extrapolation,unmarked,initial,ヨザ,セヒ,ComplexPhrase_Testing,kick_chef_sg_waitress_pl,waitress,dakume,,ケルラ タソヌ ダクメ ヨザ セヒ,NA,NA,ケルラ タソヌ ダクメ ヨザ セヒ,NA,215,Fri Oct 19 10:25:22 2018
5ja19,extrapolation,unmarked,initial,ヨザ,セヒ,ComplexPhrase_Testing,kick_chef_pl_burglar_sg,NA,NA,,ケルラ タソヌ ヨザ ネチビ セヒ,NA,NA,ケルラ タソヌ ヨザ ネチビ セヒ,NA,216,Fri Oct 19 10:25:27 2018
5ja19,extrapolation,unmarked,initial,ヨザ,セヒ,ComplexPhrase_Testing,punch_chef_sg_burglar_pl,burglar,nechibi,,ナグラ タソヌ ネチビ ヨザ セヒ,NA,NA,ナグラ タソヌ ネチビ ヨザ セヒ,NA,217,Fri Oct 19 10:25:36 2018
5ja19,extrapolation,unmarked,initial,ヨザ,セヒ,ComplexPhrase_Testing,waitress_two,NA,NA,,ダクメ ヨザ,NA,NA,ダクメ ヨザ,NA,218,Fri Oct 19 10:25:38 2018
5ja19,extrapolation,unmarked,initial,ヨザ,セヒ,ComplexPhrase_Testing,point_chef_sg_burglar_pl,burglar,nechibi,,サスラ タソヌ ネチビ ヨザ セヒ,NA,NA,サスラ タソヌ ネチビ ヨザ セヒ,NA,219,Fri Oct 19 10:25:44 2018
5ja19,extrapolation,unmarked,initial,ヨザ,セヒ,ComplexPhrase_Testing,cowboy,NA,NA,,ソギナ,NA,NA,ソギナ,NA,220,Fri Oct 19 10:25:46 2018
5ja19,extrapolation,unmarked,initial,ヨザ,セヒ,ComplexPhrase_Testing,point_cowboy_sg_burglar_sg,NA,NA,,サスラ ソギナ ネチビ セヒ,NA,NA,サスラ ソギナ ネチビ セヒ,NA,221,Fri Oct 19 10:25:52 2018
5ja19,extrapolation,unmarked,initial,ヨザ,セヒ,ComplexPhrase_Testing,waitress,NA,NA,,ダクメ,NA,NA,ダクメ,NA,222,Fri Oct 19 10:25:57 2018
5ja19,extrapolation,unmarked,initial,ヨザ,セヒ,ComplexPhrase_Testing,point_cowboy_sg_waitress_sg,NA,NA,,サスラ ソギナ ダクメ セヒ,NA,NA,サスラ ソギナ ダクメ セヒ,NA,223,Fri Oct 19 10:26:03 2018
5ja19,extrapolation,unmarked,initial,ヨザ,セヒ,ComplexPhrase_Testing,point_burglar_sg_chef_pl,chef,tasonu,,サスラ ネチビ タソヌ ヨザ セヒ,NA,NA,サスラ ネチビ タソヌ ヨザ セヒ,NA,224,Fri Oct 19 10:26:11 2018
5ja19,extrapolation,unmarked,initial,ヨザ,セヒ,ComplexPhrase_Testing,punch_burglar_sg_chef_sg,NA,NA,,ナグラ ネチビ タソヌ セヒ,NA,NA,(ナグラ ネチビ タソヌ ヨザ),NA,225,Fri Oct 19 10:26:16 2018
5ja19,extrapolation,unmarked,initial,ヨザ,セヒ,ComplexPhrase_Testing,point_chef_sg_burglar_pl,burglar,nechibi,,サスラ タソヌ ネチビ ヨザ セヒ,NA,NA,サスラ タソヌ ネチビ ヨザ セヒ,NA,226,Fri Oct 19 10:26:24 2018
5ja19,extrapolation,unmarked,initial,ヨザ,セヒ,ComplexPhrase_Testing,punch_chef_pl_cowboy_sg,NA,NA,,ナグラ タソヌ ヨザ ソギナ セヒ,NA,NA,ナグラ タソヌ ヨザ ソギナ セヒ,NA,227,Fri Oct 19 10:26:29 2018
5ja19,extrapolation,unmarked,initial,ヨザ,セヒ,ComplexPhrase_Testing,punch_burglar_pl_waitress_sg,NA,NA,,ナグラ ネチビ ヨザ ダクメ セヒ,NA,NA,ナグラ ネチビ ヨザ ダクメ セヒ,NA,228,Fri Oct 19 10:26:37 2018
5ja19,extrapolation,unmarked,initial,ヨザ,セヒ,ComplexPhrase_Testing,punch_waitress_sg_cowboy_pl,cowboy,sogina,,ナグラ ダクメ ソギナ ヨザ セヒ,NA,NA,ナグラ ダクメ ソギナ ヨザ セヒ,NA,229,Fri Oct 19 10:26:47 2018
5ja19,extrapolation,unmarked,initial,ヨザ,セヒ,ComplexPhrase_Testing,kick_chef_sg_cowboy_pl,cowboy,sogina,,ケルラ タソヌ ソギナ ヨザ セヒ,NA,NA,ケルラ タソヌ ソギナ ヨザ セヒ,NA,230,Fri Oct 19 10:26:52 2018
5ja19,extrapolation,unmarked,initial,ヨザ,セヒ,Questionnaire,NA,NA,NA,,NA,NA,NA,plural,スウニン,,Fri Oct 19 10:28:29 2018
5ja19,extrapolation,unmarked,initial,ヨザ,セヒ,Questionnaire,NA,NA,NA,,NA,NA,NA,accusative,ウケテ,,Fri Oct 19 10:28:29 2018
5ja19,extrapolation,unmarked,initial,ヨザ,セヒ,Questionnaire,NA,NA,NA,,NA,NA,NA,after,ウシロ,,Fri Oct 19 10:28:29 2018
5ja19,extrapolation,unmarked,initial,ヨザ,セヒ,Questionnaire,NA,NA,NA,,NA,NA,NA,after,ウシロ,,Fri Oct 19 10:28:29 2018
5ja19,extrapolation,unmarked,initial,ヨザ,セヒ,Questionnaire,NA,NA,NA,,NA,NA,NA,Japanese,ニホンゴ,,Fri Oct 19 10:28:29 2018