ID,Condition,MajorityOrder,NounPosition,markerNum,markerCase,Phase,Meaning,NounItem,InputSentence,Selection,TypedResponse,SpokenResponse,AnswerQuest,Trial,date&time
5502,extrapolation,unmarked,initial,sa,gu,Noun_Training,cowboy,NA,vaem,NA,NA,,NA,1,Wed May  9 15:02:53 2018
5502,extrapolation,unmarked,initial,sa,gu,Noun_Training,cowboy,NA,vaem,NA,NA,,NA,2,Wed May  9 15:02:57 2018
5502,extrapolation,unmarked,initial,sa,gu,Noun_Training,burglar,NA,negid,NA,NA,,NA,3,Wed May  9 15:03:02 2018
5502,extrapolation,unmarked,initial,sa,gu,Noun_Training,chef,NA,tumbat,NA,NA,,NA,4,Wed May  9 15:03:07 2018
5502,extrapolation,unmarked,initial,sa,gu,Noun_Training,cowboy,NA,vaem,NA,NA,,NA,5,Wed May  9 15:03:12 2018
5502,extrapolation,unmarked,initial,sa,gu,Noun_Training,chef,NA,tumbat,NA,NA,,NA,6,Wed May  9 15:03:17 2018
5502,extrapolation,unmarked,initial,sa,gu,Noun_Training,chef,NA,tumbat,NA,NA,,NA,7,Wed May  9 15:03:22 2018
5502,extrapolation,unmarked,initial,sa,gu,Noun_Training,burglar,NA,negid,NA,NA,,NA,8,Wed May  9 15:03:26 2018
5502,extrapolation,unmarked,initial,sa,gu,Noun_Training,cowboy,NA,vaem,NA,NA,,NA,9,Wed May  9 15:03:31 2018
5502,extrapolation,unmarked,initial,sa,gu,Noun_Training,chef,NA,tumbat,NA,NA,,NA,10,Wed May  9 15:03:36 2018
5502,extrapolation,unmarked,initial,sa,gu,Noun_Training,waitress,NA,nork,NA,NA,,NA,11,Wed May  9 15:03:41 2018
5502,extrapolation,unmarked,initial,sa,gu,Noun_Training,chef,NA,tumbat,NA,NA,,NA,12,Wed May  9 15:03:46 2018
5502,extrapolation,unmarked,initial,sa,gu,Noun_Training,burglar,NA,negid,NA,NA,,NA,13,Wed May  9 15:03:51 2018
5502,extrapolation,unmarked,initial,sa,gu,Noun_Training,burglar,NA,negid,NA,NA,,NA,14,Wed May  9 15:03:55 2018
5502,extrapolation,unmarked,initial,sa,gu,Noun_Training,cowboy,NA,vaem,NA,NA,,NA,15,Wed May  9 15:04:00 2018
5502,extrapolation,unmarked,initial,sa,gu,Noun_Training,waitress,NA,nork,NA,NA,,NA,16,Wed May  9 15:04:05 2018
5502,extrapolation,unmarked,initial,sa,gu,Noun_Training,waitress,NA,nork,NA,NA,,NA,17,Wed May  9 15:04:10 2018
5502,extrapolation,unmarked,initial,sa,gu,Noun_Training,waitress,NA,nork,NA,NA,,NA,18,Wed May  9 15:04:15 2018
5502,extrapolation,unmarked,initial,sa,gu,Noun_Training,chef,NA,tumbat,NA,NA,,NA,19,Wed May  9 15:04:20 2018
5502,extrapolation,unmarked,initial,sa,gu,Noun_Training,burglar,NA,negid,NA,NA,,NA,20,Wed May  9 15:04:25 2018
5502,extrapolation,unmarked,initial,sa,gu,Noun_Training,waitress,NA,nork,NA,NA,,NA,21,Wed May  9 15:04:30 2018
5502,extrapolation,unmarked,initial,sa,gu,Noun_Training,cowboy,NA,vaem,NA,NA,,NA,22,Wed May  9 15:04:34 2018
5502,extrapolation,unmarked,initial,sa,gu,Noun_Training,burglar,NA,negid,NA,NA,,NA,23,Wed May  9 15:04:39 2018
5502,extrapolation,unmarked,initial,sa,gu,Noun_Training,waitress,NA,nork,NA,NA,,NA,24,Wed May  9 15:04:44 2018
5502,extrapolation,unmarked,initial,sa,gu,Noun_Selection,waitress,NA,nork,correct,NA,,NA,25,Wed May  9 15:05:06 2018
5502,extrapolation,unmarked,initial,sa,gu,Noun_Selection,cowboy,NA,vaem,correct,NA,,NA,26,Wed May  9 15:05:10 2018
5502,extrapolation,unmarked,initial,sa,gu,Noun_Selection,burglar,NA,negid,correct,NA,,NA,27,Wed May  9 15:05:13 2018
5502,extrapolation,unmarked,initial,sa,gu,Noun_Selection,chef,NA,tumbat,correct,NA,,NA,28,Wed May  9 15:05:16 2018
5502,extrapolation,unmarked,initial,sa,gu,Noun_Selection,cowboy,NA,vaem,correct,NA,,NA,29,Wed May  9 15:05:18 2018
5502,extrapolation,unmarked,initial,sa,gu,Noun_Selection,chef,NA,tumbat,correct,NA,,NA,30,Wed May  9 15:05:21 2018
5502,extrapolation,unmarked,initial,sa,gu,Noun_Selection,cowboy,NA,vaem,correct,NA,,NA,31,Wed May  9 15:05:26 2018
5502,extrapolation,unmarked,initial,sa,gu,Noun_Selection,burglar,NA,negid,correct,NA,,NA,32,Wed May  9 15:05:29 2018
5502,extrapolation,unmarked,initial,sa,gu,Noun_Selection,burglar,NA,negid,correct,NA,,NA,33,Wed May  9 15:05:32 2018
5502,extrapolation,unmarked,initial,sa,gu,Noun_Selection,waitress,NA,nork,correct,NA,,NA,34,Wed May  9 15:05:34 2018
5502,extrapolation,unmarked,initial,sa,gu,Noun_Selection,chef,NA,tumbat,correct,NA,,NA,35,Wed May  9 15:05:37 2018
5502,extrapolation,unmarked,initial,sa,gu,Noun_Selection,waitress,NA,nork,correct,NA,,NA,36,Wed May  9 15:05:40 2018
5502,extrapolation,unmarked,initial,sa,gu,Noun_Testing,waitress,NA,nork,NA,NA,,NA,37,Wed May  9 15:06:03 2018
5502,extrapolation,unmarked,initial,sa,gu,Noun_Testing,chef,NA,tumbat,NA,NA,,NA,38,Wed May  9 15:06:07 2018
5502,extrapolation,unmarked,initial,sa,gu,Noun_Testing,burglar,NA,negid,NA,NA,,NA,39,Wed May  9 15:06:11 2018
5502,extrapolation,unmarked,initial,sa,gu,Noun_Testing,waitress,NA,nork,NA,NA,,NA,40,Wed May  9 15:06:13 2018
5502,extrapolation,unmarked,initial,sa,gu,Noun_Testing,chef,NA,tumbat,NA,NA,,NA,41,Wed May  9 15:06:17 2018
5502,extrapolation,unmarked,initial,sa,gu,Noun_Testing,burglar,NA,negid,NA,NA,,NA,42,Wed May  9 15:06:21 2018
5502,extrapolation,unmarked,initial,sa,gu,Noun_Testing,cowboy,NA,vaem,NA,NA,,NA,43,Wed May  9 15:06:25 2018
5502,extrapolation,unmarked,initial,sa,gu,Noun_Testing,waitress,NA,nork,NA,NA,,NA,44,Wed May  9 15:06:29 2018
5502,extrapolation,unmarked,initial,sa,gu,Noun_Testing,cowboy,NA,vaem,NA,NA,,NA,45,Wed May  9 15:06:33 2018
5502,extrapolation,unmarked,initial,sa,gu,Noun_Testing,chef,NA,tumbat,NA,NA,,NA,46,Wed May  9 15:06:37 2018
5502,extrapolation,unmarked,initial,sa,gu,Noun_Testing,burglar,NA,negid,NA,NA,,NA,47,Wed May  9 15:06:41 2018
5502,extrapolation,unmarked,initial,sa,gu,Noun_Testing,cowboy,NA,vaem,NA,NA,,NA,48,Wed May  9 15:06:45 2018
5502,extrapolation,unmarked,initial,sa,gu,SimplePhrase_Training,chef,NA,tumbat,NA,NA,,NA,49,Wed May  9 15:07:18 2018
5502,extrapolation,unmarked,initial,sa,gu,SimplePhrase_Training,kick_cowboy_pl_burglar_sg,NA,kikim vaem sa negid gu,NA,NA,,NA,50,Wed May  9 15:07:26 2018
5502,extrapolation,unmarked,initial,sa,gu,SimplePhrase_Training,punch_waitress_sg_burglar_sg,NA,straikim nork negid gu,NA,NA,,NA,51,Wed May  9 15:07:33 2018
5502,extrapolation,unmarked,initial,sa,gu,SimplePhrase_Training,cowboy,NA,vaem,NA,NA,,NA,52,Wed May  9 15:07:38 2018
5502,extrapolation,unmarked,initial,sa,gu,SimplePhrase_Training,chef,NA,tumbat,NA,NA,,NA,53,Wed May  9 15:07:43 2018
5502,extrapolation,unmarked,initial,sa,gu,SimplePhrase_Training,point_cowboy_pl_chef_sg,NA,poinim vaem sa tumbat gu,NA,NA,,NA,54,Wed May  9 15:07:51 2018
5502,extrapolation,unmarked,initial,sa,gu,SimplePhrase_Training,point_waitress_pl_burglar_sg,NA,poinim nork sa negid gu,NA,NA,,NA,55,Wed May  9 15:07:58 2018
5502,extrapolation,unmarked,initial,sa,gu,SimplePhrase_Training,point_chef_pl_cowboy_sg,NA,poinim tumbat sa vaem gu,NA,NA,,NA,56,Wed May  9 15:08:06 2018
5502,extrapolation,unmarked,initial,sa,gu,SimplePhrase_Training,point_burglar_sg_cowboy_sg,NA,poinim negid vaem gu,NA,NA,,NA,57,Wed May  9 15:08:13 2018
5502,extrapolation,unmarked,initial,sa,gu,SimplePhrase_Training,punch_burglar_sg_waitress_sg,NA,straikim negid nork gu,NA,NA,,NA,58,Wed May  9 15:08:20 2018
5502,extrapolation,unmarked,initial,sa,gu,SimplePhrase_Training,kick_burglar_sg_cowboy_sg,NA,kikim negid vaem gu,NA,NA,,NA,59,Wed May  9 15:08:28 2018
5502,extrapolation,unmarked,initial,sa,gu,SimplePhrase_Training,burglar,NA,negid,NA,NA,,NA,60,Wed May  9 15:08:32 2018
5502,extrapolation,unmarked,initial,sa,gu,SimplePhrase_Training,point_waitress_pl_cowboy_sg,NA,poinim nork sa vaem gu,NA,NA,,NA,61,Wed May  9 15:08:40 2018
5502,extrapolation,unmarked,initial,sa,gu,SimplePhrase_Training,punch_burglar_sg_chef_sg,NA,straikim negid tumbat gu,NA,NA,,NA,62,Wed May  9 15:08:47 2018
5502,extrapolation,unmarked,initial,sa,gu,SimplePhrase_Training,punch_waitress_sg_cowboy_sg,NA,straikim nork vaem gu,NA,NA,,NA,63,Wed May  9 15:08:55 2018
5502,extrapolation,unmarked,initial,sa,gu,SimplePhrase_Training,cowboy,NA,vaem,NA,NA,,NA,64,Wed May  9 15:09:00 2018
5502,extrapolation,unmarked,initial,sa,gu,SimplePhrase_Training,kick_burglar_pl_waitress_sg,NA,kikim negid sa nork gu,NA,NA,,NA,65,Wed May  9 15:09:07 2018
5502,extrapolation,unmarked,initial,sa,gu,SimplePhrase_Training,kick_waitress_sg_burglar_sg,NA,kikim nork negid gu,NA,NA,,NA,66,Wed May  9 15:09:14 2018
5502,extrapolation,unmarked,initial,sa,gu,SimplePhrase_Training,point_waitress_sg_chef_sg,NA,poinim nork tumbat gu,NA,NA,,NA,67,Wed May  9 15:09:22 2018
5502,extrapolation,unmarked,initial,sa,gu,SimplePhrase_Training,kick_burglar_pl_chef_sg,NA,kikim negid sa tumbat gu,NA,NA,,NA,68,Wed May  9 15:09:29 2018
5502,extrapolation,unmarked,initial,sa,gu,SimplePhrase_Training,punch_chef_pl_waitress_sg,NA,straikim tumbat sa nork gu,NA,NA,,NA,69,Wed May  9 15:09:37 2018
5502,extrapolation,unmarked,initial,sa,gu,SimplePhrase_Training,point_chef_pl_waitress_sg,NA,poinim tumbat sa nork gu,NA,NA,,NA,70,Wed May  9 15:09:44 2018
5502,extrapolation,unmarked,initial,sa,gu,SimplePhrase_Training,punch_cowboy_pl_waitress_sg,NA,straikim vaem sa nork gu,NA,NA,,NA,71,Wed May  9 15:09:52 2018
5502,extrapolation,unmarked,initial,sa,gu,SimplePhrase_Training,kick_cowboy_sg_chef_sg,NA,kikim vaem tumbat gu,NA,NA,,NA,72,Wed May  9 15:09:59 2018
5502,extrapolation,unmarked,initial,sa,gu,SimplePhrase_Training,punch_burglar_sg_cowboy_sg,NA,straikim negid vaem gu,NA,NA,,NA,73,Wed May  9 15:10:06 2018
5502,extrapolation,unmarked,initial,sa,gu,SimplePhrase_Training,kick_cowboy_sg_waitress_sg,NA,kikim vaem nork gu,NA,NA,,NA,74,Wed May  9 15:10:14 2018
5502,extrapolation,unmarked,initial,sa,gu,SimplePhrase_Training,punch_cowboy_sg_chef_sg,NA,straikim vaem tumbat gu,NA,NA,,NA,75,Wed May  9 15:10:21 2018
5502,extrapolation,unmarked,initial,sa,gu,SimplePhrase_Training,punch_chef_sg_burglar_sg,NA,straikim tumbat negid gu,NA,NA,,NA,76,Wed May  9 15:10:28 2018
5502,extrapolation,unmarked,initial,sa,gu,SimplePhrase_Training,point_burglar_pl_chef_sg,NA,poinim negid sa tumbat gu,NA,NA,,NA,77,Wed May  9 15:10:36 2018
5502,extrapolation,unmarked,initial,sa,gu,SimplePhrase_Training,point_cowboy_pl_waitress_sg,NA,poinim vaem sa nork gu,NA,NA,,NA,78,Wed May  9 15:10:43 2018
5502,extrapolation,unmarked,initial,sa,gu,SimplePhrase_Training,point_burglar_pl_waitress_sg,NA,poinim negid sa nork gu,NA,NA,,NA,79,Wed May  9 15:10:51 2018
5502,extrapolation,unmarked,initial,sa,gu,SimplePhrase_Training,punch_waitress_pl_chef_sg,NA,straikim nork sa tumbat gu,NA,NA,,NA,80,Wed May  9 15:10:59 2018
5502,extrapolation,unmarked,initial,sa,gu,SimplePhrase_Training,point_cowboy_pl_burglar_sg,NA,poinim vaem sa negid gu,NA,NA,,NA,81,Wed May  9 15:11:06 2018
5502,extrapolation,unmarked,initial,sa,gu,SimplePhrase_Training,punch_chef_pl_cowboy_sg,NA,straikim tumbat sa vaem gu,NA,NA,,NA,82,Wed May  9 15:11:14 2018
5502,extrapolation,unmarked,initial,sa,gu,SimplePhrase_Training,kick_chef_pl_cowboy_sg,NA,kikim tumbat sa vaem gu,NA,NA,,NA,83,Wed May  9 15:11:21 2018
5502,extrapolation,unmarked,initial,sa,gu,SimplePhrase_Training,kick_chef_sg_waitress_sg,NA,kikim tumbat nork gu,NA,NA,,NA,84,Wed May  9 15:11:28 2018
5502,extrapolation,unmarked,initial,sa,gu,SimplePhrase_Training,kick_chef_sg_burglar_sg,NA,kikim tumbat negid gu,NA,NA,,NA,85,Wed May  9 15:11:36 2018
5502,extrapolation,unmarked,initial,sa,gu,SimplePhrase_Training,waitress,NA,nork,NA,NA,,NA,86,Wed May  9 15:11:41 2018
5502,extrapolation,unmarked,initial,sa,gu,SimplePhrase_Training,waitress,NA,nork,NA,NA,,NA,87,Wed May  9 15:11:46 2018
5502,extrapolation,unmarked,initial,sa,gu,SimplePhrase_Training,burglar,NA,negid,NA,NA,,NA,88,Wed May  9 15:11:50 2018
5502,extrapolation,unmarked,initial,sa,gu,SimplePhrase_Training,punch_cowboy_sg_burglar_sg,NA,straikim vaem negid gu,NA,NA,,NA,89,Wed May  9 15:11:58 2018
5502,extrapolation,unmarked,initial,sa,gu,SimplePhrase_Training,kick_waitress_sg_chef_sg,NA,kikim nork tumbat gu,NA,NA,,NA,90,Wed May  9 15:12:05 2018
5502,extrapolation,unmarked,initial,sa,gu,SimplePhrase_Training,point_chef_sg_burglar_sg,NA,poinim tumbat negid gu,NA,NA,,NA,91,Wed May  9 15:12:13 2018
5502,extrapolation,unmarked,initial,sa,gu,SimplePhrase_Training,kick_waitress_pl_cowboy_sg,NA,kikim nork sa vaem gu,NA,NA,,NA,92,Wed May  9 15:12:20 2018
5502,extrapolation,unmarked,initial,sa,gu,SimplePhrase_Comprehension,kick_cowboy_pl_chef_sg,NA,kikim vaem sa tumbat gu,correct,NA,,NA,93,Wed May  9 15:12:44 2018
5502,extrapolation,unmarked,initial,sa,gu,SimplePhrase_Comprehension,point_burglar_sg_chef_sg,NA,poinim negid tumbat gu,correct,NA,,NA,94,Wed May  9 15:12:49 2018
5502,extrapolation,unmarked,initial,sa,gu,SimplePhrase_Comprehension,point_cowboy_sg_waitress_sg,NA,poinim vaem nork gu,correct,NA,,NA,95,Wed May  9 15:12:55 2018
5502,extrapolation,unmarked,initial,sa,gu,SimplePhrase_Comprehension,punch_burglar_pl_cowboy_sg,NA,straikim negid sa vaem gu,correct,NA,,NA,96,Wed May  9 15:13:01 2018
5502,extrapolation,unmarked,initial,sa,gu,SimplePhrase_Comprehension,kick_waitress_pl_chef_sg,NA,kikim nork sa tumbat gu,correct,NA,,NA,97,Wed May  9 15:13:07 2018
5502,extrapolation,unmarked,initial,sa,gu,SimplePhrase_Comprehension,punch_cowboy_pl_chef_sg,NA,straikim vaem sa tumbat gu,correct,NA,,NA,98,Wed May  9 15:13:13 2018
5502,extrapolation,unmarked,initial,sa,gu,SimplePhrase_Comprehension,point_waitress_pl_chef_sg,NA,poinim nork sa tumbat gu,correct,NA,,NA,99,Wed May  9 15:13:19 2018
5502,extrapolation,unmarked,initial,sa,gu,SimplePhrase_Comprehension,punch_chef_pl_burglar_sg,NA,straikim tumbat sa negid gu,correct,NA,,NA,100,Wed May  9 15:13:26 2018
5502,extrapolation,unmarked,initial,sa,gu,SimplePhrase_Comprehension,kick_chef_sg_cowboy_sg,NA,kikim tumbat vaem gu,correct,NA,,NA,101,Wed May  9 15:13:31 2018
5502,extrapolation,unmarked,initial,sa,gu,SimplePhrase_Comprehension,punch_chef_sg_cowboy_sg,NA,straikim tumbat vaem gu,wrong,NA,,NA,102,Wed May  9 15:13:41 2018
5502,extrapolation,unmarked,initial,sa,gu,SimplePhrase_Comprehension,point_burglar_pl_cowboy_sg,NA,poinim negid sa vaem gu,correct,NA,,NA,103,Wed May  9 15:13:48 2018
5502,extrapolation,unmarked,initial,sa,gu,SimplePhrase_Comprehension,point_chef_sg_cowboy_sg,NA,poinim tumbat vaem gu,correct,NA,,NA,104,Wed May  9 15:13:54 2018
5502,extrapolation,unmarked,initial,sa,gu,SimplePhrase_Comprehension,punch_cowboy_sg_waitress_sg,NA,straikim vaem nork gu,correct,NA,,NA,105,Wed May  9 15:13:59 2018
5502,extrapolation,unmarked,initial,sa,gu,SimplePhrase_Comprehension,kick_burglar_pl_cowboy_sg,NA,kikim negid sa vaem gu,correct,NA,,NA,106,Wed May  9 15:14:05 2018
5502,extrapolation,unmarked,initial,sa,gu,SimplePhrase_Comprehension,kick_burglar_sg_waitress_sg,NA,kikim negid nork gu,correct,NA,,NA,107,Wed May  9 15:14:10 2018
5502,extrapolation,unmarked,initial,sa,gu,SimplePhrase_Comprehension,point_cowboy_sg_chef_sg,NA,poinim vaem tumbat gu,correct,NA,,NA,108,Wed May  9 15:14:16 2018
5502,extrapolation,unmarked,initial,sa,gu,SimplePhrase_Comprehension,kick_waitress_sg_cowboy_sg,NA,kikim nork vaem gu,correct,NA,,NA,109,Wed May  9 15:14:21 2018
5502,extrapolation,unmarked,initial,sa,gu,SimplePhrase_Comprehension,punch_waitress_pl_burglar_sg,NA,straikim nork sa negid gu,correct,NA,,NA,110,Wed May  9 15:14:27 2018
5502,extrapolation,unmarked,initial,sa,gu,SimplePhrase_Comprehension,point_cowboy_sg_burglar_sg,NA,poinim vaem negid gu,correct,NA,,NA,111,Wed May  9 15:14:33 2018
5502,extrapolation,unmarked,initial,sa,gu,SimplePhrase_Comprehension,point_chef_pl_burglar_sg,NA,poinim tumbat sa negid gu,correct,NA,,NA,112,Wed May  9 15:14:39 2018
5502,extrapolation,unmarked,initial,sa,gu,SimplePhrase_Typing,kick_cowboy_sg_chef_sg,NA,kikim vaem tumbat gu,NA,kikim vaem tumbat gu,,NA,113,Wed May  9 15:15:29 2018
5502,extrapolation,unmarked,initial,sa,gu,SimplePhrase_Typing,waitress,NA,nork,NA,nork,,NA,114,Wed May  9 15:15:36 2018
5502,extrapolation,unmarked,initial,sa,gu,SimplePhrase_Typing,burglar,NA,negid,NA,negid,,NA,115,Wed May  9 15:15:45 2018
5502,extrapolation,unmarked,initial,sa,gu,SimplePhrase_Typing,point_cowboy_pl_burglar_sg,NA,poinim vaem sa negid gu,NA,poinim vaem sa negid gu,,NA,116,Wed May  9 15:15:58 2018
5502,extrapolation,unmarked,initial,sa,gu,SimplePhrase_Typing,cowboy,NA,vaem,NA,vaem,,NA,117,Wed May  9 15:16:04 2018
5502,extrapolation,unmarked,initial,sa,gu,SimplePhrase_Typing,kick_burglar_pl_chef_sg,NA,kikim negid sa tumbat gu,NA,kikim negid sa tumbat gu,,NA,118,Wed May  9 15:16:15 2018
5502,extrapolation,unmarked,initial,sa,gu,SimplePhrase_Typing,kick_burglar_sg_cowboy_sg,NA,kikim negid vaem gu,NA,kikim negid vaem gu,,NA,119,Wed May  9 15:16:27 2018
5502,extrapolation,unmarked,initial,sa,gu,SimplePhrase_Typing,point_waitress_pl_burglar_sg,NA,poinim nork sa negid gu,NA,poinim nork sa negid gu,,NA,120,Wed May  9 15:16:37 2018
5502,extrapolation,unmarked,initial,sa,gu,SimplePhrase_Typing,chef,NA,tumbat,NA,tumbat,,NA,121,Wed May  9 15:16:43 2018
5502,extrapolation,unmarked,initial,sa,gu,SimplePhrase_Typing,point_cowboy_pl_chef_sg,NA,poinim vaem sa tumbat gu,NA,poinim vaem sa tumbat gu,,NA,122,Wed May  9 15:16:53 2018
5502,extrapolation,unmarked,initial,sa,gu,SimplePhrase_Typing,point_chef_sg_burglar_sg,NA,poinim tumbat negid gu,NA,poinim tumbat negid gu,,NA,123,Wed May  9 15:17:05 2018
5502,extrapolation,unmarked,initial,sa,gu,SimplePhrase_Typing,punch_burglar_sg_chef_sg,NA,straikim negid tumbat gu,NA,straikim negid tumbat gu,,NA,124,Wed May  9 15:17:17 2018
5502,extrapolation,unmarked,initial,sa,gu,ComplexPhrase_Typing,punch_chef_sg_burglar_pl,burglar,straikim tumbat negid sa gu,NA,straikim tumbat negid sa gu,,NA,125,Wed May  9 15:17:49 2018
5502,extrapolation,unmarked,initial,sa,gu,ComplexPhrase_Typing,punch_cowboy_sg_chef_pl,chef,straikim vaem tumbat sa gu,NA,straikim vaem tumbat sa gu,,NA,126,Wed May  9 15:17:57 2018
5502,extrapolation,unmarked,initial,sa,gu,ComplexPhrase_Typing,kick_cowboy_sg_chef_pl,chef,kikim vaem tumbat sa gu,NA,kikim vaem tumbat sa gu,,NA,127,Wed May  9 15:18:04 2018
5502,extrapolation,unmarked,initial,sa,gu,ComplexPhrase_Typing,punch_waitress_sg_chef_pl,chef,straikim nork tumbat sa gu,NA,straikim nork tumbat sa gu,,NA,128,Wed May  9 15:18:11 2018
5502,extrapolation,unmarked,initial,sa,gu,ComplexPhrase_Typing,punch_cowboy_sg_chef_pl,chef,straikim vaem tumbat sa gu,NA,straikim vaem tumbat sa gu,,NA,129,Wed May  9 15:18:18 2018
5502,extrapolation,unmarked,initial,sa,gu,ComplexPhrase_Typing,punch_chef_sg_burglar_pl,burglar,straikim tumbat negid sa gu,NA,straikim tumbat negid sa gu,,NA,130,Wed May  9 15:18:23 2018
5502,extrapolation,unmarked,initial,sa,gu,ComplexPhrase_Typing,punch_waitress_sg_chef_pl,chef,straikim nork tumbat sa gu,NA,straikim nork tumbat sa gu,,NA,131,Wed May  9 15:18:29 2018
5502,extrapolation,unmarked,initial,sa,gu,ComplexPhrase_Typing,kick_cowboy_sg_chef_pl,chef,kikim vaem tumbat sa gu,NA,kikim vaem tumbat sa gu,,NA,132,Wed May  9 15:18:42 2018
5502,extrapolation,unmarked,initial,sa,gu,ComplexPhrase_Typing,punch_waitress_sg_chef_pl,chef,straikim nork tumbat sa gu,NA,straikim nork tumbat sa gu,,NA,133,Wed May  9 15:18:46 2018
5502,extrapolation,unmarked,initial,sa,gu,ComplexPhrase_Typing,punch_cowboy_sg_chef_pl,chef,straikim vaem tumbat sa gu,NA,straikim vaem tumbat sa gu,,NA,134,Wed May  9 15:18:54 2018
5502,extrapolation,unmarked,initial,sa,gu,ComplexPhrase_Typing,kick_cowboy_sg_chef_pl,chef,kikim vaem tumbat sa gu,NA,kikim vaem tumbat sa gu,,NA,135,Wed May  9 15:18:59 2018
5502,extrapolation,unmarked,initial,sa,gu,ComplexPhrase_Typing,punch_chef_sg_burglar_pl,burglar,straikim tumbat negid sa gu,NA,straikim tumbat negid sa gu,,NA,136,Wed May  9 15:19:04 2018
5502,extrapolation,unmarked,initial,sa,gu,ComplexPhrase_Testing,punch_burglar_sg_cowboy_sg,NA,straikim negid vaem gu,NA,NA,,NA,137,Wed May  9 15:19:46 2018
5502,extrapolation,unmarked,initial,sa,gu,ComplexPhrase_Testing,cowboy,NA,vaem,NA,NA,,NA,138,Wed May  9 15:19:52 2018
5502,extrapolation,unmarked,initial,sa,gu,ComplexPhrase_Testing,punch_cowboy_sg_burglar_pl,burglar,straikim vaem negid sa gu,NA,NA,,NA,139,Wed May  9 15:19:57 2018
5502,extrapolation,unmarked,initial,sa,gu,ComplexPhrase_Testing,point_chef_sg_waitress_pl,waitress,poinim tumbat nork sa gu,NA,NA,,NA,140,Wed May  9 15:20:02 2018
5502,extrapolation,unmarked,initial,sa,gu,ComplexPhrase_Testing,kick_waitress_pl_cowboy_sg,NA,kikim nork sa vaem gu,NA,NA,,NA,141,Wed May  9 15:20:08 2018
5502,extrapolation,unmarked,initial,sa,gu,ComplexPhrase_Testing,punch_waitress_sg_cowboy_pl,cowboy,straikim nork vaem sa gu,NA,NA,,NA,142,Wed May  9 15:20:17 2018
5502,extrapolation,unmarked,initial,sa,gu,ComplexPhrase_Testing,punch_burglar_sg_cowboy_pl,cowboy,straikim negid vaem sa gu,NA,NA,,NA,143,Wed May  9 15:20:22 2018
5502,extrapolation,unmarked,initial,sa,gu,ComplexPhrase_Testing,point_chef_sg_waitress_pl,waitress,poinim tumbat nork sa gu,NA,NA,,NA,144,Wed May  9 15:20:28 2018
5502,extrapolation,unmarked,initial,sa,gu,ComplexPhrase_Testing,point_waitress_sg_cowboy_pl,cowboy,poinim nork vaem sa gu,NA,NA,,NA,145,Wed May  9 15:20:33 2018
5502,extrapolation,unmarked,initial,sa,gu,ComplexPhrase_Testing,kick_cowboy_pl_waitress_sg,NA,kikim vaem sa nork gu,NA,NA,,NA,146,Wed May  9 15:20:37 2018
5502,extrapolation,unmarked,initial,sa,gu,ComplexPhrase_Testing,kick_cowboy_sg_burglar_pl,burglar,kikim vaem negid sa gu,NA,NA,,NA,147,Wed May  9 15:20:46 2018
5502,extrapolation,unmarked,initial,sa,gu,ComplexPhrase_Testing,punch_burglar_pl_chef_sg,NA,straikim negid sa tumbat gu,NA,NA,,NA,148,Wed May  9 15:20:51 2018
5502,extrapolation,unmarked,initial,sa,gu,ComplexPhrase_Testing,point_burglar_pl_chef_sg,NA,poinim negid sa tumbat gu,NA,NA,,NA,149,Wed May  9 15:20:59 2018
5502,extrapolation,unmarked,initial,sa,gu,ComplexPhrase_Testing,punch_cowboy_sg_burglar_sg,NA,straikim vaem negid gu,NA,NA,,NA,150,Wed May  9 15:21:08 2018
5502,extrapolation,unmarked,initial,sa,gu,ComplexPhrase_Testing,punch_waitress_sg_cowboy_pl,cowboy,straikim nork vaem sa gu,NA,NA,,NA,151,Wed May  9 15:21:16 2018
5502,extrapolation,unmarked,initial,sa,gu,ComplexPhrase_Testing,point_waitress_sg_cowboy_pl,cowboy,poinim nork vaem sa gu,NA,NA,,NA,152,Wed May  9 15:21:20 2018
5502,extrapolation,unmarked,initial,sa,gu,ComplexPhrase_Testing,point_chef_sg_burglar_sg,NA,poinim tumbat negid gu,NA,NA,,NA,153,Wed May  9 15:21:25 2018
5502,extrapolation,unmarked,initial,sa,gu,ComplexPhrase_Testing,point_cowboy_sg_burglar_pl,burglar,poinim vaem negid sa gu,NA,NA,,NA,154,Wed May  9 15:21:33 2018
5502,extrapolation,unmarked,initial,sa,gu,ComplexPhrase_Testing,chef,NA,tumbat,NA,NA,,NA,155,Wed May  9 15:21:36 2018
5502,extrapolation,unmarked,initial,sa,gu,ComplexPhrase_Testing,punch_chef_sg_burglar_pl,burglar,straikim tumbat negid sa gu,NA,NA,,NA,156,Wed May  9 15:21:42 2018
5502,extrapolation,unmarked,initial,sa,gu,ComplexPhrase_Testing,point_chef_sg_cowboy_pl,cowboy,poinim tumbat vaem sa gu,NA,NA,,NA,157,Wed May  9 15:21:46 2018
5502,extrapolation,unmarked,initial,sa,gu,ComplexPhrase_Testing,waitress,NA,nork,NA,NA,,NA,158,Wed May  9 15:21:48 2018
5502,extrapolation,unmarked,initial,sa,gu,ComplexPhrase_Testing,punch_cowboy_sg_burglar_pl,burglar,straikim vaem negid sa gu,NA,NA,,NA,159,Wed May  9 15:21:55 2018
5502,extrapolation,unmarked,initial,sa,gu,ComplexPhrase_Testing,punch_waitress_sg_cowboy_pl,cowboy,straikim nork vaem sa gu,NA,NA,,NA,160,Wed May  9 15:21:58 2018
5502,extrapolation,unmarked,initial,sa,gu,ComplexPhrase_Testing,point_chef_sg_cowboy_pl,cowboy,poinim tumbat vaem sa gu,NA,NA,,NA,161,Wed May  9 15:22:03 2018
5502,extrapolation,unmarked,initial,sa,gu,ComplexPhrase_Testing,punch_chef_sg_burglar_pl,burglar,straikim tumbat negid sa gu,NA,NA,,NA,162,Wed May  9 15:22:08 2018
5502,extrapolation,unmarked,initial,sa,gu,ComplexPhrase_Testing,point_waitress_sg_chef_pl,chef,poinim nork tumbat sa gu,NA,NA,,NA,163,Wed May  9 15:22:12 2018
5502,extrapolation,unmarked,initial,sa,gu,ComplexPhrase_Testing,kick_burglar_pl_waitress_sg,NA,kikim negid sa nork gu,NA,NA,,NA,164,Wed May  9 15:22:17 2018
5502,extrapolation,unmarked,initial,sa,gu,ComplexPhrase_Testing,point_cowboy_sg_burglar_pl,burglar,poinim vaem negid sa gu,NA,NA,,NA,165,Wed May  9 15:22:27 2018
5502,extrapolation,unmarked,initial,sa,gu,ComplexPhrase_Testing,punch_burglar_sg_cowboy_pl,cowboy,straikim negid vaem sa gu,NA,NA,,NA,166,Wed May  9 15:22:31 2018
5502,extrapolation,unmarked,initial,sa,gu,ComplexPhrase_Testing,punch_cowboy_sg_burglar_pl,burglar,straikim vaem negid sa gu,NA,NA,,NA,167,Wed May  9 15:22:36 2018
5502,extrapolation,unmarked,initial,sa,gu,ComplexPhrase_Testing,punch_burglar_sg_chef_pl,chef,straikim negid tumbat sa gu,NA,NA,,NA,168,Wed May  9 15:22:40 2018
5502,extrapolation,unmarked,initial,sa,gu,ComplexPhrase_Testing,point_waitress_sg_cowboy_pl,cowboy,poinim nork vaem sa gu,NA,NA,,NA,169,Wed May  9 15:22:44 2018
5502,extrapolation,unmarked,initial,sa,gu,ComplexPhrase_Testing,punch_chef_sg_cowboy_pl,cowboy,straikim tumbat vaem sa gu,NA,NA,,NA,170,Wed May  9 15:22:50 2018
5502,extrapolation,unmarked,initial,sa,gu,ComplexPhrase_Testing,point_waitress_sg_chef_pl,chef,poinim nork tumbat sa gu,NA,NA,,NA,171,Wed May  9 15:22:54 2018
5502,extrapolation,unmarked,initial,sa,gu,ComplexPhrase_Testing,punch_chef_sg_cowboy_pl,cowboy,straikim tumbat vaem sa gu,NA,NA,,NA,172,Wed May  9 15:22:59 2018
5502,extrapolation,unmarked,initial,sa,gu,ComplexPhrase_Testing,kick_cowboy_pl_chef_sg,NA,kikim vaem sa tumbat gu,NA,NA,,NA,173,Wed May  9 15:23:03 2018
5502,extrapolation,unmarked,initial,sa,gu,ComplexPhrase_Testing,punch_chef_sg_cowboy_pl,cowboy,straikim tumbat vaem sa gu,NA,NA,,NA,174,Wed May  9 15:23:12 2018
5502,extrapolation,unmarked,initial,sa,gu,ComplexPhrase_Testing,point_waitress_sg_chef_pl,chef,poinim nork tumbat sa gu,NA,NA,,NA,175,Wed May  9 15:23:16 2018
5502,extrapolation,unmarked,initial,sa,gu,ComplexPhrase_Testing,point_waitress_sg_chef_sg,NA,poinim nork tumbat gu,NA,NA,,NA,176,Wed May  9 15:23:20 2018
5502,extrapolation,unmarked,initial,sa,gu,ComplexPhrase_Testing,point_cowboy_sg_burglar_pl,burglar,poinim vaem negid sa gu,NA,NA,,NA,177,Wed May  9 15:23:28 2018
5502,extrapolation,unmarked,initial,sa,gu,ComplexPhrase_Testing,kick_cowboy_sg_burglar_pl,burglar,kikim vaem negid sa gu,NA,NA,,NA,178,Wed May  9 15:23:33 2018
5502,extrapolation,unmarked,initial,sa,gu,ComplexPhrase_Testing,punch_burglar_sg_cowboy_pl,cowboy,straikim negid vaem sa gu,NA,NA,,NA,179,Wed May  9 15:23:37 2018
5502,extrapolation,unmarked,initial,sa,gu,ComplexPhrase_Testing,punch_burglar_sg_chef_pl,chef,straikim negid tumbat sa gu,NA,NA,,NA,180,Wed May  9 15:23:42 2018
5502,extrapolation,unmarked,initial,sa,gu,ComplexPhrase_Testing,punch_chef_sg_burglar_pl,burglar,straikim tumbat negid sa gu,NA,NA,,NA,181,Wed May  9 15:23:47 2018
5502,extrapolation,unmarked,initial,sa,gu,ComplexPhrase_Testing,point_burglar_sg_waitress_sg,NA,poinim negid nork gu,NA,NA,,NA,182,Wed May  9 15:23:50 2018
5502,extrapolation,unmarked,initial,sa,gu,ComplexPhrase_Testing,punch_burglar_sg_chef_pl,chef,straikim negid tumbat sa gu,NA,NA,,NA,183,Wed May  9 15:23:58 2018
5502,extrapolation,unmarked,initial,sa,gu,ComplexPhrase_Testing,burglar,NA,negid,NA,NA,,NA,184,Wed May  9 15:24:00 2018
5502,extrapolation,unmarked,initial,sa,gu,ComplexPhrase_Testing,punch_burglar_sg_chef_sg,NA,straikim negid tumbat gu,NA,NA,,NA,185,Wed May  9 15:24:06 2018
5502,extrapolation,unmarked,initial,sa,gu,ComplexPhrase_Testing,point_chef_sg_waitress_pl,waitress,poinim tumbat nork sa gu,NA,NA,,NA,186,Wed May  9 15:24:14 2018
5502,extrapolation,unmarked,initial,sa,gu,ComplexPhrase_Testing,kick_cowboy_sg_burglar_pl,burglar,kikim vaem negid sa gu,NA,NA,,NA,187,Wed May  9 15:24:18 2018
5502,extrapolation,unmarked,initial,sa,gu,ComplexPhrase_Testing,point_chef_sg_cowboy_pl,cowboy,poinim tumbat vaem sa gu,NA,NA,,NA,188,Wed May  9 15:24:23 2018
5502,extrapolation,unmarked,initial,sa,gu,Questionnaire,NA,NA,NA,NA,NA,,at,MeaningCase,Wed May  9 15:25:27 2018
5502,extrapolation,unmarked,initial,sa,gu,Questionnaire,NA,NA,NA,NA,NA,,two,MeaningNum,Wed May  9 15:25:27 2018
5502,extrapolation,unmarked,initial,sa,gu,Questionnaire,NA,NA,NA,NA,NA,,after,OrderCaseNoun,Wed May  9 15:25:27 2018
5502,extrapolation,unmarked,initial,sa,gu,Questionnaire,NA,NA,NA,NA,NA,,after,OrderNumNoun,Wed May  9 15:25:27 2018
5502,extrapolation,unmarked,initial,sa,gu,Questionnaire,NA,NA,NA,NA,NA,,english,Languages,Wed May  9 15:25:27 2018
