ID,Condition,MajorityOrder,NounPosition,markerNum,markerCase,Phase,Meaning,NounItem,InputSentence,Selection,TypedResponse,SpokenResponse,AnswerQuest,Trial,date&time
5505,extrapolation,unmarked,initial,sa,gu,Noun_Training,burglar,NA,tumbat,NA,NA,,NA,1,Fri Apr 27 12:40:22 2018
5505,extrapolation,unmarked,initial,sa,gu,Noun_Training,cowboy,NA,nork,NA,NA,,NA,2,Fri Apr 27 12:40:27 2018
5505,extrapolation,unmarked,initial,sa,gu,Noun_Training,waitress,NA,negid,NA,NA,,NA,3,Fri Apr 27 12:40:32 2018
5505,extrapolation,unmarked,initial,sa,gu,Noun_Training,waitress,NA,negid,NA,NA,,NA,4,Fri Apr 27 12:40:37 2018
5505,extrapolation,unmarked,initial,sa,gu,Noun_Training,chef,NA,vaem,NA,NA,,NA,5,Fri Apr 27 12:40:41 2018
5505,extrapolation,unmarked,initial,sa,gu,Noun_Training,chef,NA,vaem,NA,NA,,NA,6,Fri Apr 27 12:40:46 2018
5505,extrapolation,unmarked,initial,sa,gu,Noun_Training,chef,NA,vaem,NA,NA,,NA,7,Fri Apr 27 12:40:51 2018
5505,extrapolation,unmarked,initial,sa,gu,Noun_Training,cowboy,NA,nork,NA,NA,,NA,8,Fri Apr 27 12:40:56 2018
5505,extrapolation,unmarked,initial,sa,gu,Noun_Training,chef,NA,vaem,NA,NA,,NA,9,Fri Apr 27 12:41:01 2018
5505,extrapolation,unmarked,initial,sa,gu,Noun_Training,chef,NA,vaem,NA,NA,,NA,10,Fri Apr 27 12:41:05 2018
5505,extrapolation,unmarked,initial,sa,gu,Noun_Training,cowboy,NA,nork,NA,NA,,NA,11,Fri Apr 27 12:41:10 2018
5505,extrapolation,unmarked,initial,sa,gu,Noun_Training,waitress,NA,negid,NA,NA,,NA,12,Fri Apr 27 12:41:15 2018
5505,extrapolation,unmarked,initial,sa,gu,Noun_Training,cowboy,NA,nork,NA,NA,,NA,13,Fri Apr 27 12:41:20 2018
5505,extrapolation,unmarked,initial,sa,gu,Noun_Training,waitress,NA,negid,NA,NA,,NA,14,Fri Apr 27 12:41:25 2018
5505,extrapolation,unmarked,initial,sa,gu,Noun_Training,burglar,NA,tumbat,NA,NA,,NA,15,Fri Apr 27 12:41:30 2018
5505,extrapolation,unmarked,initial,sa,gu,Noun_Training,burglar,NA,tumbat,NA,NA,,NA,16,Fri Apr 27 12:41:35 2018
5505,extrapolation,unmarked,initial,sa,gu,Noun_Training,waitress,NA,negid,NA,NA,,NA,17,Fri Apr 27 12:41:39 2018
5505,extrapolation,unmarked,initial,sa,gu,Noun_Training,waitress,NA,negid,NA,NA,,NA,18,Fri Apr 27 12:41:44 2018
5505,extrapolation,unmarked,initial,sa,gu,Noun_Training,burglar,NA,tumbat,NA,NA,,NA,19,Fri Apr 27 12:41:49 2018
5505,extrapolation,unmarked,initial,sa,gu,Noun_Training,burglar,NA,tumbat,NA,NA,,NA,20,Fri Apr 27 12:41:54 2018
5505,extrapolation,unmarked,initial,sa,gu,Noun_Training,chef,NA,vaem,NA,NA,,NA,21,Fri Apr 27 12:41:59 2018
5505,extrapolation,unmarked,initial,sa,gu,Noun_Training,burglar,NA,tumbat,NA,NA,,NA,22,Fri Apr 27 12:42:04 2018
5505,extrapolation,unmarked,initial,sa,gu,Noun_Training,cowboy,NA,nork,NA,NA,,NA,23,Fri Apr 27 12:42:08 2018
5505,extrapolation,unmarked,initial,sa,gu,Noun_Training,cowboy,NA,nork,NA,NA,,NA,24,Fri Apr 27 12:42:13 2018
5505,extrapolation,unmarked,initial,sa,gu,Noun_Selection,cowboy,NA,nork,correct,NA,,NA,25,Fri Apr 27 12:42:37 2018
5505,extrapolation,unmarked,initial,sa,gu,Noun_Selection,chef,NA,vaem,correct,NA,,NA,26,Fri Apr 27 12:42:41 2018
5505,extrapolation,unmarked,initial,sa,gu,Noun_Selection,waitress,NA,negid,correct,NA,,NA,27,Fri Apr 27 12:42:47 2018
5505,extrapolation,unmarked,initial,sa,gu,Noun_Selection,waitress,NA,negid,correct,NA,,NA,28,Fri Apr 27 12:42:51 2018
5505,extrapolation,unmarked,initial,sa,gu,Noun_Selection,burglar,NA,tumbat,correct,NA,,NA,29,Fri Apr 27 12:42:55 2018
5505,extrapolation,unmarked,initial,sa,gu,Noun_Selection,cowboy,NA,nork,correct,NA,,NA,30,Fri Apr 27 12:42:59 2018
5505,extrapolation,unmarked,initial,sa,gu,Noun_Selection,burglar,NA,tumbat,correct,NA,,NA,31,Fri Apr 27 12:43:02 2018
5505,extrapolation,unmarked,initial,sa,gu,Noun_Selection,chef,NA,vaem,correct,NA,,NA,32,Fri Apr 27 12:43:06 2018
5505,extrapolation,unmarked,initial,sa,gu,Noun_Selection,chef,NA,vaem,correct,NA,,NA,33,Fri Apr 27 12:43:11 2018
5505,extrapolation,unmarked,initial,sa,gu,Noun_Selection,burglar,NA,tumbat,correct,NA,,NA,34,Fri Apr 27 12:43:15 2018
5505,extrapolation,unmarked,initial,sa,gu,Noun_Selection,waitress,NA,negid,correct,NA,,NA,35,Fri Apr 27 12:43:18 2018
5505,extrapolation,unmarked,initial,sa,gu,Noun_Selection,cowboy,NA,nork,correct,NA,,NA,36,Fri Apr 27 12:43:21 2018
5505,extrapolation,unmarked,initial,sa,gu,Noun_Testing,cowboy,NA,nork,NA,NA,,NA,37,Fri Apr 27 12:43:45 2018
5505,extrapolation,unmarked,initial,sa,gu,Noun_Testing,burglar,NA,tumbat,NA,NA,,NA,38,Fri Apr 27 12:43:51 2018
5505,extrapolation,unmarked,initial,sa,gu,Noun_Testing,cowboy,NA,nork,NA,NA,,NA,39,Fri Apr 27 12:43:56 2018
5505,extrapolation,unmarked,initial,sa,gu,Noun_Testing,burglar,NA,tumbat,NA,NA,,NA,40,Fri Apr 27 12:44:01 2018
5505,extrapolation,unmarked,initial,sa,gu,Noun_Testing,waitress,NA,negid,NA,NA,,NA,41,Fri Apr 27 12:44:06 2018
5505,extrapolation,unmarked,initial,sa,gu,Noun_Testing,chef,NA,vaem,NA,NA,,NA,42,Fri Apr 27 12:44:11 2018
5505,extrapolation,unmarked,initial,sa,gu,Noun_Testing,chef,NA,vaem,NA,NA,,NA,43,Fri Apr 27 12:44:16 2018
5505,extrapolation,unmarked,initial,sa,gu,Noun_Testing,waitress,NA,negid,NA,NA,,NA,44,Fri Apr 27 12:44:20 2018
5505,extrapolation,unmarked,initial,sa,gu,Noun_Testing,waitress,NA,negid,NA,NA,,NA,45,Fri Apr 27 12:44:24 2018
5505,extrapolation,unmarked,initial,sa,gu,Noun_Testing,cowboy,NA,nork,NA,NA,,NA,46,Fri Apr 27 12:44:28 2018
5505,extrapolation,unmarked,initial,sa,gu,Noun_Testing,chef,NA,vaem,NA,NA,,NA,47,Fri Apr 27 12:44:32 2018
5505,extrapolation,unmarked,initial,sa,gu,Noun_Testing,burglar,NA,tumbat,NA,NA,,NA,48,Fri Apr 27 12:44:37 2018
5505,extrapolation,unmarked,initial,sa,gu,SimplePhrase_Training,punch_chef_sg_waitress_sg,NA,straikim vaem negid gu,NA,NA,,NA,49,Fri Apr 27 12:45:16 2018
5505,extrapolation,unmarked,initial,sa,gu,SimplePhrase_Training,burglar,NA,tumbat,NA,NA,,NA,50,Fri Apr 27 12:45:20 2018
5505,extrapolation,unmarked,initial,sa,gu,SimplePhrase_Training,chef,NA,vaem,NA,NA,,NA,51,Fri Apr 27 12:45:25 2018
5505,extrapolation,unmarked,initial,sa,gu,SimplePhrase_Training,kick_chef_sg_waitress_sg,NA,kikim vaem negid gu,NA,NA,,NA,52,Fri Apr 27 12:45:32 2018
5505,extrapolation,unmarked,initial,sa,gu,SimplePhrase_Training,kick_waitress_pl_burglar_sg,NA,kikim negid sa tumbat gu,NA,NA,,NA,53,Fri Apr 27 12:45:40 2018
5505,extrapolation,unmarked,initial,sa,gu,SimplePhrase_Training,kick_cowboy_pl_chef_sg,NA,kikim nork sa vaem gu,NA,NA,,NA,54,Fri Apr 27 12:45:47 2018
5505,extrapolation,unmarked,initial,sa,gu,SimplePhrase_Training,burglar,NA,tumbat,NA,NA,,NA,55,Fri Apr 27 12:45:52 2018
5505,extrapolation,unmarked,initial,sa,gu,SimplePhrase_Training,punch_chef_sg_burglar_sg,NA,straikim vaem tumbat gu,NA,NA,,NA,56,Fri Apr 27 12:45:59 2018
5505,extrapolation,unmarked,initial,sa,gu,SimplePhrase_Training,point_waitress_sg_chef_sg,NA,poinim negid vaem gu,NA,NA,,NA,57,Fri Apr 27 12:46:07 2018
5505,extrapolation,unmarked,initial,sa,gu,SimplePhrase_Training,punch_waitress_sg_chef_sg,NA,straikim negid vaem gu,NA,NA,,NA,58,Fri Apr 27 12:46:14 2018
5505,extrapolation,unmarked,initial,sa,gu,SimplePhrase_Training,point_burglar_sg_chef_sg,NA,poinim tumbat vaem gu,NA,NA,,NA,59,Fri Apr 27 12:46:21 2018
5505,extrapolation,unmarked,initial,sa,gu,SimplePhrase_Training,point_burglar_sg_cowboy_sg,NA,poinim tumbat nork gu,NA,NA,,NA,60,Fri Apr 27 12:46:29 2018
5505,extrapolation,unmarked,initial,sa,gu,SimplePhrase_Training,point_cowboy_pl_waitress_sg,NA,poinim nork sa negid gu,NA,NA,,NA,61,Fri Apr 27 12:46:36 2018
5505,extrapolation,unmarked,initial,sa,gu,SimplePhrase_Training,point_waitress_sg_burglar_sg,NA,poinim negid tumbat gu,NA,NA,,NA,62,Fri Apr 27 12:46:44 2018
5505,extrapolation,unmarked,initial,sa,gu,SimplePhrase_Training,point_waitress_sg_cowboy_sg,NA,poinim negid nork gu,NA,NA,,NA,63,Fri Apr 27 12:46:51 2018
5505,extrapolation,unmarked,initial,sa,gu,SimplePhrase_Training,punch_cowboy_pl_burglar_sg,NA,straikim nork sa tumbat gu,NA,NA,,NA,64,Fri Apr 27 12:46:58 2018
5505,extrapolation,unmarked,initial,sa,gu,SimplePhrase_Training,punch_waitress_sg_cowboy_sg,NA,straikim negid nork gu,NA,NA,,NA,65,Fri Apr 27 12:47:06 2018
5505,extrapolation,unmarked,initial,sa,gu,SimplePhrase_Training,punch_burglar_sg_cowboy_sg,NA,straikim tumbat nork gu,NA,NA,,NA,66,Fri Apr 27 12:47:13 2018
5505,extrapolation,unmarked,initial,sa,gu,SimplePhrase_Training,point_cowboy_sg_chef_sg,NA,poinim nork vaem gu,NA,NA,,NA,67,Fri Apr 27 12:47:21 2018
5505,extrapolation,unmarked,initial,sa,gu,SimplePhrase_Training,kick_burglar_pl_cowboy_sg,NA,kikim tumbat sa nork gu,NA,NA,,NA,68,Fri Apr 27 12:47:28 2018
5505,extrapolation,unmarked,initial,sa,gu,SimplePhrase_Training,punch_burglar_sg_waitress_sg,NA,straikim tumbat negid gu,NA,NA,,NA,69,Fri Apr 27 12:47:36 2018
5505,extrapolation,unmarked,initial,sa,gu,SimplePhrase_Training,punch_burglar_pl_chef_sg,NA,straikim tumbat sa vaem gu,NA,NA,,NA,70,Fri Apr 27 12:47:43 2018
5505,extrapolation,unmarked,initial,sa,gu,SimplePhrase_Training,cowboy,NA,nork,NA,NA,,NA,71,Fri Apr 27 12:47:48 2018
5505,extrapolation,unmarked,initial,sa,gu,SimplePhrase_Training,point_cowboy_pl_burglar_sg,NA,poinim nork sa tumbat gu,NA,NA,,NA,72,Fri Apr 27 12:47:56 2018
5505,extrapolation,unmarked,initial,sa,gu,SimplePhrase_Training,kick_chef_pl_burglar_sg,NA,kikim vaem sa tumbat gu,NA,NA,,NA,73,Fri Apr 27 12:48:03 2018
5505,extrapolation,unmarked,initial,sa,gu,SimplePhrase_Training,kick_burglar_pl_waitress_sg,NA,kikim tumbat sa negid gu,NA,NA,,NA,74,Fri Apr 27 12:48:10 2018
5505,extrapolation,unmarked,initial,sa,gu,SimplePhrase_Training,point_chef_sg_cowboy_sg,NA,poinim vaem nork gu,NA,NA,,NA,75,Fri Apr 27 12:48:18 2018
5505,extrapolation,unmarked,initial,sa,gu,SimplePhrase_Training,kick_burglar_pl_chef_sg,NA,kikim tumbat sa vaem gu,NA,NA,,NA,76,Fri Apr 27 12:48:25 2018
5505,extrapolation,unmarked,initial,sa,gu,SimplePhrase_Training,kick_waitress_pl_chef_sg,NA,kikim negid sa vaem gu,NA,NA,,NA,77,Fri Apr 27 12:48:33 2018
5505,extrapolation,unmarked,initial,sa,gu,SimplePhrase_Training,punch_waitress_pl_burglar_sg,NA,straikim negid sa tumbat gu,NA,NA,,NA,78,Fri Apr 27 12:48:40 2018
5505,extrapolation,unmarked,initial,sa,gu,SimplePhrase_Training,waitress,NA,negid,NA,NA,,NA,79,Fri Apr 27 12:48:45 2018
5505,extrapolation,unmarked,initial,sa,gu,SimplePhrase_Training,punch_chef_pl_cowboy_sg,NA,straikim vaem sa nork gu,NA,NA,,NA,80,Fri Apr 27 12:48:53 2018
5505,extrapolation,unmarked,initial,sa,gu,SimplePhrase_Training,point_chef_pl_burglar_sg,NA,poinim vaem sa tumbat gu,NA,NA,,NA,81,Fri Apr 27 12:49:00 2018
5505,extrapolation,unmarked,initial,sa,gu,SimplePhrase_Training,point_burglar_pl_waitress_sg,NA,poinim tumbat sa negid gu,NA,NA,,NA,82,Fri Apr 27 12:49:08 2018
5505,extrapolation,unmarked,initial,sa,gu,SimplePhrase_Training,kick_cowboy_pl_waitress_sg,NA,kikim nork sa negid gu,NA,NA,,NA,83,Fri Apr 27 12:49:15 2018
5505,extrapolation,unmarked,initial,sa,gu,SimplePhrase_Training,kick_cowboy_sg_burglar_sg,NA,kikim nork tumbat gu,NA,NA,,NA,84,Fri Apr 27 12:49:22 2018
5505,extrapolation,unmarked,initial,sa,gu,SimplePhrase_Training,punch_cowboy_sg_chef_sg,NA,straikim nork vaem gu,NA,NA,,NA,85,Fri Apr 27 12:49:30 2018
5505,extrapolation,unmarked,initial,sa,gu,SimplePhrase_Training,punch_cowboy_pl_waitress_sg,NA,straikim nork sa negid gu,NA,NA,,NA,86,Fri Apr 27 12:49:38 2018
5505,extrapolation,unmarked,initial,sa,gu,SimplePhrase_Training,kick_chef_sg_cowboy_sg,NA,kikim vaem nork gu,NA,NA,,NA,87,Fri Apr 27 12:49:45 2018
5505,extrapolation,unmarked,initial,sa,gu,SimplePhrase_Training,chef,NA,vaem,NA,NA,,NA,88,Fri Apr 27 12:49:50 2018
5505,extrapolation,unmarked,initial,sa,gu,SimplePhrase_Training,point_chef_pl_waitress_sg,NA,poinim vaem sa negid gu,NA,NA,,NA,89,Fri Apr 27 12:49:57 2018
5505,extrapolation,unmarked,initial,sa,gu,SimplePhrase_Training,kick_waitress_sg_cowboy_sg,NA,kikim negid nork gu,NA,NA,,NA,90,Fri Apr 27 12:50:04 2018
5505,extrapolation,unmarked,initial,sa,gu,SimplePhrase_Training,cowboy,NA,nork,NA,NA,,NA,91,Fri Apr 27 12:50:09 2018
5505,extrapolation,unmarked,initial,sa,gu,SimplePhrase_Training,waitress,NA,negid,NA,NA,,NA,92,Fri Apr 27 12:50:14 2018
5505,extrapolation,unmarked,initial,sa,gu,SimplePhrase_Comprehension,kick_chef_pl_cowboy_sg,NA,kikim vaem sa nork gu,correct,NA,,NA,93,Fri Apr 27 12:50:46 2018
5505,extrapolation,unmarked,initial,sa,gu,SimplePhrase_Comprehension,point_chef_sg_waitress_sg,NA,poinim vaem negid gu,correct,NA,,NA,94,Fri Apr 27 12:50:53 2018
5505,extrapolation,unmarked,initial,sa,gu,SimplePhrase_Comprehension,punch_burglar_sg_chef_sg,NA,straikim tumbat vaem gu,correct,NA,,NA,95,Fri Apr 27 12:50:59 2018
5505,extrapolation,unmarked,initial,sa,gu,SimplePhrase_Comprehension,kick_burglar_sg_waitress_sg,NA,kikim tumbat negid gu,correct,NA,,NA,96,Fri Apr 27 12:51:05 2018
5505,extrapolation,unmarked,initial,sa,gu,SimplePhrase_Comprehension,kick_chef_sg_burglar_sg,NA,kikim vaem tumbat gu,correct,NA,,NA,97,Fri Apr 27 12:51:12 2018
5505,extrapolation,unmarked,initial,sa,gu,SimplePhrase_Comprehension,kick_cowboy_sg_chef_sg,NA,kikim nork vaem gu,correct,NA,,NA,98,Fri Apr 27 12:51:17 2018
5505,extrapolation,unmarked,initial,sa,gu,SimplePhrase_Comprehension,kick_waitress_sg_chef_sg,NA,kikim negid vaem gu,correct,NA,,NA,99,Fri Apr 27 12:51:23 2018
5505,extrapolation,unmarked,initial,sa,gu,SimplePhrase_Comprehension,point_chef_sg_burglar_sg,NA,poinim vaem tumbat gu,correct,NA,,NA,100,Fri Apr 27 12:51:29 2018
5505,extrapolation,unmarked,initial,sa,gu,SimplePhrase_Comprehension,point_waitress_pl_cowboy_sg,NA,poinim negid sa nork gu,correct,NA,,NA,101,Fri Apr 27 12:51:35 2018
5505,extrapolation,unmarked,initial,sa,gu,SimplePhrase_Comprehension,point_burglar_sg_waitress_sg,NA,poinim tumbat negid gu,correct,NA,,NA,102,Fri Apr 27 12:51:40 2018
5505,extrapolation,unmarked,initial,sa,gu,SimplePhrase_Comprehension,punch_burglar_pl_cowboy_sg,NA,straikim tumbat sa nork gu,correct,NA,,NA,103,Fri Apr 27 12:51:46 2018
5505,extrapolation,unmarked,initial,sa,gu,SimplePhrase_Comprehension,kick_waitress_pl_cowboy_sg,NA,kikim negid sa nork gu,correct,NA,,NA,104,Fri Apr 27 12:51:52 2018
5505,extrapolation,unmarked,initial,sa,gu,SimplePhrase_Comprehension,point_burglar_pl_cowboy_sg,NA,poinim tumbat sa nork gu,correct,NA,,NA,105,Fri Apr 27 12:51:57 2018
5505,extrapolation,unmarked,initial,sa,gu,SimplePhrase_Comprehension,point_chef_pl_cowboy_sg,NA,poinim vaem sa nork gu,correct,NA,,NA,106,Fri Apr 27 12:52:03 2018
5505,extrapolation,unmarked,initial,sa,gu,SimplePhrase_Comprehension,punch_waitress_pl_chef_sg,NA,straikim negid sa vaem gu,correct,NA,,NA,107,Fri Apr 27 12:52:09 2018
5505,extrapolation,unmarked,initial,sa,gu,SimplePhrase_Comprehension,punch_chef_pl_burglar_sg,NA,straikim vaem sa tumbat gu,correct,NA,,NA,108,Fri Apr 27 12:52:15 2018
5505,extrapolation,unmarked,initial,sa,gu,SimplePhrase_Comprehension,punch_chef_pl_waitress_sg,NA,straikim vaem sa negid gu,correct,NA,,NA,109,Fri Apr 27 12:52:21 2018
5505,extrapolation,unmarked,initial,sa,gu,SimplePhrase_Comprehension,kick_cowboy_sg_waitress_sg,NA,kikim nork negid gu,correct,NA,,NA,110,Fri Apr 27 12:52:28 2018
5505,extrapolation,unmarked,initial,sa,gu,SimplePhrase_Comprehension,punch_cowboy_sg_waitress_sg,NA,straikim nork negid gu,correct,NA,,NA,111,Fri Apr 27 12:52:34 2018
5505,extrapolation,unmarked,initial,sa,gu,SimplePhrase_Comprehension,kick_cowboy_pl_burglar_sg,NA,kikim nork sa tumbat gu,correct,NA,,NA,112,Fri Apr 27 12:52:39 2018
5505,extrapolation,unmarked,initial,sa,gu,SimplePhrase_Typing,point_waitress_sg_burglar_sg,NA,poinim negid tumbat gu,NA,poinim negid tumbat gu,,NA,113,Fri Apr 27 12:53:38 2018
5505,extrapolation,unmarked,initial,sa,gu,SimplePhrase_Typing,kick_waitress_pl_chef_sg,NA,kikim negid sa vaem gu,NA,kikim negid sa tumbat gu,,NA,114,Fri Apr 27 12:53:56 2018
5505,extrapolation,unmarked,initial,sa,gu,SimplePhrase_Typing,chef,NA,vaem,NA,vaem,,NA,115,Fri Apr 27 12:54:06 2018
5505,extrapolation,unmarked,initial,sa,gu,SimplePhrase_Typing,point_burglar_sg_cowboy_sg,NA,poinim tumbat nork gu,NA,poinim tumbat nork gu,,NA,116,Fri Apr 27 12:54:19 2018
5505,extrapolation,unmarked,initial,sa,gu,SimplePhrase_Typing,kick_cowboy_pl_chef_sg,NA,kikim nork sa vaem gu,NA,kikim nork sa vaem gu,,NA,117,Fri Apr 27 12:54:34 2018
5505,extrapolation,unmarked,initial,sa,gu,SimplePhrase_Typing,waitress,NA,negid,NA,negid,,NA,118,Fri Apr 27 12:54:40 2018
5505,extrapolation,unmarked,initial,sa,gu,SimplePhrase_Typing,burglar,NA,tumbat,NA,tumbat,,NA,119,Fri Apr 27 12:54:50 2018
5505,extrapolation,unmarked,initial,sa,gu,SimplePhrase_Typing,cowboy,NA,nork,NA,nork,,NA,120,Fri Apr 27 12:54:57 2018
5505,extrapolation,unmarked,initial,sa,gu,SimplePhrase_Typing,kick_waitress_pl_burglar_sg,NA,kikim negid sa tumbat gu,NA,kikim negid sa tumbat gu,,NA,121,Fri Apr 27 12:55:13 2018
5505,extrapolation,unmarked,initial,sa,gu,SimplePhrase_Typing,point_burglar_sg_chef_sg,NA,poinim tumbat vaem gu,NA,poinim tumbat vaem gu,,NA,122,Fri Apr 27 12:55:29 2018
5505,extrapolation,unmarked,initial,sa,gu,SimplePhrase_Typing,kick_cowboy_pl_waitress_sg,NA,kikim nork sa negid gu,NA,kikim nork sa negid gu,,NA,123,Fri Apr 27 12:55:44 2018
5505,extrapolation,unmarked,initial,sa,gu,SimplePhrase_Typing,point_chef_sg_cowboy_sg,NA,poinim vaem nork gu,NA,poinim vaem nork gu,,NA,124,Fri Apr 27 12:55:59 2018
5505,extrapolation,unmarked,initial,sa,gu,ComplexPhrase_Typing,point_waitress_sg_chef_pl,chef,poinim negid vaem sa gu,NA,poinim negid vaem sa gu,,NA,125,Fri Apr 27 12:56:42 2018
5505,extrapolation,unmarked,initial,sa,gu,ComplexPhrase_Typing,point_chef_sg_waitress_pl,waitress,poinim vaem negid sa gu,NA,poinim vaem negid sa gu,,NA,126,Fri Apr 27 12:56:57 2018
5505,extrapolation,unmarked,initial,sa,gu,ComplexPhrase_Typing,kick_waitress_sg_chef_pl,chef,kikim negid vaem sa gu,NA,kikim negid vaem sa gu,,NA,127,Fri Apr 27 12:57:12 2018
5505,extrapolation,unmarked,initial,sa,gu,ComplexPhrase_Typing,point_burglar_sg_cowboy_pl,cowboy,poinim tumbat nork sa gu,NA,poinim tumbat nork sa gu,,NA,128,Fri Apr 27 12:57:26 2018
5505,extrapolation,unmarked,initial,sa,gu,ComplexPhrase_Typing,kick_waitress_sg_chef_pl,chef,kikim negid vaem sa gu,NA,kikim negid vaem sa gu,,NA,129,Fri Apr 27 12:57:38 2018
5505,extrapolation,unmarked,initial,sa,gu,ComplexPhrase_Typing,point_chef_sg_waitress_pl,waitress,poinim vaem negid sa gu,NA,poinim vaem negid sa gu,,NA,130,Fri Apr 27 12:57:51 2018
5505,extrapolation,unmarked,initial,sa,gu,ComplexPhrase_Typing,point_waitress_sg_chef_pl,chef,poinim negid vaem sa gu,NA,poinim negid vaem sa gu,,NA,131,Fri Apr 27 12:58:01 2018
5505,extrapolation,unmarked,initial,sa,gu,ComplexPhrase_Typing,point_burglar_sg_cowboy_pl,cowboy,poinim tumbat nork sa gu,NA,poinim tumbat nork sa gu,,NA,132,Fri Apr 27 12:58:11 2018
5505,extrapolation,unmarked,initial,sa,gu,ComplexPhrase_Typing,kick_waitress_sg_chef_pl,chef,kikim negid vaem sa gu,NA,kikim negid vaem sa gu,,NA,133,Fri Apr 27 12:58:20 2018
5505,extrapolation,unmarked,initial,sa,gu,ComplexPhrase_Typing,point_waitress_sg_chef_pl,chef,poinim negid vaem sa gu,NA,poinim negid vaem sa gu,,NA,134,Fri Apr 27 12:58:28 2018
5505,extrapolation,unmarked,initial,sa,gu,ComplexPhrase_Typing,point_chef_sg_waitress_pl,waitress,poinim vaem negid sa gu,NA,poinim vaem negid sa gu,,NA,135,Fri Apr 27 12:58:43 2018
5505,extrapolation,unmarked,initial,sa,gu,ComplexPhrase_Typing,point_burglar_sg_cowboy_pl,cowboy,poinim tumbat nork sa gu,NA,poinim tumbat nork sa gu,,NA,136,Fri Apr 27 12:58:56 2018
5505,extrapolation,unmarked,initial,sa,gu,ComplexPhrase_Testing,point_burglar_sg_cowboy_pl,cowboy,poinim tumbat nork sa gu,NA,NA,,NA,137,Fri Apr 27 13:00:01 2018
5505,extrapolation,unmarked,initial,sa,gu,ComplexPhrase_Testing,kick_waitress_sg_chef_pl,chef,kikim negid vaem sa gu,NA,NA,,NA,138,Fri Apr 27 13:00:08 2018
5505,extrapolation,unmarked,initial,sa,gu,ComplexPhrase_Testing,point_chef_sg_cowboy_sg,NA,poinim vaem nork gu,NA,NA,,NA,139,Fri Apr 27 13:00:12 2018
5505,extrapolation,unmarked,initial,sa,gu,ComplexPhrase_Testing,kick_cowboy_sg_chef_sg,NA,kikim nork vaem gu,NA,NA,,NA,140,Fri Apr 27 13:00:20 2018
5505,extrapolation,unmarked,initial,sa,gu,ComplexPhrase_Testing,kick_chef_sg_burglar_pl,burglar,kikim vaem tumbat sa gu,NA,NA,,NA,141,Fri Apr 27 13:00:28 2018
5505,extrapolation,unmarked,initial,sa,gu,ComplexPhrase_Testing,point_cowboy_sg_burglar_pl,burglar,poinim nork tumbat sa gu,NA,NA,,NA,142,Fri Apr 27 13:00:34 2018
5505,extrapolation,unmarked,initial,sa,gu,ComplexPhrase_Testing,punch_cowboy_sg_waitress_pl,waitress,straikim nork negid sa gu,NA,NA,,NA,143,Fri Apr 27 13:00:42 2018
5505,extrapolation,unmarked,initial,sa,gu,ComplexPhrase_Testing,kick_burglar_sg_chef_sg,NA,kikim tumbat vaem gu,NA,NA,,NA,144,Fri Apr 27 13:00:45 2018
5505,extrapolation,unmarked,initial,sa,gu,ComplexPhrase_Testing,point_chef_sg_waitress_pl,waitress,poinim vaem negid sa gu,NA,NA,,NA,145,Fri Apr 27 13:00:53 2018
5505,extrapolation,unmarked,initial,sa,gu,ComplexPhrase_Testing,punch_chef_pl_burglar_sg,NA,straikim vaem sa tumbat gu,NA,NA,,NA,146,Fri Apr 27 13:00:59 2018
5505,extrapolation,unmarked,initial,sa,gu,ComplexPhrase_Testing,point_cowboy_sg_waitress_pl,waitress,poinim nork negid sa gu,NA,NA,,NA,147,Fri Apr 27 13:01:07 2018
5505,extrapolation,unmarked,initial,sa,gu,ComplexPhrase_Testing,kick_waitress_sg_chef_pl,chef,kikim negid vaem sa gu,NA,NA,,NA,148,Fri Apr 27 13:01:12 2018
5505,extrapolation,unmarked,initial,sa,gu,ComplexPhrase_Testing,kick_burglar_sg_cowboy_pl,cowboy,kikim tumbat nork sa gu,NA,NA,,NA,149,Fri Apr 27 13:01:17 2018
5505,extrapolation,unmarked,initial,sa,gu,ComplexPhrase_Testing,kick_chef_sg_burglar_pl,burglar,kikim vaem tumbat sa gu,NA,NA,,NA,150,Fri Apr 27 13:01:21 2018
5505,extrapolation,unmarked,initial,sa,gu,ComplexPhrase_Testing,point_burglar_sg_chef_pl,chef,poinim tumbat vaem sa gu,NA,NA,,NA,151,Fri Apr 27 13:01:26 2018
5505,extrapolation,unmarked,initial,sa,gu,ComplexPhrase_Testing,point_burglar_sg_cowboy_pl,cowboy,poinim tumbat nork sa gu,NA,NA,,NA,152,Fri Apr 27 13:01:30 2018
5505,extrapolation,unmarked,initial,sa,gu,ComplexPhrase_Testing,point_burglar_sg_chef_pl,chef,poinim tumbat vaem sa gu,NA,NA,,NA,153,Fri Apr 27 13:01:36 2018
5505,extrapolation,unmarked,initial,sa,gu,ComplexPhrase_Testing,punch_cowboy_sg_waitress_pl,waitress,straikim nork negid sa gu,NA,NA,,NA,154,Fri Apr 27 13:01:42 2018
5505,extrapolation,unmarked,initial,sa,gu,ComplexPhrase_Testing,punch_cowboy_sg_waitress_pl,waitress,straikim nork negid sa gu,NA,NA,,NA,155,Fri Apr 27 13:01:48 2018
5505,extrapolation,unmarked,initial,sa,gu,ComplexPhrase_Testing,waitress,NA,negid,NA,NA,,NA,156,Fri Apr 27 13:01:50 2018
5505,extrapolation,unmarked,initial,sa,gu,ComplexPhrase_Testing,kick_chef_sg_cowboy_sg,NA,kikim vaem nork gu,NA,NA,,NA,157,Fri Apr 27 13:01:57 2018
5505,extrapolation,unmarked,initial,sa,gu,ComplexPhrase_Testing,punch_chef_sg_cowboy_pl,cowboy,straikim vaem nork sa gu,NA,NA,,NA,158,Fri Apr 27 13:02:05 2018
5505,extrapolation,unmarked,initial,sa,gu,ComplexPhrase_Testing,point_cowboy_sg_chef_pl,chef,poinim nork vaem sa gu,NA,NA,,NA,159,Fri Apr 27 13:02:13 2018
5505,extrapolation,unmarked,initial,sa,gu,ComplexPhrase_Testing,point_cowboy_sg_burglar_pl,burglar,poinim nork tumbat sa gu,NA,NA,,NA,160,Fri Apr 27 13:02:20 2018
5505,extrapolation,unmarked,initial,sa,gu,ComplexPhrase_Testing,point_burglar_sg_cowboy_sg,NA,poinim tumbat nork gu,NA,NA,,NA,161,Fri Apr 27 13:02:24 2018
5505,extrapolation,unmarked,initial,sa,gu,ComplexPhrase_Testing,burglar,NA,tumbat,NA,NA,,NA,162,Fri Apr 27 13:02:30 2018
5505,extrapolation,unmarked,initial,sa,gu,ComplexPhrase_Testing,punch_cowboy_pl_chef_sg,NA,straikim nork sa vaem gu,NA,NA,,NA,163,Fri Apr 27 13:02:37 2018
5505,extrapolation,unmarked,initial,sa,gu,ComplexPhrase_Testing,point_chef_sg_waitress_pl,waitress,poinim vaem negid sa gu,NA,NA,,NA,164,Fri Apr 27 13:02:47 2018
5505,extrapolation,unmarked,initial,sa,gu,ComplexPhrase_Testing,punch_chef_sg_cowboy_pl,cowboy,straikim vaem nork sa gu,NA,NA,,NA,165,Fri Apr 27 13:02:52 2018
5505,extrapolation,unmarked,initial,sa,gu,ComplexPhrase_Testing,point_cowboy_sg_chef_pl,chef,poinim nork vaem sa gu,NA,NA,,NA,166,Fri Apr 27 13:02:59 2018
5505,extrapolation,unmarked,initial,sa,gu,ComplexPhrase_Testing,kick_waitress_pl_cowboy_sg,NA,kikim negid sa nork gu,NA,NA,,NA,167,Fri Apr 27 13:03:04 2018
5505,extrapolation,unmarked,initial,sa,gu,ComplexPhrase_Testing,chef,NA,vaem,NA,NA,,NA,168,Fri Apr 27 13:03:10 2018
5505,extrapolation,unmarked,initial,sa,gu,ComplexPhrase_Testing,punch_chef_sg_cowboy_pl,cowboy,straikim vaem nork sa gu,NA,NA,,NA,169,Fri Apr 27 13:03:19 2018
5505,extrapolation,unmarked,initial,sa,gu,ComplexPhrase_Testing,kick_waitress_sg_chef_pl,chef,kikim negid vaem sa gu,NA,NA,,NA,170,Fri Apr 27 13:03:27 2018
5505,extrapolation,unmarked,initial,sa,gu,ComplexPhrase_Testing,kick_chef_sg_burglar_pl,burglar,kikim vaem tumbat sa gu,NA,NA,,NA,171,Fri Apr 27 13:03:35 2018
5505,extrapolation,unmarked,initial,sa,gu,ComplexPhrase_Testing,point_burglar_sg_waitress_pl,waitress,poinim tumbat negid sa gu,NA,NA,,NA,172,Fri Apr 27 13:03:41 2018
5505,extrapolation,unmarked,initial,sa,gu,ComplexPhrase_Testing,point_burglar_sg_waitress_pl,waitress,poinim tumbat negid sa gu,NA,NA,,NA,173,Fri Apr 27 13:03:48 2018
5505,extrapolation,unmarked,initial,sa,gu,ComplexPhrase_Testing,point_cowboy_sg_burglar_pl,burglar,poinim nork tumbat sa gu,NA,NA,,NA,174,Fri Apr 27 13:03:55 2018
5505,extrapolation,unmarked,initial,sa,gu,ComplexPhrase_Testing,point_cowboy_sg_waitress_pl,waitress,poinim nork negid sa gu,NA,NA,,NA,175,Fri Apr 27 13:04:02 2018
5505,extrapolation,unmarked,initial,sa,gu,ComplexPhrase_Testing,punch_chef_sg_cowboy_sg,NA,straikim vaem nork gu,NA,NA,,NA,176,Fri Apr 27 13:04:08 2018
5505,extrapolation,unmarked,initial,sa,gu,ComplexPhrase_Testing,point_burglar_sg_waitress_pl,waitress,poinim tumbat negid sa gu,NA,NA,,NA,177,Fri Apr 27 13:04:16 2018
5505,extrapolation,unmarked,initial,sa,gu,ComplexPhrase_Testing,point_chef_sg_waitress_pl,waitress,poinim vaem negid sa gu,NA,NA,,NA,178,Fri Apr 27 13:04:22 2018
5505,extrapolation,unmarked,initial,sa,gu,ComplexPhrase_Testing,point_cowboy_sg_waitress_pl,waitress,poinim nork negid sa gu,NA,NA,,NA,179,Fri Apr 27 13:04:28 2018
5505,extrapolation,unmarked,initial,sa,gu,ComplexPhrase_Testing,point_chef_pl_cowboy_sg,NA,poinim vaem sa nork gu,NA,NA,,NA,180,Fri Apr 27 13:04:34 2018
5505,extrapolation,unmarked,initial,sa,gu,ComplexPhrase_Testing,punch_chef_pl_waitress_sg,NA,straikim vaem sa negid gu,NA,NA,,NA,181,Fri Apr 27 13:04:42 2018
5505,extrapolation,unmarked,initial,sa,gu,ComplexPhrase_Testing,point_cowboy_sg_chef_pl,chef,poinim nork vaem sa gu,NA,NA,,NA,182,Fri Apr 27 13:04:51 2018
5505,extrapolation,unmarked,initial,sa,gu,ComplexPhrase_Testing,cowboy,NA,nork,NA,NA,,NA,183,Fri Apr 27 13:04:55 2018
5505,extrapolation,unmarked,initial,sa,gu,ComplexPhrase_Testing,point_burglar_sg_chef_pl,chef,poinim tumbat vaem sa gu,NA,NA,,NA,184,Fri Apr 27 13:05:01 2018
5505,extrapolation,unmarked,initial,sa,gu,ComplexPhrase_Testing,point_burglar_sg_cowboy_pl,cowboy,poinim tumbat nork sa gu,NA,NA,,NA,185,Fri Apr 27 13:05:10 2018
5505,extrapolation,unmarked,initial,sa,gu,ComplexPhrase_Testing,kick_burglar_sg_cowboy_pl,cowboy,kikim tumbat nork sa gu,NA,NA,,NA,186,Fri Apr 27 13:05:16 2018
5505,extrapolation,unmarked,initial,sa,gu,ComplexPhrase_Testing,punch_waitress_pl_cowboy_sg,NA,straikim negid sa nork gu,NA,NA,,NA,187,Fri Apr 27 13:05:22 2018
5505,extrapolation,unmarked,initial,sa,gu,ComplexPhrase_Testing,kick_burglar_sg_cowboy_pl,cowboy,kikim tumbat nork sa gu,NA,NA,,NA,188,Fri Apr 27 13:05:30 2018
5505,extrapolation,unmarked,initial,sa,gu,Questionnaire,NA,NA,NA,NA,NA,,past tense,MeaningCase,Fri Apr 27 13:07:10 2018
5505,extrapolation,unmarked,initial,sa,gu,Questionnaire,NA,NA,NA,NA,NA,,dual/plural,MeaningNum,Fri Apr 27 13:07:10 2018
5505,extrapolation,unmarked,initial,sa,gu,Questionnaire,NA,NA,NA,NA,NA,,after,OrderCaseNoun,Fri Apr 27 13:07:10 2018
5505,extrapolation,unmarked,initial,sa,gu,Questionnaire,NA,NA,NA,NA,NA,,after,OrderNumNoun,Fri Apr 27 13:07:10 2018
5505,extrapolation,unmarked,initial,sa,gu,Questionnaire,NA,NA,NA,NA,NA,,english,Languages,Fri Apr 27 13:07:10 2018
