ID,Condition,MajorityOrder,NounPosition,markerNum,markerCase,Phase,Meaning,NounItem,InputSentence,Selection,TypedResponse,SpokenResponse,AnswerQuest,Trial,date&time
6609,extrapolation,unmarked,final,sa,gu,Noun_Training,cowboy,NA,negid,NA,NA,,NA,1,Mon Jun 18 11:32:41 2018
6609,extrapolation,unmarked,final,sa,gu,Noun_Training,waitress,NA,nork,NA,NA,,NA,2,Mon Jun 18 11:32:46 2018
6609,extrapolation,unmarked,final,sa,gu,Noun_Training,waitress,NA,nork,NA,NA,,NA,3,Mon Jun 18 11:32:51 2018
6609,extrapolation,unmarked,final,sa,gu,Noun_Training,chef,NA,vaem,NA,NA,,NA,4,Mon Jun 18 11:32:56 2018
6609,extrapolation,unmarked,final,sa,gu,Noun_Training,chef,NA,vaem,NA,NA,,NA,5,Mon Jun 18 11:33:01 2018
6609,extrapolation,unmarked,final,sa,gu,Noun_Training,chef,NA,vaem,NA,NA,,NA,6,Mon Jun 18 11:33:05 2018
6609,extrapolation,unmarked,final,sa,gu,Noun_Training,cowboy,NA,negid,NA,NA,,NA,7,Mon Jun 18 11:33:10 2018
6609,extrapolation,unmarked,final,sa,gu,Noun_Training,waitress,NA,nork,NA,NA,,NA,8,Mon Jun 18 11:33:15 2018
6609,extrapolation,unmarked,final,sa,gu,Noun_Training,burglar,NA,tumbat,NA,NA,,NA,9,Mon Jun 18 11:33:20 2018
6609,extrapolation,unmarked,final,sa,gu,Noun_Training,waitress,NA,nork,NA,NA,,NA,10,Mon Jun 18 11:33:25 2018
6609,extrapolation,unmarked,final,sa,gu,Noun_Training,cowboy,NA,negid,NA,NA,,NA,11,Mon Jun 18 11:33:30 2018
6609,extrapolation,unmarked,final,sa,gu,Noun_Training,cowboy,NA,negid,NA,NA,,NA,12,Mon Jun 18 11:33:34 2018
6609,extrapolation,unmarked,final,sa,gu,Noun_Training,burglar,NA,tumbat,NA,NA,,NA,13,Mon Jun 18 11:33:39 2018
6609,extrapolation,unmarked,final,sa,gu,Noun_Training,cowboy,NA,negid,NA,NA,,NA,14,Mon Jun 18 11:33:44 2018
6609,extrapolation,unmarked,final,sa,gu,Noun_Training,burglar,NA,tumbat,NA,NA,,NA,15,Mon Jun 18 11:33:49 2018
6609,extrapolation,unmarked,final,sa,gu,Noun_Training,chef,NA,vaem,NA,NA,,NA,16,Mon Jun 18 11:33:54 2018
6609,extrapolation,unmarked,final,sa,gu,Noun_Training,waitress,NA,nork,NA,NA,,NA,17,Mon Jun 18 11:33:59 2018
6609,extrapolation,unmarked,final,sa,gu,Noun_Training,burglar,NA,tumbat,NA,NA,,NA,18,Mon Jun 18 11:34:04 2018
6609,extrapolation,unmarked,final,sa,gu,Noun_Training,cowboy,NA,negid,NA,NA,,NA,19,Mon Jun 18 11:34:08 2018
6609,extrapolation,unmarked,final,sa,gu,Noun_Training,chef,NA,vaem,NA,NA,,NA,20,Mon Jun 18 11:34:13 2018
6609,extrapolation,unmarked,final,sa,gu,Noun_Training,burglar,NA,tumbat,NA,NA,,NA,21,Mon Jun 18 11:34:18 2018
6609,extrapolation,unmarked,final,sa,gu,Noun_Training,chef,NA,vaem,NA,NA,,NA,22,Mon Jun 18 11:34:23 2018
6609,extrapolation,unmarked,final,sa,gu,Noun_Training,waitress,NA,nork,NA,NA,,NA,23,Mon Jun 18 11:34:28 2018
6609,extrapolation,unmarked,final,sa,gu,Noun_Training,burglar,NA,tumbat,NA,NA,,NA,24,Mon Jun 18 11:34:33 2018
6609,extrapolation,unmarked,final,sa,gu,Noun_Selection,chef,NA,vaem,correct,NA,,NA,25,Mon Jun 18 11:35:01 2018
6609,extrapolation,unmarked,final,sa,gu,Noun_Selection,burglar,NA,tumbat,correct,NA,,NA,26,Mon Jun 18 11:35:05 2018
6609,extrapolation,unmarked,final,sa,gu,Noun_Selection,cowboy,NA,negid,correct,NA,,NA,27,Mon Jun 18 11:35:10 2018
6609,extrapolation,unmarked,final,sa,gu,Noun_Selection,chef,NA,vaem,correct,NA,,NA,28,Mon Jun 18 11:35:14 2018
6609,extrapolation,unmarked,final,sa,gu,Noun_Selection,waitress,NA,nork,correct,NA,,NA,29,Mon Jun 18 11:35:18 2018
6609,extrapolation,unmarked,final,sa,gu,Noun_Selection,burglar,NA,tumbat,correct,NA,,NA,30,Mon Jun 18 11:35:23 2018
6609,extrapolation,unmarked,final,sa,gu,Noun_Selection,burglar,NA,tumbat,correct,NA,,NA,31,Mon Jun 18 11:35:26 2018
6609,extrapolation,unmarked,final,sa,gu,Noun_Selection,cowboy,NA,negid,correct,NA,,NA,32,Mon Jun 18 11:35:31 2018
6609,extrapolation,unmarked,final,sa,gu,Noun_Selection,chef,NA,vaem,correct,NA,,NA,33,Mon Jun 18 11:35:34 2018
6609,extrapolation,unmarked,final,sa,gu,Noun_Selection,waitress,NA,nork,correct,NA,,NA,34,Mon Jun 18 11:35:37 2018
6609,extrapolation,unmarked,final,sa,gu,Noun_Selection,waitress,NA,nork,correct,NA,,NA,35,Mon Jun 18 11:35:40 2018
6609,extrapolation,unmarked,final,sa,gu,Noun_Selection,cowboy,NA,negid,correct,NA,,NA,36,Mon Jun 18 11:35:44 2018
6609,extrapolation,unmarked,final,sa,gu,Noun_Testing,waitress,NA,nork,NA,NA,,NA,37,Mon Jun 18 11:36:06 2018
6609,extrapolation,unmarked,final,sa,gu,Noun_Testing,chef,NA,vaem,NA,NA,,NA,38,Mon Jun 18 11:36:11 2018
6609,extrapolation,unmarked,final,sa,gu,Noun_Testing,chef,NA,vaem,NA,NA,,NA,39,Mon Jun 18 11:36:15 2018
6609,extrapolation,unmarked,final,sa,gu,Noun_Testing,burglar,NA,tumbat,NA,NA,,NA,40,Mon Jun 18 11:36:19 2018
6609,extrapolation,unmarked,final,sa,gu,Noun_Testing,burglar,NA,tumbat,NA,NA,,NA,41,Mon Jun 18 11:36:23 2018
6609,extrapolation,unmarked,final,sa,gu,Noun_Testing,cowboy,NA,negid,NA,NA,,NA,42,Mon Jun 18 11:36:29 2018
6609,extrapolation,unmarked,final,sa,gu,Noun_Testing,cowboy,NA,negid,NA,NA,,NA,43,Mon Jun 18 11:36:32 2018
6609,extrapolation,unmarked,final,sa,gu,Noun_Testing,chef,NA,vaem,NA,NA,,NA,44,Mon Jun 18 11:36:34 2018
6609,extrapolation,unmarked,final,sa,gu,Noun_Testing,waitress,NA,nork,NA,NA,,NA,45,Mon Jun 18 11:36:38 2018
6609,extrapolation,unmarked,final,sa,gu,Noun_Testing,waitress,NA,nork,NA,NA,,NA,46,Mon Jun 18 11:36:42 2018
6609,extrapolation,unmarked,final,sa,gu,Noun_Testing,burglar,NA,tumbat,NA,NA,,NA,47,Mon Jun 18 11:36:46 2018
6609,extrapolation,unmarked,final,sa,gu,Noun_Testing,cowboy,NA,negid,NA,NA,,NA,48,Mon Jun 18 11:36:51 2018
6609,extrapolation,unmarked,final,sa,gu,SimplePhrase_Training,punch_waitress_pl_cowboy_sg,NA,straikim sa nork gu negid,NA,NA,,NA,49,Mon Jun 18 11:37:27 2018
6609,extrapolation,unmarked,final,sa,gu,SimplePhrase_Training,kick_chef_sg_cowboy_sg,NA,kikim vaem gu negid,NA,NA,,NA,50,Mon Jun 18 11:37:34 2018
6609,extrapolation,unmarked,final,sa,gu,SimplePhrase_Training,chef,NA,vaem,NA,NA,,NA,51,Mon Jun 18 11:37:39 2018
6609,extrapolation,unmarked,final,sa,gu,SimplePhrase_Training,burglar,NA,tumbat,NA,NA,,NA,52,Mon Jun 18 11:37:44 2018
6609,extrapolation,unmarked,final,sa,gu,SimplePhrase_Training,cowboy,NA,negid,NA,NA,,NA,53,Mon Jun 18 11:37:49 2018
6609,extrapolation,unmarked,final,sa,gu,SimplePhrase_Training,burglar,NA,tumbat,NA,NA,,NA,54,Mon Jun 18 11:37:54 2018
6609,extrapolation,unmarked,final,sa,gu,SimplePhrase_Training,punch_cowboy_pl_chef_sg,NA,straikim sa negid gu vaem,NA,NA,,NA,55,Mon Jun 18 11:38:01 2018
6609,extrapolation,unmarked,final,sa,gu,SimplePhrase_Training,kick_waitress_pl_chef_sg,NA,kikim sa nork gu vaem,NA,NA,,NA,56,Mon Jun 18 11:38:08 2018
6609,extrapolation,unmarked,final,sa,gu,SimplePhrase_Training,kick_burglar_pl_chef_sg,NA,kikim sa tumbat gu vaem,NA,NA,,NA,57,Mon Jun 18 11:38:16 2018
6609,extrapolation,unmarked,final,sa,gu,SimplePhrase_Training,point_waitress_sg_cowboy_sg,NA,poinim nork gu negid,NA,NA,,NA,58,Mon Jun 18 11:38:23 2018
6609,extrapolation,unmarked,final,sa,gu,SimplePhrase_Training,kick_cowboy_pl_waitress_sg,NA,kikim sa negid gu nork,NA,NA,,NA,59,Mon Jun 18 11:38:31 2018
6609,extrapolation,unmarked,final,sa,gu,SimplePhrase_Training,kick_burglar_sg_cowboy_sg,NA,kikim tumbat gu negid,NA,NA,,NA,60,Mon Jun 18 11:38:38 2018
6609,extrapolation,unmarked,final,sa,gu,SimplePhrase_Training,kick_waitress_pl_cowboy_sg,NA,kikim sa nork gu negid,NA,NA,,NA,61,Mon Jun 18 11:38:45 2018
6609,extrapolation,unmarked,final,sa,gu,SimplePhrase_Training,punch_waitress_pl_burglar_sg,NA,straikim sa nork gu tumbat,NA,NA,,NA,62,Mon Jun 18 11:38:53 2018
6609,extrapolation,unmarked,final,sa,gu,SimplePhrase_Training,point_burglar_sg_chef_sg,NA,poinim tumbat gu vaem,NA,NA,,NA,63,Mon Jun 18 11:39:00 2018
6609,extrapolation,unmarked,final,sa,gu,SimplePhrase_Training,punch_chef_pl_waitress_sg,NA,straikim sa vaem gu nork,NA,NA,,NA,64,Mon Jun 18 11:39:08 2018
6609,extrapolation,unmarked,final,sa,gu,SimplePhrase_Training,kick_waitress_sg_burglar_sg,NA,kikim nork gu tumbat,NA,NA,,NA,65,Mon Jun 18 11:39:15 2018
6609,extrapolation,unmarked,final,sa,gu,SimplePhrase_Training,point_cowboy_pl_waitress_sg,NA,poinim sa negid gu nork,NA,NA,,NA,66,Mon Jun 18 11:39:22 2018
6609,extrapolation,unmarked,final,sa,gu,SimplePhrase_Training,punch_burglar_pl_waitress_sg,NA,straikim sa tumbat gu nork,NA,NA,,NA,67,Mon Jun 18 11:39:30 2018
6609,extrapolation,unmarked,final,sa,gu,SimplePhrase_Training,point_burglar_pl_cowboy_sg,NA,poinim sa tumbat gu negid,NA,NA,,NA,68,Mon Jun 18 11:39:38 2018
6609,extrapolation,unmarked,final,sa,gu,SimplePhrase_Training,punch_burglar_sg_cowboy_sg,NA,straikim tumbat gu negid,NA,NA,,NA,69,Mon Jun 18 11:39:45 2018
6609,extrapolation,unmarked,final,sa,gu,SimplePhrase_Training,point_waitress_sg_chef_sg,NA,poinim nork gu vaem,NA,NA,,NA,70,Mon Jun 18 11:39:52 2018
6609,extrapolation,unmarked,final,sa,gu,SimplePhrase_Training,kick_chef_pl_burglar_sg,NA,kikim sa vaem gu tumbat,NA,NA,,NA,71,Mon Jun 18 11:40:00 2018
6609,extrapolation,unmarked,final,sa,gu,SimplePhrase_Training,point_burglar_sg_waitress_sg,NA,poinim tumbat gu nork,NA,NA,,NA,72,Mon Jun 18 11:40:07 2018
6609,extrapolation,unmarked,final,sa,gu,SimplePhrase_Training,point_cowboy_sg_chef_sg,NA,poinim negid gu vaem,NA,NA,,NA,73,Mon Jun 18 11:40:14 2018
6609,extrapolation,unmarked,final,sa,gu,SimplePhrase_Training,kick_cowboy_pl_burglar_sg,NA,kikim sa negid gu tumbat,NA,NA,,NA,74,Mon Jun 18 11:40:22 2018
6609,extrapolation,unmarked,final,sa,gu,SimplePhrase_Training,punch_cowboy_sg_burglar_sg,NA,straikim negid gu tumbat,NA,NA,,NA,75,Mon Jun 18 11:40:29 2018
6609,extrapolation,unmarked,final,sa,gu,SimplePhrase_Training,punch_waitress_pl_chef_sg,NA,straikim sa nork gu vaem,NA,NA,,NA,76,Mon Jun 18 11:40:37 2018
6609,extrapolation,unmarked,final,sa,gu,SimplePhrase_Training,point_chef_sg_waitress_sg,NA,poinim vaem gu nork,NA,NA,,NA,77,Mon Jun 18 11:40:44 2018
6609,extrapolation,unmarked,final,sa,gu,SimplePhrase_Training,point_chef_pl_burglar_sg,NA,poinim sa vaem gu tumbat,NA,NA,,NA,78,Mon Jun 18 11:40:52 2018
6609,extrapolation,unmarked,final,sa,gu,SimplePhrase_Training,kick_cowboy_pl_chef_sg,NA,kikim sa negid gu vaem,NA,NA,,NA,79,Mon Jun 18 11:40:59 2018
6609,extrapolation,unmarked,final,sa,gu,SimplePhrase_Training,kick_burglar_pl_waitress_sg,NA,kikim sa tumbat gu nork,NA,NA,,NA,80,Mon Jun 18 11:41:06 2018
6609,extrapolation,unmarked,final,sa,gu,SimplePhrase_Training,point_waitress_sg_burglar_sg,NA,poinim nork gu tumbat,NA,NA,,NA,81,Mon Jun 18 11:41:14 2018
6609,extrapolation,unmarked,final,sa,gu,SimplePhrase_Training,punch_burglar_sg_chef_sg,NA,straikim tumbat gu vaem,NA,NA,,NA,82,Mon Jun 18 11:41:21 2018
6609,extrapolation,unmarked,final,sa,gu,SimplePhrase_Training,point_cowboy_pl_burglar_sg,NA,poinim sa negid gu tumbat,NA,NA,,NA,83,Mon Jun 18 11:41:29 2018
6609,extrapolation,unmarked,final,sa,gu,SimplePhrase_Training,point_chef_sg_cowboy_sg,NA,poinim vaem gu negid,NA,NA,,NA,84,Mon Jun 18 11:41:36 2018
6609,extrapolation,unmarked,final,sa,gu,SimplePhrase_Training,punch_chef_sg_cowboy_sg,NA,straikim vaem gu negid,NA,NA,,NA,85,Mon Jun 18 11:41:43 2018
6609,extrapolation,unmarked,final,sa,gu,SimplePhrase_Training,waitress,NA,nork,NA,NA,,NA,86,Mon Jun 18 11:41:48 2018
6609,extrapolation,unmarked,final,sa,gu,SimplePhrase_Training,kick_chef_sg_waitress_sg,NA,kikim vaem gu nork,NA,NA,,NA,87,Mon Jun 18 11:41:55 2018
6609,extrapolation,unmarked,final,sa,gu,SimplePhrase_Training,punch_cowboy_sg_waitress_sg,NA,straikim negid gu nork,NA,NA,,NA,88,Mon Jun 18 11:42:03 2018
6609,extrapolation,unmarked,final,sa,gu,SimplePhrase_Training,punch_chef_sg_burglar_sg,NA,straikim vaem gu tumbat,NA,NA,,NA,89,Mon Jun 18 11:42:10 2018
6609,extrapolation,unmarked,final,sa,gu,SimplePhrase_Training,chef,NA,vaem,NA,NA,,NA,90,Mon Jun 18 11:42:15 2018
6609,extrapolation,unmarked,final,sa,gu,SimplePhrase_Training,waitress,NA,nork,NA,NA,,NA,91,Mon Jun 18 11:42:20 2018
6609,extrapolation,unmarked,final,sa,gu,SimplePhrase_Training,cowboy,NA,negid,NA,NA,,NA,92,Mon Jun 18 11:42:24 2018
6609,extrapolation,unmarked,final,sa,gu,SimplePhrase_Comprehension,kick_waitress_sg_chef_sg,NA,kikim nork gu vaem,correct,NA,,NA,93,Mon Jun 18 11:42:48 2018
6609,extrapolation,unmarked,final,sa,gu,SimplePhrase_Comprehension,kick_waitress_sg_cowboy_sg,NA,kikim nork gu negid,correct,NA,,NA,94,Mon Jun 18 11:42:54 2018
6609,extrapolation,unmarked,final,sa,gu,SimplePhrase_Comprehension,punch_burglar_sg_waitress_sg,NA,straikim tumbat gu nork,correct,NA,,NA,95,Mon Jun 18 11:43:00 2018
6609,extrapolation,unmarked,final,sa,gu,SimplePhrase_Comprehension,punch_waitress_sg_cowboy_sg,NA,straikim nork gu negid,correct,NA,,NA,96,Mon Jun 18 11:43:05 2018
6609,extrapolation,unmarked,final,sa,gu,SimplePhrase_Comprehension,kick_chef_pl_cowboy_sg,NA,kikim sa vaem gu negid,correct,NA,,NA,97,Mon Jun 18 11:43:13 2018
6609,extrapolation,unmarked,final,sa,gu,SimplePhrase_Comprehension,point_cowboy_pl_chef_sg,NA,poinim sa negid gu vaem,correct,NA,,NA,98,Mon Jun 18 11:43:18 2018
6609,extrapolation,unmarked,final,sa,gu,SimplePhrase_Comprehension,kick_cowboy_sg_waitress_sg,NA,kikim negid gu nork,correct,NA,,NA,99,Mon Jun 18 11:43:24 2018
6609,extrapolation,unmarked,final,sa,gu,SimplePhrase_Comprehension,point_chef_pl_waitress_sg,NA,poinim sa vaem gu nork,correct,NA,,NA,100,Mon Jun 18 11:43:29 2018
6609,extrapolation,unmarked,final,sa,gu,SimplePhrase_Comprehension,point_burglar_pl_waitress_sg,NA,poinim sa tumbat gu nork,correct,NA,,NA,101,Mon Jun 18 11:43:35 2018
6609,extrapolation,unmarked,final,sa,gu,SimplePhrase_Comprehension,point_burglar_sg_cowboy_sg,NA,poinim tumbat gu negid,correct,NA,,NA,102,Mon Jun 18 11:43:41 2018
6609,extrapolation,unmarked,final,sa,gu,SimplePhrase_Comprehension,kick_waitress_pl_burglar_sg,NA,kikim sa nork gu tumbat,correct,NA,,NA,103,Mon Jun 18 11:43:47 2018
6609,extrapolation,unmarked,final,sa,gu,SimplePhrase_Comprehension,punch_cowboy_pl_waitress_sg,NA,straikim sa negid gu nork,correct,NA,,NA,104,Mon Jun 18 11:43:53 2018
6609,extrapolation,unmarked,final,sa,gu,SimplePhrase_Comprehension,punch_waitress_sg_chef_sg,NA,straikim nork gu vaem,correct,NA,,NA,105,Mon Jun 18 11:43:59 2018
6609,extrapolation,unmarked,final,sa,gu,SimplePhrase_Comprehension,point_cowboy_sg_waitress_sg,NA,poinim negid gu nork,correct,NA,,NA,106,Mon Jun 18 11:44:04 2018
6609,extrapolation,unmarked,final,sa,gu,SimplePhrase_Comprehension,kick_chef_sg_burglar_sg,NA,kikim vaem gu tumbat,correct,NA,,NA,107,Mon Jun 18 11:44:09 2018
6609,extrapolation,unmarked,final,sa,gu,SimplePhrase_Comprehension,kick_chef_pl_waitress_sg,NA,kikim sa vaem gu nork,correct,NA,,NA,108,Mon Jun 18 11:44:15 2018
6609,extrapolation,unmarked,final,sa,gu,SimplePhrase_Comprehension,punch_cowboy_pl_burglar_sg,NA,straikim sa negid gu tumbat,correct,NA,,NA,109,Mon Jun 18 11:44:21 2018
6609,extrapolation,unmarked,final,sa,gu,SimplePhrase_Comprehension,point_waitress_pl_cowboy_sg,NA,poinim sa nork gu negid,correct,NA,,NA,110,Mon Jun 18 11:44:27 2018
6609,extrapolation,unmarked,final,sa,gu,SimplePhrase_Comprehension,punch_burglar_pl_cowboy_sg,NA,straikim sa tumbat gu negid,correct,NA,,NA,111,Mon Jun 18 11:44:32 2018
6609,extrapolation,unmarked,final,sa,gu,SimplePhrase_Comprehension,kick_cowboy_sg_chef_sg,NA,kikim negid gu vaem,correct,NA,,NA,112,Mon Jun 18 11:44:38 2018
6609,extrapolation,unmarked,final,sa,gu,SimplePhrase_Typing,burglar,NA,tumbat,NA,tumbat,,NA,113,Mon Jun 18 11:45:10 2018
6609,extrapolation,unmarked,final,sa,gu,SimplePhrase_Typing,cowboy,NA,negid,NA,negid,,NA,114,Mon Jun 18 11:45:17 2018
6609,extrapolation,unmarked,final,sa,gu,SimplePhrase_Typing,kick_chef_sg_waitress_sg,NA,kikim vaem gu nork,NA,kikim vaem gu nork,,NA,115,Mon Jun 18 11:45:31 2018
6609,extrapolation,unmarked,final,sa,gu,SimplePhrase_Typing,kick_burglar_pl_waitress_sg,NA,kikim sa tumbat gu nork,NA,kikim sa tumbat gu nork,,NA,116,Mon Jun 18 11:45:46 2018
6609,extrapolation,unmarked,final,sa,gu,SimplePhrase_Typing,point_waitress_sg_burglar_sg,NA,poinim nork gu tumbat,NA,poinim nork gu tumbat,,NA,117,Mon Jun 18 11:46:00 2018
6609,extrapolation,unmarked,final,sa,gu,SimplePhrase_Typing,waitress,NA,nork,NA,nork,,NA,118,Mon Jun 18 11:46:06 2018
6609,extrapolation,unmarked,final,sa,gu,SimplePhrase_Typing,point_cowboy_pl_waitress_sg,NA,poinim sa negid gu nork,NA,poinim sa negid gu nork,,NA,119,Mon Jun 18 11:46:18 2018
6609,extrapolation,unmarked,final,sa,gu,SimplePhrase_Typing,chef,NA,vaem,NA,vaem,,NA,120,Mon Jun 18 11:46:28 2018
6609,extrapolation,unmarked,final,sa,gu,SimplePhrase_Typing,kick_cowboy_pl_burglar_sg,NA,kikim sa negid gu tumbat,NA,kikim sa negid gu tumbat,,NA,121,Mon Jun 18 11:46:41 2018
6609,extrapolation,unmarked,final,sa,gu,SimplePhrase_Typing,kick_waitress_pl_cowboy_sg,NA,kikim sa nork gu negid,NA,kikim sa nork gu negid,,NA,122,Mon Jun 18 11:46:58 2018
6609,extrapolation,unmarked,final,sa,gu,SimplePhrase_Typing,point_burglar_sg_chef_sg,NA,poinim tumbat gu vaem,NA,poinim tumbat ga vaem,,NA,123,Mon Jun 18 11:47:10 2018
6609,extrapolation,unmarked,final,sa,gu,SimplePhrase_Typing,punch_burglar_sg_cowboy_sg,NA,straikim tumbat gu negid,NA,straikim tumbat gu negid,,NA,124,Mon Jun 18 11:47:25 2018
6609,extrapolation,unmarked,final,sa,gu,ComplexPhrase_Typing,point_cowboy_sg_burglar_pl,burglar,poinim negid gu sa tumbat,NA,poinim negid gu sa tumbat,,NA,125,Mon Jun 18 11:48:12 2018
6609,extrapolation,unmarked,final,sa,gu,ComplexPhrase_Typing,kick_burglar_sg_cowboy_pl,cowboy,kikim tumbat gu sa negid,NA,kikim tumbat gu sa negid,,NA,126,Mon Jun 18 11:48:32 2018
6609,extrapolation,unmarked,final,sa,gu,ComplexPhrase_Typing,punch_cowboy_sg_waitress_pl,waitress,straikim negid gu sa nork,NA,straikim negid gu sa nork,,NA,127,Mon Jun 18 11:48:48 2018
6609,extrapolation,unmarked,final,sa,gu,ComplexPhrase_Typing,punch_cowboy_sg_chef_pl,chef,straikim negid gu sa vaem,NA,straikim negid gu sa vaem,,NA,128,Mon Jun 18 11:48:55 2018
6609,extrapolation,unmarked,final,sa,gu,ComplexPhrase_Typing,punch_cowboy_sg_waitress_pl,waitress,straikim negid gu sa nork,NA,straikim negid gu sa nork,,NA,129,Mon Jun 18 11:49:16 2018
6609,extrapolation,unmarked,final,sa,gu,ComplexPhrase_Typing,kick_burglar_sg_cowboy_pl,cowboy,kikim tumbat gu sa negid,NA,kikim tumbat gu sa negid,,NA,130,Mon Jun 18 11:49:24 2018
6609,extrapolation,unmarked,final,sa,gu,ComplexPhrase_Typing,punch_cowboy_sg_chef_pl,chef,straikim negid gu sa vaem,NA,straikim negid gu sa vaem,,NA,131,Mon Jun 18 11:49:34 2018
6609,extrapolation,unmarked,final,sa,gu,ComplexPhrase_Typing,point_cowboy_sg_burglar_pl,burglar,poinim negid gu sa tumbat,NA,poinim negid gu sa tumbat,,NA,132,Mon Jun 18 11:49:40 2018
6609,extrapolation,unmarked,final,sa,gu,ComplexPhrase_Typing,punch_cowboy_sg_chef_pl,chef,straikim negid gu sa vaem,NA,straikim negid gu sa vaem,,NA,133,Mon Jun 18 11:49:50 2018
6609,extrapolation,unmarked,final,sa,gu,ComplexPhrase_Typing,point_cowboy_sg_burglar_pl,burglar,poinim negid gu sa tumbat,NA,poinim negid gu sa tumbat,,NA,134,Mon Jun 18 11:49:59 2018
6609,extrapolation,unmarked,final,sa,gu,ComplexPhrase_Typing,kick_burglar_sg_cowboy_pl,cowboy,kikim tumbat gu sa negid,NA,kikim tumbat gu sa negid,,NA,135,Mon Jun 18 11:50:09 2018
6609,extrapolation,unmarked,final,sa,gu,ComplexPhrase_Typing,punch_cowboy_sg_waitress_pl,waitress,straikim negid gu sa nork,NA,straikim negid gu sa nork,,NA,136,Mon Jun 18 11:50:16 2018
6609,extrapolation,unmarked,final,sa,gu,ComplexPhrase_Testing,punch_chef_sg_cowboy_pl,cowboy,straikim vaem gu sa negid,NA,NA,,NA,137,Mon Jun 18 11:50:54 2018
6609,extrapolation,unmarked,final,sa,gu,ComplexPhrase_Testing,point_waitress_sg_cowboy_pl,cowboy,poinim nork gu sa negid,NA,NA,,NA,138,Mon Jun 18 11:51:00 2018
6609,extrapolation,unmarked,final,sa,gu,ComplexPhrase_Testing,kick_cowboy_sg_chef_pl,chef,kikim negid gu sa vaem,NA,NA,,NA,139,Mon Jun 18 11:51:06 2018
6609,extrapolation,unmarked,final,sa,gu,ComplexPhrase_Testing,kick_burglar_pl_chef_sg,NA,kikim sa tumbat gu vaem,NA,NA,,NA,140,Mon Jun 18 11:51:11 2018
6609,extrapolation,unmarked,final,sa,gu,ComplexPhrase_Testing,kick_waitress_sg_cowboy_sg,NA,kikim nork gu negid,NA,NA,,NA,141,Mon Jun 18 11:51:24 2018
6609,extrapolation,unmarked,final,sa,gu,ComplexPhrase_Testing,punch_burglar_sg_cowboy_pl,cowboy,straikim tumbat gu sa negid,NA,NA,,NA,142,Mon Jun 18 11:51:37 2018
6609,extrapolation,unmarked,final,sa,gu,ComplexPhrase_Testing,point_waitress_sg_cowboy_pl,cowboy,poinim nork gu sa negid,NA,NA,,NA,143,Mon Jun 18 11:51:44 2018
6609,extrapolation,unmarked,final,sa,gu,ComplexPhrase_Testing,point_burglar_pl_chef_sg,NA,poinim sa tumbat gu vaem,NA,NA,,NA,144,Mon Jun 18 11:51:48 2018
6609,extrapolation,unmarked,final,sa,gu,ComplexPhrase_Testing,punch_waitress_sg_chef_pl,chef,straikim nork gu sa vaem,NA,NA,,NA,145,Mon Jun 18 11:51:57 2018
6609,extrapolation,unmarked,final,sa,gu,ComplexPhrase_Testing,punch_waitress_sg_cowboy_pl,cowboy,straikim nork gu sa negid,NA,NA,,NA,146,Mon Jun 18 11:52:02 2018
6609,extrapolation,unmarked,final,sa,gu,ComplexPhrase_Testing,kick_waitress_sg_cowboy_pl,cowboy,kikim nork gu sa negid,NA,NA,,NA,147,Mon Jun 18 11:52:08 2018
6609,extrapolation,unmarked,final,sa,gu,ComplexPhrase_Testing,kick_burglar_sg_chef_pl,chef,kikim tumbat gu sa vaem,NA,NA,,NA,148,Mon Jun 18 11:52:13 2018
6609,extrapolation,unmarked,final,sa,gu,ComplexPhrase_Testing,kick_chef_sg_waitress_pl,waitress,kikim vaem gu sa nork,NA,NA,,NA,149,Mon Jun 18 11:52:18 2018
6609,extrapolation,unmarked,final,sa,gu,ComplexPhrase_Testing,punch_cowboy_sg_waitress_sg,NA,straikim negid gu nork,NA,NA,,NA,150,Mon Jun 18 11:52:23 2018
6609,extrapolation,unmarked,final,sa,gu,ComplexPhrase_Testing,punch_chef_sg_waitress_sg,NA,straikim vaem gu nork,NA,NA,,NA,151,Mon Jun 18 11:52:31 2018
6609,extrapolation,unmarked,final,sa,gu,ComplexPhrase_Testing,point_burglar_sg_chef_pl,chef,poinim tumbat gu sa vaem,NA,NA,,NA,152,Mon Jun 18 11:52:40 2018
6609,extrapolation,unmarked,final,sa,gu,ComplexPhrase_Testing,point_burglar_sg_chef_pl,chef,poinim tumbat gu sa vaem,NA,NA,,NA,153,Mon Jun 18 11:52:44 2018
6609,extrapolation,unmarked,final,sa,gu,ComplexPhrase_Testing,punch_waitress_sg_chef_pl,chef,straikim nork gu sa vaem,NA,NA,,NA,154,Mon Jun 18 11:52:49 2018
6609,extrapolation,unmarked,final,sa,gu,ComplexPhrase_Testing,waitress,NA,nork,NA,NA,,NA,155,Mon Jun 18 11:52:51 2018
6609,extrapolation,unmarked,final,sa,gu,ComplexPhrase_Testing,point_waitress_sg_cowboy_pl,cowboy,poinim nork gu sa negid,NA,NA,,NA,156,Mon Jun 18 11:52:58 2018
6609,extrapolation,unmarked,final,sa,gu,ComplexPhrase_Testing,kick_cowboy_pl_chef_sg,NA,kikim sa negid gu vaem,NA,NA,,NA,157,Mon Jun 18 11:53:09 2018
6609,extrapolation,unmarked,final,sa,gu,ComplexPhrase_Testing,cowboy,NA,negid,NA,NA,,NA,158,Mon Jun 18 11:53:14 2018
6609,extrapolation,unmarked,final,sa,gu,ComplexPhrase_Testing,kick_cowboy_sg_chef_sg,NA,kikim negid gu vaem,NA,NA,,NA,159,Mon Jun 18 11:53:20 2018
6609,extrapolation,unmarked,final,sa,gu,ComplexPhrase_Testing,kick_cowboy_sg_chef_pl,chef,kikim negid gu sa vaem,NA,NA,,NA,160,Mon Jun 18 11:53:28 2018
6609,extrapolation,unmarked,final,sa,gu,ComplexPhrase_Testing,point_waitress_pl_burglar_sg,NA,poinim sa nork gu tumbat,NA,NA,,NA,161,Mon Jun 18 11:53:34 2018
6609,extrapolation,unmarked,final,sa,gu,ComplexPhrase_Testing,punch_burglar_sg_cowboy_pl,cowboy,straikim tumbat gu sa negid,NA,NA,,NA,162,Mon Jun 18 11:53:43 2018
6609,extrapolation,unmarked,final,sa,gu,ComplexPhrase_Testing,kick_chef_pl_cowboy_sg,NA,kikim sa vaem gu negid,NA,NA,,NA,163,Mon Jun 18 11:53:49 2018
6609,extrapolation,unmarked,final,sa,gu,ComplexPhrase_Testing,kick_waitress_sg_cowboy_pl,cowboy,kikim nork gu sa negid,NA,NA,,NA,164,Mon Jun 18 11:53:58 2018
6609,extrapolation,unmarked,final,sa,gu,ComplexPhrase_Testing,kick_waitress_sg_burglar_pl,burglar,kikim nork gu sa tumbat,NA,NA,,NA,165,Mon Jun 18 11:54:02 2018
6609,extrapolation,unmarked,final,sa,gu,ComplexPhrase_Testing,burglar,NA,tumbat,NA,NA,,NA,166,Mon Jun 18 11:54:05 2018
6609,extrapolation,unmarked,final,sa,gu,ComplexPhrase_Testing,point_burglar_sg_chef_pl,chef,poinim tumbat gu sa vaem,NA,NA,,NA,167,Mon Jun 18 11:54:12 2018
6609,extrapolation,unmarked,final,sa,gu,ComplexPhrase_Testing,punch_waitress_sg_cowboy_pl,cowboy,straikim nork gu sa negid,NA,NA,,NA,168,Mon Jun 18 11:54:18 2018
6609,extrapolation,unmarked,final,sa,gu,ComplexPhrase_Testing,point_waitress_sg_burglar_pl,burglar,poinim nork gu sa tumbat,NA,NA,,NA,169,Mon Jun 18 11:54:23 2018
6609,extrapolation,unmarked,final,sa,gu,ComplexPhrase_Testing,kick_waitress_sg_burglar_pl,burglar,kikim nork gu sa tumbat,NA,NA,,NA,170,Mon Jun 18 11:54:28 2018
6609,extrapolation,unmarked,final,sa,gu,ComplexPhrase_Testing,punch_burglar_sg_cowboy_pl,cowboy,straikim tumbat gu sa negid,NA,NA,,NA,171,Mon Jun 18 11:54:38 2018
6609,extrapolation,unmarked,final,sa,gu,ComplexPhrase_Testing,kick_chef_sg_waitress_pl,waitress,kikim vaem gu sa nork,NA,NA,,NA,172,Mon Jun 18 11:54:45 2018
6609,extrapolation,unmarked,final,sa,gu,ComplexPhrase_Testing,point_waitress_sg_burglar_pl,burglar,poinim nork gu sa tumbat,NA,NA,,NA,173,Mon Jun 18 11:54:50 2018
6609,extrapolation,unmarked,final,sa,gu,ComplexPhrase_Testing,kick_burglar_sg_chef_pl,chef,kikim tumbat gu sa vaem,NA,NA,,NA,174,Mon Jun 18 11:54:55 2018
6609,extrapolation,unmarked,final,sa,gu,ComplexPhrase_Testing,chef,NA,vaem,NA,NA,,NA,175,Mon Jun 18 11:54:57 2018
6609,extrapolation,unmarked,final,sa,gu,ComplexPhrase_Testing,kick_waitress_sg_burglar_pl,burglar,kikim nork gu sa tumbat,NA,NA,,NA,176,Mon Jun 18 11:55:02 2018
6609,extrapolation,unmarked,final,sa,gu,ComplexPhrase_Testing,kick_burglar_sg_waitress_sg,NA,kikim tumbat gu nork,NA,NA,,NA,177,Mon Jun 18 11:55:08 2018
6609,extrapolation,unmarked,final,sa,gu,ComplexPhrase_Testing,point_burglar_sg_waitress_sg,NA,poinim tumbat gu nork,NA,NA,,NA,178,Mon Jun 18 11:55:17 2018
6609,extrapolation,unmarked,final,sa,gu,ComplexPhrase_Testing,punch_chef_sg_cowboy_pl,cowboy,straikim vaem gu sa negid,NA,NA,,NA,179,Mon Jun 18 11:55:27 2018
6609,extrapolation,unmarked,final,sa,gu,ComplexPhrase_Testing,punch_chef_sg_cowboy_pl,cowboy,straikim vaem gu sa negid,NA,NA,,NA,180,Mon Jun 18 11:55:33 2018
6609,extrapolation,unmarked,final,sa,gu,ComplexPhrase_Testing,punch_waitress_sg_cowboy_pl,cowboy,straikim nork gu sa negid,NA,NA,,NA,181,Mon Jun 18 11:55:39 2018
6609,extrapolation,unmarked,final,sa,gu,ComplexPhrase_Testing,kick_cowboy_sg_chef_pl,chef,kikim negid gu sa vaem,NA,NA,,NA,182,Mon Jun 18 11:55:45 2018
6609,extrapolation,unmarked,final,sa,gu,ComplexPhrase_Testing,point_waitress_sg_burglar_pl,burglar,poinim nork gu sa tumbat,NA,NA,,NA,183,Mon Jun 18 11:55:52 2018
6609,extrapolation,unmarked,final,sa,gu,ComplexPhrase_Testing,kick_chef_sg_waitress_pl,waitress,kikim vaem gu sa nork,NA,NA,,NA,184,Mon Jun 18 11:55:59 2018
6609,extrapolation,unmarked,final,sa,gu,ComplexPhrase_Testing,punch_waitress_sg_chef_pl,chef,straikim nork gu sa vaem,NA,NA,,NA,185,Mon Jun 18 11:56:03 2018
6609,extrapolation,unmarked,final,sa,gu,ComplexPhrase_Testing,punch_burglar_pl_cowboy_sg,NA,straikim sa tumbat gu negid,NA,NA,,NA,186,Mon Jun 18 11:56:11 2018
6609,extrapolation,unmarked,final,sa,gu,ComplexPhrase_Testing,kick_waitress_sg_cowboy_pl,cowboy,kikim nork gu sa negid,NA,NA,,NA,187,Mon Jun 18 11:56:19 2018
6609,extrapolation,unmarked,final,sa,gu,ComplexPhrase_Testing,kick_burglar_sg_chef_pl,chef,kikim tumbat gu sa vaem,NA,NA,,NA,188,Mon Jun 18 11:56:25 2018
6609,extrapolation,unmarked,final,sa,gu,Questionnaire,NA,NA,NA,NA,NA,,indicates plural noun,MeaningNum,Mon Jun 18 11:58:59 2018
6609,extrapolation,unmarked,final,sa,gu,Questionnaire,NA,NA,NA,NA,NA,,indicates the object ,MeaningCase,Mon Jun 18 11:58:59 2018
6609,extrapolation,unmarked,final,sa,gu,Questionnaire,NA,NA,NA,NA,NA,,before,OrderNumNoun,Mon Jun 18 11:58:59 2018
6609,extrapolation,unmarked,final,sa,gu,Questionnaire,NA,NA,NA,NA,NA,,before,OrderCaseNoun,Mon Jun 18 11:58:59 2018
6609,extrapolation,unmarked,final,sa,gu,Questionnaire,NA,NA,NA,NA,NA,,english ,Languages,Mon Jun 18 11:58:59 2018
