ID,Condition,MajorityOrder,NounPosition,markerNum,markerCase,Phase,Meaning,NounItem,InputSentence,Selection,TypedResponse,SpokenResponse,AnswerQuest,Trial,date&time
503,extrapolation,unmarked,initial,gu,sa,Noun_Training,burglar,NA,negid,NA,NA,,NA,1,Fri Apr 20 15:33:06 2018
503,extrapolation,unmarked,initial,gu,sa,Noun_Training,cowboy,NA,tumbat,NA,NA,,NA,2,Fri Apr 20 15:33:11 2018
503,extrapolation,unmarked,initial,gu,sa,Noun_Training,cowboy,NA,tumbat,NA,NA,,NA,3,Fri Apr 20 15:33:16 2018
503,extrapolation,unmarked,initial,gu,sa,Noun_Training,burglar,NA,negid,NA,NA,,NA,4,Fri Apr 20 15:33:21 2018
503,extrapolation,unmarked,initial,gu,sa,Noun_Training,chef,NA,vaem,NA,NA,,NA,5,Fri Apr 20 15:33:26 2018
503,extrapolation,unmarked,initial,gu,sa,Noun_Training,waitress,NA,nork,NA,NA,,NA,6,Fri Apr 20 15:33:31 2018
503,extrapolation,unmarked,initial,gu,sa,Noun_Training,chef,NA,vaem,NA,NA,,NA,7,Fri Apr 20 15:33:35 2018
503,extrapolation,unmarked,initial,gu,sa,Noun_Training,waitress,NA,nork,NA,NA,,NA,8,Fri Apr 20 15:33:40 2018
503,extrapolation,unmarked,initial,gu,sa,Noun_Training,chef,NA,vaem,NA,NA,,NA,9,Fri Apr 20 15:33:45 2018
503,extrapolation,unmarked,initial,gu,sa,Noun_Training,cowboy,NA,tumbat,NA,NA,,NA,10,Fri Apr 20 15:33:50 2018
503,extrapolation,unmarked,initial,gu,sa,Noun_Training,cowboy,NA,tumbat,NA,NA,,NA,11,Fri Apr 20 15:33:55 2018
503,extrapolation,unmarked,initial,gu,sa,Noun_Training,chef,NA,vaem,NA,NA,,NA,12,Fri Apr 20 15:34:00 2018
503,extrapolation,unmarked,initial,gu,sa,Noun_Training,cowboy,NA,tumbat,NA,NA,,NA,13,Fri Apr 20 15:34:05 2018
503,extrapolation,unmarked,initial,gu,sa,Noun_Training,burglar,NA,negid,NA,NA,,NA,14,Fri Apr 20 15:34:09 2018
503,extrapolation,unmarked,initial,gu,sa,Noun_Training,waitress,NA,nork,NA,NA,,NA,15,Fri Apr 20 15:34:14 2018
503,extrapolation,unmarked,initial,gu,sa,Noun_Training,burglar,NA,negid,NA,NA,,NA,16,Fri Apr 20 15:34:19 2018
503,extrapolation,unmarked,initial,gu,sa,Noun_Training,chef,NA,vaem,NA,NA,,NA,17,Fri Apr 20 15:34:24 2018
503,extrapolation,unmarked,initial,gu,sa,Noun_Training,chef,NA,vaem,NA,NA,,NA,18,Fri Apr 20 15:34:29 2018
503,extrapolation,unmarked,initial,gu,sa,Noun_Training,burglar,NA,negid,NA,NA,,NA,19,Fri Apr 20 15:34:33 2018
503,extrapolation,unmarked,initial,gu,sa,Noun_Training,burglar,NA,negid,NA,NA,,NA,20,Fri Apr 20 15:34:38 2018
503,extrapolation,unmarked,initial,gu,sa,Noun_Training,waitress,NA,nork,NA,NA,,NA,21,Fri Apr 20 15:34:43 2018
503,extrapolation,unmarked,initial,gu,sa,Noun_Training,cowboy,NA,tumbat,NA,NA,,NA,22,Fri Apr 20 15:34:48 2018
503,extrapolation,unmarked,initial,gu,sa,Noun_Training,waitress,NA,nork,NA,NA,,NA,23,Fri Apr 20 15:34:53 2018
503,extrapolation,unmarked,initial,gu,sa,Noun_Training,waitress,NA,nork,NA,NA,,NA,24,Fri Apr 20 15:34:58 2018
503,extrapolation,unmarked,initial,gu,sa,Noun_Selection,cowboy,NA,tumbat,correct,NA,,NA,25,Fri Apr 20 15:35:20 2018
503,extrapolation,unmarked,initial,gu,sa,Noun_Selection,chef,NA,vaem,correct,NA,,NA,26,Fri Apr 20 15:35:25 2018
503,extrapolation,unmarked,initial,gu,sa,Noun_Selection,waitress,NA,nork,correct,NA,,NA,27,Fri Apr 20 15:35:29 2018
503,extrapolation,unmarked,initial,gu,sa,Noun_Selection,waitress,NA,nork,correct,NA,,NA,28,Fri Apr 20 15:35:32 2018
503,extrapolation,unmarked,initial,gu,sa,Noun_Selection,cowboy,NA,tumbat,correct,NA,,NA,29,Fri Apr 20 15:35:35 2018
503,extrapolation,unmarked,initial,gu,sa,Noun_Selection,burglar,NA,negid,correct,NA,,NA,30,Fri Apr 20 15:35:39 2018
503,extrapolation,unmarked,initial,gu,sa,Noun_Selection,chef,NA,vaem,correct,NA,,NA,31,Fri Apr 20 15:35:42 2018
503,extrapolation,unmarked,initial,gu,sa,Noun_Selection,waitress,NA,nork,correct,NA,,NA,32,Fri Apr 20 15:35:45 2018
503,extrapolation,unmarked,initial,gu,sa,Noun_Selection,burglar,NA,negid,correct,NA,,NA,33,Fri Apr 20 15:35:48 2018
503,extrapolation,unmarked,initial,gu,sa,Noun_Selection,burglar,NA,negid,correct,NA,,NA,34,Fri Apr 20 15:35:51 2018
503,extrapolation,unmarked,initial,gu,sa,Noun_Selection,chef,NA,vaem,correct,NA,,NA,35,Fri Apr 20 15:35:54 2018
503,extrapolation,unmarked,initial,gu,sa,Noun_Selection,cowboy,NA,tumbat,correct,NA,,NA,36,Fri Apr 20 15:35:56 2018
503,extrapolation,unmarked,initial,gu,sa,Noun_Testing,burglar,NA,negid,NA,NA,,NA,37,Fri Apr 20 15:36:26 2018
503,extrapolation,unmarked,initial,gu,sa,Noun_Testing,burglar,NA,negid,NA,NA,,NA,38,Fri Apr 20 15:36:33 2018
503,extrapolation,unmarked,initial,gu,sa,Noun_Testing,cowboy,NA,tumbat,NA,NA,,NA,39,Fri Apr 20 15:36:42 2018
503,extrapolation,unmarked,initial,gu,sa,Noun_Testing,chef,NA,vaem,NA,NA,,NA,40,Fri Apr 20 15:36:47 2018
503,extrapolation,unmarked,initial,gu,sa,Noun_Testing,cowboy,NA,tumbat,NA,NA,,NA,41,Fri Apr 20 15:36:52 2018
503,extrapolation,unmarked,initial,gu,sa,Noun_Testing,cowboy,NA,tumbat,NA,NA,,NA,42,Fri Apr 20 15:36:56 2018
503,extrapolation,unmarked,initial,gu,sa,Noun_Testing,chef,NA,vaem,NA,NA,,NA,43,Fri Apr 20 15:37:02 2018
503,extrapolation,unmarked,initial,gu,sa,Noun_Testing,waitress,NA,nork,NA,NA,,NA,44,Fri Apr 20 15:37:09 2018
503,extrapolation,unmarked,initial,gu,sa,Noun_Testing,burglar,NA,negid,NA,NA,,NA,45,Fri Apr 20 15:37:15 2018
503,extrapolation,unmarked,initial,gu,sa,Noun_Testing,chef,NA,vaem,NA,NA,,NA,46,Fri Apr 20 15:37:19 2018
503,extrapolation,unmarked,initial,gu,sa,Noun_Testing,waitress,NA,nork,NA,NA,,NA,47,Fri Apr 20 15:37:24 2018
503,extrapolation,unmarked,initial,gu,sa,Noun_Testing,waitress,NA,nork,NA,NA,,NA,48,Fri Apr 20 15:37:29 2018
503,extrapolation,unmarked,initial,gu,sa,SimplePhrase_Training,point_chef_pl_cowboy_sg,NA,poinim vaem gu tumbat sa,NA,NA,,NA,49,Fri Apr 20 15:38:05 2018
503,extrapolation,unmarked,initial,gu,sa,SimplePhrase_Training,point_chef_pl_burglar_sg,NA,poinim vaem gu negid sa,NA,NA,,NA,50,Fri Apr 20 15:38:12 2018
503,extrapolation,unmarked,initial,gu,sa,SimplePhrase_Training,burglar_three,NA,negid gu,NA,NA,,NA,51,Fri Apr 20 15:38:17 2018
503,extrapolation,unmarked,initial,gu,sa,SimplePhrase_Training,punch_waitress_pl_burglar_sg,NA,straikim nork gu negid sa,NA,NA,,NA,52,Fri Apr 20 15:38:25 2018
503,extrapolation,unmarked,initial,gu,sa,SimplePhrase_Training,kick_chef_pl_cowboy_sg,NA,kikim vaem gu tumbat sa,NA,NA,,NA,53,Fri Apr 20 15:38:32 2018
503,extrapolation,unmarked,initial,gu,sa,SimplePhrase_Training,punch_waitress_sg_cowboy_sg,NA,straikim nork tumbat sa,NA,NA,,NA,54,Fri Apr 20 15:38:40 2018
503,extrapolation,unmarked,initial,gu,sa,SimplePhrase_Training,chef_two,NA,vaem gu,NA,NA,,NA,55,Fri Apr 20 15:38:45 2018
503,extrapolation,unmarked,initial,gu,sa,SimplePhrase_Training,cowboy,NA,tumbat,NA,NA,,NA,56,Fri Apr 20 15:38:50 2018
503,extrapolation,unmarked,initial,gu,sa,SimplePhrase_Training,cowboy_four,NA,tumbat gu,NA,NA,,NA,57,Fri Apr 20 15:38:55 2018
503,extrapolation,unmarked,initial,gu,sa,SimplePhrase_Training,chef_four,NA,vaem gu,NA,NA,,NA,58,Fri Apr 20 15:39:00 2018
503,extrapolation,unmarked,initial,gu,sa,SimplePhrase_Training,point_chef_pl_waitress_sg,NA,poinim vaem gu nork sa,NA,NA,,NA,59,Fri Apr 20 15:39:07 2018
503,extrapolation,unmarked,initial,gu,sa,SimplePhrase_Training,point_waitress_pl_cowboy_sg,NA,poinim nork gu tumbat sa,NA,NA,,NA,60,Fri Apr 20 15:39:15 2018
503,extrapolation,unmarked,initial,gu,sa,SimplePhrase_Training,waitress,NA,nork,NA,NA,,NA,61,Fri Apr 20 15:39:20 2018
503,extrapolation,unmarked,initial,gu,sa,SimplePhrase_Training,cowboy_two,NA,tumbat gu,NA,NA,,NA,62,Fri Apr 20 15:39:25 2018
503,extrapolation,unmarked,initial,gu,sa,SimplePhrase_Training,punch_waitress_pl_chef_sg,NA,straikim nork gu vaem sa,NA,NA,,NA,63,Fri Apr 20 15:39:32 2018
503,extrapolation,unmarked,initial,gu,sa,SimplePhrase_Training,burglar_two,NA,negid gu,NA,NA,,NA,64,Fri Apr 20 15:39:37 2018
503,extrapolation,unmarked,initial,gu,sa,SimplePhrase_Training,point_cowboy_sg_burglar_sg,NA,poinim tumbat negid sa,NA,NA,,NA,65,Fri Apr 20 15:39:45 2018
503,extrapolation,unmarked,initial,gu,sa,SimplePhrase_Training,punch_chef_sg_cowboy_sg,NA,straikim vaem tumbat sa,NA,NA,,NA,66,Fri Apr 20 15:39:52 2018
503,extrapolation,unmarked,initial,gu,sa,SimplePhrase_Training,waitress_four,NA,nork gu,NA,NA,,NA,67,Fri Apr 20 15:39:57 2018
503,extrapolation,unmarked,initial,gu,sa,SimplePhrase_Training,kick_burglar_sg_waitress_sg,NA,kikim negid nork sa,NA,NA,,NA,68,Fri Apr 20 15:40:04 2018
503,extrapolation,unmarked,initial,gu,sa,SimplePhrase_Training,waitress_three,NA,nork gu,NA,NA,,NA,69,Fri Apr 20 15:40:09 2018
503,extrapolation,unmarked,initial,gu,sa,SimplePhrase_Training,punch_cowboy_pl_chef_sg,NA,straikim tumbat gu vaem sa,NA,NA,,NA,70,Fri Apr 20 15:40:17 2018
503,extrapolation,unmarked,initial,gu,sa,SimplePhrase_Training,point_burglar_sg_chef_sg,NA,poinim negid vaem sa,NA,NA,,NA,71,Fri Apr 20 15:40:24 2018
503,extrapolation,unmarked,initial,gu,sa,SimplePhrase_Training,kick_burglar_sg_chef_sg,NA,kikim negid vaem sa,NA,NA,,NA,72,Fri Apr 20 15:40:31 2018
503,extrapolation,unmarked,initial,gu,sa,SimplePhrase_Training,chef_three,NA,vaem gu,NA,NA,,NA,73,Fri Apr 20 15:40:36 2018
503,extrapolation,unmarked,initial,gu,sa,SimplePhrase_Training,kick_chef_sg_burglar_sg,NA,kikim vaem negid sa,NA,NA,,NA,74,Fri Apr 20 15:40:44 2018
503,extrapolation,unmarked,initial,gu,sa,SimplePhrase_Training,point_burglar_pl_waitress_sg,NA,poinim negid gu nork sa,NA,NA,,NA,75,Fri Apr 20 15:40:51 2018
503,extrapolation,unmarked,initial,gu,sa,SimplePhrase_Training,point_burglar_sg_cowboy_sg,NA,poinim negid tumbat sa,NA,NA,,NA,76,Fri Apr 20 15:40:58 2018
503,extrapolation,unmarked,initial,gu,sa,SimplePhrase_Training,cowboy_three,NA,tumbat gu,NA,NA,,NA,77,Fri Apr 20 15:41:03 2018
503,extrapolation,unmarked,initial,gu,sa,SimplePhrase_Training,kick_cowboy_sg_waitress_sg,NA,kikim tumbat nork sa,NA,NA,,NA,78,Fri Apr 20 15:41:11 2018
503,extrapolation,unmarked,initial,gu,sa,SimplePhrase_Training,punch_chef_pl_burglar_sg,NA,straikim vaem gu negid sa,NA,NA,,NA,79,Fri Apr 20 15:41:18 2018
503,extrapolation,unmarked,initial,gu,sa,SimplePhrase_Training,cowboy_four,NA,tumbat gu,NA,NA,,NA,80,Fri Apr 20 15:41:23 2018
503,extrapolation,unmarked,initial,gu,sa,SimplePhrase_Training,point_waitress_sg_burglar_sg,NA,poinim nork negid sa,NA,NA,,NA,81,Fri Apr 20 15:41:31 2018
503,extrapolation,unmarked,initial,gu,sa,SimplePhrase_Training,waitress_two,NA,nork gu,NA,NA,,NA,82,Fri Apr 20 15:41:36 2018
503,extrapolation,unmarked,initial,gu,sa,SimplePhrase_Training,punch_chef_sg_waitress_sg,NA,straikim vaem nork sa,NA,NA,,NA,83,Fri Apr 20 15:41:43 2018
503,extrapolation,unmarked,initial,gu,sa,SimplePhrase_Training,burglar,NA,negid,NA,NA,,NA,84,Fri Apr 20 15:41:48 2018
503,extrapolation,unmarked,initial,gu,sa,SimplePhrase_Training,burglar,NA,negid,NA,NA,,NA,85,Fri Apr 20 15:41:53 2018
503,extrapolation,unmarked,initial,gu,sa,SimplePhrase_Training,kick_chef_sg_waitress_sg,NA,kikim vaem nork sa,NA,NA,,NA,86,Fri Apr 20 15:42:00 2018
503,extrapolation,unmarked,initial,gu,sa,SimplePhrase_Training,kick_cowboy_pl_burglar_sg,NA,kikim tumbat gu negid sa,NA,NA,,NA,87,Fri Apr 20 15:42:07 2018
503,extrapolation,unmarked,initial,gu,sa,SimplePhrase_Training,waitress_three,NA,nork gu,NA,NA,,NA,88,Fri Apr 20 15:42:12 2018
503,extrapolation,unmarked,initial,gu,sa,SimplePhrase_Training,kick_waitress_sg_burglar_sg,NA,kikim nork negid sa,NA,NA,,NA,89,Fri Apr 20 15:42:20 2018
503,extrapolation,unmarked,initial,gu,sa,SimplePhrase_Training,burglar_four,NA,negid gu,NA,NA,,NA,90,Fri Apr 20 15:42:25 2018
503,extrapolation,unmarked,initial,gu,sa,SimplePhrase_Training,point_cowboy_pl_waitress_sg,NA,poinim tumbat gu nork sa,NA,NA,,NA,91,Fri Apr 20 15:42:32 2018
503,extrapolation,unmarked,initial,gu,sa,SimplePhrase_Training,kick_waitress_pl_chef_sg,NA,kikim nork gu vaem sa,NA,NA,,NA,92,Fri Apr 20 15:42:40 2018
503,extrapolation,unmarked,initial,gu,sa,SimplePhrase_Training,waitress_four,NA,nork gu,NA,NA,,NA,93,Fri Apr 20 15:42:44 2018
503,extrapolation,unmarked,initial,gu,sa,SimplePhrase_Training,punch_burglar_sg_chef_sg,NA,straikim negid vaem sa,NA,NA,,NA,94,Fri Apr 20 15:42:52 2018
503,extrapolation,unmarked,initial,gu,sa,SimplePhrase_Training,point_waitress_sg_chef_sg,NA,poinim nork vaem sa,NA,NA,,NA,95,Fri Apr 20 15:42:59 2018
503,extrapolation,unmarked,initial,gu,sa,SimplePhrase_Training,chef,NA,vaem,NA,NA,,NA,96,Fri Apr 20 15:43:04 2018
503,extrapolation,unmarked,initial,gu,sa,SimplePhrase_Training,chef,NA,vaem,NA,NA,,NA,97,Fri Apr 20 15:43:09 2018
503,extrapolation,unmarked,initial,gu,sa,SimplePhrase_Training,kick_waitress_sg_cowboy_sg,NA,kikim nork tumbat sa,NA,NA,,NA,98,Fri Apr 20 15:43:16 2018
503,extrapolation,unmarked,initial,gu,sa,SimplePhrase_Training,kick_cowboy_sg_chef_sg,NA,kikim tumbat vaem sa,NA,NA,,NA,99,Fri Apr 20 15:43:24 2018
503,extrapolation,unmarked,initial,gu,sa,SimplePhrase_Training,cowboy,NA,tumbat,NA,NA,,NA,100,Fri Apr 20 15:43:28 2018
503,extrapolation,unmarked,initial,gu,sa,SimplePhrase_Training,punch_cowboy_sg_burglar_sg,NA,straikim tumbat negid sa,NA,NA,,NA,101,Fri Apr 20 15:43:36 2018
503,extrapolation,unmarked,initial,gu,sa,SimplePhrase_Training,waitress,NA,nork,NA,NA,,NA,102,Fri Apr 20 15:43:41 2018
503,extrapolation,unmarked,initial,gu,sa,SimplePhrase_Training,punch_cowboy_pl_waitress_sg,NA,straikim tumbat gu nork sa,NA,NA,,NA,103,Fri Apr 20 15:43:49 2018
503,extrapolation,unmarked,initial,gu,sa,SimplePhrase_Training,punch_burglar_pl_waitress_sg,NA,straikim negid gu nork sa,NA,NA,,NA,104,Fri Apr 20 15:43:56 2018
503,extrapolation,unmarked,initial,gu,sa,SimplePhrase_Training,chef_three,NA,vaem gu,NA,NA,,NA,105,Fri Apr 20 15:44:01 2018
503,extrapolation,unmarked,initial,gu,sa,SimplePhrase_Training,burglar_two,NA,negid gu,NA,NA,,NA,106,Fri Apr 20 15:44:06 2018
503,extrapolation,unmarked,initial,gu,sa,SimplePhrase_Training,point_cowboy_pl_chef_sg,NA,poinim tumbat gu vaem sa,NA,NA,,NA,107,Fri Apr 20 15:44:14 2018
503,extrapolation,unmarked,initial,gu,sa,SimplePhrase_Training,kick_burglar_pl_cowboy_sg,NA,kikim negid gu tumbat sa,NA,NA,,NA,108,Fri Apr 20 15:44:21 2018
503,extrapolation,unmarked,initial,gu,sa,SimplePhrase_Training,waitress_two,NA,nork gu,NA,NA,,NA,109,Fri Apr 20 15:44:26 2018
503,extrapolation,unmarked,initial,gu,sa,SimplePhrase_Training,punch_burglar_pl_cowboy_sg,NA,straikim negid gu tumbat sa,NA,NA,,NA,110,Fri Apr 20 15:44:34 2018
503,extrapolation,unmarked,initial,gu,sa,SimplePhrase_Comprehension,kick_chef_sg_cowboy_sg,NA,kikim vaem tumbat sa,correct,NA,,NA,111,Fri Apr 20 15:44:59 2018
503,extrapolation,unmarked,initial,gu,sa,SimplePhrase_Comprehension,cowboy,NA,tumbat,correct,NA,,NA,112,Fri Apr 20 15:45:05 2018
503,extrapolation,unmarked,initial,gu,sa,SimplePhrase_Comprehension,punch_chef_pl_cowboy_sg,NA,straikim vaem gu tumbat sa,correct,NA,,NA,113,Fri Apr 20 15:45:12 2018
503,extrapolation,unmarked,initial,gu,sa,SimplePhrase_Comprehension,kick_burglar_pl_chef_sg,NA,kikim negid gu vaem sa,correct,NA,,NA,114,Fri Apr 20 15:45:22 2018
503,extrapolation,unmarked,initial,gu,sa,SimplePhrase_Comprehension,waitress,NA,nork,correct,NA,,NA,115,Fri Apr 20 15:45:27 2018
503,extrapolation,unmarked,initial,gu,sa,SimplePhrase_Comprehension,point_chef_sg_burglar_sg,NA,poinim vaem negid sa,correct,NA,,NA,116,Fri Apr 20 15:45:34 2018
503,extrapolation,unmarked,initial,gu,sa,SimplePhrase_Comprehension,cowboy_two,NA,tumbat gu,correct,NA,,NA,117,Fri Apr 20 15:45:39 2018
503,extrapolation,unmarked,initial,gu,sa,SimplePhrase_Comprehension,point_burglar_pl_cowboy_sg,NA,poinim negid gu tumbat sa,correct,NA,,NA,118,Fri Apr 20 15:45:45 2018
503,extrapolation,unmarked,initial,gu,sa,SimplePhrase_Comprehension,burglar_four,NA,negid gu,correct,NA,,NA,119,Fri Apr 20 15:45:50 2018
503,extrapolation,unmarked,initial,gu,sa,SimplePhrase_Comprehension,waitress_two,NA,nork gu,correct,NA,,NA,120,Fri Apr 20 15:45:55 2018
503,extrapolation,unmarked,initial,gu,sa,SimplePhrase_Comprehension,point_waitress_sg_cowboy_sg,NA,poinim nork tumbat sa,correct,NA,,NA,121,Fri Apr 20 15:46:01 2018
503,extrapolation,unmarked,initial,gu,sa,SimplePhrase_Comprehension,point_burglar_sg_waitress_sg,NA,poinim negid nork sa,correct,NA,,NA,122,Fri Apr 20 15:46:10 2018
503,extrapolation,unmarked,initial,gu,sa,SimplePhrase_Comprehension,punch_waitress_sg_burglar_sg,NA,straikim nork negid sa,correct,NA,,NA,123,Fri Apr 20 15:46:17 2018
503,extrapolation,unmarked,initial,gu,sa,SimplePhrase_Comprehension,punch_burglar_sg_waitress_sg,NA,straikim negid nork sa,correct,NA,,NA,124,Fri Apr 20 15:46:24 2018
503,extrapolation,unmarked,initial,gu,sa,SimplePhrase_Comprehension,chef,NA,vaem,correct,NA,,NA,125,Fri Apr 20 15:46:28 2018
503,extrapolation,unmarked,initial,gu,sa,SimplePhrase_Comprehension,punch_cowboy_sg_chef_sg,NA,straikim tumbat vaem sa,correct,NA,,NA,126,Fri Apr 20 15:46:37 2018
503,extrapolation,unmarked,initial,gu,sa,SimplePhrase_Comprehension,punch_waitress_sg_chef_sg,NA,straikim nork vaem sa,correct,NA,,NA,127,Fri Apr 20 15:46:44 2018
503,extrapolation,unmarked,initial,gu,sa,SimplePhrase_Comprehension,chef_three,NA,vaem gu,correct,NA,,NA,128,Fri Apr 20 15:46:48 2018
503,extrapolation,unmarked,initial,gu,sa,SimplePhrase_Comprehension,burglar,NA,negid,correct,NA,,NA,129,Fri Apr 20 15:46:53 2018
503,extrapolation,unmarked,initial,gu,sa,SimplePhrase_Comprehension,kick_burglar_sg_cowboy_sg,NA,kikim negid tumbat sa,correct,NA,,NA,130,Fri Apr 20 15:47:00 2018
503,extrapolation,unmarked,initial,gu,sa,SimplePhrase_Comprehension,cowboy_three,NA,tumbat gu,correct,NA,,NA,131,Fri Apr 20 15:47:05 2018
503,extrapolation,unmarked,initial,gu,sa,SimplePhrase_Comprehension,point_waitress_pl_chef_sg,NA,poinim nork gu vaem sa,correct,NA,,NA,132,Fri Apr 20 15:47:14 2018
503,extrapolation,unmarked,initial,gu,sa,SimplePhrase_Comprehension,kick_cowboy_pl_chef_sg,NA,kikim tumbat gu vaem sa,correct,NA,,NA,133,Fri Apr 20 15:47:20 2018
503,extrapolation,unmarked,initial,gu,sa,SimplePhrase_Comprehension,point_burglar_pl_chef_sg,NA,poinim negid gu vaem sa,correct,NA,,NA,134,Fri Apr 20 15:47:26 2018
503,extrapolation,unmarked,initial,gu,sa,SimplePhrase_Comprehension,point_cowboy_sg_waitress_sg,NA,poinim tumbat nork sa,correct,NA,,NA,135,Fri Apr 20 15:47:34 2018
503,extrapolation,unmarked,initial,gu,sa,SimplePhrase_Comprehension,chef_four,NA,vaem gu,correct,NA,,NA,136,Fri Apr 20 15:47:38 2018
503,extrapolation,unmarked,initial,gu,sa,SimplePhrase_Comprehension,chef_two,NA,vaem gu,correct,NA,,NA,137,Fri Apr 20 15:47:43 2018
503,extrapolation,unmarked,initial,gu,sa,SimplePhrase_Comprehension,burglar_three,NA,negid gu,correct,NA,,NA,138,Fri Apr 20 15:47:48 2018
503,extrapolation,unmarked,initial,gu,sa,SimplePhrase_Comprehension,waitress_four,NA,nork gu,correct,NA,,NA,139,Fri Apr 20 15:47:52 2018
503,extrapolation,unmarked,initial,gu,sa,SimplePhrase_Comprehension,punch_waitress_pl_cowboy_sg,NA,straikim nork gu tumbat sa,correct,NA,,NA,140,Fri Apr 20 15:48:02 2018
503,extrapolation,unmarked,initial,gu,sa,SimplePhrase_Comprehension,cowboy_four,NA,tumbat gu,correct,NA,,NA,141,Fri Apr 20 15:48:07 2018
503,extrapolation,unmarked,initial,gu,sa,SimplePhrase_Comprehension,punch_cowboy_pl_burglar_sg,NA,straikim tumbat gu negid sa,correct,NA,,NA,142,Fri Apr 20 15:48:15 2018
503,extrapolation,unmarked,initial,gu,sa,SimplePhrase_Comprehension,kick_waitress_pl_cowboy_sg,NA,kikim nork gu tumbat sa,correct,NA,,NA,143,Fri Apr 20 15:48:23 2018
503,extrapolation,unmarked,initial,gu,sa,SimplePhrase_Comprehension,kick_chef_pl_waitress_sg,NA,kikim vaem gu nork sa,correct,NA,,NA,144,Fri Apr 20 15:48:31 2018
503,extrapolation,unmarked,initial,gu,sa,SimplePhrase_Typing,chef,NA,vaem,NA,vaem,,NA,145,Fri Apr 20 15:49:02 2018
503,extrapolation,unmarked,initial,gu,sa,SimplePhrase_Typing,punch_burglar_sg_chef_sg,NA,straikim negid vaem sa,NA,straikim negid vaem sa,,NA,146,Fri Apr 20 15:49:32 2018
503,extrapolation,unmarked,initial,gu,sa,SimplePhrase_Typing,waitress_two,NA,nork gu,NA,nork gu,,NA,147,Fri Apr 20 15:49:41 2018
503,extrapolation,unmarked,initial,gu,sa,SimplePhrase_Typing,burglar,NA,negid,NA,negid,,NA,148,Fri Apr 20 15:49:49 2018
503,extrapolation,unmarked,initial,gu,sa,SimplePhrase_Typing,cowboy,NA,tumbat,NA,tumbat,,NA,149,Fri Apr 20 15:49:58 2018
503,extrapolation,unmarked,initial,gu,sa,SimplePhrase_Typing,kick_waitress_pl_chef_sg,NA,kikim nork gu vaem sa,NA,kikim nork gu vaem sa,,NA,150,Fri Apr 20 15:50:13 2018
503,extrapolation,unmarked,initial,gu,sa,SimplePhrase_Typing,chef_three,NA,vaem gu,NA,vaem sa,,NA,151,Fri Apr 20 15:50:21 2018
503,extrapolation,unmarked,initial,gu,sa,SimplePhrase_Typing,burglar_four,NA,negid gu,NA,negid gu,,NA,152,Fri Apr 20 15:50:30 2018
503,extrapolation,unmarked,initial,gu,sa,SimplePhrase_Typing,waitress,NA,nork,NA,nork,,NA,153,Fri Apr 20 15:50:36 2018
503,extrapolation,unmarked,initial,gu,sa,SimplePhrase_Typing,waitress_four,NA,nork gu,NA,nork gu,,NA,154,Fri Apr 20 15:50:43 2018
503,extrapolation,unmarked,initial,gu,sa,SimplePhrase_Typing,kick_chef_sg_burglar_sg,NA,kikim vaem negid sa,NA,kikim vaem negid sa,,NA,155,Fri Apr 20 15:50:56 2018
503,extrapolation,unmarked,initial,gu,sa,SimplePhrase_Typing,point_chef_pl_burglar_sg,NA,poinim vaem gu negid sa,NA,poinim vaem gu negid sa,,NA,156,Fri Apr 20 15:51:10 2018
503,extrapolation,unmarked,initial,gu,sa,SimplePhrase_Typing,punch_waitress_pl_burglar_sg,NA,straikim nork gu negid sa,NA,straikim nork gu negid sa,,NA,157,Fri Apr 20 15:51:27 2018
503,extrapolation,unmarked,initial,gu,sa,SimplePhrase_Typing,punch_chef_pl_burglar_sg,NA,straikim vaem gu negid sa,NA,straikim vaem gu negid sa,,NA,158,Fri Apr 20 15:51:41 2018
503,extrapolation,unmarked,initial,gu,sa,SimplePhrase_Typing,point_burglar_sg_cowboy_sg,NA,poinim negid tumbat sa,NA,poinim negid tumbat sa,,NA,159,Fri Apr 20 15:51:57 2018
503,extrapolation,unmarked,initial,gu,sa,SimplePhrase_Typing,point_waitress_sg_chef_sg,NA,poinim nork vaem sa,NA,poinim nork vaem sa,,NA,160,Fri Apr 20 15:52:09 2018
503,extrapolation,unmarked,initial,gu,sa,ComplexPhrase_Typing,point_burglar_sg_waitress_pl,waitress,poinim negid nork gu sa,NA,poinim negid nork gu sa,,NA,161,Fri Apr 20 15:52:52 2018
503,extrapolation,unmarked,initial,gu,sa,ComplexPhrase_Typing,kick_burglar_sg_cowboy_pl,cowboy,kikim negid tumbat gu sa,NA,kikim negid tumbat gu sa,,NA,162,Fri Apr 20 15:53:02 2018
503,extrapolation,unmarked,initial,gu,sa,ComplexPhrase_Typing,kick_cowboy_sg_burglar_pl,burglar,kikim tumbat negid gu sa,NA,kikim tumbat negid gu sa,,NA,163,Fri Apr 20 15:53:10 2018
503,extrapolation,unmarked,initial,gu,sa,ComplexPhrase_Typing,punch_waitress_sg_chef_pl,chef,straikim nork vaem gu sa,NA,straikim nork vaem gu sa,,NA,164,Fri Apr 20 15:53:18 2018
503,extrapolation,unmarked,initial,gu,sa,ComplexPhrase_Typing,punch_waitress_sg_chef_pl,chef,straikim nork vaem gu sa,NA,straikim nork vaem gu sa,,NA,165,Fri Apr 20 15:53:28 2018
503,extrapolation,unmarked,initial,gu,sa,ComplexPhrase_Typing,kick_burglar_sg_cowboy_pl,cowboy,kikim negid tumbat gu sa,NA,kikim negid tumbat gu sa,,NA,166,Fri Apr 20 15:53:39 2018
503,extrapolation,unmarked,initial,gu,sa,ComplexPhrase_Typing,point_burglar_sg_waitress_pl,waitress,poinim negid nork gu sa,NA,poinim negid nork gu sa,,NA,167,Fri Apr 20 15:53:48 2018
503,extrapolation,unmarked,initial,gu,sa,ComplexPhrase_Typing,kick_cowboy_sg_burglar_pl,burglar,kikim tumbat negid gu sa,NA,kikim tumbat negid gu sa,,NA,168,Fri Apr 20 15:53:56 2018
503,extrapolation,unmarked,initial,gu,sa,ComplexPhrase_Typing,kick_cowboy_sg_burglar_pl,burglar,kikim tumbat negid gu sa,NA,kikim tumbat negid gu sa,,NA,169,Fri Apr 20 15:54:06 2018
503,extrapolation,unmarked,initial,gu,sa,ComplexPhrase_Typing,kick_burglar_sg_cowboy_pl,cowboy,kikim negid tumbat gu sa,NA,kikim negid tumbat gu sa,,NA,170,Fri Apr 20 15:54:15 2018
503,extrapolation,unmarked,initial,gu,sa,ComplexPhrase_Typing,point_burglar_sg_waitress_pl,waitress,poinim negid nork gu sa,NA,poinim negid nork gu sa,,NA,171,Fri Apr 20 15:54:24 2018
503,extrapolation,unmarked,initial,gu,sa,ComplexPhrase_Typing,punch_waitress_sg_chef_pl,chef,straikim nork vaem gu sa,NA,straikim nork vaem gu sa,,NA,172,Fri Apr 20 15:54:31 2018
503,extrapolation,unmarked,initial,gu,sa,ComplexPhrase_Testing,point_burglar_sg_chef_pl,chef,poinim negid vaem gu sa,NA,NA,,NA,173,Fri Apr 20 15:55:16 2018
503,extrapolation,unmarked,initial,gu,sa,ComplexPhrase_Testing,kick_burglar_sg_cowboy_pl,cowboy,kikim negid tumbat gu sa,NA,NA,,NA,174,Fri Apr 20 15:55:23 2018
503,extrapolation,unmarked,initial,gu,sa,ComplexPhrase_Testing,kick_chef_pl_burglar_sg,NA,kikim vaem gu negid sa,NA,NA,,NA,175,Fri Apr 20 15:55:31 2018
503,extrapolation,unmarked,initial,gu,sa,ComplexPhrase_Testing,burglar_two,NA,negid gu,NA,NA,,NA,176,Fri Apr 20 15:55:38 2018
503,extrapolation,unmarked,initial,gu,sa,ComplexPhrase_Testing,point_waitress_sg_cowboy_pl,cowboy,poinim nork tumbat gu sa,NA,NA,,NA,177,Fri Apr 20 15:55:48 2018
503,extrapolation,unmarked,initial,gu,sa,ComplexPhrase_Testing,point_cowboy_sg_burglar_pl,burglar,poinim tumbat negid gu sa,NA,NA,,NA,178,Fri Apr 20 15:55:57 2018
503,extrapolation,unmarked,initial,gu,sa,ComplexPhrase_Testing,cowboy,NA,tumbat,NA,NA,,NA,179,Fri Apr 20 15:56:00 2018
503,extrapolation,unmarked,initial,gu,sa,ComplexPhrase_Testing,punch_cowboy_sg_chef_pl,chef,straikim tumbat vaem gu sa,NA,NA,,NA,180,Fri Apr 20 15:56:09 2018
503,extrapolation,unmarked,initial,gu,sa,ComplexPhrase_Testing,punch_cowboy_sg_burglar_pl,burglar,straikim tumbat negid gu sa,NA,NA,,NA,181,Fri Apr 20 15:56:16 2018
503,extrapolation,unmarked,initial,gu,sa,ComplexPhrase_Testing,kick_chef_sg_cowboy_pl,cowboy,kikim vaem tumbat gu sa,NA,NA,,NA,182,Fri Apr 20 15:56:25 2018
503,extrapolation,unmarked,initial,gu,sa,ComplexPhrase_Testing,punch_chef_pl_cowboy_sg,NA,straikim vaem gu tumbat sa,NA,NA,,NA,183,Fri Apr 20 15:56:31 2018
503,extrapolation,unmarked,initial,gu,sa,ComplexPhrase_Testing,kick_chef_sg_cowboy_pl,cowboy,kikim vaem tumbat gu sa,NA,NA,,NA,184,Fri Apr 20 15:56:45 2018
503,extrapolation,unmarked,initial,gu,sa,ComplexPhrase_Testing,punch_cowboy_sg_waitress_pl,waitress,straikim tumbat nork gu sa,NA,NA,,NA,185,Fri Apr 20 15:56:50 2018
503,extrapolation,unmarked,initial,gu,sa,ComplexPhrase_Testing,punch_burglar_sg_chef_pl,chef,straikim negid vaem gu sa,NA,NA,,NA,186,Fri Apr 20 15:56:56 2018
503,extrapolation,unmarked,initial,gu,sa,ComplexPhrase_Testing,kick_cowboy_sg_waitress_pl,waitress,kikim tumbat nork gu sa,NA,NA,,NA,187,Fri Apr 20 15:57:02 2018
503,extrapolation,unmarked,initial,gu,sa,ComplexPhrase_Testing,point_cowboy_sg_chef_sg,NA,poinim tumbat vaem sa,NA,NA,,NA,188,Fri Apr 20 15:57:09 2018
503,extrapolation,unmarked,initial,gu,sa,ComplexPhrase_Testing,waitress_two,NA,nork gu,NA,NA,,NA,189,Fri Apr 20 15:57:16 2018
503,extrapolation,unmarked,initial,gu,sa,ComplexPhrase_Testing,punch_cowboy_sg_waitress_pl,waitress,straikim tumbat nork gu sa,NA,NA,,NA,190,Fri Apr 20 15:57:24 2018
503,extrapolation,unmarked,initial,gu,sa,ComplexPhrase_Testing,kick_cowboy_sg_waitress_pl,waitress,kikim tumbat nork gu sa,NA,NA,,NA,191,Fri Apr 20 15:57:28 2018
503,extrapolation,unmarked,initial,gu,sa,ComplexPhrase_Testing,waitress,NA,nork,NA,NA,,NA,192,Fri Apr 20 15:57:31 2018
503,extrapolation,unmarked,initial,gu,sa,ComplexPhrase_Testing,point_cowboy_pl_chef_sg,NA,poinim tumbat gu vaem sa,NA,NA,,NA,193,Fri Apr 20 15:57:40 2018
503,extrapolation,unmarked,initial,gu,sa,ComplexPhrase_Testing,kick_burglar_sg_cowboy_pl,cowboy,kikim negid tumbat gu sa,NA,NA,,NA,194,Fri Apr 20 15:57:49 2018
503,extrapolation,unmarked,initial,gu,sa,ComplexPhrase_Testing,point_cowboy_sg_chef_pl,chef,poinim tumbat vaem gu sa,NA,NA,,NA,195,Fri Apr 20 15:57:55 2018
503,extrapolation,unmarked,initial,gu,sa,ComplexPhrase_Testing,punch_burglar_sg_chef_pl,chef,straikim negid vaem gu sa,NA,NA,,NA,196,Fri Apr 20 15:58:01 2018
503,extrapolation,unmarked,initial,gu,sa,ComplexPhrase_Testing,punch_burglar_sg_chef_pl,chef,straikim negid vaem gu sa,NA,NA,,NA,197,Fri Apr 20 15:58:06 2018
503,extrapolation,unmarked,initial,gu,sa,ComplexPhrase_Testing,punch_cowboy_sg_waitress_pl,waitress,straikim tumbat nork gu sa,NA,NA,,NA,198,Fri Apr 20 15:58:11 2018
503,extrapolation,unmarked,initial,gu,sa,ComplexPhrase_Testing,kick_burglar_pl_waitress_sg,NA,kikim negid gu nork sa,NA,NA,,NA,199,Fri Apr 20 15:58:18 2018
503,extrapolation,unmarked,initial,gu,sa,ComplexPhrase_Testing,point_burglar_sg_chef_sg,NA,poinim negid vaem sa,NA,NA,,NA,200,Fri Apr 20 15:58:28 2018
503,extrapolation,unmarked,initial,gu,sa,ComplexPhrase_Testing,kick_chef_sg_waitress_pl,waitress,kikim vaem nork gu sa,NA,NA,,NA,201,Fri Apr 20 15:58:37 2018
503,extrapolation,unmarked,initial,gu,sa,ComplexPhrase_Testing,point_burglar_sg_chef_pl,chef,poinim negid vaem gu sa,NA,NA,,NA,202,Fri Apr 20 15:58:43 2018
503,extrapolation,unmarked,initial,gu,sa,ComplexPhrase_Testing,burglar_four,NA,negid gu,NA,NA,,NA,203,Fri Apr 20 15:58:49 2018
503,extrapolation,unmarked,initial,gu,sa,ComplexPhrase_Testing,punch_cowboy_sg_burglar_pl,burglar,straikim tumbat negid gu sa,NA,NA,,NA,204,Fri Apr 20 15:58:57 2018
503,extrapolation,unmarked,initial,gu,sa,ComplexPhrase_Testing,waitress_four,NA,nork gu,NA,NA,,NA,205,Fri Apr 20 15:58:59 2018
503,extrapolation,unmarked,initial,gu,sa,ComplexPhrase_Testing,kick_burglar_sg_cowboy_pl,cowboy,kikim negid tumbat gu sa,NA,NA,,NA,206,Fri Apr 20 15:59:06 2018
503,extrapolation,unmarked,initial,gu,sa,ComplexPhrase_Testing,point_cowboy_sg_burglar_pl,burglar,poinim tumbat negid gu sa,NA,NA,,NA,207,Fri Apr 20 15:59:11 2018
503,extrapolation,unmarked,initial,gu,sa,ComplexPhrase_Testing,point_waitress_sg_cowboy_pl,cowboy,poinim nork tumbat gu sa,NA,NA,,NA,208,Fri Apr 20 15:59:15 2018
503,extrapolation,unmarked,initial,gu,sa,ComplexPhrase_Testing,punch_waitress_sg_chef_sg,NA,straikim nork vaem sa,NA,NA,,NA,209,Fri Apr 20 15:59:22 2018
503,extrapolation,unmarked,initial,gu,sa,ComplexPhrase_Testing,chef_four,NA,vaem gu,NA,NA,,NA,210,Fri Apr 20 15:59:30 2018
503,extrapolation,unmarked,initial,gu,sa,ComplexPhrase_Testing,punch_cowboy_sg_chef_pl,chef,straikim tumbat vaem gu sa,NA,NA,,NA,211,Fri Apr 20 15:59:38 2018
503,extrapolation,unmarked,initial,gu,sa,ComplexPhrase_Testing,kick_cowboy_sg_waitress_pl,waitress,kikim tumbat nork gu sa,NA,NA,,NA,212,Fri Apr 20 15:59:44 2018
503,extrapolation,unmarked,initial,gu,sa,ComplexPhrase_Testing,kick_chef_sg_waitress_pl,waitress,kikim vaem nork gu sa,NA,NA,,NA,213,Fri Apr 20 15:59:50 2018
503,extrapolation,unmarked,initial,gu,sa,ComplexPhrase_Testing,punch_cowboy_sg_burglar_pl,burglar,straikim tumbat negid gu sa,NA,NA,,NA,214,Fri Apr 20 15:59:55 2018
503,extrapolation,unmarked,initial,gu,sa,ComplexPhrase_Testing,punch_cowboy_sg_chef_pl,chef,straikim tumbat vaem gu sa,NA,NA,,NA,215,Fri Apr 20 16:00:00 2018
503,extrapolation,unmarked,initial,gu,sa,ComplexPhrase_Testing,punch_waitress_pl_burglar_sg,NA,straikim nork gu negid sa,NA,NA,,NA,216,Fri Apr 20 16:00:06 2018
503,extrapolation,unmarked,initial,gu,sa,ComplexPhrase_Testing,point_waitress_sg_cowboy_pl,cowboy,poinim nork tumbat gu sa,NA,NA,,NA,217,Fri Apr 20 16:00:22 2018
503,extrapolation,unmarked,initial,gu,sa,ComplexPhrase_Testing,kick_chef_sg_waitress_pl,waitress,kikim vaem nork gu sa,NA,NA,,NA,218,Fri Apr 20 16:00:27 2018
503,extrapolation,unmarked,initial,gu,sa,ComplexPhrase_Testing,point_cowboy_sg_burglar_pl,burglar,poinim tumbat negid gu sa,NA,NA,,NA,219,Fri Apr 20 16:00:33 2018
503,extrapolation,unmarked,initial,gu,sa,ComplexPhrase_Testing,kick_waitress_pl_cowboy_sg,NA,kikim nork gu tumbat sa,NA,NA,,NA,220,Fri Apr 20 16:00:39 2018
503,extrapolation,unmarked,initial,gu,sa,ComplexPhrase_Testing,point_cowboy_sg_chef_pl,chef,poinim tumbat vaem gu sa,NA,NA,,NA,221,Fri Apr 20 16:00:50 2018
503,extrapolation,unmarked,initial,gu,sa,ComplexPhrase_Testing,point_cowboy_sg_chef_pl,chef,poinim tumbat vaem gu sa,NA,NA,,NA,222,Fri Apr 20 16:00:54 2018
503,extrapolation,unmarked,initial,gu,sa,ComplexPhrase_Testing,point_burglar_sg_chef_pl,chef,poinim negid vaem gu sa,NA,NA,,NA,223,Fri Apr 20 16:00:59 2018
503,extrapolation,unmarked,initial,gu,sa,ComplexPhrase_Testing,cowboy_two,NA,tumbat gu,NA,NA,,NA,224,Fri Apr 20 16:01:05 2018
503,extrapolation,unmarked,initial,gu,sa,ComplexPhrase_Testing,punch_chef_sg_waitress_sg,NA,straikim vaem nork sa,NA,NA,,NA,225,Fri Apr 20 16:01:12 2018
503,extrapolation,unmarked,initial,gu,sa,ComplexPhrase_Testing,punch_burglar_sg_cowboy_sg,NA,straikim negid tumbat sa,NA,NA,,NA,226,Fri Apr 20 16:01:22 2018
503,extrapolation,unmarked,initial,gu,sa,ComplexPhrase_Testing,chef,NA,vaem,NA,NA,,NA,227,Fri Apr 20 16:01:29 2018
503,extrapolation,unmarked,initial,gu,sa,ComplexPhrase_Testing,point_chef_sg_waitress_sg,NA,poinim vaem nork sa,NA,NA,,NA,228,Fri Apr 20 16:01:35 2018
503,extrapolation,unmarked,initial,gu,sa,ComplexPhrase_Testing,kick_chef_sg_cowboy_pl,cowboy,kikim vaem tumbat gu sa,NA,NA,,NA,229,Fri Apr 20 16:01:47 2018
503,extrapolation,unmarked,initial,gu,sa,ComplexPhrase_Testing,burglar,NA,negid,NA,NA,,NA,230,Fri Apr 20 16:01:50 2018
503,extrapolation,unmarked,initial,gu,sa,Questionnaire,NA,NA,NA,NA,NA,,plural,MeaningNum,Fri Apr 20 16:03:08 2018
503,extrapolation,unmarked,initial,gu,sa,Questionnaire,NA,NA,NA,NA,NA,,indicates the person the verb is being done to,MeaningCase,Fri Apr 20 16:03:08 2018
503,extrapolation,unmarked,initial,gu,sa,Questionnaire,NA,NA,NA,NA,NA,,after,OrderNumNoun,Fri Apr 20 16:03:08 2018
503,extrapolation,unmarked,initial,gu,sa,Questionnaire,NA,NA,NA,NA,NA,,after,OrderCaseNoun,Fri Apr 20 16:03:08 2018
503,extrapolation,unmarked,initial,gu,sa,Questionnaire,NA,NA,NA,NA,NA,,english and german,Languages,Fri Apr 20 16:03:08 2018
