ID,Condition,MajorityOrder,NounPosition,markerNum,markerCase,Phase,Meaning,NounItem,InputSentence,Selection,TypedResponse,SpokenResponse,AnswerQuest,Trial,date&time
517,extrapolation,unmarked,initial,sa,ti,Noun_Training,chef,NA,vaem,NA,NA,,NA,1,Fri May  4 13:31:08 2018
517,extrapolation,unmarked,initial,sa,ti,Noun_Training,burglar,NA,tumbat,NA,NA,,NA,2,Fri May  4 13:31:13 2018
517,extrapolation,unmarked,initial,sa,ti,Noun_Training,chef,NA,vaem,NA,NA,,NA,3,Fri May  4 13:31:17 2018
517,extrapolation,unmarked,initial,sa,ti,Noun_Training,cowboy,NA,negid,NA,NA,,NA,4,Fri May  4 13:31:22 2018
517,extrapolation,unmarked,initial,sa,ti,Noun_Training,burglar,NA,tumbat,NA,NA,,NA,5,Fri May  4 13:31:27 2018
517,extrapolation,unmarked,initial,sa,ti,Noun_Training,chef,NA,vaem,NA,NA,,NA,6,Fri May  4 13:31:32 2018
517,extrapolation,unmarked,initial,sa,ti,Noun_Training,burglar,NA,tumbat,NA,NA,,NA,7,Fri May  4 13:31:37 2018
517,extrapolation,unmarked,initial,sa,ti,Noun_Training,waitress,NA,nork,NA,NA,,NA,8,Fri May  4 13:31:42 2018
517,extrapolation,unmarked,initial,sa,ti,Noun_Training,burglar,NA,tumbat,NA,NA,,NA,9,Fri May  4 13:31:46 2018
517,extrapolation,unmarked,initial,sa,ti,Noun_Training,waitress,NA,nork,NA,NA,,NA,10,Fri May  4 13:31:51 2018
517,extrapolation,unmarked,initial,sa,ti,Noun_Training,chef,NA,vaem,NA,NA,,NA,11,Fri May  4 13:31:56 2018
517,extrapolation,unmarked,initial,sa,ti,Noun_Training,cowboy,NA,negid,NA,NA,,NA,12,Fri May  4 13:32:01 2018
517,extrapolation,unmarked,initial,sa,ti,Noun_Training,burglar,NA,tumbat,NA,NA,,NA,13,Fri May  4 13:32:06 2018
517,extrapolation,unmarked,initial,sa,ti,Noun_Training,chef,NA,vaem,NA,NA,,NA,14,Fri May  4 13:32:11 2018
517,extrapolation,unmarked,initial,sa,ti,Noun_Training,burglar,NA,tumbat,NA,NA,,NA,15,Fri May  4 13:32:16 2018
517,extrapolation,unmarked,initial,sa,ti,Noun_Training,waitress,NA,nork,NA,NA,,NA,16,Fri May  4 13:32:20 2018
517,extrapolation,unmarked,initial,sa,ti,Noun_Training,waitress,NA,nork,NA,NA,,NA,17,Fri May  4 13:32:25 2018
517,extrapolation,unmarked,initial,sa,ti,Noun_Training,cowboy,NA,negid,NA,NA,,NA,18,Fri May  4 13:32:30 2018
517,extrapolation,unmarked,initial,sa,ti,Noun_Training,waitress,NA,nork,NA,NA,,NA,19,Fri May  4 13:32:35 2018
517,extrapolation,unmarked,initial,sa,ti,Noun_Training,cowboy,NA,negid,NA,NA,,NA,20,Fri May  4 13:32:40 2018
517,extrapolation,unmarked,initial,sa,ti,Noun_Training,waitress,NA,nork,NA,NA,,NA,21,Fri May  4 13:32:45 2018
517,extrapolation,unmarked,initial,sa,ti,Noun_Training,chef,NA,vaem,NA,NA,,NA,22,Fri May  4 13:32:50 2018
517,extrapolation,unmarked,initial,sa,ti,Noun_Training,cowboy,NA,negid,NA,NA,,NA,23,Fri May  4 13:32:54 2018
517,extrapolation,unmarked,initial,sa,ti,Noun_Training,cowboy,NA,negid,NA,NA,,NA,24,Fri May  4 13:32:59 2018
517,extrapolation,unmarked,initial,sa,ti,Noun_Selection,burglar,NA,tumbat,correct,NA,,NA,25,Fri May  4 13:33:24 2018
517,extrapolation,unmarked,initial,sa,ti,Noun_Selection,chef,NA,vaem,correct,NA,,NA,26,Fri May  4 13:33:27 2018
517,extrapolation,unmarked,initial,sa,ti,Noun_Selection,burglar,NA,tumbat,correct,NA,,NA,27,Fri May  4 13:33:30 2018
517,extrapolation,unmarked,initial,sa,ti,Noun_Selection,cowboy,NA,negid,correct,NA,,NA,28,Fri May  4 13:33:34 2018
517,extrapolation,unmarked,initial,sa,ti,Noun_Selection,waitress,NA,nork,correct,NA,,NA,29,Fri May  4 13:33:37 2018
517,extrapolation,unmarked,initial,sa,ti,Noun_Selection,waitress,NA,nork,correct,NA,,NA,30,Fri May  4 13:33:40 2018
517,extrapolation,unmarked,initial,sa,ti,Noun_Selection,cowboy,NA,negid,correct,NA,,NA,31,Fri May  4 13:33:44 2018
517,extrapolation,unmarked,initial,sa,ti,Noun_Selection,cowboy,NA,negid,correct,NA,,NA,32,Fri May  4 13:33:47 2018
517,extrapolation,unmarked,initial,sa,ti,Noun_Selection,chef,NA,vaem,correct,NA,,NA,33,Fri May  4 13:33:50 2018
517,extrapolation,unmarked,initial,sa,ti,Noun_Selection,burglar,NA,tumbat,correct,NA,,NA,34,Fri May  4 13:33:53 2018
517,extrapolation,unmarked,initial,sa,ti,Noun_Selection,waitress,NA,nork,correct,NA,,NA,35,Fri May  4 13:33:57 2018
517,extrapolation,unmarked,initial,sa,ti,Noun_Selection,chef,NA,vaem,correct,NA,,NA,36,Fri May  4 13:34:00 2018
517,extrapolation,unmarked,initial,sa,ti,Noun_Testing,waitress,NA,nork,NA,NA,,NA,37,Fri May  4 13:34:30 2018
517,extrapolation,unmarked,initial,sa,ti,Noun_Testing,chef,NA,vaem,NA,NA,,NA,38,Fri May  4 13:34:40 2018
517,extrapolation,unmarked,initial,sa,ti,Noun_Testing,burglar,NA,tumbat,NA,NA,,NA,39,Fri May  4 13:34:48 2018
517,extrapolation,unmarked,initial,sa,ti,Noun_Testing,chef,NA,vaem,NA,NA,,NA,40,Fri May  4 13:34:52 2018
517,extrapolation,unmarked,initial,sa,ti,Noun_Testing,cowboy,NA,negid,NA,NA,,NA,41,Fri May  4 13:34:57 2018
517,extrapolation,unmarked,initial,sa,ti,Noun_Testing,chef,NA,vaem,NA,NA,,NA,42,Fri May  4 13:35:02 2018
517,extrapolation,unmarked,initial,sa,ti,Noun_Testing,cowboy,NA,negid,NA,NA,,NA,43,Fri May  4 13:35:06 2018
517,extrapolation,unmarked,initial,sa,ti,Noun_Testing,burglar,NA,tumbat,NA,NA,,NA,44,Fri May  4 13:35:10 2018
517,extrapolation,unmarked,initial,sa,ti,Noun_Testing,burglar,NA,tumbat,NA,NA,,NA,45,Fri May  4 13:35:14 2018
517,extrapolation,unmarked,initial,sa,ti,Noun_Testing,waitress,NA,nork,NA,NA,,NA,46,Fri May  4 13:35:18 2018
517,extrapolation,unmarked,initial,sa,ti,Noun_Testing,waitress,NA,nork,NA,NA,,NA,47,Fri May  4 13:35:22 2018
517,extrapolation,unmarked,initial,sa,ti,Noun_Testing,cowboy,NA,negid,NA,NA,,NA,48,Fri May  4 13:35:26 2018
517,extrapolation,unmarked,initial,sa,ti,SimplePhrase_Training,chef_four,NA,vaem sa,NA,NA,,NA,49,Fri May  4 13:36:00 2018
517,extrapolation,unmarked,initial,sa,ti,SimplePhrase_Training,waitress_four,NA,nork sa,NA,NA,,NA,50,Fri May  4 13:36:05 2018
517,extrapolation,unmarked,initial,sa,ti,SimplePhrase_Training,cowboy_four,NA,negid sa,NA,NA,,NA,51,Fri May  4 13:36:10 2018
517,extrapolation,unmarked,initial,sa,ti,SimplePhrase_Training,cowboy_three,NA,negid sa,NA,NA,,NA,52,Fri May  4 13:36:15 2018
517,extrapolation,unmarked,initial,sa,ti,SimplePhrase_Training,burglar_three,NA,tumbat sa,NA,NA,,NA,53,Fri May  4 13:36:20 2018
517,extrapolation,unmarked,initial,sa,ti,SimplePhrase_Training,punch_burglar_sg_cowboy_sg,NA,straikim tumbat negid ti,NA,NA,,NA,54,Fri May  4 13:36:27 2018
517,extrapolation,unmarked,initial,sa,ti,SimplePhrase_Training,kick_burglar_pl_chef_sg,NA,kikim tumbat sa vaem ti,NA,NA,,NA,55,Fri May  4 13:36:35 2018
517,extrapolation,unmarked,initial,sa,ti,SimplePhrase_Training,punch_burglar_sg_waitress_sg,NA,straikim tumbat nork ti,NA,NA,,NA,56,Fri May  4 13:36:42 2018
517,extrapolation,unmarked,initial,sa,ti,SimplePhrase_Training,point_waitress_sg_chef_sg,NA,poinim nork vaem ti,NA,NA,,NA,57,Fri May  4 13:36:50 2018
517,extrapolation,unmarked,initial,sa,ti,SimplePhrase_Training,cowboy_four,NA,negid sa,NA,NA,,NA,58,Fri May  4 13:36:55 2018
517,extrapolation,unmarked,initial,sa,ti,SimplePhrase_Training,chef,NA,vaem,NA,NA,,NA,59,Fri May  4 13:37:00 2018
517,extrapolation,unmarked,initial,sa,ti,SimplePhrase_Training,kick_chef_sg_burglar_sg,NA,kikim vaem tumbat ti,NA,NA,,NA,60,Fri May  4 13:37:07 2018
517,extrapolation,unmarked,initial,sa,ti,SimplePhrase_Training,kick_cowboy_pl_waitress_sg,NA,kikim negid sa nork ti,NA,NA,,NA,61,Fri May  4 13:37:15 2018
517,extrapolation,unmarked,initial,sa,ti,SimplePhrase_Training,waitress,NA,nork,NA,NA,,NA,62,Fri May  4 13:37:20 2018
517,extrapolation,unmarked,initial,sa,ti,SimplePhrase_Training,cowboy,NA,negid,NA,NA,,NA,63,Fri May  4 13:37:24 2018
517,extrapolation,unmarked,initial,sa,ti,SimplePhrase_Training,kick_burglar_pl_cowboy_sg,NA,kikim tumbat sa negid ti,NA,NA,,NA,64,Fri May  4 13:37:32 2018
517,extrapolation,unmarked,initial,sa,ti,SimplePhrase_Training,punch_chef_sg_waitress_sg,NA,straikim vaem nork ti,NA,NA,,NA,65,Fri May  4 13:37:39 2018
517,extrapolation,unmarked,initial,sa,ti,SimplePhrase_Training,kick_waitress_pl_cowboy_sg,NA,kikim nork sa negid ti,NA,NA,,NA,66,Fri May  4 13:37:47 2018
517,extrapolation,unmarked,initial,sa,ti,SimplePhrase_Training,burglar,NA,tumbat,NA,NA,,NA,67,Fri May  4 13:37:52 2018
517,extrapolation,unmarked,initial,sa,ti,SimplePhrase_Training,punch_chef_sg_cowboy_sg,NA,straikim vaem negid ti,NA,NA,,NA,68,Fri May  4 13:37:59 2018
517,extrapolation,unmarked,initial,sa,ti,SimplePhrase_Training,point_waitress_pl_cowboy_sg,NA,poinim nork sa negid ti,NA,NA,,NA,69,Fri May  4 13:38:07 2018
517,extrapolation,unmarked,initial,sa,ti,SimplePhrase_Training,waitress,NA,nork,NA,NA,,NA,70,Fri May  4 13:38:12 2018
517,extrapolation,unmarked,initial,sa,ti,SimplePhrase_Training,cowboy_two,NA,negid sa,NA,NA,,NA,71,Fri May  4 13:38:17 2018
517,extrapolation,unmarked,initial,sa,ti,SimplePhrase_Training,punch_waitress_sg_burglar_sg,NA,straikim nork tumbat ti,NA,NA,,NA,72,Fri May  4 13:38:24 2018
517,extrapolation,unmarked,initial,sa,ti,SimplePhrase_Training,punch_cowboy_sg_waitress_sg,NA,straikim negid nork ti,NA,NA,,NA,73,Fri May  4 13:38:32 2018
517,extrapolation,unmarked,initial,sa,ti,SimplePhrase_Training,burglar,NA,tumbat,NA,NA,,NA,74,Fri May  4 13:38:37 2018
517,extrapolation,unmarked,initial,sa,ti,SimplePhrase_Training,punch_burglar_pl_chef_sg,NA,straikim tumbat sa vaem ti,NA,NA,,NA,75,Fri May  4 13:38:45 2018
517,extrapolation,unmarked,initial,sa,ti,SimplePhrase_Training,punch_chef_sg_burglar_sg,NA,straikim vaem tumbat ti,NA,NA,,NA,76,Fri May  4 13:38:52 2018
517,extrapolation,unmarked,initial,sa,ti,SimplePhrase_Training,waitress_two,NA,nork sa,NA,NA,,NA,77,Fri May  4 13:38:57 2018
517,extrapolation,unmarked,initial,sa,ti,SimplePhrase_Training,kick_waitress_pl_chef_sg,NA,kikim nork sa vaem ti,NA,NA,,NA,78,Fri May  4 13:39:05 2018
517,extrapolation,unmarked,initial,sa,ti,SimplePhrase_Training,punch_cowboy_pl_chef_sg,NA,straikim negid sa vaem ti,NA,NA,,NA,79,Fri May  4 13:39:12 2018
517,extrapolation,unmarked,initial,sa,ti,SimplePhrase_Training,cowboy_three,NA,negid sa,NA,NA,,NA,80,Fri May  4 13:39:17 2018
517,extrapolation,unmarked,initial,sa,ti,SimplePhrase_Training,burglar_four,NA,tumbat sa,NA,NA,,NA,81,Fri May  4 13:39:22 2018
517,extrapolation,unmarked,initial,sa,ti,SimplePhrase_Training,point_burglar_pl_waitress_sg,NA,poinim tumbat sa nork ti,NA,NA,,NA,82,Fri May  4 13:39:30 2018
517,extrapolation,unmarked,initial,sa,ti,SimplePhrase_Training,burglar_two,NA,tumbat sa,NA,NA,,NA,83,Fri May  4 13:39:35 2018
517,extrapolation,unmarked,initial,sa,ti,SimplePhrase_Training,kick_chef_sg_cowboy_sg,NA,kikim vaem negid ti,NA,NA,,NA,84,Fri May  4 13:39:42 2018
517,extrapolation,unmarked,initial,sa,ti,SimplePhrase_Training,point_waitress_sg_burglar_sg,NA,poinim nork tumbat ti,NA,NA,,NA,85,Fri May  4 13:39:50 2018
517,extrapolation,unmarked,initial,sa,ti,SimplePhrase_Training,point_cowboy_pl_burglar_sg,NA,poinim negid sa tumbat ti,NA,NA,,NA,86,Fri May  4 13:39:57 2018
517,extrapolation,unmarked,initial,sa,ti,SimplePhrase_Training,burglar_two,NA,tumbat sa,NA,NA,,NA,87,Fri May  4 13:40:02 2018
517,extrapolation,unmarked,initial,sa,ti,SimplePhrase_Training,kick_waitress_pl_burglar_sg,NA,kikim nork sa tumbat ti,NA,NA,,NA,88,Fri May  4 13:40:10 2018
517,extrapolation,unmarked,initial,sa,ti,SimplePhrase_Training,waitress_four,NA,nork sa,NA,NA,,NA,89,Fri May  4 13:40:15 2018
517,extrapolation,unmarked,initial,sa,ti,SimplePhrase_Training,chef_four,NA,vaem sa,NA,NA,,NA,90,Fri May  4 13:40:20 2018
517,extrapolation,unmarked,initial,sa,ti,SimplePhrase_Training,chef_three,NA,vaem sa,NA,NA,,NA,91,Fri May  4 13:40:25 2018
517,extrapolation,unmarked,initial,sa,ti,SimplePhrase_Training,punch_waitress_pl_chef_sg,NA,straikim nork sa vaem ti,NA,NA,,NA,92,Fri May  4 13:40:33 2018
517,extrapolation,unmarked,initial,sa,ti,SimplePhrase_Training,waitress_three,NA,nork sa,NA,NA,,NA,93,Fri May  4 13:40:38 2018
517,extrapolation,unmarked,initial,sa,ti,SimplePhrase_Training,point_burglar_sg_cowboy_sg,NA,poinim tumbat negid ti,NA,NA,,NA,94,Fri May  4 13:40:45 2018
517,extrapolation,unmarked,initial,sa,ti,SimplePhrase_Training,point_burglar_sg_chef_sg,NA,poinim tumbat vaem ti,NA,NA,,NA,95,Fri May  4 13:40:53 2018
517,extrapolation,unmarked,initial,sa,ti,SimplePhrase_Training,chef,NA,vaem,NA,NA,,NA,96,Fri May  4 13:40:57 2018
517,extrapolation,unmarked,initial,sa,ti,SimplePhrase_Training,chef_two,NA,vaem sa,NA,NA,,NA,97,Fri May  4 13:41:03 2018
517,extrapolation,unmarked,initial,sa,ti,SimplePhrase_Training,kick_chef_pl_waitress_sg,NA,kikim vaem sa nork ti,NA,NA,,NA,98,Fri May  4 13:41:10 2018
517,extrapolation,unmarked,initial,sa,ti,SimplePhrase_Training,waitress_three,NA,nork sa,NA,NA,,NA,99,Fri May  4 13:41:15 2018
517,extrapolation,unmarked,initial,sa,ti,SimplePhrase_Training,point_chef_pl_waitress_sg,NA,poinim vaem sa nork ti,NA,NA,,NA,100,Fri May  4 13:41:23 2018
517,extrapolation,unmarked,initial,sa,ti,SimplePhrase_Training,punch_waitress_sg_cowboy_sg,NA,straikim nork negid ti,NA,NA,,NA,101,Fri May  4 13:41:30 2018
517,extrapolation,unmarked,initial,sa,ti,SimplePhrase_Training,point_chef_pl_burglar_sg,NA,poinim vaem sa tumbat ti,NA,NA,,NA,102,Fri May  4 13:41:38 2018
517,extrapolation,unmarked,initial,sa,ti,SimplePhrase_Training,cowboy,NA,negid,NA,NA,,NA,103,Fri May  4 13:41:43 2018
517,extrapolation,unmarked,initial,sa,ti,SimplePhrase_Training,kick_cowboy_sg_burglar_sg,NA,kikim negid tumbat ti,NA,NA,,NA,104,Fri May  4 13:41:50 2018
517,extrapolation,unmarked,initial,sa,ti,SimplePhrase_Training,punch_cowboy_pl_burglar_sg,NA,straikim negid sa tumbat ti,NA,NA,,NA,105,Fri May  4 13:41:58 2018
517,extrapolation,unmarked,initial,sa,ti,SimplePhrase_Training,point_cowboy_sg_waitress_sg,NA,poinim negid nork ti,NA,NA,,NA,106,Fri May  4 13:42:05 2018
517,extrapolation,unmarked,initial,sa,ti,SimplePhrase_Training,kick_burglar_sg_waitress_sg,NA,kikim tumbat nork ti,NA,NA,,NA,107,Fri May  4 13:42:12 2018
517,extrapolation,unmarked,initial,sa,ti,SimplePhrase_Training,kick_cowboy_sg_chef_sg,NA,kikim negid vaem ti,NA,NA,,NA,108,Fri May  4 13:42:20 2018
517,extrapolation,unmarked,initial,sa,ti,SimplePhrase_Training,point_chef_pl_cowboy_sg,NA,poinim vaem sa negid ti,NA,NA,,NA,109,Fri May  4 13:42:27 2018
517,extrapolation,unmarked,initial,sa,ti,SimplePhrase_Training,point_cowboy_pl_chef_sg,NA,poinim negid sa vaem ti,NA,NA,,NA,110,Fri May  4 13:42:35 2018
517,extrapolation,unmarked,initial,sa,ti,SimplePhrase_Comprehension,point_burglar_pl_cowboy_sg,NA,poinim tumbat sa negid ti,correct,NA,,NA,111,Fri May  4 13:43:01 2018
517,extrapolation,unmarked,initial,sa,ti,SimplePhrase_Comprehension,chef_four,NA,vaem sa,correct,NA,,NA,112,Fri May  4 13:43:05 2018
517,extrapolation,unmarked,initial,sa,ti,SimplePhrase_Comprehension,punch_waitress_pl_burglar_sg,NA,straikim nork sa tumbat ti,correct,NA,,NA,113,Fri May  4 13:43:13 2018
517,extrapolation,unmarked,initial,sa,ti,SimplePhrase_Comprehension,punch_chef_pl_burglar_sg,NA,straikim vaem sa tumbat ti,correct,NA,,NA,114,Fri May  4 13:43:19 2018
517,extrapolation,unmarked,initial,sa,ti,SimplePhrase_Comprehension,cowboy_three,NA,negid sa,correct,NA,,NA,115,Fri May  4 13:43:24 2018
517,extrapolation,unmarked,initial,sa,ti,SimplePhrase_Comprehension,punch_waitress_sg_chef_sg,NA,straikim nork vaem ti,correct,NA,,NA,116,Fri May  4 13:43:31 2018
517,extrapolation,unmarked,initial,sa,ti,SimplePhrase_Comprehension,burglar,NA,tumbat,correct,NA,,NA,117,Fri May  4 13:43:35 2018
517,extrapolation,unmarked,initial,sa,ti,SimplePhrase_Comprehension,kick_chef_pl_cowboy_sg,NA,kikim vaem sa negid ti,correct,NA,,NA,118,Fri May  4 13:43:42 2018
517,extrapolation,unmarked,initial,sa,ti,SimplePhrase_Comprehension,kick_cowboy_pl_chef_sg,NA,kikim negid sa vaem ti,correct,NA,,NA,119,Fri May  4 13:43:49 2018
517,extrapolation,unmarked,initial,sa,ti,SimplePhrase_Comprehension,waitress,NA,nork,correct,NA,,NA,120,Fri May  4 13:43:53 2018
517,extrapolation,unmarked,initial,sa,ti,SimplePhrase_Comprehension,chef,NA,vaem,correct,NA,,NA,121,Fri May  4 13:43:57 2018
517,extrapolation,unmarked,initial,sa,ti,SimplePhrase_Comprehension,burglar_three,NA,tumbat sa,correct,NA,,NA,122,Fri May  4 13:44:02 2018
517,extrapolation,unmarked,initial,sa,ti,SimplePhrase_Comprehension,chef_three,NA,vaem sa,correct,NA,,NA,123,Fri May  4 13:44:06 2018
517,extrapolation,unmarked,initial,sa,ti,SimplePhrase_Comprehension,kick_burglar_sg_cowboy_sg,NA,kikim tumbat negid ti,correct,NA,,NA,124,Fri May  4 13:44:15 2018
517,extrapolation,unmarked,initial,sa,ti,SimplePhrase_Comprehension,burglar_two,NA,tumbat sa,correct,NA,,NA,125,Fri May  4 13:44:19 2018
517,extrapolation,unmarked,initial,sa,ti,SimplePhrase_Comprehension,punch_waitress_pl_cowboy_sg,NA,straikim nork sa negid ti,correct,NA,,NA,126,Fri May  4 13:44:25 2018
517,extrapolation,unmarked,initial,sa,ti,SimplePhrase_Comprehension,punch_cowboy_sg_burglar_sg,NA,straikim negid tumbat ti,correct,NA,,NA,127,Fri May  4 13:44:31 2018
517,extrapolation,unmarked,initial,sa,ti,SimplePhrase_Comprehension,kick_cowboy_sg_waitress_sg,NA,kikim negid nork ti,correct,NA,,NA,128,Fri May  4 13:44:37 2018
517,extrapolation,unmarked,initial,sa,ti,SimplePhrase_Comprehension,cowboy_two,NA,negid sa,correct,NA,,NA,129,Fri May  4 13:44:42 2018
517,extrapolation,unmarked,initial,sa,ti,SimplePhrase_Comprehension,kick_burglar_pl_waitress_sg,NA,kikim tumbat sa nork ti,correct,NA,,NA,130,Fri May  4 13:44:47 2018
517,extrapolation,unmarked,initial,sa,ti,SimplePhrase_Comprehension,kick_cowboy_pl_burglar_sg,NA,kikim negid sa tumbat ti,correct,NA,,NA,131,Fri May  4 13:44:53 2018
517,extrapolation,unmarked,initial,sa,ti,SimplePhrase_Comprehension,cowboy,NA,negid,correct,NA,,NA,132,Fri May  4 13:44:57 2018
517,extrapolation,unmarked,initial,sa,ti,SimplePhrase_Comprehension,punch_chef_pl_cowboy_sg,NA,straikim vaem sa negid ti,correct,NA,,NA,133,Fri May  4 13:45:04 2018
517,extrapolation,unmarked,initial,sa,ti,SimplePhrase_Comprehension,chef_two,NA,vaem sa,correct,NA,,NA,134,Fri May  4 13:45:09 2018
517,extrapolation,unmarked,initial,sa,ti,SimplePhrase_Comprehension,point_waitress_sg_cowboy_sg,NA,poinim nork negid ti,correct,NA,,NA,135,Fri May  4 13:45:16 2018
517,extrapolation,unmarked,initial,sa,ti,SimplePhrase_Comprehension,kick_chef_sg_waitress_sg,NA,kikim vaem nork ti,correct,NA,,NA,136,Fri May  4 13:45:23 2018
517,extrapolation,unmarked,initial,sa,ti,SimplePhrase_Comprehension,burglar_four,NA,tumbat sa,correct,NA,,NA,137,Fri May  4 13:45:27 2018
517,extrapolation,unmarked,initial,sa,ti,SimplePhrase_Comprehension,cowboy_four,NA,negid sa,correct,NA,,NA,138,Fri May  4 13:45:32 2018
517,extrapolation,unmarked,initial,sa,ti,SimplePhrase_Comprehension,point_cowboy_sg_chef_sg,NA,poinim negid vaem ti,correct,NA,,NA,139,Fri May  4 13:45:38 2018
517,extrapolation,unmarked,initial,sa,ti,SimplePhrase_Comprehension,waitress_three,NA,nork sa,correct,NA,,NA,140,Fri May  4 13:45:42 2018
517,extrapolation,unmarked,initial,sa,ti,SimplePhrase_Comprehension,kick_waitress_sg_burglar_sg,NA,kikim nork tumbat ti,correct,NA,,NA,141,Fri May  4 13:45:48 2018
517,extrapolation,unmarked,initial,sa,ti,SimplePhrase_Comprehension,point_cowboy_sg_burglar_sg,NA,poinim negid tumbat ti,correct,NA,,NA,142,Fri May  4 13:45:54 2018
517,extrapolation,unmarked,initial,sa,ti,SimplePhrase_Comprehension,point_burglar_pl_chef_sg,NA,poinim tumbat sa vaem ti,correct,NA,,NA,143,Fri May  4 13:46:00 2018
517,extrapolation,unmarked,initial,sa,ti,SimplePhrase_Comprehension,kick_burglar_sg_chef_sg,NA,kikim tumbat vaem ti,correct,NA,,NA,144,Fri May  4 13:46:05 2018
517,extrapolation,unmarked,initial,sa,ti,SimplePhrase_Typing,chef_four,NA,vaem sa,NA,vaem sa,,NA,145,Fri May  4 13:46:41 2018
517,extrapolation,unmarked,initial,sa,ti,SimplePhrase_Typing,cowboy,NA,negid,NA,negid,,NA,146,Fri May  4 13:46:47 2018
517,extrapolation,unmarked,initial,sa,ti,SimplePhrase_Typing,kick_chef_sg_burglar_sg,NA,kikim vaem tumbat ti,NA,kikim vaem tumbat ti,,NA,147,Fri May  4 13:47:00 2018
517,extrapolation,unmarked,initial,sa,ti,SimplePhrase_Typing,point_waitress_sg_chef_sg,NA,poinim nork vaem ti,NA,poinim nork vaem ti,,NA,148,Fri May  4 13:47:10 2018
517,extrapolation,unmarked,initial,sa,ti,SimplePhrase_Typing,punch_cowboy_pl_burglar_sg,NA,straikim negid sa tumbat ti,NA,straikim negid sa tumbat ti,,NA,149,Fri May  4 13:47:26 2018
517,extrapolation,unmarked,initial,sa,ti,SimplePhrase_Typing,waitress_two,NA,nork sa,NA,nork sa,,NA,150,Fri May  4 13:47:32 2018
517,extrapolation,unmarked,initial,sa,ti,SimplePhrase_Typing,waitress,NA,nork,NA,nork,,NA,151,Fri May  4 13:47:38 2018
517,extrapolation,unmarked,initial,sa,ti,SimplePhrase_Typing,punch_waitress_pl_chef_sg,NA,straikim nork sa vaem ti,NA,straikim nork sa vaem ti,,NA,152,Fri May  4 13:47:50 2018
517,extrapolation,unmarked,initial,sa,ti,SimplePhrase_Typing,point_chef_pl_waitress_sg,NA,poinim vaem sa nork ti,NA,poinim vaem sa nork ti,,NA,153,Fri May  4 13:48:07 2018
517,extrapolation,unmarked,initial,sa,ti,SimplePhrase_Typing,kick_chef_pl_waitress_sg,NA,kikim vaem sa nork ti,NA,kikim vaem sa nork ti,,NA,154,Fri May  4 13:48:18 2018
517,extrapolation,unmarked,initial,sa,ti,SimplePhrase_Typing,chef,NA,vaem,NA,vaem,,NA,155,Fri May  4 13:48:25 2018
517,extrapolation,unmarked,initial,sa,ti,SimplePhrase_Typing,burglar_four,NA,tumbat sa,NA,tumbat sa,,NA,156,Fri May  4 13:48:33 2018
517,extrapolation,unmarked,initial,sa,ti,SimplePhrase_Typing,burglar,NA,tumbat,NA,tumbat,,NA,157,Fri May  4 13:48:39 2018
517,extrapolation,unmarked,initial,sa,ti,SimplePhrase_Typing,burglar_two,NA,tumbat sa,NA,tumbat sa,,NA,158,Fri May  4 13:48:46 2018
517,extrapolation,unmarked,initial,sa,ti,SimplePhrase_Typing,kick_cowboy_sg_chef_sg,NA,kikim negid vaem ti,NA,kikim negid vaem ti,,NA,159,Fri May  4 13:48:57 2018
517,extrapolation,unmarked,initial,sa,ti,SimplePhrase_Typing,punch_cowboy_sg_waitress_sg,NA,straikim negid nork ti,NA,straikim negid nork ti,,NA,160,Fri May  4 13:49:06 2018
517,extrapolation,unmarked,initial,sa,ti,ComplexPhrase_Typing,point_waitress_sg_burglar_pl,burglar,poinim nork tumbat sa ti,NA,poinim nork tumbat sa ti,,NA,161,Fri May  4 13:49:42 2018
517,extrapolation,unmarked,initial,sa,ti,ComplexPhrase_Typing,kick_waitress_sg_burglar_pl,burglar,kikim nork tumbat sa ti,NA,kikim nork tumbat sa ti,,NA,162,Fri May  4 13:49:56 2018
517,extrapolation,unmarked,initial,sa,ti,ComplexPhrase_Typing,punch_burglar_sg_chef_pl,chef,straikim tumbat vaem sa ti,NA,straikim tumbat vaem sa ti,,NA,163,Fri May  4 13:50:03 2018
517,extrapolation,unmarked,initial,sa,ti,ComplexPhrase_Typing,kick_burglar_sg_chef_pl,chef,kikim tumbat vaem sa ti,NA,kikim tumbat vaem sa ti,,NA,164,Fri May  4 13:50:13 2018
517,extrapolation,unmarked,initial,sa,ti,ComplexPhrase_Typing,point_waitress_sg_burglar_pl,burglar,poinim nork tumbat sa ti,NA,poinim nork tumbat sa ti,,NA,165,Fri May  4 13:50:21 2018
517,extrapolation,unmarked,initial,sa,ti,ComplexPhrase_Typing,kick_waitress_sg_burglar_pl,burglar,kikim nork tumbat sa ti,NA,kikim nork tumbat sa ti,,NA,166,Fri May  4 13:50:27 2018
517,extrapolation,unmarked,initial,sa,ti,ComplexPhrase_Typing,kick_burglar_sg_chef_pl,chef,kikim tumbat vaem sa ti,NA,kikim tumbat vaem sa ti,,NA,167,Fri May  4 13:50:33 2018
517,extrapolation,unmarked,initial,sa,ti,ComplexPhrase_Typing,punch_burglar_sg_chef_pl,chef,straikim tumbat vaem sa ti,NA,straikim tumbat vaem sa ti,,NA,168,Fri May  4 13:50:38 2018
517,extrapolation,unmarked,initial,sa,ti,ComplexPhrase_Typing,kick_burglar_sg_chef_pl,chef,kikim tumbat vaem sa ti,NA,kikim tumbat vaem sa ti,,NA,169,Fri May  4 13:50:43 2018
517,extrapolation,unmarked,initial,sa,ti,ComplexPhrase_Typing,point_waitress_sg_burglar_pl,burglar,poinim nork tumbat sa ti,NA,poinim nork tumbat sa ti,,NA,170,Fri May  4 13:50:49 2018
517,extrapolation,unmarked,initial,sa,ti,ComplexPhrase_Typing,punch_burglar_sg_chef_pl,chef,straikim tumbat vaem sa ti,NA,straikim tumbat vaem sa ti,,NA,171,Fri May  4 13:50:54 2018
517,extrapolation,unmarked,initial,sa,ti,ComplexPhrase_Typing,kick_waitress_sg_burglar_pl,burglar,kikim nork tumbat sa ti,NA,kikim nork tumbat sa ti,,NA,172,Fri May  4 13:50:58 2018
517,extrapolation,unmarked,initial,sa,ti,ComplexPhrase_Testing,kick_cowboy_pl_chef_sg,NA,kikim negid sa vaem ti,NA,NA,,NA,173,Fri May  4 13:51:45 2018
517,extrapolation,unmarked,initial,sa,ti,ComplexPhrase_Testing,punch_cowboy_sg_burglar_pl,burglar,straikim negid tumbat sa ti,NA,NA,,NA,174,Fri May  4 13:51:54 2018
517,extrapolation,unmarked,initial,sa,ti,ComplexPhrase_Testing,punch_burglar_sg_cowboy_pl,cowboy,straikim tumbat negid sa ti,NA,NA,,NA,175,Fri May  4 13:51:59 2018
517,extrapolation,unmarked,initial,sa,ti,ComplexPhrase_Testing,kick_burglar_sg_chef_pl,chef,kikim tumbat vaem sa ti,NA,NA,,NA,176,Fri May  4 13:52:04 2018
517,extrapolation,unmarked,initial,sa,ti,ComplexPhrase_Testing,punch_cowboy_pl_waitress_sg,NA,straikim negid sa nork ti,NA,NA,,NA,177,Fri May  4 13:52:13 2018
517,extrapolation,unmarked,initial,sa,ti,ComplexPhrase_Testing,point_burglar_sg_cowboy_pl,cowboy,poinim tumbat negid sa ti,NA,NA,,NA,178,Fri May  4 13:52:22 2018
517,extrapolation,unmarked,initial,sa,ti,ComplexPhrase_Testing,kick_cowboy_sg_burglar_pl,burglar,kikim negid tumbat sa ti,NA,NA,,NA,179,Fri May  4 13:52:26 2018
517,extrapolation,unmarked,initial,sa,ti,ComplexPhrase_Testing,kick_waitress_pl_burglar_sg,NA,kikim nork sa tumbat ti,NA,NA,,NA,180,Fri May  4 13:52:31 2018
517,extrapolation,unmarked,initial,sa,ti,ComplexPhrase_Testing,punch_cowboy_sg_burglar_pl,burglar,straikim negid tumbat sa ti,NA,NA,,NA,181,Fri May  4 13:52:38 2018
517,extrapolation,unmarked,initial,sa,ti,ComplexPhrase_Testing,punch_waitress_sg_cowboy_pl,cowboy,straikim nork negid sa ti,NA,NA,,NA,182,Fri May  4 13:52:44 2018
517,extrapolation,unmarked,initial,sa,ti,ComplexPhrase_Testing,kick_cowboy_sg_burglar_pl,burglar,kikim negid tumbat sa ti,NA,NA,,NA,183,Fri May  4 13:52:47 2018
517,extrapolation,unmarked,initial,sa,ti,ComplexPhrase_Testing,kick_chef_sg_cowboy_pl,cowboy,kikim vaem negid sa ti,NA,NA,,NA,184,Fri May  4 13:52:52 2018
517,extrapolation,unmarked,initial,sa,ti,ComplexPhrase_Testing,point_waitress_sg_burglar_pl,burglar,poinim nork tumbat sa ti,NA,NA,,NA,185,Fri May  4 13:52:57 2018
517,extrapolation,unmarked,initial,sa,ti,ComplexPhrase_Testing,kick_chef_sg_cowboy_pl,cowboy,kikim vaem negid sa ti,NA,NA,,NA,186,Fri May  4 13:53:00 2018
517,extrapolation,unmarked,initial,sa,ti,ComplexPhrase_Testing,kick_cowboy_pl_burglar_sg,NA,kikim negid sa tumbat ti,NA,NA,,NA,187,Fri May  4 13:53:04 2018
517,extrapolation,unmarked,initial,sa,ti,ComplexPhrase_Testing,kick_chef_pl_cowboy_sg,NA,kikim vaem sa negid ti,NA,NA,,NA,188,Fri May  4 13:53:13 2018
517,extrapolation,unmarked,initial,sa,ti,ComplexPhrase_Testing,chef,NA,vaem,NA,NA,,NA,189,Fri May  4 13:53:19 2018
517,extrapolation,unmarked,initial,sa,ti,ComplexPhrase_Testing,point_burglar_sg_cowboy_pl,cowboy,poinim tumbat negid sa ti,NA,NA,,NA,190,Fri May  4 13:53:25 2018
517,extrapolation,unmarked,initial,sa,ti,ComplexPhrase_Testing,punch_burglar_sg_chef_pl,chef,straikim tumbat vaem sa ti,NA,NA,,NA,191,Fri May  4 13:53:30 2018
517,extrapolation,unmarked,initial,sa,ti,ComplexPhrase_Testing,kick_burglar_sg_chef_sg,NA,kikim tumbat vaem ti,NA,NA,,NA,192,Fri May  4 13:53:36 2018
517,extrapolation,unmarked,initial,sa,ti,ComplexPhrase_Testing,punch_waitress_sg_burglar_pl,burglar,straikim nork tumbat sa ti,NA,NA,,NA,193,Fri May  4 13:53:44 2018
517,extrapolation,unmarked,initial,sa,ti,ComplexPhrase_Testing,chef_three,NA,vaem sa,NA,NA,,NA,194,Fri May  4 13:53:47 2018
517,extrapolation,unmarked,initial,sa,ti,ComplexPhrase_Testing,kick_waitress_sg_cowboy_pl,cowboy,kikim nork negid sa ti,NA,NA,,NA,195,Fri May  4 13:53:55 2018
517,extrapolation,unmarked,initial,sa,ti,ComplexPhrase_Testing,burglar_three,NA,tumbat sa,NA,NA,,NA,196,Fri May  4 13:53:57 2018
517,extrapolation,unmarked,initial,sa,ti,ComplexPhrase_Testing,waitress_three,NA,nork sa,NA,NA,,NA,197,Fri May  4 13:54:02 2018
517,extrapolation,unmarked,initial,sa,ti,ComplexPhrase_Testing,waitress_two,NA,nork sa,NA,NA,,NA,198,Fri May  4 13:54:06 2018
517,extrapolation,unmarked,initial,sa,ti,ComplexPhrase_Testing,punch_burglar_sg_cowboy_pl,cowboy,straikim tumbat negid sa ti,NA,NA,,NA,199,Fri May  4 13:54:13 2018
517,extrapolation,unmarked,initial,sa,ti,ComplexPhrase_Testing,punch_waitress_sg_burglar_pl,burglar,straikim nork tumbat sa ti,NA,NA,,NA,200,Fri May  4 13:54:18 2018
517,extrapolation,unmarked,initial,sa,ti,ComplexPhrase_Testing,kick_waitress_sg_cowboy_sg,NA,kikim nork negid ti,NA,NA,,NA,201,Fri May  4 13:54:23 2018
517,extrapolation,unmarked,initial,sa,ti,ComplexPhrase_Testing,kick_burglar_sg_chef_pl,chef,kikim tumbat vaem sa ti,NA,NA,,NA,202,Fri May  4 13:54:36 2018
517,extrapolation,unmarked,initial,sa,ti,ComplexPhrase_Testing,cowboy,NA,negid,NA,NA,,NA,203,Fri May  4 13:54:40 2018
517,extrapolation,unmarked,initial,sa,ti,ComplexPhrase_Testing,punch_chef_sg_burglar_pl,burglar,straikim vaem tumbat sa ti,NA,NA,,NA,204,Fri May  4 13:54:47 2018
517,extrapolation,unmarked,initial,sa,ti,ComplexPhrase_Testing,point_waitress_sg_cowboy_sg,NA,poinim nork negid ti,NA,NA,,NA,205,Fri May  4 13:54:51 2018
517,extrapolation,unmarked,initial,sa,ti,ComplexPhrase_Testing,burglar_two,NA,tumbat sa,NA,NA,,NA,206,Fri May  4 13:54:57 2018
517,extrapolation,unmarked,initial,sa,ti,ComplexPhrase_Testing,punch_chef_sg_burglar_pl,burglar,straikim vaem tumbat sa ti,NA,NA,,NA,207,Fri May  4 13:55:05 2018
517,extrapolation,unmarked,initial,sa,ti,ComplexPhrase_Testing,punch_waitress_sg_burglar_sg,NA,straikim nork tumbat ti,NA,NA,,NA,208,Fri May  4 13:55:09 2018
517,extrapolation,unmarked,initial,sa,ti,ComplexPhrase_Testing,kick_burglar_sg_chef_pl,chef,kikim tumbat vaem sa ti,NA,NA,,NA,209,Fri May  4 13:55:16 2018
517,extrapolation,unmarked,initial,sa,ti,ComplexPhrase_Testing,point_cowboy_sg_burglar_sg,NA,poinim negid tumbat ti,NA,NA,,NA,210,Fri May  4 13:55:19 2018
517,extrapolation,unmarked,initial,sa,ti,ComplexPhrase_Testing,punch_waitress_sg_cowboy_pl,cowboy,straikim nork negid sa ti,NA,NA,,NA,211,Fri May  4 13:55:27 2018
517,extrapolation,unmarked,initial,sa,ti,ComplexPhrase_Testing,kick_waitress_sg_cowboy_pl,cowboy,kikim nork negid sa ti,NA,NA,,NA,212,Fri May  4 13:55:31 2018
517,extrapolation,unmarked,initial,sa,ti,ComplexPhrase_Testing,punch_cowboy_sg_burglar_pl,burglar,straikim negid tumbat sa ti,NA,NA,,NA,213,Fri May  4 13:55:37 2018
517,extrapolation,unmarked,initial,sa,ti,ComplexPhrase_Testing,burglar,NA,tumbat,NA,NA,,NA,214,Fri May  4 13:55:40 2018
517,extrapolation,unmarked,initial,sa,ti,ComplexPhrase_Testing,waitress_four,NA,nork sa,NA,NA,,NA,215,Fri May  4 13:55:44 2018
517,extrapolation,unmarked,initial,sa,ti,ComplexPhrase_Testing,waitress,NA,nork,NA,NA,,NA,216,Fri May  4 13:55:47 2018
517,extrapolation,unmarked,initial,sa,ti,ComplexPhrase_Testing,punch_burglar_sg_chef_pl,chef,straikim tumbat vaem sa ti,NA,NA,,NA,217,Fri May  4 13:55:54 2018
517,extrapolation,unmarked,initial,sa,ti,ComplexPhrase_Testing,kick_chef_sg_cowboy_pl,cowboy,kikim vaem negid sa ti,NA,NA,,NA,218,Fri May  4 13:55:59 2018
517,extrapolation,unmarked,initial,sa,ti,ComplexPhrase_Testing,punch_waitress_sg_cowboy_pl,cowboy,straikim nork negid sa ti,NA,NA,,NA,219,Fri May  4 13:56:04 2018
517,extrapolation,unmarked,initial,sa,ti,ComplexPhrase_Testing,kick_waitress_sg_cowboy_pl,cowboy,kikim nork negid sa ti,NA,NA,,NA,220,Fri May  4 13:56:08 2018
517,extrapolation,unmarked,initial,sa,ti,ComplexPhrase_Testing,point_burglar_sg_cowboy_pl,cowboy,poinim tumbat negid sa ti,NA,NA,,NA,221,Fri May  4 13:56:11 2018
517,extrapolation,unmarked,initial,sa,ti,ComplexPhrase_Testing,punch_chef_sg_burglar_pl,burglar,straikim vaem tumbat sa ti,NA,NA,,NA,222,Fri May  4 13:56:17 2018
517,extrapolation,unmarked,initial,sa,ti,ComplexPhrase_Testing,point_waitress_sg_burglar_pl,burglar,poinim nork tumbat sa ti,NA,NA,,NA,223,Fri May  4 13:56:21 2018
517,extrapolation,unmarked,initial,sa,ti,ComplexPhrase_Testing,kick_cowboy_sg_burglar_sg,NA,kikim negid tumbat ti,NA,NA,,NA,224,Fri May  4 13:56:26 2018
517,extrapolation,unmarked,initial,sa,ti,ComplexPhrase_Testing,punch_waitress_sg_burglar_pl,burglar,straikim nork tumbat sa ti,NA,NA,,NA,225,Fri May  4 13:56:33 2018
517,extrapolation,unmarked,initial,sa,ti,ComplexPhrase_Testing,point_burglar_pl_waitress_sg,NA,poinim tumbat sa nork ti,NA,NA,,NA,226,Fri May  4 13:56:38 2018
517,extrapolation,unmarked,initial,sa,ti,ComplexPhrase_Testing,point_waitress_sg_burglar_pl,burglar,poinim nork tumbat sa ti,NA,NA,,NA,227,Fri May  4 13:56:46 2018
517,extrapolation,unmarked,initial,sa,ti,ComplexPhrase_Testing,kick_cowboy_sg_burglar_pl,burglar,kikim negid tumbat sa ti,NA,NA,,NA,228,Fri May  4 13:56:50 2018
517,extrapolation,unmarked,initial,sa,ti,ComplexPhrase_Testing,punch_burglar_sg_cowboy_pl,cowboy,straikim tumbat negid sa ti,NA,NA,,NA,229,Fri May  4 13:56:55 2018
517,extrapolation,unmarked,initial,sa,ti,ComplexPhrase_Testing,punch_burglar_sg_chef_pl,chef,straikim tumbat vaem sa ti,NA,NA,,NA,230,Fri May  4 13:56:59 2018
517,extrapolation,unmarked,initial,sa,ti,Questionnaire,NA,NA,NA,NA,NA,,The object of the verb in the sentence,MeaningCase,Fri May  4 13:58:42 2018
517,extrapolation,unmarked,initial,sa,ti,Questionnaire,NA,NA,NA,NA,NA,,plural,MeaningNum,Fri May  4 13:58:42 2018
517,extrapolation,unmarked,initial,sa,ti,Questionnaire,NA,NA,NA,NA,NA,,after,OrderCaseNoun,Fri May  4 13:58:42 2018
517,extrapolation,unmarked,initial,sa,ti,Questionnaire,NA,NA,NA,NA,NA,,after,OrderNumNoun,Fri May  4 13:58:42 2018
517,extrapolation,unmarked,initial,sa,ti,Questionnaire,NA,NA,NA,NA,NA,,english,Languages,Fri May  4 13:58:42 2018
