ID,Condition,MajorityOrder,NounPosition,markerNum,markerCase,Phase,Meaning,NounItem,InputSentence,Selection,TypedResponse,SpokenResponse,AnswerQuest,Trial,date&time
604,extrapolation,unmarked,final,ti,sa,Noun_Training,cowboy,NA,nork,NA,NA,,NA,1,Fri Apr 20 14:33:24 2018
604,extrapolation,unmarked,final,ti,sa,Noun_Training,burglar,NA,vaem,NA,NA,,NA,2,Fri Apr 20 14:33:28 2018
604,extrapolation,unmarked,final,ti,sa,Noun_Training,chef,NA,negid,NA,NA,,NA,3,Fri Apr 20 14:33:33 2018
604,extrapolation,unmarked,final,ti,sa,Noun_Training,waitress,NA,tumbat,NA,NA,,NA,4,Fri Apr 20 14:33:38 2018
604,extrapolation,unmarked,final,ti,sa,Noun_Training,waitress,NA,tumbat,NA,NA,,NA,5,Fri Apr 20 14:33:43 2018
604,extrapolation,unmarked,final,ti,sa,Noun_Training,chef,NA,negid,NA,NA,,NA,6,Fri Apr 20 14:33:48 2018
604,extrapolation,unmarked,final,ti,sa,Noun_Training,cowboy,NA,nork,NA,NA,,NA,7,Fri Apr 20 14:33:53 2018
604,extrapolation,unmarked,final,ti,sa,Noun_Training,burglar,NA,vaem,NA,NA,,NA,8,Fri Apr 20 14:33:57 2018
604,extrapolation,unmarked,final,ti,sa,Noun_Training,cowboy,NA,nork,NA,NA,,NA,9,Fri Apr 20 14:34:02 2018
604,extrapolation,unmarked,final,ti,sa,Noun_Training,cowboy,NA,nork,NA,NA,,NA,10,Fri Apr 20 14:34:07 2018
604,extrapolation,unmarked,final,ti,sa,Noun_Training,waitress,NA,tumbat,NA,NA,,NA,11,Fri Apr 20 14:34:12 2018
604,extrapolation,unmarked,final,ti,sa,Noun_Training,chef,NA,negid,NA,NA,,NA,12,Fri Apr 20 14:34:17 2018
604,extrapolation,unmarked,final,ti,sa,Noun_Training,waitress,NA,tumbat,NA,NA,,NA,13,Fri Apr 20 14:34:22 2018
604,extrapolation,unmarked,final,ti,sa,Noun_Training,waitress,NA,tumbat,NA,NA,,NA,14,Fri Apr 20 14:34:27 2018
604,extrapolation,unmarked,final,ti,sa,Noun_Training,burglar,NA,vaem,NA,NA,,NA,15,Fri Apr 20 14:34:31 2018
604,extrapolation,unmarked,final,ti,sa,Noun_Training,cowboy,NA,nork,NA,NA,,NA,16,Fri Apr 20 14:34:36 2018
604,extrapolation,unmarked,final,ti,sa,Noun_Training,chef,NA,negid,NA,NA,,NA,17,Fri Apr 20 14:34:41 2018
604,extrapolation,unmarked,final,ti,sa,Noun_Training,chef,NA,negid,NA,NA,,NA,18,Fri Apr 20 14:34:46 2018
604,extrapolation,unmarked,final,ti,sa,Noun_Training,burglar,NA,vaem,NA,NA,,NA,19,Fri Apr 20 14:34:51 2018
604,extrapolation,unmarked,final,ti,sa,Noun_Training,cowboy,NA,nork,NA,NA,,NA,20,Fri Apr 20 14:34:56 2018
604,extrapolation,unmarked,final,ti,sa,Noun_Training,burglar,NA,vaem,NA,NA,,NA,21,Fri Apr 20 14:35:00 2018
604,extrapolation,unmarked,final,ti,sa,Noun_Training,chef,NA,negid,NA,NA,,NA,22,Fri Apr 20 14:35:05 2018
604,extrapolation,unmarked,final,ti,sa,Noun_Training,burglar,NA,vaem,NA,NA,,NA,23,Fri Apr 20 14:35:10 2018
604,extrapolation,unmarked,final,ti,sa,Noun_Training,waitress,NA,tumbat,NA,NA,,NA,24,Fri Apr 20 14:35:15 2018
604,extrapolation,unmarked,final,ti,sa,Noun_Selection,chef,NA,negid,correct,NA,,NA,25,Fri Apr 20 14:35:41 2018
604,extrapolation,unmarked,final,ti,sa,Noun_Selection,cowboy,NA,nork,correct,NA,,NA,26,Fri Apr 20 14:35:45 2018
604,extrapolation,unmarked,final,ti,sa,Noun_Selection,cowboy,NA,nork,correct,NA,,NA,27,Fri Apr 20 14:35:49 2018
604,extrapolation,unmarked,final,ti,sa,Noun_Selection,waitress,NA,tumbat,correct,NA,,NA,28,Fri Apr 20 14:35:52 2018
604,extrapolation,unmarked,final,ti,sa,Noun_Selection,chef,NA,negid,correct,NA,,NA,29,Fri Apr 20 14:35:56 2018
604,extrapolation,unmarked,final,ti,sa,Noun_Selection,waitress,NA,tumbat,correct,NA,,NA,30,Fri Apr 20 14:35:59 2018
604,extrapolation,unmarked,final,ti,sa,Noun_Selection,burglar,NA,vaem,correct,NA,,NA,31,Fri Apr 20 14:36:02 2018
604,extrapolation,unmarked,final,ti,sa,Noun_Selection,chef,NA,negid,correct,NA,,NA,32,Fri Apr 20 14:36:06 2018
604,extrapolation,unmarked,final,ti,sa,Noun_Selection,cowboy,NA,nork,correct,NA,,NA,33,Fri Apr 20 14:36:08 2018
604,extrapolation,unmarked,final,ti,sa,Noun_Selection,burglar,NA,vaem,correct,NA,,NA,34,Fri Apr 20 14:36:11 2018
604,extrapolation,unmarked,final,ti,sa,Noun_Selection,burglar,NA,vaem,wrong,NA,,NA,35,Fri Apr 20 14:36:15 2018
604,extrapolation,unmarked,final,ti,sa,Noun_Selection,waitress,NA,tumbat,correct,NA,,NA,36,Fri Apr 20 14:36:19 2018
604,extrapolation,unmarked,final,ti,sa,Noun_Testing,chef,NA,negid,NA,NA,,NA,37,Fri Apr 20 14:36:44 2018
604,extrapolation,unmarked,final,ti,sa,Noun_Testing,burglar,NA,vaem,NA,NA,,NA,38,Fri Apr 20 14:36:49 2018
604,extrapolation,unmarked,final,ti,sa,Noun_Testing,burglar,NA,vaem,NA,NA,,NA,39,Fri Apr 20 14:36:53 2018
604,extrapolation,unmarked,final,ti,sa,Noun_Testing,waitress,NA,tumbat,NA,NA,,NA,40,Fri Apr 20 14:36:58 2018
604,extrapolation,unmarked,final,ti,sa,Noun_Testing,burglar,NA,vaem,NA,NA,,NA,41,Fri Apr 20 14:37:02 2018
604,extrapolation,unmarked,final,ti,sa,Noun_Testing,cowboy,NA,nork,NA,NA,,NA,42,Fri Apr 20 14:37:06 2018
604,extrapolation,unmarked,final,ti,sa,Noun_Testing,chef,NA,negid,NA,NA,,NA,43,Fri Apr 20 14:37:11 2018
604,extrapolation,unmarked,final,ti,sa,Noun_Testing,cowboy,NA,nork,NA,NA,,NA,44,Fri Apr 20 14:37:15 2018
604,extrapolation,unmarked,final,ti,sa,Noun_Testing,cowboy,NA,nork,NA,NA,,NA,45,Fri Apr 20 14:37:19 2018
604,extrapolation,unmarked,final,ti,sa,Noun_Testing,chef,NA,negid,NA,NA,,NA,46,Fri Apr 20 14:37:23 2018
604,extrapolation,unmarked,final,ti,sa,Noun_Testing,waitress,NA,tumbat,NA,NA,,NA,47,Fri Apr 20 14:37:27 2018
604,extrapolation,unmarked,final,ti,sa,Noun_Testing,waitress,NA,tumbat,NA,NA,,NA,48,Fri Apr 20 14:37:31 2018
604,extrapolation,unmarked,final,ti,sa,SimplePhrase_Training,punch_waitress_pl_burglar_sg,NA,straikim ti tumbat sa vaem,NA,NA,,NA,49,Fri Apr 20 14:38:07 2018
604,extrapolation,unmarked,final,ti,sa,SimplePhrase_Training,point_cowboy_pl_chef_sg,NA,poinim ti nork sa negid,NA,NA,,NA,50,Fri Apr 20 14:38:14 2018
604,extrapolation,unmarked,final,ti,sa,SimplePhrase_Training,waitress_two,NA,ti tumbat,NA,NA,,NA,51,Fri Apr 20 14:38:20 2018
604,extrapolation,unmarked,final,ti,sa,SimplePhrase_Training,punch_cowboy_sg_chef_sg,NA,straikim nork sa negid,NA,NA,,NA,52,Fri Apr 20 14:38:27 2018
604,extrapolation,unmarked,final,ti,sa,SimplePhrase_Training,punch_chef_sg_burglar_sg,NA,straikim negid sa vaem,NA,NA,,NA,53,Fri Apr 20 14:38:34 2018
604,extrapolation,unmarked,final,ti,sa,SimplePhrase_Training,kick_waitress_pl_cowboy_sg,NA,kikim ti tumbat sa nork,NA,NA,,NA,54,Fri Apr 20 14:38:42 2018
604,extrapolation,unmarked,final,ti,sa,SimplePhrase_Training,kick_cowboy_pl_burglar_sg,NA,kikim ti nork sa vaem,NA,NA,,NA,55,Fri Apr 20 14:38:49 2018
604,extrapolation,unmarked,final,ti,sa,SimplePhrase_Training,chef_two,NA,ti negid,NA,NA,,NA,56,Fri Apr 20 14:38:54 2018
604,extrapolation,unmarked,final,ti,sa,SimplePhrase_Training,waitress_three,NA,ti tumbat,NA,NA,,NA,57,Fri Apr 20 14:38:59 2018
604,extrapolation,unmarked,final,ti,sa,SimplePhrase_Training,punch_burglar_pl_chef_sg,NA,straikim ti vaem sa negid,NA,NA,,NA,58,Fri Apr 20 14:39:07 2018
604,extrapolation,unmarked,final,ti,sa,SimplePhrase_Training,kick_chef_pl_waitress_sg,NA,kikim ti negid sa tumbat,NA,NA,,NA,59,Fri Apr 20 14:39:14 2018
604,extrapolation,unmarked,final,ti,sa,SimplePhrase_Training,point_waitress_sg_chef_sg,NA,poinim tumbat sa negid,NA,NA,,NA,60,Fri Apr 20 14:39:22 2018
604,extrapolation,unmarked,final,ti,sa,SimplePhrase_Training,punch_chef_pl_cowboy_sg,NA,straikim ti negid sa nork,NA,NA,,NA,61,Fri Apr 20 14:39:29 2018
604,extrapolation,unmarked,final,ti,sa,SimplePhrase_Training,point_chef_pl_cowboy_sg,NA,poinim ti negid sa nork,NA,NA,,NA,62,Fri Apr 20 14:39:37 2018
604,extrapolation,unmarked,final,ti,sa,SimplePhrase_Training,chef,NA,negid,NA,NA,,NA,63,Fri Apr 20 14:39:42 2018
604,extrapolation,unmarked,final,ti,sa,SimplePhrase_Training,chef_two,NA,ti negid,NA,NA,,NA,64,Fri Apr 20 14:39:47 2018
604,extrapolation,unmarked,final,ti,sa,SimplePhrase_Training,punch_cowboy_sg_waitress_sg,NA,straikim nork sa tumbat,NA,NA,,NA,65,Fri Apr 20 14:39:54 2018
604,extrapolation,unmarked,final,ti,sa,SimplePhrase_Training,punch_waitress_pl_cowboy_sg,NA,straikim ti tumbat sa nork,NA,NA,,NA,66,Fri Apr 20 14:40:02 2018
604,extrapolation,unmarked,final,ti,sa,SimplePhrase_Training,waitress_four,NA,ti tumbat,NA,NA,,NA,67,Fri Apr 20 14:40:07 2018
604,extrapolation,unmarked,final,ti,sa,SimplePhrase_Training,point_cowboy_pl_waitress_sg,NA,poinim ti nork sa tumbat,NA,NA,,NA,68,Fri Apr 20 14:40:15 2018
604,extrapolation,unmarked,final,ti,sa,SimplePhrase_Training,burglar_three,NA,ti vaem,NA,NA,,NA,69,Fri Apr 20 14:40:20 2018
604,extrapolation,unmarked,final,ti,sa,SimplePhrase_Training,punch_chef_sg_waitress_sg,NA,straikim negid sa tumbat,NA,NA,,NA,70,Fri Apr 20 14:40:27 2018
604,extrapolation,unmarked,final,ti,sa,SimplePhrase_Training,punch_cowboy_pl_burglar_sg,NA,straikim ti nork sa vaem,NA,NA,,NA,71,Fri Apr 20 14:40:35 2018
604,extrapolation,unmarked,final,ti,sa,SimplePhrase_Training,burglar,NA,vaem,NA,NA,,NA,72,Fri Apr 20 14:40:40 2018
604,extrapolation,unmarked,final,ti,sa,SimplePhrase_Training,point_burglar_sg_cowboy_sg,NA,poinim vaem sa nork,NA,NA,,NA,73,Fri Apr 20 14:40:47 2018
604,extrapolation,unmarked,final,ti,sa,SimplePhrase_Training,kick_cowboy_sg_chef_sg,NA,kikim nork sa negid,NA,NA,,NA,74,Fri Apr 20 14:40:54 2018
604,extrapolation,unmarked,final,ti,sa,SimplePhrase_Training,point_waitress_pl_burglar_sg,NA,poinim ti tumbat sa vaem,NA,NA,,NA,75,Fri Apr 20 14:41:02 2018
604,extrapolation,unmarked,final,ti,sa,SimplePhrase_Training,waitress,NA,tumbat,NA,NA,,NA,76,Fri Apr 20 14:41:07 2018
604,extrapolation,unmarked,final,ti,sa,SimplePhrase_Training,cowboy_two,NA,ti nork,NA,NA,,NA,77,Fri Apr 20 14:41:12 2018
604,extrapolation,unmarked,final,ti,sa,SimplePhrase_Training,kick_burglar_sg_waitress_sg,NA,kikim vaem sa tumbat,NA,NA,,NA,78,Fri Apr 20 14:41:19 2018
604,extrapolation,unmarked,final,ti,sa,SimplePhrase_Training,punch_burglar_sg_cowboy_sg,NA,straikim vaem sa nork,NA,NA,,NA,79,Fri Apr 20 14:41:26 2018
604,extrapolation,unmarked,final,ti,sa,SimplePhrase_Training,chef_four,NA,ti negid,NA,NA,,NA,80,Fri Apr 20 14:41:31 2018
604,extrapolation,unmarked,final,ti,sa,SimplePhrase_Training,burglar_two,NA,ti vaem,NA,NA,,NA,81,Fri Apr 20 14:41:36 2018
604,extrapolation,unmarked,final,ti,sa,SimplePhrase_Training,kick_burglar_pl_chef_sg,NA,kikim ti vaem sa negid,NA,NA,,NA,82,Fri Apr 20 14:41:43 2018
604,extrapolation,unmarked,final,ti,sa,SimplePhrase_Training,kick_chef_pl_burglar_sg,NA,kikim ti negid sa vaem,NA,NA,,NA,83,Fri Apr 20 14:41:51 2018
604,extrapolation,unmarked,final,ti,sa,SimplePhrase_Training,kick_burglar_sg_cowboy_sg,NA,kikim vaem sa nork,NA,NA,,NA,84,Fri Apr 20 14:41:58 2018
604,extrapolation,unmarked,final,ti,sa,SimplePhrase_Training,burglar_four,NA,ti vaem,NA,NA,,NA,85,Fri Apr 20 14:42:03 2018
604,extrapolation,unmarked,final,ti,sa,SimplePhrase_Training,point_burglar_sg_chef_sg,NA,poinim vaem sa negid,NA,NA,,NA,86,Fri Apr 20 14:42:10 2018
604,extrapolation,unmarked,final,ti,sa,SimplePhrase_Training,point_chef_pl_waitress_sg,NA,poinim ti negid sa tumbat,NA,NA,,NA,87,Fri Apr 20 14:42:18 2018
604,extrapolation,unmarked,final,ti,sa,SimplePhrase_Training,point_burglar_sg_waitress_sg,NA,poinim vaem sa tumbat,NA,NA,,NA,88,Fri Apr 20 14:42:25 2018
604,extrapolation,unmarked,final,ti,sa,SimplePhrase_Training,cowboy_three,NA,ti nork,NA,NA,,NA,89,Fri Apr 20 14:42:30 2018
604,extrapolation,unmarked,final,ti,sa,SimplePhrase_Training,cowboy_four,NA,ti nork,NA,NA,,NA,90,Fri Apr 20 14:42:35 2018
604,extrapolation,unmarked,final,ti,sa,SimplePhrase_Training,point_cowboy_sg_burglar_sg,NA,poinim nork sa vaem,NA,NA,,NA,91,Fri Apr 20 14:42:42 2018
604,extrapolation,unmarked,final,ti,sa,SimplePhrase_Training,chef,NA,negid,NA,NA,,NA,92,Fri Apr 20 14:42:47 2018
604,extrapolation,unmarked,final,ti,sa,SimplePhrase_Training,kick_chef_sg_cowboy_sg,NA,kikim negid sa nork,NA,NA,,NA,93,Fri Apr 20 14:42:54 2018
604,extrapolation,unmarked,final,ti,sa,SimplePhrase_Training,punch_burglar_sg_waitress_sg,NA,straikim vaem sa tumbat,NA,NA,,NA,94,Fri Apr 20 14:43:02 2018
604,extrapolation,unmarked,final,ti,sa,SimplePhrase_Training,point_waitress_sg_cowboy_sg,NA,poinim tumbat sa nork,NA,NA,,NA,95,Fri Apr 20 14:43:09 2018
604,extrapolation,unmarked,final,ti,sa,SimplePhrase_Training,punch_waitress_pl_chef_sg,NA,straikim ti tumbat sa negid,NA,NA,,NA,96,Fri Apr 20 14:43:17 2018
604,extrapolation,unmarked,final,ti,sa,SimplePhrase_Training,waitress_two,NA,ti tumbat,NA,NA,,NA,97,Fri Apr 20 14:43:22 2018
604,extrapolation,unmarked,final,ti,sa,SimplePhrase_Training,cowboy_two,NA,ti nork,NA,NA,,NA,98,Fri Apr 20 14:43:27 2018
604,extrapolation,unmarked,final,ti,sa,SimplePhrase_Training,cowboy,NA,nork,NA,NA,,NA,99,Fri Apr 20 14:43:32 2018
604,extrapolation,unmarked,final,ti,sa,SimplePhrase_Training,chef_three,NA,ti negid,NA,NA,,NA,100,Fri Apr 20 14:43:37 2018
604,extrapolation,unmarked,final,ti,sa,SimplePhrase_Training,kick_waitress_pl_burglar_sg,NA,kikim ti tumbat sa vaem,NA,NA,,NA,101,Fri Apr 20 14:43:45 2018
604,extrapolation,unmarked,final,ti,sa,SimplePhrase_Training,chef_four,NA,ti negid,NA,NA,,NA,102,Fri Apr 20 14:43:50 2018
604,extrapolation,unmarked,final,ti,sa,SimplePhrase_Training,chef_three,NA,ti negid,NA,NA,,NA,103,Fri Apr 20 14:43:55 2018
604,extrapolation,unmarked,final,ti,sa,SimplePhrase_Training,point_chef_pl_burglar_sg,NA,poinim ti negid sa vaem,NA,NA,,NA,104,Fri Apr 20 14:44:02 2018
604,extrapolation,unmarked,final,ti,sa,SimplePhrase_Training,burglar,NA,vaem,NA,NA,,NA,105,Fri Apr 20 14:44:07 2018
604,extrapolation,unmarked,final,ti,sa,SimplePhrase_Training,cowboy,NA,nork,NA,NA,,NA,106,Fri Apr 20 14:44:12 2018
604,extrapolation,unmarked,final,ti,sa,SimplePhrase_Training,kick_cowboy_sg_waitress_sg,NA,kikim nork sa tumbat,NA,NA,,NA,107,Fri Apr 20 14:44:19 2018
604,extrapolation,unmarked,final,ti,sa,SimplePhrase_Training,burglar_three,NA,ti vaem,NA,NA,,NA,108,Fri Apr 20 14:44:24 2018
604,extrapolation,unmarked,final,ti,sa,SimplePhrase_Training,kick_waitress_sg_chef_sg,NA,kikim tumbat sa negid,NA,NA,,NA,109,Fri Apr 20 14:44:31 2018
604,extrapolation,unmarked,final,ti,sa,SimplePhrase_Training,waitress,NA,tumbat,NA,NA,,NA,110,Fri Apr 20 14:44:36 2018
604,extrapolation,unmarked,final,ti,sa,SimplePhrase_Comprehension,punch_waitress_sg_burglar_sg,NA,straikim tumbat sa vaem,correct,NA,,NA,111,Fri Apr 20 14:45:00 2018
604,extrapolation,unmarked,final,ti,sa,SimplePhrase_Comprehension,cowboy_three,NA,ti nork,correct,NA,,NA,112,Fri Apr 20 14:45:04 2018
604,extrapolation,unmarked,final,ti,sa,SimplePhrase_Comprehension,point_cowboy_sg_waitress_sg,NA,poinim nork sa tumbat,correct,NA,,NA,113,Fri Apr 20 14:45:10 2018
604,extrapolation,unmarked,final,ti,sa,SimplePhrase_Comprehension,point_cowboy_pl_burglar_sg,NA,poinim ti nork sa vaem,correct,NA,,NA,114,Fri Apr 20 14:45:15 2018
604,extrapolation,unmarked,final,ti,sa,SimplePhrase_Comprehension,waitress,NA,tumbat,correct,NA,,NA,115,Fri Apr 20 14:45:19 2018
604,extrapolation,unmarked,final,ti,sa,SimplePhrase_Comprehension,kick_chef_sg_burglar_sg,NA,kikim negid sa vaem,correct,NA,,NA,116,Fri Apr 20 14:45:25 2018
604,extrapolation,unmarked,final,ti,sa,SimplePhrase_Comprehension,kick_waitress_sg_burglar_sg,NA,kikim tumbat sa vaem,correct,NA,,NA,117,Fri Apr 20 14:45:30 2018
604,extrapolation,unmarked,final,ti,sa,SimplePhrase_Comprehension,cowboy_two,NA,ti nork,correct,NA,,NA,118,Fri Apr 20 14:45:34 2018
604,extrapolation,unmarked,final,ti,sa,SimplePhrase_Comprehension,punch_chef_sg_cowboy_sg,NA,straikim negid sa nork,correct,NA,,NA,119,Fri Apr 20 14:45:42 2018
604,extrapolation,unmarked,final,ti,sa,SimplePhrase_Comprehension,cowboy_four,NA,ti nork,correct,NA,,NA,120,Fri Apr 20 14:45:46 2018
604,extrapolation,unmarked,final,ti,sa,SimplePhrase_Comprehension,point_waitress_pl_chef_sg,NA,poinim ti tumbat sa negid,correct,NA,,NA,121,Fri Apr 20 14:45:52 2018
604,extrapolation,unmarked,final,ti,sa,SimplePhrase_Comprehension,punch_burglar_sg_chef_sg,NA,straikim vaem sa negid,correct,NA,,NA,122,Fri Apr 20 14:45:58 2018
604,extrapolation,unmarked,final,ti,sa,SimplePhrase_Comprehension,burglar_three,NA,ti vaem,correct,NA,,NA,123,Fri Apr 20 14:46:02 2018
604,extrapolation,unmarked,final,ti,sa,SimplePhrase_Comprehension,waitress_three,NA,ti tumbat,correct,NA,,NA,124,Fri Apr 20 14:46:06 2018
604,extrapolation,unmarked,final,ti,sa,SimplePhrase_Comprehension,kick_burglar_pl_cowboy_sg,NA,kikim ti vaem sa nork,correct,NA,,NA,125,Fri Apr 20 14:46:12 2018
604,extrapolation,unmarked,final,ti,sa,SimplePhrase_Comprehension,waitress_two,NA,ti tumbat,correct,NA,,NA,126,Fri Apr 20 14:46:16 2018
604,extrapolation,unmarked,final,ti,sa,SimplePhrase_Comprehension,burglar,NA,vaem,correct,NA,,NA,127,Fri Apr 20 14:46:20 2018
604,extrapolation,unmarked,final,ti,sa,SimplePhrase_Comprehension,punch_chef_pl_burglar_sg,NA,straikim ti negid sa vaem,correct,NA,,NA,128,Fri Apr 20 14:46:26 2018
604,extrapolation,unmarked,final,ti,sa,SimplePhrase_Comprehension,punch_waitress_sg_chef_sg,NA,straikim tumbat sa negid,correct,NA,,NA,129,Fri Apr 20 14:46:31 2018
604,extrapolation,unmarked,final,ti,sa,SimplePhrase_Comprehension,cowboy,NA,nork,correct,NA,,NA,130,Fri Apr 20 14:46:36 2018
604,extrapolation,unmarked,final,ti,sa,SimplePhrase_Comprehension,point_cowboy_sg_chef_sg,NA,poinim nork sa negid,wrong,NA,,NA,131,Fri Apr 20 14:46:44 2018
604,extrapolation,unmarked,final,ti,sa,SimplePhrase_Comprehension,waitress_four,NA,ti tumbat,correct,NA,,NA,132,Fri Apr 20 14:46:48 2018
604,extrapolation,unmarked,final,ti,sa,SimplePhrase_Comprehension,punch_burglar_pl_cowboy_sg,NA,straikim ti vaem sa nork,correct,NA,,NA,133,Fri Apr 20 14:46:55 2018
604,extrapolation,unmarked,final,ti,sa,SimplePhrase_Comprehension,chef_three,NA,ti negid,correct,NA,,NA,134,Fri Apr 20 14:46:59 2018
604,extrapolation,unmarked,final,ti,sa,SimplePhrase_Comprehension,chef,NA,negid,wrong,NA,,NA,135,Fri Apr 20 14:47:04 2018
604,extrapolation,unmarked,final,ti,sa,SimplePhrase_Comprehension,burglar_four,NA,ti vaem,correct,NA,,NA,136,Fri Apr 20 14:47:08 2018
604,extrapolation,unmarked,final,ti,sa,SimplePhrase_Comprehension,point_chef_sg_cowboy_sg,NA,poinim negid sa nork,wrong,NA,,NA,137,Fri Apr 20 14:47:17 2018
604,extrapolation,unmarked,final,ti,sa,SimplePhrase_Comprehension,punch_waitress_sg_cowboy_sg,NA,straikim tumbat sa nork,correct,NA,,NA,138,Fri Apr 20 14:47:23 2018
604,extrapolation,unmarked,final,ti,sa,SimplePhrase_Comprehension,punch_chef_pl_waitress_sg,NA,straikim ti negid sa tumbat,correct,NA,,NA,139,Fri Apr 20 14:47:29 2018
604,extrapolation,unmarked,final,ti,sa,SimplePhrase_Comprehension,kick_waitress_pl_chef_sg,NA,kikim ti tumbat sa negid,correct,NA,,NA,140,Fri Apr 20 14:47:35 2018
604,extrapolation,unmarked,final,ti,sa,SimplePhrase_Comprehension,point_burglar_pl_cowboy_sg,NA,poinim ti vaem sa nork,correct,NA,,NA,141,Fri Apr 20 14:47:40 2018
604,extrapolation,unmarked,final,ti,sa,SimplePhrase_Comprehension,point_burglar_pl_waitress_sg,NA,poinim ti vaem sa tumbat,correct,NA,,NA,142,Fri Apr 20 14:47:46 2018
604,extrapolation,unmarked,final,ti,sa,SimplePhrase_Comprehension,kick_cowboy_pl_waitress_sg,NA,kikim ti nork sa tumbat,correct,NA,,NA,143,Fri Apr 20 14:47:54 2018
604,extrapolation,unmarked,final,ti,sa,SimplePhrase_Comprehension,chef_two,NA,ti negid,correct,NA,,NA,144,Fri Apr 20 14:47:59 2018
604,extrapolation,unmarked,final,ti,sa,SimplePhrase_Typing,punch_cowboy_sg_waitress_sg,NA,straikim nork sa tumbat,NA,straikim nork sa tumbat,,NA,145,Fri Apr 20 14:48:38 2018
604,extrapolation,unmarked,final,ti,sa,SimplePhrase_Typing,punch_chef_pl_cowboy_sg,NA,straikim ti negid sa nork,NA,straikim ti negid sa nork,,NA,146,Fri Apr 20 14:48:56 2018
604,extrapolation,unmarked,final,ti,sa,SimplePhrase_Typing,punch_burglar_sg_cowboy_sg,NA,straikim vaem sa nork,NA,straikim vaem sa nork,,NA,147,Fri Apr 20 14:49:09 2018
604,extrapolation,unmarked,final,ti,sa,SimplePhrase_Typing,waitress_three,NA,ti tumbat,NA,ti tumbat,,NA,148,Fri Apr 20 14:49:17 2018
604,extrapolation,unmarked,final,ti,sa,SimplePhrase_Typing,kick_burglar_pl_chef_sg,NA,kikim ti vaem sa negid,NA,kikim ti vaem sa negid,,NA,149,Fri Apr 20 14:49:30 2018
604,extrapolation,unmarked,final,ti,sa,SimplePhrase_Typing,punch_chef_sg_waitress_sg,NA,straikim negid sa tumbat,NA,straikim negid sa tumbat,,NA,150,Fri Apr 20 14:49:45 2018
604,extrapolation,unmarked,final,ti,sa,SimplePhrase_Typing,burglar_three,NA,ti vaem,NA,ti vaem,,NA,151,Fri Apr 20 14:49:51 2018
604,extrapolation,unmarked,final,ti,sa,SimplePhrase_Typing,chef,NA,negid,NA,negid,,NA,152,Fri Apr 20 14:49:59 2018
604,extrapolation,unmarked,final,ti,sa,SimplePhrase_Typing,cowboy_four,NA,ti nork,NA,ti nork,,NA,153,Fri Apr 20 14:50:06 2018
604,extrapolation,unmarked,final,ti,sa,SimplePhrase_Typing,burglar,NA,vaem,NA,vaem,,NA,154,Fri Apr 20 14:50:12 2018
604,extrapolation,unmarked,final,ti,sa,SimplePhrase_Typing,kick_cowboy_sg_waitress_sg,NA,kikim nork sa tumbat,NA,kikim nork sa tumbat,,NA,155,Fri Apr 20 14:50:22 2018
604,extrapolation,unmarked,final,ti,sa,SimplePhrase_Typing,kick_waitress_pl_cowboy_sg,NA,kikim ti tumbat sa nork,NA,kikim ti tumbat sa nork,,NA,156,Fri Apr 20 14:50:32 2018
604,extrapolation,unmarked,final,ti,sa,SimplePhrase_Typing,waitress,NA,tumbat,NA,tumbat,,NA,157,Fri Apr 20 14:50:37 2018
604,extrapolation,unmarked,final,ti,sa,SimplePhrase_Typing,point_cowboy_pl_chef_sg,NA,poinim ti nork sa negid,NA,poinim ti nork sa negid,,NA,158,Fri Apr 20 14:50:47 2018
604,extrapolation,unmarked,final,ti,sa,SimplePhrase_Typing,cowboy,NA,nork,NA,nork,,NA,159,Fri Apr 20 14:50:52 2018
604,extrapolation,unmarked,final,ti,sa,SimplePhrase_Typing,burglar_four,NA,ti vaem,NA,vaem,,NA,160,Fri Apr 20 14:50:58 2018
604,extrapolation,unmarked,final,ti,sa,ComplexPhrase_Typing,kick_cowboy_sg_chef_pl,chef,kikim nork sa ti negid,NA,kikim nork sa ti negid,,NA,161,Fri Apr 20 14:51:35 2018
604,extrapolation,unmarked,final,ti,sa,ComplexPhrase_Typing,kick_chef_sg_waitress_pl,waitress,kikim negid sa ti tumbat,NA,kikim negid sa ti tumbat,,NA,162,Fri Apr 20 14:52:01 2018
604,extrapolation,unmarked,final,ti,sa,ComplexPhrase_Typing,punch_burglar_sg_cowboy_pl,cowboy,straikim vaem sa ti nork,NA,straikim vaem sa ti nork,,NA,163,Fri Apr 20 14:52:11 2018
604,extrapolation,unmarked,final,ti,sa,ComplexPhrase_Typing,kick_chef_sg_cowboy_pl,cowboy,kikim negid sa ti nork,NA,kikim negid sa ti nork,,NA,164,Fri Apr 20 14:52:22 2018
604,extrapolation,unmarked,final,ti,sa,ComplexPhrase_Typing,punch_burglar_sg_cowboy_pl,cowboy,straikim vaem sa ti nork,NA,straikim vaem sa ti nork,,NA,165,Fri Apr 20 14:52:28 2018
604,extrapolation,unmarked,final,ti,sa,ComplexPhrase_Typing,kick_chef_sg_cowboy_pl,cowboy,kikim negid sa ti nork,NA,kikim negid sa ti nork,,NA,166,Fri Apr 20 14:52:36 2018
604,extrapolation,unmarked,final,ti,sa,ComplexPhrase_Typing,kick_cowboy_sg_chef_pl,chef,kikim nork sa ti negid,NA,kikim nork sa ti negid,,NA,167,Fri Apr 20 14:52:43 2018
604,extrapolation,unmarked,final,ti,sa,ComplexPhrase_Typing,kick_chef_sg_waitress_pl,waitress,kikim negid sa ti tumbat,NA,kikim negid sa ti tumbat,,NA,168,Fri Apr 20 14:52:53 2018
604,extrapolation,unmarked,final,ti,sa,ComplexPhrase_Typing,punch_burglar_sg_cowboy_pl,cowboy,straikim vaem sa ti nork,NA,straikim vaem sa ti nork,,NA,169,Fri Apr 20 14:52:58 2018
604,extrapolation,unmarked,final,ti,sa,ComplexPhrase_Typing,kick_chef_sg_cowboy_pl,cowboy,kikim negid sa ti nork,NA,kikim negid sa ti nork,,NA,170,Fri Apr 20 14:53:02 2018
604,extrapolation,unmarked,final,ti,sa,ComplexPhrase_Typing,kick_chef_sg_waitress_pl,waitress,kikim negid sa ti tumbat,NA,kikim negid sa ti tumbat,,NA,171,Fri Apr 20 14:53:09 2018
604,extrapolation,unmarked,final,ti,sa,ComplexPhrase_Typing,kick_cowboy_sg_chef_pl,chef,kikim nork sa ti negid,NA,kikim nork sa ti negid,,NA,172,Fri Apr 20 14:53:13 2018
604,extrapolation,unmarked,final,ti,sa,ComplexPhrase_Testing,kick_waitress_sg_cowboy_pl,cowboy,kikim tumbat sa ti nork,NA,NA,,NA,173,Fri Apr 20 14:53:53 2018
604,extrapolation,unmarked,final,ti,sa,ComplexPhrase_Testing,cowboy_two,NA,ti nork,NA,NA,,NA,174,Fri Apr 20 14:53:59 2018
604,extrapolation,unmarked,final,ti,sa,ComplexPhrase_Testing,burglar_four,NA,ti vaem,NA,NA,,NA,175,Fri Apr 20 14:54:04 2018
604,extrapolation,unmarked,final,ti,sa,ComplexPhrase_Testing,punch_cowboy_sg_chef_pl,chef,straikim nork sa ti negid,NA,NA,,NA,176,Fri Apr 20 14:54:11 2018
604,extrapolation,unmarked,final,ti,sa,ComplexPhrase_Testing,kick_waitress_sg_cowboy_pl,cowboy,kikim tumbat sa ti nork,NA,NA,,NA,177,Fri Apr 20 14:54:17 2018
604,extrapolation,unmarked,final,ti,sa,ComplexPhrase_Testing,point_chef_sg_cowboy_pl,cowboy,poinim negid sa ti nork,NA,NA,,NA,178,Fri Apr 20 14:54:24 2018
604,extrapolation,unmarked,final,ti,sa,ComplexPhrase_Testing,point_burglar_sg_waitress_pl,waitress,poinim vaem sa ti tumbat,NA,NA,,NA,179,Fri Apr 20 14:54:31 2018
604,extrapolation,unmarked,final,ti,sa,ComplexPhrase_Testing,punch_burglar_pl_cowboy_sg,NA,straikim ti vaem sa nork,NA,NA,,NA,180,Fri Apr 20 14:54:38 2018
604,extrapolation,unmarked,final,ti,sa,ComplexPhrase_Testing,punch_waitress_sg_burglar_pl,burglar,straikim tumbat sa ti vaem,NA,NA,,NA,181,Fri Apr 20 14:54:47 2018
604,extrapolation,unmarked,final,ti,sa,ComplexPhrase_Testing,burglar,NA,vaem,NA,NA,,NA,182,Fri Apr 20 14:54:50 2018
604,extrapolation,unmarked,final,ti,sa,ComplexPhrase_Testing,kick_chef_sg_waitress_pl,waitress,kikim negid sa ti tumbat,NA,NA,,NA,183,Fri Apr 20 14:54:59 2018
604,extrapolation,unmarked,final,ti,sa,ComplexPhrase_Testing,punch_cowboy_sg_burglar_pl,burglar,straikim nork sa ti vaem,NA,NA,,NA,184,Fri Apr 20 14:55:04 2018
604,extrapolation,unmarked,final,ti,sa,ComplexPhrase_Testing,kick_chef_sg_waitress_pl,waitress,kikim negid sa ti tumbat,NA,NA,,NA,185,Fri Apr 20 14:55:09 2018
604,extrapolation,unmarked,final,ti,sa,ComplexPhrase_Testing,kick_burglar_pl_cowboy_sg,NA,kikim ti vaem sa nork,NA,NA,,NA,186,Fri Apr 20 14:55:13 2018
604,extrapolation,unmarked,final,ti,sa,ComplexPhrase_Testing,kick_burglar_sg_waitress_pl,waitress,kikim vaem sa ti tumbat,NA,NA,,NA,187,Fri Apr 20 14:55:21 2018
604,extrapolation,unmarked,final,ti,sa,ComplexPhrase_Testing,punch_cowboy_sg_burglar_pl,burglar,straikim nork sa ti vaem,NA,NA,,NA,188,Fri Apr 20 14:55:27 2018
604,extrapolation,unmarked,final,ti,sa,ComplexPhrase_Testing,kick_burglar_sg_waitress_pl,waitress,kikim vaem sa ti tumbat,NA,NA,,NA,189,Fri Apr 20 14:55:32 2018
604,extrapolation,unmarked,final,ti,sa,ComplexPhrase_Testing,kick_cowboy_sg_burglar_sg,NA,kikim nork sa vaem,NA,NA,,NA,190,Fri Apr 20 14:55:37 2018
604,extrapolation,unmarked,final,ti,sa,ComplexPhrase_Testing,punch_cowboy_sg_burglar_pl,burglar,straikim nork sa ti vaem,NA,NA,,NA,191,Fri Apr 20 14:55:45 2018
604,extrapolation,unmarked,final,ti,sa,ComplexPhrase_Testing,point_burglar_sg_waitress_pl,waitress,poinim vaem sa ti tumbat,NA,NA,,NA,192,Fri Apr 20 14:55:50 2018
604,extrapolation,unmarked,final,ti,sa,ComplexPhrase_Testing,punch_chef_pl_cowboy_sg,NA,straikim ti negid sa nork,NA,NA,,NA,193,Fri Apr 20 14:55:55 2018
604,extrapolation,unmarked,final,ti,sa,ComplexPhrase_Testing,punch_waitress_sg_burglar_pl,burglar,straikim tumbat sa ti vaem,NA,NA,,NA,194,Fri Apr 20 14:56:02 2018
604,extrapolation,unmarked,final,ti,sa,ComplexPhrase_Testing,waitress_two,NA,ti tumbat,NA,NA,,NA,195,Fri Apr 20 14:56:06 2018
604,extrapolation,unmarked,final,ti,sa,ComplexPhrase_Testing,punch_chef_sg_waitress_pl,waitress,straikim negid sa ti tumbat,NA,NA,,NA,196,Fri Apr 20 14:56:12 2018
604,extrapolation,unmarked,final,ti,sa,ComplexPhrase_Testing,punch_cowboy_sg_waitress_pl,waitress,straikim nork sa ti tumbat,NA,NA,,NA,197,Fri Apr 20 14:56:16 2018
604,extrapolation,unmarked,final,ti,sa,ComplexPhrase_Testing,kick_cowboy_sg_chef_pl,chef,kikim nork sa ti negid,NA,NA,,NA,198,Fri Apr 20 14:56:20 2018
604,extrapolation,unmarked,final,ti,sa,ComplexPhrase_Testing,kick_cowboy_sg_waitress_sg,NA,kikim nork sa tumbat,NA,NA,,NA,199,Fri Apr 20 14:56:25 2018
604,extrapolation,unmarked,final,ti,sa,ComplexPhrase_Testing,punch_waitress_sg_burglar_pl,burglar,straikim tumbat sa ti vaem,NA,NA,,NA,200,Fri Apr 20 14:56:35 2018
604,extrapolation,unmarked,final,ti,sa,ComplexPhrase_Testing,point_chef_sg_cowboy_pl,cowboy,poinim negid sa ti nork,NA,NA,,NA,201,Fri Apr 20 14:56:40 2018
604,extrapolation,unmarked,final,ti,sa,ComplexPhrase_Testing,punch_cowboy_pl_burglar_sg,NA,straikim ti nork sa vaem,NA,NA,,NA,202,Fri Apr 20 14:56:44 2018
604,extrapolation,unmarked,final,ti,sa,ComplexPhrase_Testing,point_cowboy_sg_waitress_pl,waitress,poinim nork sa ti tumbat,NA,NA,,NA,203,Fri Apr 20 14:56:53 2018
604,extrapolation,unmarked,final,ti,sa,ComplexPhrase_Testing,kick_waitress_sg_cowboy_pl,cowboy,kikim tumbat sa ti nork,NA,NA,,NA,204,Fri Apr 20 14:56:57 2018
604,extrapolation,unmarked,final,ti,sa,ComplexPhrase_Testing,burglar_two,NA,ti vaem,NA,NA,,NA,205,Fri Apr 20 14:56:59 2018
604,extrapolation,unmarked,final,ti,sa,ComplexPhrase_Testing,kick_chef_sg_waitress_pl,waitress,kikim negid sa ti tumbat,NA,NA,,NA,206,Fri Apr 20 14:57:06 2018
604,extrapolation,unmarked,final,ti,sa,ComplexPhrase_Testing,kick_cowboy_sg_chef_pl,chef,kikim nork sa ti negid,NA,NA,,NA,207,Fri Apr 20 14:57:10 2018
604,extrapolation,unmarked,final,ti,sa,ComplexPhrase_Testing,kick_cowboy_sg_chef_pl,chef,kikim nork sa ti negid,NA,NA,,NA,208,Fri Apr 20 14:57:14 2018
604,extrapolation,unmarked,final,ti,sa,ComplexPhrase_Testing,punch_cowboy_sg_waitress_pl,waitress,straikim nork sa ti tumbat,NA,NA,,NA,209,Fri Apr 20 14:57:19 2018
604,extrapolation,unmarked,final,ti,sa,ComplexPhrase_Testing,point_cowboy_pl_burglar_sg,NA,poinim ti nork sa vaem,NA,NA,,NA,210,Fri Apr 20 14:57:25 2018
604,extrapolation,unmarked,final,ti,sa,ComplexPhrase_Testing,point_cowboy_sg_waitress_pl,waitress,poinim nork sa ti tumbat,NA,NA,,NA,211,Fri Apr 20 14:57:30 2018
604,extrapolation,unmarked,final,ti,sa,ComplexPhrase_Testing,point_burglar_sg_waitress_pl,waitress,poinim vaem sa ti tumbat,NA,NA,,NA,212,Fri Apr 20 14:57:35 2018
604,extrapolation,unmarked,final,ti,sa,ComplexPhrase_Testing,punch_chef_pl_waitress_sg,NA,straikim ti negid sa tumbat,NA,NA,,NA,213,Fri Apr 20 14:57:43 2018
604,extrapolation,unmarked,final,ti,sa,ComplexPhrase_Testing,cowboy,NA,nork,NA,NA,,NA,214,Fri Apr 20 14:57:49 2018
604,extrapolation,unmarked,final,ti,sa,ComplexPhrase_Testing,punch_cowboy_sg_waitress_sg,NA,straikim nork sa tumbat,NA,NA,,NA,215,Fri Apr 20 14:57:54 2018
604,extrapolation,unmarked,final,ti,sa,ComplexPhrase_Testing,punch_cowboy_sg_chef_pl,chef,straikim nork sa ti negid,NA,NA,,NA,216,Fri Apr 20 14:58:02 2018
604,extrapolation,unmarked,final,ti,sa,ComplexPhrase_Testing,punch_chef_sg_cowboy_sg,NA,straikim negid sa nork,NA,NA,,NA,217,Fri Apr 20 14:58:09 2018
604,extrapolation,unmarked,final,ti,sa,ComplexPhrase_Testing,waitress_four,NA,ti tumbat,NA,NA,,NA,218,Fri Apr 20 14:58:16 2018
604,extrapolation,unmarked,final,ti,sa,ComplexPhrase_Testing,kick_burglar_sg_waitress_pl,waitress,kikim vaem sa ti tumbat,NA,NA,,NA,219,Fri Apr 20 14:58:22 2018
604,extrapolation,unmarked,final,ti,sa,ComplexPhrase_Testing,punch_cowboy_sg_chef_pl,chef,straikim nork sa ti negid,NA,NA,,NA,220,Fri Apr 20 14:58:27 2018
604,extrapolation,unmarked,final,ti,sa,ComplexPhrase_Testing,punch_chef_sg_waitress_pl,waitress,straikim negid sa ti tumbat,NA,NA,,NA,221,Fri Apr 20 14:58:31 2018
604,extrapolation,unmarked,final,ti,sa,ComplexPhrase_Testing,chef,NA,negid,NA,NA,,NA,222,Fri Apr 20 14:58:35 2018
604,extrapolation,unmarked,final,ti,sa,ComplexPhrase_Testing,point_chef_sg_cowboy_pl,cowboy,poinim negid sa ti nork,NA,NA,,NA,223,Fri Apr 20 14:58:41 2018
604,extrapolation,unmarked,final,ti,sa,ComplexPhrase_Testing,punch_waitress_sg_cowboy_sg,NA,straikim tumbat sa nork,NA,NA,,NA,224,Fri Apr 20 14:58:48 2018
604,extrapolation,unmarked,final,ti,sa,ComplexPhrase_Testing,waitress,NA,tumbat,NA,NA,,NA,225,Fri Apr 20 14:58:53 2018
604,extrapolation,unmarked,final,ti,sa,ComplexPhrase_Testing,punch_cowboy_sg_waitress_pl,waitress,straikim nork sa ti tumbat,NA,NA,,NA,226,Fri Apr 20 14:59:01 2018
604,extrapolation,unmarked,final,ti,sa,ComplexPhrase_Testing,punch_chef_sg_waitress_pl,waitress,straikim negid sa ti tumbat,NA,NA,,NA,227,Fri Apr 20 14:59:06 2018
604,extrapolation,unmarked,final,ti,sa,ComplexPhrase_Testing,punch_cowboy_sg_burglar_sg,NA,straikim nork sa vaem,NA,NA,,NA,228,Fri Apr 20 14:59:09 2018
604,extrapolation,unmarked,final,ti,sa,ComplexPhrase_Testing,point_cowboy_sg_waitress_pl,waitress,poinim nork sa ti tumbat,NA,NA,,NA,229,Fri Apr 20 14:59:15 2018
604,extrapolation,unmarked,final,ti,sa,ComplexPhrase_Testing,chef_two,NA,ti negid,NA,NA,,NA,230,Fri Apr 20 14:59:18 2018
604,extrapolation,unmarked,final,ti,sa,Questionnaire,NA,NA,NA,NA,NA,,mulitple entities,MeaningCase,Fri Apr 20 15:00:59 2018
604,extrapolation,unmarked,final,ti,sa,Questionnaire,NA,NA,NA,NA,NA,,multiple entities,MeaningNum,Fri Apr 20 15:00:59 2018
604,extrapolation,unmarked,final,ti,sa,Questionnaire,NA,NA,NA,NA,NA,,before,OrderCaseNoun,Fri Apr 20 15:00:59 2018
604,extrapolation,unmarked,final,ti,sa,Questionnaire,NA,NA,NA,NA,NA,,before,OrderNumNoun,Fri Apr 20 15:00:59 2018
604,extrapolation,unmarked,final,ti,sa,Questionnaire,NA,NA,NA,NA,NA,,"english, chinese, japanese",Languages,Fri Apr 20 15:00:59 2018
