ID,Condition,MajorityOrder,NounPosition,markerNum,markerCase,Phase,Meaning,NounItem,InputSentence,Selection,TypedResponse,SpokenResponse,AnswerQuest,Trial,date&time
608,extrapolation,unmarked,final,gu,sa,Noun_Training,chef,NA,negid,NA,NA,,NA,1,Wed Apr 18 11:33:00 2018
608,extrapolation,unmarked,final,gu,sa,Noun_Training,chef,NA,negid,NA,NA,,NA,2,Wed Apr 18 11:33:05 2018
608,extrapolation,unmarked,final,gu,sa,Noun_Training,cowboy,NA,vaem,NA,NA,,NA,3,Wed Apr 18 11:33:10 2018
608,extrapolation,unmarked,final,gu,sa,Noun_Training,waitress,NA,tumbat,NA,NA,,NA,4,Wed Apr 18 11:33:15 2018
608,extrapolation,unmarked,final,gu,sa,Noun_Training,chef,NA,negid,NA,NA,,NA,5,Wed Apr 18 11:33:19 2018
608,extrapolation,unmarked,final,gu,sa,Noun_Training,waitress,NA,tumbat,NA,NA,,NA,6,Wed Apr 18 11:33:24 2018
608,extrapolation,unmarked,final,gu,sa,Noun_Training,cowboy,NA,vaem,NA,NA,,NA,7,Wed Apr 18 11:33:29 2018
608,extrapolation,unmarked,final,gu,sa,Noun_Training,cowboy,NA,vaem,NA,NA,,NA,8,Wed Apr 18 11:33:34 2018
608,extrapolation,unmarked,final,gu,sa,Noun_Training,burglar,NA,nork,NA,NA,,NA,9,Wed Apr 18 11:33:39 2018
608,extrapolation,unmarked,final,gu,sa,Noun_Training,waitress,NA,tumbat,NA,NA,,NA,10,Wed Apr 18 11:33:44 2018
608,extrapolation,unmarked,final,gu,sa,Noun_Training,burglar,NA,nork,NA,NA,,NA,11,Wed Apr 18 11:33:49 2018
608,extrapolation,unmarked,final,gu,sa,Noun_Training,chef,NA,negid,NA,NA,,NA,12,Wed Apr 18 11:33:53 2018
608,extrapolation,unmarked,final,gu,sa,Noun_Training,chef,NA,negid,NA,NA,,NA,13,Wed Apr 18 11:33:58 2018
608,extrapolation,unmarked,final,gu,sa,Noun_Training,burglar,NA,nork,NA,NA,,NA,14,Wed Apr 18 11:34:03 2018
608,extrapolation,unmarked,final,gu,sa,Noun_Training,chef,NA,negid,NA,NA,,NA,15,Wed Apr 18 11:34:08 2018
608,extrapolation,unmarked,final,gu,sa,Noun_Training,waitress,NA,tumbat,NA,NA,,NA,16,Wed Apr 18 11:34:13 2018
608,extrapolation,unmarked,final,gu,sa,Noun_Training,cowboy,NA,vaem,NA,NA,,NA,17,Wed Apr 18 11:34:17 2018
608,extrapolation,unmarked,final,gu,sa,Noun_Training,burglar,NA,nork,NA,NA,,NA,18,Wed Apr 18 11:34:22 2018
608,extrapolation,unmarked,final,gu,sa,Noun_Training,burglar,NA,nork,NA,NA,,NA,19,Wed Apr 18 11:34:27 2018
608,extrapolation,unmarked,final,gu,sa,Noun_Training,cowboy,NA,vaem,NA,NA,,NA,20,Wed Apr 18 11:34:32 2018
608,extrapolation,unmarked,final,gu,sa,Noun_Training,waitress,NA,tumbat,NA,NA,,NA,21,Wed Apr 18 11:34:37 2018
608,extrapolation,unmarked,final,gu,sa,Noun_Training,burglar,NA,nork,NA,NA,,NA,22,Wed Apr 18 11:34:42 2018
608,extrapolation,unmarked,final,gu,sa,Noun_Training,waitress,NA,tumbat,NA,NA,,NA,23,Wed Apr 18 11:34:47 2018
608,extrapolation,unmarked,final,gu,sa,Noun_Training,cowboy,NA,vaem,NA,NA,,NA,24,Wed Apr 18 11:34:52 2018
608,extrapolation,unmarked,final,gu,sa,Noun_Selection,waitress,NA,tumbat,correct,NA,,NA,25,Wed Apr 18 11:35:16 2018
608,extrapolation,unmarked,final,gu,sa,Noun_Selection,burglar,NA,nork,correct,NA,,NA,26,Wed Apr 18 11:35:19 2018
608,extrapolation,unmarked,final,gu,sa,Noun_Selection,waitress,NA,tumbat,correct,NA,,NA,27,Wed Apr 18 11:35:22 2018
608,extrapolation,unmarked,final,gu,sa,Noun_Selection,burglar,NA,nork,correct,NA,,NA,28,Wed Apr 18 11:35:27 2018
608,extrapolation,unmarked,final,gu,sa,Noun_Selection,cowboy,NA,vaem,correct,NA,,NA,29,Wed Apr 18 11:35:33 2018
608,extrapolation,unmarked,final,gu,sa,Noun_Selection,cowboy,NA,vaem,correct,NA,,NA,30,Wed Apr 18 11:35:36 2018
608,extrapolation,unmarked,final,gu,sa,Noun_Selection,chef,NA,negid,correct,NA,,NA,31,Wed Apr 18 11:35:39 2018
608,extrapolation,unmarked,final,gu,sa,Noun_Selection,cowboy,NA,vaem,correct,NA,,NA,32,Wed Apr 18 11:35:44 2018
608,extrapolation,unmarked,final,gu,sa,Noun_Selection,chef,NA,negid,correct,NA,,NA,33,Wed Apr 18 11:35:47 2018
608,extrapolation,unmarked,final,gu,sa,Noun_Selection,burglar,NA,nork,correct,NA,,NA,34,Wed Apr 18 11:35:51 2018
608,extrapolation,unmarked,final,gu,sa,Noun_Selection,chef,NA,negid,correct,NA,,NA,35,Wed Apr 18 11:35:54 2018
608,extrapolation,unmarked,final,gu,sa,Noun_Selection,waitress,NA,tumbat,correct,NA,,NA,36,Wed Apr 18 11:35:57 2018
608,extrapolation,unmarked,final,gu,sa,Noun_Testing,burglar,NA,nork,NA,NA,,NA,37,Wed Apr 18 11:36:19 2018
608,extrapolation,unmarked,final,gu,sa,Noun_Testing,burglar,NA,nork,NA,NA,,NA,38,Wed Apr 18 11:36:27 2018
608,extrapolation,unmarked,final,gu,sa,Noun_Testing,waitress,NA,tumbat,NA,NA,,NA,39,Wed Apr 18 11:36:34 2018
608,extrapolation,unmarked,final,gu,sa,Noun_Testing,chef,NA,negid,NA,NA,,NA,40,Wed Apr 18 11:36:40 2018
608,extrapolation,unmarked,final,gu,sa,Noun_Testing,burglar,NA,nork,NA,NA,,NA,41,Wed Apr 18 11:36:44 2018
608,extrapolation,unmarked,final,gu,sa,Noun_Testing,cowboy,NA,vaem,NA,NA,,NA,42,Wed Apr 18 11:36:48 2018
608,extrapolation,unmarked,final,gu,sa,Noun_Testing,chef,NA,negid,NA,NA,,NA,43,Wed Apr 18 11:36:52 2018
608,extrapolation,unmarked,final,gu,sa,Noun_Testing,cowboy,NA,vaem,NA,NA,,NA,44,Wed Apr 18 11:36:57 2018
608,extrapolation,unmarked,final,gu,sa,Noun_Testing,waitress,NA,tumbat,NA,NA,,NA,45,Wed Apr 18 11:37:00 2018
608,extrapolation,unmarked,final,gu,sa,Noun_Testing,waitress,NA,tumbat,NA,NA,,NA,46,Wed Apr 18 11:37:04 2018
608,extrapolation,unmarked,final,gu,sa,Noun_Testing,chef,NA,negid,NA,NA,,NA,47,Wed Apr 18 11:37:08 2018
608,extrapolation,unmarked,final,gu,sa,Noun_Testing,cowboy,NA,vaem,NA,NA,,NA,48,Wed Apr 18 11:37:11 2018
608,extrapolation,unmarked,final,gu,sa,SimplePhrase_Training,punch_cowboy_sg_burglar_sg,NA,straikim vaem sa nork,NA,NA,,NA,49,Wed Apr 18 11:37:47 2018
608,extrapolation,unmarked,final,gu,sa,SimplePhrase_Training,waitress,NA,tumbat,NA,NA,,NA,50,Wed Apr 18 11:37:52 2018
608,extrapolation,unmarked,final,gu,sa,SimplePhrase_Training,kick_chef_pl_burglar_sg,NA,kikim gu negid sa nork,NA,NA,,NA,51,Wed Apr 18 11:37:59 2018
608,extrapolation,unmarked,final,gu,sa,SimplePhrase_Training,kick_chef_pl_cowboy_sg,NA,kikim gu negid sa vaem,NA,NA,,NA,52,Wed Apr 18 11:38:06 2018
608,extrapolation,unmarked,final,gu,sa,SimplePhrase_Training,chef_two,NA,gu negid,NA,NA,,NA,53,Wed Apr 18 11:38:11 2018
608,extrapolation,unmarked,final,gu,sa,SimplePhrase_Training,point_cowboy_pl_waitress_sg,NA,poinim gu vaem sa tumbat,NA,NA,,NA,54,Wed Apr 18 11:38:19 2018
608,extrapolation,unmarked,final,gu,sa,SimplePhrase_Training,burglar_three,NA,gu nork,NA,NA,,NA,55,Wed Apr 18 11:38:24 2018
608,extrapolation,unmarked,final,gu,sa,SimplePhrase_Training,point_burglar_sg_cowboy_sg,NA,poinim nork sa vaem,NA,NA,,NA,56,Wed Apr 18 11:38:31 2018
608,extrapolation,unmarked,final,gu,sa,SimplePhrase_Training,cowboy,NA,vaem,NA,NA,,NA,57,Wed Apr 18 11:38:36 2018
608,extrapolation,unmarked,final,gu,sa,SimplePhrase_Training,waitress,NA,tumbat,NA,NA,,NA,58,Wed Apr 18 11:38:41 2018
608,extrapolation,unmarked,final,gu,sa,SimplePhrase_Training,kick_burglar_sg_chef_sg,NA,kikim nork sa negid,NA,NA,,NA,59,Wed Apr 18 11:38:48 2018
608,extrapolation,unmarked,final,gu,sa,SimplePhrase_Training,punch_chef_pl_burglar_sg,NA,straikim gu negid sa nork,NA,NA,,NA,60,Wed Apr 18 11:38:56 2018
608,extrapolation,unmarked,final,gu,sa,SimplePhrase_Training,punch_waitress_pl_cowboy_sg,NA,straikim gu tumbat sa vaem,NA,NA,,NA,61,Wed Apr 18 11:39:03 2018
608,extrapolation,unmarked,final,gu,sa,SimplePhrase_Training,punch_cowboy_pl_chef_sg,NA,straikim gu vaem sa negid,NA,NA,,NA,62,Wed Apr 18 11:39:11 2018
608,extrapolation,unmarked,final,gu,sa,SimplePhrase_Training,point_cowboy_sg_burglar_sg,NA,poinim vaem sa nork,NA,NA,,NA,63,Wed Apr 18 11:39:18 2018
608,extrapolation,unmarked,final,gu,sa,SimplePhrase_Training,punch_burglar_sg_chef_sg,NA,straikim nork sa negid,NA,NA,,NA,64,Wed Apr 18 11:39:26 2018
608,extrapolation,unmarked,final,gu,sa,SimplePhrase_Training,cowboy_three,NA,gu vaem,NA,NA,,NA,65,Wed Apr 18 11:39:31 2018
608,extrapolation,unmarked,final,gu,sa,SimplePhrase_Training,burglar_four,NA,gu nork,NA,NA,,NA,66,Wed Apr 18 11:39:36 2018
608,extrapolation,unmarked,final,gu,sa,SimplePhrase_Training,cowboy_four,NA,gu vaem,NA,NA,,NA,67,Wed Apr 18 11:39:41 2018
608,extrapolation,unmarked,final,gu,sa,SimplePhrase_Training,chef,NA,negid,NA,NA,,NA,68,Wed Apr 18 11:39:45 2018
608,extrapolation,unmarked,final,gu,sa,SimplePhrase_Training,chef_four,NA,gu negid,NA,NA,,NA,69,Wed Apr 18 11:39:50 2018
608,extrapolation,unmarked,final,gu,sa,SimplePhrase_Training,point_chef_sg_burglar_sg,NA,poinim negid sa nork,NA,NA,,NA,70,Wed Apr 18 11:39:57 2018
608,extrapolation,unmarked,final,gu,sa,SimplePhrase_Training,kick_burglar_pl_cowboy_sg,NA,kikim gu nork sa vaem,NA,NA,,NA,71,Wed Apr 18 11:40:05 2018
608,extrapolation,unmarked,final,gu,sa,SimplePhrase_Training,waitress_four,NA,gu tumbat,NA,NA,,NA,72,Wed Apr 18 11:40:10 2018
608,extrapolation,unmarked,final,gu,sa,SimplePhrase_Training,waitress_three,NA,gu tumbat,NA,NA,,NA,73,Wed Apr 18 11:40:15 2018
608,extrapolation,unmarked,final,gu,sa,SimplePhrase_Training,punch_waitress_sg_chef_sg,NA,straikim tumbat sa negid,NA,NA,,NA,74,Wed Apr 18 11:40:22 2018
608,extrapolation,unmarked,final,gu,sa,SimplePhrase_Training,kick_waitress_sg_cowboy_sg,NA,kikim tumbat sa vaem,NA,NA,,NA,75,Wed Apr 18 11:40:30 2018
608,extrapolation,unmarked,final,gu,sa,SimplePhrase_Training,point_waitress_pl_burglar_sg,NA,poinim gu tumbat sa nork,NA,NA,,NA,76,Wed Apr 18 11:40:37 2018
608,extrapolation,unmarked,final,gu,sa,SimplePhrase_Training,burglar,NA,nork,NA,NA,,NA,77,Wed Apr 18 11:40:42 2018
608,extrapolation,unmarked,final,gu,sa,SimplePhrase_Training,point_waitress_pl_chef_sg,NA,poinim gu tumbat sa negid,NA,NA,,NA,78,Wed Apr 18 11:40:50 2018
608,extrapolation,unmarked,final,gu,sa,SimplePhrase_Training,point_chef_sg_cowboy_sg,NA,poinim negid sa vaem,NA,NA,,NA,79,Wed Apr 18 11:40:57 2018
608,extrapolation,unmarked,final,gu,sa,SimplePhrase_Training,kick_waitress_pl_chef_sg,NA,kikim gu tumbat sa negid,NA,NA,,NA,80,Wed Apr 18 11:41:04 2018
608,extrapolation,unmarked,final,gu,sa,SimplePhrase_Training,point_burglar_sg_waitress_sg,NA,poinim nork sa tumbat,NA,NA,,NA,81,Wed Apr 18 11:41:12 2018
608,extrapolation,unmarked,final,gu,sa,SimplePhrase_Training,burglar_four,NA,gu nork,NA,NA,,NA,82,Wed Apr 18 11:41:17 2018
608,extrapolation,unmarked,final,gu,sa,SimplePhrase_Training,waitress_two,NA,gu tumbat,NA,NA,,NA,83,Wed Apr 18 11:41:22 2018
608,extrapolation,unmarked,final,gu,sa,SimplePhrase_Training,punch_chef_pl_waitress_sg,NA,straikim gu negid sa tumbat,NA,NA,,NA,84,Wed Apr 18 11:41:30 2018
608,extrapolation,unmarked,final,gu,sa,SimplePhrase_Training,cowboy_four,NA,gu vaem,NA,NA,,NA,85,Wed Apr 18 11:41:35 2018
608,extrapolation,unmarked,final,gu,sa,SimplePhrase_Training,punch_waitress_pl_burglar_sg,NA,straikim gu tumbat sa nork,NA,NA,,NA,86,Wed Apr 18 11:41:42 2018
608,extrapolation,unmarked,final,gu,sa,SimplePhrase_Training,burglar_two,NA,gu nork,NA,NA,,NA,87,Wed Apr 18 11:41:47 2018
608,extrapolation,unmarked,final,gu,sa,SimplePhrase_Training,cowboy_two,NA,gu vaem,NA,NA,,NA,88,Wed Apr 18 11:41:52 2018
608,extrapolation,unmarked,final,gu,sa,SimplePhrase_Training,cowboy,NA,vaem,NA,NA,,NA,89,Wed Apr 18 11:41:57 2018
608,extrapolation,unmarked,final,gu,sa,SimplePhrase_Training,punch_cowboy_sg_waitress_sg,NA,straikim vaem sa tumbat,NA,NA,,NA,90,Wed Apr 18 11:42:05 2018
608,extrapolation,unmarked,final,gu,sa,SimplePhrase_Training,burglar,NA,nork,NA,NA,,NA,91,Wed Apr 18 11:42:09 2018
608,extrapolation,unmarked,final,gu,sa,SimplePhrase_Training,punch_chef_sg_cowboy_sg,NA,straikim negid sa vaem,NA,NA,,NA,92,Wed Apr 18 11:42:17 2018
608,extrapolation,unmarked,final,gu,sa,SimplePhrase_Training,point_cowboy_pl_chef_sg,NA,poinim gu vaem sa negid,NA,NA,,NA,93,Wed Apr 18 11:42:24 2018
608,extrapolation,unmarked,final,gu,sa,SimplePhrase_Training,kick_cowboy_sg_burglar_sg,NA,kikim vaem sa nork,NA,NA,,NA,94,Wed Apr 18 11:42:31 2018
608,extrapolation,unmarked,final,gu,sa,SimplePhrase_Training,chef_three,NA,gu negid,NA,NA,,NA,95,Wed Apr 18 11:42:36 2018
608,extrapolation,unmarked,final,gu,sa,SimplePhrase_Training,punch_burglar_sg_cowboy_sg,NA,straikim nork sa vaem,NA,NA,,NA,96,Wed Apr 18 11:42:44 2018
608,extrapolation,unmarked,final,gu,sa,SimplePhrase_Training,point_waitress_sg_cowboy_sg,NA,poinim tumbat sa vaem,NA,NA,,NA,97,Wed Apr 18 11:42:51 2018
608,extrapolation,unmarked,final,gu,sa,SimplePhrase_Training,waitress_three,NA,gu tumbat,NA,NA,,NA,98,Wed Apr 18 11:42:56 2018
608,extrapolation,unmarked,final,gu,sa,SimplePhrase_Training,chef_two,NA,gu negid,NA,NA,,NA,99,Wed Apr 18 11:43:01 2018
608,extrapolation,unmarked,final,gu,sa,SimplePhrase_Training,kick_chef_sg_waitress_sg,NA,kikim negid sa tumbat,NA,NA,,NA,100,Wed Apr 18 11:43:08 2018
608,extrapolation,unmarked,final,gu,sa,SimplePhrase_Training,point_chef_pl_waitress_sg,NA,poinim gu negid sa tumbat,NA,NA,,NA,101,Wed Apr 18 11:43:16 2018
608,extrapolation,unmarked,final,gu,sa,SimplePhrase_Training,punch_burglar_sg_waitress_sg,NA,straikim nork sa tumbat,NA,NA,,NA,102,Wed Apr 18 11:43:23 2018
608,extrapolation,unmarked,final,gu,sa,SimplePhrase_Training,waitress_two,NA,gu tumbat,NA,NA,,NA,103,Wed Apr 18 11:43:28 2018
608,extrapolation,unmarked,final,gu,sa,SimplePhrase_Training,chef_three,NA,gu negid,NA,NA,,NA,104,Wed Apr 18 11:43:33 2018
608,extrapolation,unmarked,final,gu,sa,SimplePhrase_Training,chef,NA,negid,NA,NA,,NA,105,Wed Apr 18 11:43:38 2018
608,extrapolation,unmarked,final,gu,sa,SimplePhrase_Training,kick_waitress_pl_burglar_sg,NA,kikim gu tumbat sa nork,NA,NA,,NA,106,Wed Apr 18 11:43:46 2018
608,extrapolation,unmarked,final,gu,sa,SimplePhrase_Training,kick_cowboy_pl_chef_sg,NA,kikim gu vaem sa negid,NA,NA,,NA,107,Wed Apr 18 11:43:53 2018
608,extrapolation,unmarked,final,gu,sa,SimplePhrase_Training,kick_burglar_pl_waitress_sg,NA,kikim gu nork sa tumbat,NA,NA,,NA,108,Wed Apr 18 11:44:00 2018
608,extrapolation,unmarked,final,gu,sa,SimplePhrase_Training,kick_cowboy_sg_waitress_sg,NA,kikim vaem sa tumbat,NA,NA,,NA,109,Wed Apr 18 11:44:08 2018
608,extrapolation,unmarked,final,gu,sa,SimplePhrase_Training,point_burglar_pl_chef_sg,NA,poinim gu nork sa negid,NA,NA,,NA,110,Wed Apr 18 11:44:15 2018
608,extrapolation,unmarked,final,gu,sa,SimplePhrase_Comprehension,kick_cowboy_pl_burglar_sg,NA,kikim gu vaem sa nork,correct,NA,,NA,111,Wed Apr 18 11:44:38 2018
608,extrapolation,unmarked,final,gu,sa,SimplePhrase_Comprehension,point_chef_pl_cowboy_sg,NA,poinim gu negid sa vaem,correct,NA,,NA,112,Wed Apr 18 11:44:44 2018
608,extrapolation,unmarked,final,gu,sa,SimplePhrase_Comprehension,punch_chef_pl_cowboy_sg,NA,straikim gu negid sa vaem,correct,NA,,NA,113,Wed Apr 18 11:44:51 2018
608,extrapolation,unmarked,final,gu,sa,SimplePhrase_Comprehension,point_burglar_sg_chef_sg,NA,poinim nork sa negid,correct,NA,,NA,114,Wed Apr 18 11:44:56 2018
608,extrapolation,unmarked,final,gu,sa,SimplePhrase_Comprehension,point_burglar_pl_cowboy_sg,NA,poinim gu nork sa vaem,correct,NA,,NA,115,Wed Apr 18 11:45:02 2018
608,extrapolation,unmarked,final,gu,sa,SimplePhrase_Comprehension,cowboy,NA,vaem,correct,NA,,NA,116,Wed Apr 18 11:45:06 2018
608,extrapolation,unmarked,final,gu,sa,SimplePhrase_Comprehension,punch_chef_sg_waitress_sg,NA,straikim negid sa tumbat,correct,NA,,NA,117,Wed Apr 18 11:45:12 2018
608,extrapolation,unmarked,final,gu,sa,SimplePhrase_Comprehension,burglar_two,NA,gu nork,correct,NA,,NA,118,Wed Apr 18 11:45:16 2018
608,extrapolation,unmarked,final,gu,sa,SimplePhrase_Comprehension,kick_waitress_sg_burglar_sg,NA,kikim tumbat sa nork,correct,NA,,NA,119,Wed Apr 18 11:45:21 2018
608,extrapolation,unmarked,final,gu,sa,SimplePhrase_Comprehension,kick_chef_pl_waitress_sg,NA,kikim gu negid sa tumbat,correct,NA,,NA,120,Wed Apr 18 11:45:27 2018
608,extrapolation,unmarked,final,gu,sa,SimplePhrase_Comprehension,waitress,NA,tumbat,correct,NA,,NA,121,Wed Apr 18 11:45:31 2018
608,extrapolation,unmarked,final,gu,sa,SimplePhrase_Comprehension,kick_cowboy_sg_chef_sg,NA,kikim vaem sa negid,correct,NA,,NA,122,Wed Apr 18 11:45:36 2018
608,extrapolation,unmarked,final,gu,sa,SimplePhrase_Comprehension,chef_two,NA,gu negid,correct,NA,,NA,123,Wed Apr 18 11:45:40 2018
608,extrapolation,unmarked,final,gu,sa,SimplePhrase_Comprehension,cowboy_two,NA,gu vaem,correct,NA,,NA,124,Wed Apr 18 11:45:45 2018
608,extrapolation,unmarked,final,gu,sa,SimplePhrase_Comprehension,point_burglar_pl_waitress_sg,NA,poinim gu nork sa tumbat,correct,NA,,NA,125,Wed Apr 18 11:45:50 2018
608,extrapolation,unmarked,final,gu,sa,SimplePhrase_Comprehension,waitress_three,NA,gu tumbat,correct,NA,,NA,126,Wed Apr 18 11:45:55 2018
608,extrapolation,unmarked,final,gu,sa,SimplePhrase_Comprehension,point_cowboy_sg_waitress_sg,NA,poinim vaem sa tumbat,correct,NA,,NA,127,Wed Apr 18 11:46:00 2018
608,extrapolation,unmarked,final,gu,sa,SimplePhrase_Comprehension,kick_burglar_sg_waitress_sg,NA,kikim nork sa tumbat,correct,NA,,NA,128,Wed Apr 18 11:46:06 2018
608,extrapolation,unmarked,final,gu,sa,SimplePhrase_Comprehension,waitress_four,NA,gu tumbat,correct,NA,,NA,129,Wed Apr 18 11:46:10 2018
608,extrapolation,unmarked,final,gu,sa,SimplePhrase_Comprehension,kick_waitress_sg_chef_sg,NA,kikim tumbat sa negid,correct,NA,,NA,130,Wed Apr 18 11:46:16 2018
608,extrapolation,unmarked,final,gu,sa,SimplePhrase_Comprehension,burglar,NA,nork,correct,NA,,NA,131,Wed Apr 18 11:46:20 2018
608,extrapolation,unmarked,final,gu,sa,SimplePhrase_Comprehension,point_cowboy_pl_burglar_sg,NA,poinim gu vaem sa nork,correct,NA,,NA,132,Wed Apr 18 11:46:26 2018
608,extrapolation,unmarked,final,gu,sa,SimplePhrase_Comprehension,waitress_two,NA,gu tumbat,correct,NA,,NA,133,Wed Apr 18 11:46:30 2018
608,extrapolation,unmarked,final,gu,sa,SimplePhrase_Comprehension,burglar_three,NA,gu nork,correct,NA,,NA,134,Wed Apr 18 11:46:34 2018
608,extrapolation,unmarked,final,gu,sa,SimplePhrase_Comprehension,point_waitress_sg_burglar_sg,NA,poinim tumbat sa nork,correct,NA,,NA,135,Wed Apr 18 11:46:40 2018
608,extrapolation,unmarked,final,gu,sa,SimplePhrase_Comprehension,kick_burglar_pl_chef_sg,NA,kikim gu nork sa negid,correct,NA,,NA,136,Wed Apr 18 11:46:45 2018
608,extrapolation,unmarked,final,gu,sa,SimplePhrase_Comprehension,chef_three,NA,gu negid,correct,NA,,NA,137,Wed Apr 18 11:46:49 2018
608,extrapolation,unmarked,final,gu,sa,SimplePhrase_Comprehension,punch_waitress_sg_cowboy_sg,NA,straikim tumbat sa vaem,correct,NA,,NA,138,Wed Apr 18 11:46:55 2018
608,extrapolation,unmarked,final,gu,sa,SimplePhrase_Comprehension,cowboy_three,NA,gu vaem,correct,NA,,NA,139,Wed Apr 18 11:46:59 2018
608,extrapolation,unmarked,final,gu,sa,SimplePhrase_Comprehension,point_waitress_pl_cowboy_sg,NA,poinim gu tumbat sa vaem,correct,NA,,NA,140,Wed Apr 18 11:47:05 2018
608,extrapolation,unmarked,final,gu,sa,SimplePhrase_Comprehension,chef,NA,negid,correct,NA,,NA,141,Wed Apr 18 11:47:09 2018
608,extrapolation,unmarked,final,gu,sa,SimplePhrase_Comprehension,punch_waitress_pl_chef_sg,NA,straikim gu tumbat sa negid,correct,NA,,NA,142,Wed Apr 18 11:47:15 2018
608,extrapolation,unmarked,final,gu,sa,SimplePhrase_Comprehension,point_waitress_sg_chef_sg,NA,poinim tumbat sa negid,correct,NA,,NA,143,Wed Apr 18 11:47:20 2018
608,extrapolation,unmarked,final,gu,sa,SimplePhrase_Comprehension,burglar_four,NA,gu nork,correct,NA,,NA,144,Wed Apr 18 11:47:24 2018
608,extrapolation,unmarked,final,gu,sa,SimplePhrase_Typing,point_chef_sg_cowboy_sg,NA,poinim negid sa vaem,NA,poinim negid sa vaem,,NA,145,Wed Apr 18 11:48:07 2018
608,extrapolation,unmarked,final,gu,sa,SimplePhrase_Typing,point_chef_sg_burglar_sg,NA,poinim negid sa nork,NA,poinim negid sa nook,,NA,146,Wed Apr 18 11:48:24 2018
608,extrapolation,unmarked,final,gu,sa,SimplePhrase_Typing,kick_burglar_sg_chef_sg,NA,kikim nork sa negid,NA,kikim nork sa negid,,NA,147,Wed Apr 18 11:48:34 2018
608,extrapolation,unmarked,final,gu,sa,SimplePhrase_Typing,waitress_three,NA,gu tumbat,NA,gu tumbat,,NA,148,Wed Apr 18 11:48:52 2018
608,extrapolation,unmarked,final,gu,sa,SimplePhrase_Typing,waitress_two,NA,gu tumbat,NA,gu tumbat,,NA,149,Wed Apr 18 11:48:59 2018
608,extrapolation,unmarked,final,gu,sa,SimplePhrase_Typing,burglar,NA,nork,NA,nork,,NA,150,Wed Apr 18 11:49:05 2018
608,extrapolation,unmarked,final,gu,sa,SimplePhrase_Typing,kick_waitress_pl_burglar_sg,NA,kikim gu tumbat sa nork,NA,kikim gu tumbat sa nork,,NA,151,Wed Apr 18 11:49:18 2018
608,extrapolation,unmarked,final,gu,sa,SimplePhrase_Typing,burglar_three,NA,gu nork,NA,gu nork,,NA,152,Wed Apr 18 11:49:24 2018
608,extrapolation,unmarked,final,gu,sa,SimplePhrase_Typing,cowboy,NA,vaem,NA,vaem,,NA,153,Wed Apr 18 11:49:30 2018
608,extrapolation,unmarked,final,gu,sa,SimplePhrase_Typing,cowboy_three,NA,gu vaem,NA,gu vaem,,NA,154,Wed Apr 18 11:49:37 2018
608,extrapolation,unmarked,final,gu,sa,SimplePhrase_Typing,chef,NA,negid,NA,negid,,NA,155,Wed Apr 18 11:49:42 2018
608,extrapolation,unmarked,final,gu,sa,SimplePhrase_Typing,kick_chef_pl_cowboy_sg,NA,kikim gu negid sa vaem,NA,kikim gu negid sa vaem,,NA,156,Wed Apr 18 11:49:55 2018
608,extrapolation,unmarked,final,gu,sa,SimplePhrase_Typing,punch_chef_pl_burglar_sg,NA,straikim gu negid sa nork,NA,straikim gu negid sa nork,,NA,157,Wed Apr 18 11:50:07 2018
608,extrapolation,unmarked,final,gu,sa,SimplePhrase_Typing,point_cowboy_sg_burglar_sg,NA,poinim vaem sa nork,NA,poinim vaem sa nork,,NA,158,Wed Apr 18 11:50:20 2018
608,extrapolation,unmarked,final,gu,sa,SimplePhrase_Typing,punch_waitress_pl_cowboy_sg,NA,straikim gu tumbat sa vaem,NA,straikim gu tunbat sa vaem,,NA,159,Wed Apr 18 11:50:38 2018
608,extrapolation,unmarked,final,gu,sa,SimplePhrase_Typing,waitress,NA,tumbat,NA,tumbat,,NA,160,Wed Apr 18 11:50:44 2018
608,extrapolation,unmarked,final,gu,sa,ComplexPhrase_Typing,point_waitress_sg_chef_pl,chef,poinim tumbat sa gu negid,NA,poinim tumbat sa gu negid,,NA,161,Wed Apr 18 11:51:30 2018
608,extrapolation,unmarked,final,gu,sa,ComplexPhrase_Typing,punch_chef_sg_burglar_pl,burglar,straikim negid sa gu nork,NA,straikim negid sa gu nork,,NA,162,Wed Apr 18 11:51:49 2018
608,extrapolation,unmarked,final,gu,sa,ComplexPhrase_Typing,kick_chef_sg_cowboy_pl,cowboy,kikim negid sa gu vaem,NA,kikim negid sa gu vaem,,NA,163,Wed Apr 18 11:52:01 2018
608,extrapolation,unmarked,final,gu,sa,ComplexPhrase_Typing,point_burglar_sg_waitress_pl,waitress,poinim nork sa gu tumbat,NA,poinim nork sa gu tumbat,,NA,164,Wed Apr 18 11:52:09 2018
608,extrapolation,unmarked,final,gu,sa,ComplexPhrase_Typing,point_burglar_sg_waitress_pl,waitress,poinim nork sa gu tumbat,NA,poinim nork sa gu tumbat,,NA,165,Wed Apr 18 11:52:21 2018
608,extrapolation,unmarked,final,gu,sa,ComplexPhrase_Typing,kick_chef_sg_cowboy_pl,cowboy,kikim negid sa gu vaem,NA,kikim negid sa gu vaem,,NA,166,Wed Apr 18 11:52:34 2018
608,extrapolation,unmarked,final,gu,sa,ComplexPhrase_Typing,point_waitress_sg_chef_pl,chef,poinim tumbat sa gu negid,NA,poinim tumbat sa gu negid,,NA,167,Wed Apr 18 11:52:45 2018
608,extrapolation,unmarked,final,gu,sa,ComplexPhrase_Typing,punch_chef_sg_burglar_pl,burglar,straikim negid sa gu nork,NA,straikim negid sa gu nork,,NA,168,Wed Apr 18 11:52:53 2018
608,extrapolation,unmarked,final,gu,sa,ComplexPhrase_Typing,point_waitress_sg_chef_pl,chef,poinim tumbat sa gu negid,NA,poinim tumbat sa gu negid,,NA,169,Wed Apr 18 11:53:03 2018
608,extrapolation,unmarked,final,gu,sa,ComplexPhrase_Typing,point_burglar_sg_waitress_pl,waitress,poinim nork sa gu tumbat,NA,poinim nork sa gu tumbat,,NA,170,Wed Apr 18 11:53:09 2018
608,extrapolation,unmarked,final,gu,sa,ComplexPhrase_Typing,punch_chef_sg_burglar_pl,burglar,straikim negid sa gu nork,NA,straikim negid sa gu nork,,NA,171,Wed Apr 18 11:53:15 2018
608,extrapolation,unmarked,final,gu,sa,ComplexPhrase_Typing,kick_chef_sg_cowboy_pl,cowboy,kikim negid sa gu vaem,NA,kikim negid sa gu vaem,,NA,172,Wed Apr 18 11:53:21 2018
608,extrapolation,unmarked,final,gu,sa,ComplexPhrase_Testing,waitress_four,NA,gu tumbat,NA,NA,,NA,173,Wed Apr 18 11:54:02 2018
608,extrapolation,unmarked,final,gu,sa,ComplexPhrase_Testing,point_waitress_sg_burglar_pl,burglar,poinim tumbat sa gu nork,NA,NA,,NA,174,Wed Apr 18 11:54:11 2018
608,extrapolation,unmarked,final,gu,sa,ComplexPhrase_Testing,punch_waitress_sg_chef_pl,chef,straikim tumbat sa gu negid,NA,NA,,NA,175,Wed Apr 18 11:54:17 2018
608,extrapolation,unmarked,final,gu,sa,ComplexPhrase_Testing,punch_waitress_sg_chef_pl,chef,straikim tumbat sa gu negid,NA,NA,,NA,176,Wed Apr 18 11:54:23 2018
608,extrapolation,unmarked,final,gu,sa,ComplexPhrase_Testing,kick_cowboy_sg_waitress_pl,waitress,kikim vaem sa gu tumbat,NA,NA,,NA,177,Wed Apr 18 11:54:29 2018
608,extrapolation,unmarked,final,gu,sa,ComplexPhrase_Testing,kick_chef_sg_waitress_pl,waitress,kikim negid sa gu tumbat,NA,NA,,NA,178,Wed Apr 18 11:54:34 2018
608,extrapolation,unmarked,final,gu,sa,ComplexPhrase_Testing,kick_burglar_pl_chef_sg,NA,kikim gu nork sa negid,NA,NA,,NA,179,Wed Apr 18 11:54:41 2018
608,extrapolation,unmarked,final,gu,sa,ComplexPhrase_Testing,kick_waitress_pl_chef_sg,NA,kikim gu tumbat sa negid,NA,NA,,NA,180,Wed Apr 18 11:54:49 2018
608,extrapolation,unmarked,final,gu,sa,ComplexPhrase_Testing,punch_burglar_sg_waitress_sg,NA,straikim nork sa tumbat,NA,NA,,NA,181,Wed Apr 18 11:54:57 2018
608,extrapolation,unmarked,final,gu,sa,ComplexPhrase_Testing,burglar,NA,nork,NA,NA,,NA,182,Wed Apr 18 11:55:02 2018
608,extrapolation,unmarked,final,gu,sa,ComplexPhrase_Testing,punch_cowboy_sg_burglar_pl,burglar,straikim vaem sa gu nork,NA,NA,,NA,183,Wed Apr 18 11:55:11 2018
608,extrapolation,unmarked,final,gu,sa,ComplexPhrase_Testing,waitress,NA,tumbat,NA,NA,,NA,184,Wed Apr 18 11:55:13 2018
608,extrapolation,unmarked,final,gu,sa,ComplexPhrase_Testing,cowboy_four,NA,gu vaem,NA,NA,,NA,185,Wed Apr 18 11:55:18 2018
608,extrapolation,unmarked,final,gu,sa,ComplexPhrase_Testing,punch_cowboy_sg_chef_pl,chef,straikim vaem sa gu negid,NA,NA,,NA,186,Wed Apr 18 11:55:22 2018
608,extrapolation,unmarked,final,gu,sa,ComplexPhrase_Testing,waitress_two,NA,gu tumbat,NA,NA,,NA,187,Wed Apr 18 11:55:25 2018
608,extrapolation,unmarked,final,gu,sa,ComplexPhrase_Testing,kick_chef_sg_waitress_pl,waitress,kikim negid sa gu tumbat,NA,NA,,NA,188,Wed Apr 18 11:55:32 2018
608,extrapolation,unmarked,final,gu,sa,ComplexPhrase_Testing,kick_cowboy_sg_waitress_pl,waitress,kikim vaem sa gu tumbat,NA,NA,,NA,189,Wed Apr 18 11:55:37 2018
608,extrapolation,unmarked,final,gu,sa,ComplexPhrase_Testing,punch_cowboy_sg_chef_pl,chef,straikim vaem sa gu negid,NA,NA,,NA,190,Wed Apr 18 11:55:42 2018
608,extrapolation,unmarked,final,gu,sa,ComplexPhrase_Testing,punch_cowboy_sg_burglar_pl,burglar,straikim vaem sa gu nork,NA,NA,,NA,191,Wed Apr 18 11:55:45 2018
608,extrapolation,unmarked,final,gu,sa,ComplexPhrase_Testing,punch_chef_sg_cowboy_pl,cowboy,straikim negid sa gu vaem,NA,NA,,NA,192,Wed Apr 18 11:55:50 2018
608,extrapolation,unmarked,final,gu,sa,ComplexPhrase_Testing,point_waitress_sg_chef_pl,chef,poinim tumbat sa gu negid,NA,NA,,NA,193,Wed Apr 18 11:55:54 2018
608,extrapolation,unmarked,final,gu,sa,ComplexPhrase_Testing,punch_waitress_sg_chef_pl,chef,straikim tumbat sa gu negid,NA,NA,,NA,194,Wed Apr 18 11:55:58 2018
608,extrapolation,unmarked,final,gu,sa,ComplexPhrase_Testing,point_waitress_sg_chef_pl,chef,poinim tumbat sa gu negid,NA,NA,,NA,195,Wed Apr 18 11:56:02 2018
608,extrapolation,unmarked,final,gu,sa,ComplexPhrase_Testing,point_chef_pl_burglar_sg,NA,poinim gu negid sa nork,NA,NA,,NA,196,Wed Apr 18 11:56:09 2018
608,extrapolation,unmarked,final,gu,sa,ComplexPhrase_Testing,point_chef_sg_burglar_pl,burglar,poinim negid sa gu nork,NA,NA,,NA,197,Wed Apr 18 11:56:16 2018
608,extrapolation,unmarked,final,gu,sa,ComplexPhrase_Testing,punch_cowboy_sg_waitress_pl,waitress,straikim vaem sa gu tumbat,NA,NA,,NA,198,Wed Apr 18 11:56:21 2018
608,extrapolation,unmarked,final,gu,sa,ComplexPhrase_Testing,chef_two,NA,gu negid,NA,NA,,NA,199,Wed Apr 18 11:56:24 2018
608,extrapolation,unmarked,final,gu,sa,ComplexPhrase_Testing,kick_waitress_sg_cowboy_sg,NA,kikim tumbat sa vaem,NA,NA,,NA,200,Wed Apr 18 11:56:33 2018
608,extrapolation,unmarked,final,gu,sa,ComplexPhrase_Testing,point_chef_sg_burglar_pl,burglar,poinim negid sa gu nork,NA,NA,,NA,201,Wed Apr 18 11:56:41 2018
608,extrapolation,unmarked,final,gu,sa,ComplexPhrase_Testing,cowboy,NA,vaem,NA,NA,,NA,202,Wed Apr 18 11:56:43 2018
608,extrapolation,unmarked,final,gu,sa,ComplexPhrase_Testing,point_burglar_pl_waitress_sg,NA,poinim gu nork sa tumbat,NA,NA,,NA,203,Wed Apr 18 11:56:53 2018
608,extrapolation,unmarked,final,gu,sa,ComplexPhrase_Testing,punch_chef_sg_cowboy_pl,cowboy,straikim negid sa gu vaem,NA,NA,,NA,204,Wed Apr 18 11:57:01 2018
608,extrapolation,unmarked,final,gu,sa,ComplexPhrase_Testing,kick_cowboy_sg_burglar_pl,burglar,kikim vaem sa gu nork,NA,NA,,NA,205,Wed Apr 18 11:57:04 2018
608,extrapolation,unmarked,final,gu,sa,ComplexPhrase_Testing,waitress_three,NA,gu tumbat,NA,NA,,NA,206,Wed Apr 18 11:57:07 2018
608,extrapolation,unmarked,final,gu,sa,ComplexPhrase_Testing,kick_cowboy_sg_burglar_pl,burglar,kikim vaem sa gu nork,NA,NA,,NA,207,Wed Apr 18 11:57:12 2018
608,extrapolation,unmarked,final,gu,sa,ComplexPhrase_Testing,point_waitress_sg_chef_pl,chef,poinim tumbat sa gu negid,NA,NA,,NA,208,Wed Apr 18 11:57:16 2018
608,extrapolation,unmarked,final,gu,sa,ComplexPhrase_Testing,kick_burglar_sg_chef_sg,NA,kikim nork sa negid,NA,NA,,NA,209,Wed Apr 18 11:57:21 2018
608,extrapolation,unmarked,final,gu,sa,ComplexPhrase_Testing,kick_cowboy_sg_waitress_pl,waitress,kikim vaem sa gu tumbat,NA,NA,,NA,210,Wed Apr 18 11:57:30 2018
608,extrapolation,unmarked,final,gu,sa,ComplexPhrase_Testing,punch_cowboy_sg_burglar_pl,burglar,straikim vaem sa gu nork,NA,NA,,NA,211,Wed Apr 18 11:57:33 2018
608,extrapolation,unmarked,final,gu,sa,ComplexPhrase_Testing,punch_cowboy_pl_waitress_sg,NA,straikim gu vaem sa tumbat,NA,NA,,NA,212,Wed Apr 18 11:57:38 2018
608,extrapolation,unmarked,final,gu,sa,ComplexPhrase_Testing,punch_waitress_pl_chef_sg,NA,straikim gu tumbat sa negid,NA,NA,,NA,213,Wed Apr 18 11:57:48 2018
608,extrapolation,unmarked,final,gu,sa,ComplexPhrase_Testing,kick_cowboy_sg_burglar_sg,NA,kikim vaem sa nork,NA,NA,,NA,214,Wed Apr 18 11:57:57 2018
608,extrapolation,unmarked,final,gu,sa,ComplexPhrase_Testing,kick_chef_sg_cowboy_sg,NA,kikim negid sa vaem,NA,NA,,NA,215,Wed Apr 18 11:58:03 2018
608,extrapolation,unmarked,final,gu,sa,ComplexPhrase_Testing,chef,NA,negid,NA,NA,,NA,216,Wed Apr 18 11:58:08 2018
608,extrapolation,unmarked,final,gu,sa,ComplexPhrase_Testing,point_cowboy_sg_chef_pl,chef,poinim vaem sa gu negid,NA,NA,,NA,217,Wed Apr 18 11:58:14 2018
608,extrapolation,unmarked,final,gu,sa,ComplexPhrase_Testing,kick_chef_sg_waitress_pl,waitress,kikim negid sa gu tumbat,NA,NA,,NA,218,Wed Apr 18 11:58:18 2018
608,extrapolation,unmarked,final,gu,sa,ComplexPhrase_Testing,point_waitress_sg_burglar_pl,burglar,poinim tumbat sa gu nork,NA,NA,,NA,219,Wed Apr 18 11:58:21 2018
608,extrapolation,unmarked,final,gu,sa,ComplexPhrase_Testing,kick_burglar_sg_cowboy_sg,NA,kikim nork sa vaem,NA,NA,,NA,220,Wed Apr 18 11:58:25 2018
608,extrapolation,unmarked,final,gu,sa,ComplexPhrase_Testing,point_cowboy_sg_chef_pl,chef,poinim vaem sa gu negid,NA,NA,,NA,221,Wed Apr 18 11:58:32 2018
608,extrapolation,unmarked,final,gu,sa,ComplexPhrase_Testing,point_chef_sg_burglar_pl,burglar,poinim negid sa gu nork,NA,NA,,NA,222,Wed Apr 18 11:58:35 2018
608,extrapolation,unmarked,final,gu,sa,ComplexPhrase_Testing,punch_chef_sg_cowboy_pl,cowboy,straikim negid sa gu vaem,NA,NA,,NA,223,Wed Apr 18 11:58:39 2018
608,extrapolation,unmarked,final,gu,sa,ComplexPhrase_Testing,punch_cowboy_sg_chef_pl,chef,straikim vaem sa gu negid,NA,NA,,NA,224,Wed Apr 18 11:58:42 2018
608,extrapolation,unmarked,final,gu,sa,ComplexPhrase_Testing,point_cowboy_sg_chef_pl,chef,poinim vaem sa gu negid,NA,NA,,NA,225,Wed Apr 18 11:58:45 2018
608,extrapolation,unmarked,final,gu,sa,ComplexPhrase_Testing,kick_cowboy_sg_burglar_pl,burglar,kikim vaem sa gu nork,NA,NA,,NA,226,Wed Apr 18 11:58:48 2018
608,extrapolation,unmarked,final,gu,sa,ComplexPhrase_Testing,burglar_four,NA,gu nork,NA,NA,,NA,227,Wed Apr 18 11:58:50 2018
608,extrapolation,unmarked,final,gu,sa,ComplexPhrase_Testing,punch_cowboy_sg_waitress_pl,waitress,straikim vaem sa gu tumbat,NA,NA,,NA,228,Wed Apr 18 11:58:56 2018
608,extrapolation,unmarked,final,gu,sa,ComplexPhrase_Testing,punch_cowboy_sg_waitress_pl,waitress,straikim vaem sa gu tumbat,NA,NA,,NA,229,Wed Apr 18 11:58:59 2018
608,extrapolation,unmarked,final,gu,sa,ComplexPhrase_Testing,point_waitress_sg_burglar_pl,burglar,poinim tumbat sa gu nork,NA,NA,,NA,230,Wed Apr 18 11:59:02 2018
608,extrapolation,unmarked,final,gu,sa,Questionnaire,NA,NA,NA,NA,NA,,plural,MeaningNum,Wed Apr 18 12:00:06 2018
608,extrapolation,unmarked,final,gu,sa,Questionnaire,NA,NA,NA,NA,NA,,singular,MeaningCase,Wed Apr 18 12:00:06 2018
608,extrapolation,unmarked,final,gu,sa,Questionnaire,NA,NA,NA,NA,NA,,before,OrderNumNoun,Wed Apr 18 12:00:06 2018
608,extrapolation,unmarked,final,gu,sa,Questionnaire,NA,NA,NA,NA,NA,,before,OrderCaseNoun,Wed Apr 18 12:00:06 2018
608,extrapolation,unmarked,final,gu,sa,Questionnaire,NA,NA,NA,NA,NA,,english,Languages,Wed Apr 18 12:00:06 2018
