ID,Condition,MajorityOrder,NounPosition,markerNum,markerCase,Phase,Meaning,NounItem,InputSentence,Selection,TypedResponse,SpokenResponse,AnswerQuest,Trial,date&time
610,extrapolation,unmarked,final,gu,sa,Noun_Training,cowboy,NA,tumbat,NA,NA,,NA,1,Mon Apr 16 11:22:14 2018
610,extrapolation,unmarked,final,gu,sa,Noun_Training,burglar,NA,nork,NA,NA,,NA,2,Mon Apr 16 11:22:19 2018
610,extrapolation,unmarked,final,gu,sa,Noun_Training,cowboy,NA,tumbat,NA,NA,,NA,3,Mon Apr 16 11:22:24 2018
610,extrapolation,unmarked,final,gu,sa,Noun_Training,waitress,NA,vaem,NA,NA,,NA,4,Mon Apr 16 11:22:29 2018
610,extrapolation,unmarked,final,gu,sa,Noun_Training,chef,NA,negid,NA,NA,,NA,5,Mon Apr 16 11:22:34 2018
610,extrapolation,unmarked,final,gu,sa,Noun_Training,chef,NA,negid,NA,NA,,NA,6,Mon Apr 16 11:22:38 2018
610,extrapolation,unmarked,final,gu,sa,Noun_Training,burglar,NA,nork,NA,NA,,NA,7,Mon Apr 16 11:22:43 2018
610,extrapolation,unmarked,final,gu,sa,Noun_Training,cowboy,NA,tumbat,NA,NA,,NA,8,Mon Apr 16 11:22:48 2018
610,extrapolation,unmarked,final,gu,sa,Noun_Training,burglar,NA,nork,NA,NA,,NA,9,Mon Apr 16 11:22:53 2018
610,extrapolation,unmarked,final,gu,sa,Noun_Training,cowboy,NA,tumbat,NA,NA,,NA,10,Mon Apr 16 11:22:58 2018
610,extrapolation,unmarked,final,gu,sa,Noun_Training,waitress,NA,vaem,NA,NA,,NA,11,Mon Apr 16 11:23:03 2018
610,extrapolation,unmarked,final,gu,sa,Noun_Training,waitress,NA,vaem,NA,NA,,NA,12,Mon Apr 16 11:23:07 2018
610,extrapolation,unmarked,final,gu,sa,Noun_Training,cowboy,NA,tumbat,NA,NA,,NA,13,Mon Apr 16 11:23:12 2018
610,extrapolation,unmarked,final,gu,sa,Noun_Training,chef,NA,negid,NA,NA,,NA,14,Mon Apr 16 11:23:17 2018
610,extrapolation,unmarked,final,gu,sa,Noun_Training,burglar,NA,nork,NA,NA,,NA,15,Mon Apr 16 11:23:22 2018
610,extrapolation,unmarked,final,gu,sa,Noun_Training,burglar,NA,nork,NA,NA,,NA,16,Mon Apr 16 11:23:27 2018
610,extrapolation,unmarked,final,gu,sa,Noun_Training,waitress,NA,vaem,NA,NA,,NA,17,Mon Apr 16 11:23:32 2018
610,extrapolation,unmarked,final,gu,sa,Noun_Training,burglar,NA,nork,NA,NA,,NA,18,Mon Apr 16 11:23:37 2018
610,extrapolation,unmarked,final,gu,sa,Noun_Training,chef,NA,negid,NA,NA,,NA,19,Mon Apr 16 11:23:42 2018
610,extrapolation,unmarked,final,gu,sa,Noun_Training,chef,NA,negid,NA,NA,,NA,20,Mon Apr 16 11:23:46 2018
610,extrapolation,unmarked,final,gu,sa,Noun_Training,chef,NA,negid,NA,NA,,NA,21,Mon Apr 16 11:23:51 2018
610,extrapolation,unmarked,final,gu,sa,Noun_Training,cowboy,NA,tumbat,NA,NA,,NA,22,Mon Apr 16 11:23:56 2018
610,extrapolation,unmarked,final,gu,sa,Noun_Training,waitress,NA,vaem,NA,NA,,NA,23,Mon Apr 16 11:24:01 2018
610,extrapolation,unmarked,final,gu,sa,Noun_Training,waitress,NA,vaem,NA,NA,,NA,24,Mon Apr 16 11:24:05 2018
610,extrapolation,unmarked,final,gu,sa,Noun_Selection,cowboy,NA,tumbat,correct,NA,,NA,25,Mon Apr 16 11:24:29 2018
610,extrapolation,unmarked,final,gu,sa,Noun_Selection,waitress,NA,vaem,correct,NA,,NA,26,Mon Apr 16 11:24:32 2018
610,extrapolation,unmarked,final,gu,sa,Noun_Selection,chef,NA,negid,correct,NA,,NA,27,Mon Apr 16 11:24:36 2018
610,extrapolation,unmarked,final,gu,sa,Noun_Selection,burglar,NA,nork,correct,NA,,NA,28,Mon Apr 16 11:24:39 2018
610,extrapolation,unmarked,final,gu,sa,Noun_Selection,chef,NA,negid,correct,NA,,NA,29,Mon Apr 16 11:24:44 2018
610,extrapolation,unmarked,final,gu,sa,Noun_Selection,burglar,NA,nork,correct,NA,,NA,30,Mon Apr 16 11:24:47 2018
610,extrapolation,unmarked,final,gu,sa,Noun_Selection,burglar,NA,nork,correct,NA,,NA,31,Mon Apr 16 11:24:52 2018
610,extrapolation,unmarked,final,gu,sa,Noun_Selection,chef,NA,negid,correct,NA,,NA,32,Mon Apr 16 11:24:56 2018
610,extrapolation,unmarked,final,gu,sa,Noun_Selection,cowboy,NA,tumbat,correct,NA,,NA,33,Mon Apr 16 11:25:00 2018
610,extrapolation,unmarked,final,gu,sa,Noun_Selection,waitress,NA,vaem,correct,NA,,NA,34,Mon Apr 16 11:25:04 2018
610,extrapolation,unmarked,final,gu,sa,Noun_Selection,cowboy,NA,tumbat,correct,NA,,NA,35,Mon Apr 16 11:25:08 2018
610,extrapolation,unmarked,final,gu,sa,Noun_Selection,waitress,NA,vaem,correct,NA,,NA,36,Mon Apr 16 11:25:11 2018
610,extrapolation,unmarked,final,gu,sa,Noun_Testing,burglar,NA,nork,NA,NA,,NA,37,Mon Apr 16 11:25:35 2018
610,extrapolation,unmarked,final,gu,sa,Noun_Testing,cowboy,NA,tumbat,NA,NA,,NA,38,Mon Apr 16 11:25:42 2018
610,extrapolation,unmarked,final,gu,sa,Noun_Testing,chef,NA,negid,NA,NA,,NA,39,Mon Apr 16 11:25:46 2018
610,extrapolation,unmarked,final,gu,sa,Noun_Testing,burglar,NA,nork,NA,NA,,NA,40,Mon Apr 16 11:25:50 2018
610,extrapolation,unmarked,final,gu,sa,Noun_Testing,waitress,NA,vaem,NA,NA,,NA,41,Mon Apr 16 11:25:54 2018
610,extrapolation,unmarked,final,gu,sa,Noun_Testing,waitress,NA,vaem,NA,NA,,NA,42,Mon Apr 16 11:25:58 2018
610,extrapolation,unmarked,final,gu,sa,Noun_Testing,burglar,NA,nork,NA,NA,,NA,43,Mon Apr 16 11:26:02 2018
610,extrapolation,unmarked,final,gu,sa,Noun_Testing,cowboy,NA,tumbat,NA,NA,,NA,44,Mon Apr 16 11:26:06 2018
610,extrapolation,unmarked,final,gu,sa,Noun_Testing,chef,NA,negid,NA,NA,,NA,45,Mon Apr 16 11:26:09 2018
610,extrapolation,unmarked,final,gu,sa,Noun_Testing,waitress,NA,vaem,NA,NA,,NA,46,Mon Apr 16 11:26:14 2018
610,extrapolation,unmarked,final,gu,sa,Noun_Testing,chef,NA,negid,NA,NA,,NA,47,Mon Apr 16 11:26:23 2018
610,extrapolation,unmarked,final,gu,sa,Noun_Testing,cowboy,NA,tumbat,NA,NA,,NA,48,Mon Apr 16 11:26:27 2018
610,extrapolation,unmarked,final,gu,sa,SimplePhrase_Training,point_chef_pl_burglar_sg,NA,poinim gu negid sa nork,NA,NA,,NA,49,Mon Apr 16 11:27:03 2018
610,extrapolation,unmarked,final,gu,sa,SimplePhrase_Training,point_burglar_sg_chef_sg,NA,poinim nork sa negid,NA,NA,,NA,50,Mon Apr 16 11:27:10 2018
610,extrapolation,unmarked,final,gu,sa,SimplePhrase_Training,kick_waitress_sg_cowboy_sg,NA,kikim vaem sa tumbat,NA,NA,,NA,51,Mon Apr 16 11:27:17 2018
610,extrapolation,unmarked,final,gu,sa,SimplePhrase_Training,punch_waitress_sg_chef_sg,NA,straikim vaem sa negid,NA,NA,,NA,52,Mon Apr 16 11:27:25 2018
610,extrapolation,unmarked,final,gu,sa,SimplePhrase_Training,burglar_two,NA,gu nork,NA,NA,,NA,53,Mon Apr 16 11:27:30 2018
610,extrapolation,unmarked,final,gu,sa,SimplePhrase_Training,kick_burglar_pl_chef_sg,NA,kikim gu nork sa negid,NA,NA,,NA,54,Mon Apr 16 11:27:37 2018
610,extrapolation,unmarked,final,gu,sa,SimplePhrase_Training,punch_cowboy_sg_chef_sg,NA,straikim tumbat sa negid,NA,NA,,NA,55,Mon Apr 16 11:27:44 2018
610,extrapolation,unmarked,final,gu,sa,SimplePhrase_Training,punch_burglar_sg_cowboy_sg,NA,straikim nork sa tumbat,NA,NA,,NA,56,Mon Apr 16 11:27:52 2018
610,extrapolation,unmarked,final,gu,sa,SimplePhrase_Training,kick_burglar_sg_waitress_sg,NA,kikim nork sa vaem,NA,NA,,NA,57,Mon Apr 16 11:27:59 2018
610,extrapolation,unmarked,final,gu,sa,SimplePhrase_Training,waitress_four,NA,gu vaem,NA,NA,,NA,58,Mon Apr 16 11:28:04 2018
610,extrapolation,unmarked,final,gu,sa,SimplePhrase_Training,kick_cowboy_pl_chef_sg,NA,kikim gu tumbat sa negid,NA,NA,,NA,59,Mon Apr 16 11:28:12 2018
610,extrapolation,unmarked,final,gu,sa,SimplePhrase_Training,chef,NA,negid,NA,NA,,NA,60,Mon Apr 16 11:28:17 2018
610,extrapolation,unmarked,final,gu,sa,SimplePhrase_Training,waitress_two,NA,gu vaem,NA,NA,,NA,61,Mon Apr 16 11:28:22 2018
610,extrapolation,unmarked,final,gu,sa,SimplePhrase_Training,kick_chef_sg_waitress_sg,NA,kikim negid sa vaem,NA,NA,,NA,62,Mon Apr 16 11:28:29 2018
610,extrapolation,unmarked,final,gu,sa,SimplePhrase_Training,waitress,NA,vaem,NA,NA,,NA,63,Mon Apr 16 11:28:33 2018
610,extrapolation,unmarked,final,gu,sa,SimplePhrase_Training,kick_waitress_pl_burglar_sg,NA,kikim gu vaem sa nork,NA,NA,,NA,64,Mon Apr 16 11:28:41 2018
610,extrapolation,unmarked,final,gu,sa,SimplePhrase_Training,waitress_two,NA,gu vaem,NA,NA,,NA,65,Mon Apr 16 11:28:46 2018
610,extrapolation,unmarked,final,gu,sa,SimplePhrase_Training,kick_cowboy_pl_waitress_sg,NA,kikim gu tumbat sa vaem,NA,NA,,NA,66,Mon Apr 16 11:28:53 2018
610,extrapolation,unmarked,final,gu,sa,SimplePhrase_Training,punch_chef_sg_cowboy_sg,NA,straikim negid sa tumbat,NA,NA,,NA,67,Mon Apr 16 11:29:01 2018
610,extrapolation,unmarked,final,gu,sa,SimplePhrase_Training,waitress_four,NA,gu vaem,NA,NA,,NA,68,Mon Apr 16 11:29:06 2018
610,extrapolation,unmarked,final,gu,sa,SimplePhrase_Training,point_chef_pl_waitress_sg,NA,poinim gu negid sa vaem,NA,NA,,NA,69,Mon Apr 16 11:29:13 2018
610,extrapolation,unmarked,final,gu,sa,SimplePhrase_Training,punch_waitress_pl_cowboy_sg,NA,straikim gu vaem sa tumbat,NA,NA,,NA,70,Mon Apr 16 11:29:21 2018
610,extrapolation,unmarked,final,gu,sa,SimplePhrase_Training,chef,NA,negid,NA,NA,,NA,71,Mon Apr 16 11:29:25 2018
610,extrapolation,unmarked,final,gu,sa,SimplePhrase_Training,punch_waitress_pl_burglar_sg,NA,straikim gu vaem sa nork,NA,NA,,NA,72,Mon Apr 16 11:29:33 2018
610,extrapolation,unmarked,final,gu,sa,SimplePhrase_Training,point_waitress_sg_cowboy_sg,NA,poinim vaem sa tumbat,NA,NA,,NA,73,Mon Apr 16 11:29:40 2018
610,extrapolation,unmarked,final,gu,sa,SimplePhrase_Training,burglar,NA,nork,NA,NA,,NA,74,Mon Apr 16 11:29:45 2018
610,extrapolation,unmarked,final,gu,sa,SimplePhrase_Training,punch_cowboy_pl_waitress_sg,NA,straikim gu tumbat sa vaem,NA,NA,,NA,75,Mon Apr 16 11:29:53 2018
610,extrapolation,unmarked,final,gu,sa,SimplePhrase_Training,chef_four,NA,gu negid,NA,NA,,NA,76,Mon Apr 16 11:29:58 2018
610,extrapolation,unmarked,final,gu,sa,SimplePhrase_Training,cowboy_three,NA,gu tumbat,NA,NA,,NA,77,Mon Apr 16 11:30:03 2018
610,extrapolation,unmarked,final,gu,sa,SimplePhrase_Training,point_cowboy_sg_burglar_sg,NA,poinim tumbat sa nork,NA,NA,,NA,78,Mon Apr 16 11:30:10 2018
610,extrapolation,unmarked,final,gu,sa,SimplePhrase_Training,punch_chef_sg_burglar_sg,NA,straikim negid sa nork,NA,NA,,NA,79,Mon Apr 16 11:30:18 2018
610,extrapolation,unmarked,final,gu,sa,SimplePhrase_Training,burglar_four,NA,gu nork,NA,NA,,NA,80,Mon Apr 16 11:30:23 2018
610,extrapolation,unmarked,final,gu,sa,SimplePhrase_Training,punch_cowboy_pl_burglar_sg,NA,straikim gu tumbat sa nork,NA,NA,,NA,81,Mon Apr 16 11:30:31 2018
610,extrapolation,unmarked,final,gu,sa,SimplePhrase_Training,point_waitress_pl_chef_sg,NA,poinim gu vaem sa negid,NA,NA,,NA,82,Mon Apr 16 11:30:38 2018
610,extrapolation,unmarked,final,gu,sa,SimplePhrase_Training,waitress,NA,vaem,NA,NA,,NA,83,Mon Apr 16 11:30:43 2018
610,extrapolation,unmarked,final,gu,sa,SimplePhrase_Training,point_burglar_sg_cowboy_sg,NA,poinim nork sa tumbat,NA,NA,,NA,84,Mon Apr 16 11:30:50 2018
610,extrapolation,unmarked,final,gu,sa,SimplePhrase_Training,cowboy,NA,tumbat,NA,NA,,NA,85,Mon Apr 16 11:30:55 2018
610,extrapolation,unmarked,final,gu,sa,SimplePhrase_Training,point_cowboy_sg_chef_sg,NA,poinim tumbat sa negid,NA,NA,,NA,86,Mon Apr 16 11:31:03 2018
610,extrapolation,unmarked,final,gu,sa,SimplePhrase_Training,cowboy_two,NA,gu tumbat,NA,NA,,NA,87,Mon Apr 16 11:31:08 2018
610,extrapolation,unmarked,final,gu,sa,SimplePhrase_Training,chef_three,NA,gu negid,NA,NA,,NA,88,Mon Apr 16 11:31:12 2018
610,extrapolation,unmarked,final,gu,sa,SimplePhrase_Training,punch_burglar_pl_chef_sg,NA,straikim gu nork sa negid,NA,NA,,NA,89,Mon Apr 16 11:31:20 2018
610,extrapolation,unmarked,final,gu,sa,SimplePhrase_Training,point_waitress_pl_burglar_sg,NA,poinim gu vaem sa nork,NA,NA,,NA,90,Mon Apr 16 11:31:28 2018
610,extrapolation,unmarked,final,gu,sa,SimplePhrase_Training,burglar,NA,nork,NA,NA,,NA,91,Mon Apr 16 11:31:33 2018
610,extrapolation,unmarked,final,gu,sa,SimplePhrase_Training,burglar_three,NA,gu nork,NA,NA,,NA,92,Mon Apr 16 11:31:38 2018
610,extrapolation,unmarked,final,gu,sa,SimplePhrase_Training,chef_two,NA,gu negid,NA,NA,,NA,93,Mon Apr 16 11:31:42 2018
610,extrapolation,unmarked,final,gu,sa,SimplePhrase_Training,burglar_three,NA,gu nork,NA,NA,,NA,94,Mon Apr 16 11:31:47 2018
610,extrapolation,unmarked,final,gu,sa,SimplePhrase_Training,waitress_three,NA,gu vaem,NA,NA,,NA,95,Mon Apr 16 11:31:52 2018
610,extrapolation,unmarked,final,gu,sa,SimplePhrase_Training,kick_waitress_sg_chef_sg,NA,kikim vaem sa negid,NA,NA,,NA,96,Mon Apr 16 11:31:59 2018
610,extrapolation,unmarked,final,gu,sa,SimplePhrase_Training,punch_chef_pl_waitress_sg,NA,straikim gu negid sa vaem,NA,NA,,NA,97,Mon Apr 16 11:32:07 2018
610,extrapolation,unmarked,final,gu,sa,SimplePhrase_Training,chef_four,NA,gu negid,NA,NA,,NA,98,Mon Apr 16 11:32:12 2018
610,extrapolation,unmarked,final,gu,sa,SimplePhrase_Training,kick_chef_pl_burglar_sg,NA,kikim gu negid sa nork,NA,NA,,NA,99,Mon Apr 16 11:32:19 2018
610,extrapolation,unmarked,final,gu,sa,SimplePhrase_Training,point_chef_pl_cowboy_sg,NA,poinim gu negid sa tumbat,NA,NA,,NA,100,Mon Apr 16 11:32:26 2018
610,extrapolation,unmarked,final,gu,sa,SimplePhrase_Training,cowboy,NA,tumbat,NA,NA,,NA,101,Mon Apr 16 11:32:31 2018
610,extrapolation,unmarked,final,gu,sa,SimplePhrase_Training,point_cowboy_pl_waitress_sg,NA,poinim gu tumbat sa vaem,NA,NA,,NA,102,Mon Apr 16 11:32:39 2018
610,extrapolation,unmarked,final,gu,sa,SimplePhrase_Training,chef_two,NA,gu negid,NA,NA,,NA,103,Mon Apr 16 11:32:44 2018
610,extrapolation,unmarked,final,gu,sa,SimplePhrase_Training,cowboy_four,NA,gu tumbat,NA,NA,,NA,104,Mon Apr 16 11:32:49 2018
610,extrapolation,unmarked,final,gu,sa,SimplePhrase_Training,punch_burglar_sg_waitress_sg,NA,straikim nork sa vaem,NA,NA,,NA,105,Mon Apr 16 11:32:56 2018
610,extrapolation,unmarked,final,gu,sa,SimplePhrase_Training,kick_cowboy_sg_burglar_sg,NA,kikim tumbat sa nork,NA,NA,,NA,106,Mon Apr 16 11:33:04 2018
610,extrapolation,unmarked,final,gu,sa,SimplePhrase_Training,kick_burglar_sg_cowboy_sg,NA,kikim nork sa tumbat,NA,NA,,NA,107,Mon Apr 16 11:33:11 2018
610,extrapolation,unmarked,final,gu,sa,SimplePhrase_Training,waitress_three,NA,gu vaem,NA,NA,,NA,108,Mon Apr 16 11:33:16 2018
610,extrapolation,unmarked,final,gu,sa,SimplePhrase_Training,point_burglar_pl_waitress_sg,NA,poinim gu nork sa vaem,NA,NA,,NA,109,Mon Apr 16 11:33:23 2018
610,extrapolation,unmarked,final,gu,sa,SimplePhrase_Training,kick_chef_sg_cowboy_sg,NA,kikim negid sa tumbat,NA,NA,,NA,110,Mon Apr 16 11:33:31 2018
610,extrapolation,unmarked,final,gu,sa,SimplePhrase_Comprehension,punch_cowboy_pl_chef_sg,NA,straikim gu tumbat sa negid,correct,NA,,NA,111,Mon Apr 16 11:33:55 2018
610,extrapolation,unmarked,final,gu,sa,SimplePhrase_Comprehension,punch_cowboy_sg_waitress_sg,NA,straikim tumbat sa vaem,correct,NA,,NA,112,Mon Apr 16 11:34:02 2018
610,extrapolation,unmarked,final,gu,sa,SimplePhrase_Comprehension,burglar_three,NA,gu nork,correct,NA,,NA,113,Mon Apr 16 11:34:06 2018
610,extrapolation,unmarked,final,gu,sa,SimplePhrase_Comprehension,punch_chef_pl_cowboy_sg,NA,straikim gu negid sa tumbat,correct,NA,,NA,114,Mon Apr 16 11:34:13 2018
610,extrapolation,unmarked,final,gu,sa,SimplePhrase_Comprehension,kick_burglar_pl_cowboy_sg,NA,kikim gu nork sa tumbat,correct,NA,,NA,115,Mon Apr 16 11:34:19 2018
610,extrapolation,unmarked,final,gu,sa,SimplePhrase_Comprehension,point_cowboy_sg_waitress_sg,NA,poinim tumbat sa vaem,correct,NA,,NA,116,Mon Apr 16 11:34:24 2018
610,extrapolation,unmarked,final,gu,sa,SimplePhrase_Comprehension,punch_waitress_sg_cowboy_sg,NA,straikim vaem sa tumbat,correct,NA,,NA,117,Mon Apr 16 11:34:34 2018
610,extrapolation,unmarked,final,gu,sa,SimplePhrase_Comprehension,kick_burglar_pl_waitress_sg,NA,kikim gu nork sa vaem,correct,NA,,NA,118,Mon Apr 16 11:34:39 2018
610,extrapolation,unmarked,final,gu,sa,SimplePhrase_Comprehension,burglar_two,NA,gu nork,correct,NA,,NA,119,Mon Apr 16 11:34:45 2018
610,extrapolation,unmarked,final,gu,sa,SimplePhrase_Comprehension,point_cowboy_pl_burglar_sg,NA,poinim gu tumbat sa nork,correct,NA,,NA,120,Mon Apr 16 11:34:51 2018
610,extrapolation,unmarked,final,gu,sa,SimplePhrase_Comprehension,punch_cowboy_sg_burglar_sg,NA,straikim tumbat sa nork,correct,NA,,NA,121,Mon Apr 16 11:34:56 2018
610,extrapolation,unmarked,final,gu,sa,SimplePhrase_Comprehension,point_chef_sg_burglar_sg,NA,poinim negid sa nork,correct,NA,,NA,122,Mon Apr 16 11:35:03 2018
610,extrapolation,unmarked,final,gu,sa,SimplePhrase_Comprehension,cowboy,NA,tumbat,correct,NA,,NA,123,Mon Apr 16 11:35:07 2018
610,extrapolation,unmarked,final,gu,sa,SimplePhrase_Comprehension,chef_two,NA,gu negid,correct,NA,,NA,124,Mon Apr 16 11:35:11 2018
610,extrapolation,unmarked,final,gu,sa,SimplePhrase_Comprehension,chef_four,NA,gu negid,correct,NA,,NA,125,Mon Apr 16 11:35:15 2018
610,extrapolation,unmarked,final,gu,sa,SimplePhrase_Comprehension,point_chef_sg_waitress_sg,NA,poinim negid sa vaem,correct,NA,,NA,126,Mon Apr 16 11:35:20 2018
610,extrapolation,unmarked,final,gu,sa,SimplePhrase_Comprehension,punch_waitress_pl_chef_sg,NA,straikim gu vaem sa negid,correct,NA,,NA,127,Mon Apr 16 11:35:26 2018
610,extrapolation,unmarked,final,gu,sa,SimplePhrase_Comprehension,waitress_three,NA,gu vaem,correct,NA,,NA,128,Mon Apr 16 11:35:30 2018
610,extrapolation,unmarked,final,gu,sa,SimplePhrase_Comprehension,kick_cowboy_sg_waitress_sg,NA,kikim tumbat sa vaem,correct,NA,,NA,129,Mon Apr 16 11:35:35 2018
610,extrapolation,unmarked,final,gu,sa,SimplePhrase_Comprehension,point_chef_sg_cowboy_sg,NA,poinim negid sa tumbat,correct,NA,,NA,130,Mon Apr 16 11:35:41 2018
610,extrapolation,unmarked,final,gu,sa,SimplePhrase_Comprehension,point_waitress_sg_chef_sg,NA,poinim vaem sa negid,correct,NA,,NA,131,Mon Apr 16 11:35:47 2018
610,extrapolation,unmarked,final,gu,sa,SimplePhrase_Comprehension,kick_chef_pl_cowboy_sg,NA,kikim gu negid sa tumbat,correct,NA,,NA,132,Mon Apr 16 11:35:54 2018
610,extrapolation,unmarked,final,gu,sa,SimplePhrase_Comprehension,chef_three,NA,gu negid,correct,NA,,NA,133,Mon Apr 16 11:35:58 2018
610,extrapolation,unmarked,final,gu,sa,SimplePhrase_Comprehension,point_burglar_pl_chef_sg,NA,poinim gu nork sa negid,correct,NA,,NA,134,Mon Apr 16 11:36:06 2018
610,extrapolation,unmarked,final,gu,sa,SimplePhrase_Comprehension,chef,NA,negid,correct,NA,,NA,135,Mon Apr 16 11:36:10 2018
610,extrapolation,unmarked,final,gu,sa,SimplePhrase_Comprehension,burglar,NA,nork,correct,NA,,NA,136,Mon Apr 16 11:36:14 2018
610,extrapolation,unmarked,final,gu,sa,SimplePhrase_Comprehension,cowboy_three,NA,gu tumbat,wrong,NA,,NA,137,Mon Apr 16 11:36:20 2018
610,extrapolation,unmarked,final,gu,sa,SimplePhrase_Comprehension,waitress,NA,vaem,correct,NA,,NA,138,Mon Apr 16 11:36:24 2018
610,extrapolation,unmarked,final,gu,sa,SimplePhrase_Comprehension,burglar_four,NA,gu nork,correct,NA,,NA,139,Mon Apr 16 11:36:29 2018
610,extrapolation,unmarked,final,gu,sa,SimplePhrase_Comprehension,waitress_four,NA,gu vaem,correct,NA,,NA,140,Mon Apr 16 11:36:33 2018
610,extrapolation,unmarked,final,gu,sa,SimplePhrase_Comprehension,cowboy_four,NA,gu tumbat,correct,NA,,NA,141,Mon Apr 16 11:36:37 2018
610,extrapolation,unmarked,final,gu,sa,SimplePhrase_Comprehension,point_waitress_pl_cowboy_sg,NA,poinim gu vaem sa tumbat,correct,NA,,NA,142,Mon Apr 16 11:36:43 2018
610,extrapolation,unmarked,final,gu,sa,SimplePhrase_Comprehension,punch_burglar_pl_waitress_sg,NA,straikim gu nork sa vaem,correct,NA,,NA,143,Mon Apr 16 11:36:49 2018
610,extrapolation,unmarked,final,gu,sa,SimplePhrase_Comprehension,punch_waitress_sg_burglar_sg,NA,straikim vaem sa nork,correct,NA,,NA,144,Mon Apr 16 11:36:55 2018
610,extrapolation,unmarked,final,gu,sa,SimplePhrase_Typing,kick_chef_sg_waitress_sg,NA,kikim negid sa vaem,NA,kikim negid sa vaem,,NA,145,Mon Apr 16 11:37:33 2018
610,extrapolation,unmarked,final,gu,sa,SimplePhrase_Typing,burglar_three,NA,gu nork,NA,gu nork,,NA,146,Mon Apr 16 11:37:39 2018
610,extrapolation,unmarked,final,gu,sa,SimplePhrase_Typing,kick_burglar_sg_waitress_sg,NA,kikim nork sa vaem,NA,kikim nork sa vaem,,NA,147,Mon Apr 16 11:37:48 2018
610,extrapolation,unmarked,final,gu,sa,SimplePhrase_Typing,chef_three,NA,gu negid,NA,gu negid,,NA,148,Mon Apr 16 11:37:56 2018
610,extrapolation,unmarked,final,gu,sa,SimplePhrase_Typing,punch_burglar_pl_chef_sg,NA,straikim gu nork sa negid,NA,straikim gu nork sa negid,,NA,149,Mon Apr 16 11:38:06 2018
610,extrapolation,unmarked,final,gu,sa,SimplePhrase_Typing,point_waitress_pl_burglar_sg,NA,poinim gu vaem sa nork,NA,poinim gu vaem sa nork,,NA,150,Mon Apr 16 11:38:21 2018
610,extrapolation,unmarked,final,gu,sa,SimplePhrase_Typing,punch_cowboy_sg_chef_sg,NA,straikim tumbat sa negid,NA,straikim numbat sa negid,,NA,151,Mon Apr 16 11:38:33 2018
610,extrapolation,unmarked,final,gu,sa,SimplePhrase_Typing,cowboy,NA,tumbat,NA,tumbat,,NA,152,Mon Apr 16 11:38:39 2018
610,extrapolation,unmarked,final,gu,sa,SimplePhrase_Typing,waitress_two,NA,gu vaem,NA,gu vaem,,NA,153,Mon Apr 16 11:38:47 2018
610,extrapolation,unmarked,final,gu,sa,SimplePhrase_Typing,kick_burglar_pl_chef_sg,NA,kikim gu nork sa negid,NA,kikim gu nork sa negid,,NA,154,Mon Apr 16 11:38:58 2018
610,extrapolation,unmarked,final,gu,sa,SimplePhrase_Typing,cowboy_two,NA,gu tumbat,NA,gu numbat,,NA,155,Mon Apr 16 11:39:07 2018
610,extrapolation,unmarked,final,gu,sa,SimplePhrase_Typing,kick_cowboy_pl_waitress_sg,NA,kikim gu tumbat sa vaem,NA,kikim gu tumbat sa vaem,,NA,156,Mon Apr 16 11:39:22 2018
610,extrapolation,unmarked,final,gu,sa,SimplePhrase_Typing,burglar,NA,nork,NA,nork,,NA,157,Mon Apr 16 11:39:28 2018
610,extrapolation,unmarked,final,gu,sa,SimplePhrase_Typing,waitress,NA,vaem,NA,vaem,,NA,158,Mon Apr 16 11:39:33 2018
610,extrapolation,unmarked,final,gu,sa,SimplePhrase_Typing,kick_cowboy_sg_burglar_sg,NA,kikim tumbat sa nork,NA,kikim tumbat sa nork,,NA,159,Mon Apr 16 11:39:43 2018
610,extrapolation,unmarked,final,gu,sa,SimplePhrase_Typing,chef,NA,negid,NA,negid,,NA,160,Mon Apr 16 11:39:48 2018
610,extrapolation,unmarked,final,gu,sa,ComplexPhrase_Typing,punch_cowboy_sg_chef_pl,chef,straikim tumbat sa gu negid,NA,straikim tumbat sa gu negid,,NA,161,Mon Apr 16 11:40:26 2018
610,extrapolation,unmarked,final,gu,sa,ComplexPhrase_Typing,punch_chef_sg_cowboy_pl,cowboy,straikim negid sa gu tumbat,NA,straikim negid sa gu tumbat,,NA,162,Mon Apr 16 11:40:39 2018
610,extrapolation,unmarked,final,gu,sa,ComplexPhrase_Typing,punch_burglar_sg_chef_pl,chef,straikim nork sa gu negid,NA,straikim nork sa gu negid,,NA,163,Mon Apr 16 11:40:49 2018
610,extrapolation,unmarked,final,gu,sa,ComplexPhrase_Typing,punch_waitress_sg_burglar_pl,burglar,straikim vaem sa gu nork,NA,straikim vaem sa gu nork,,NA,164,Mon Apr 16 11:40:56 2018
610,extrapolation,unmarked,final,gu,sa,ComplexPhrase_Typing,punch_burglar_sg_chef_pl,chef,straikim nork sa gu negid,NA,straikim nork sa gu negid,,NA,165,Mon Apr 16 11:41:01 2018
610,extrapolation,unmarked,final,gu,sa,ComplexPhrase_Typing,punch_waitress_sg_burglar_pl,burglar,straikim vaem sa gu nork,NA,straikim vaem sa gu nork,,NA,166,Mon Apr 16 11:41:06 2018
610,extrapolation,unmarked,final,gu,sa,ComplexPhrase_Typing,punch_chef_sg_cowboy_pl,cowboy,straikim negid sa gu tumbat,NA,straikim negid sa gu tumbat,,NA,167,Mon Apr 16 11:41:13 2018
610,extrapolation,unmarked,final,gu,sa,ComplexPhrase_Typing,punch_cowboy_sg_chef_pl,chef,straikim tumbat sa gu negid,NA,straikim tumbat sa gu negid,,NA,168,Mon Apr 16 11:41:20 2018
610,extrapolation,unmarked,final,gu,sa,ComplexPhrase_Typing,punch_cowboy_sg_chef_pl,chef,straikim tumbat sa gu negid,NA,straikim tumbat sa gu negid,,NA,169,Mon Apr 16 11:41:32 2018
610,extrapolation,unmarked,final,gu,sa,ComplexPhrase_Typing,punch_waitress_sg_burglar_pl,burglar,straikim vaem sa gu nork,NA,straikim vaem sa gu nork,,NA,170,Mon Apr 16 11:41:40 2018
610,extrapolation,unmarked,final,gu,sa,ComplexPhrase_Typing,punch_chef_sg_cowboy_pl,cowboy,straikim negid sa gu tumbat,NA,straikim negid sa gu tumbat,,NA,171,Mon Apr 16 11:41:45 2018
610,extrapolation,unmarked,final,gu,sa,ComplexPhrase_Typing,punch_burglar_sg_chef_pl,chef,straikim nork sa gu negid,NA,straikim nork sa gu negid,,NA,172,Mon Apr 16 11:41:49 2018
610,extrapolation,unmarked,final,gu,sa,ComplexPhrase_Testing,kick_burglar_sg_chef_pl,chef,kikim nork sa gu negid,NA,NA,,NA,173,Mon Apr 16 11:42:30 2018
610,extrapolation,unmarked,final,gu,sa,ComplexPhrase_Testing,kick_burglar_sg_cowboy_pl,cowboy,kikim nork sa gu tumbat,NA,NA,,NA,174,Mon Apr 16 11:42:36 2018
610,extrapolation,unmarked,final,gu,sa,ComplexPhrase_Testing,kick_waitress_sg_chef_pl,chef,kikim vaem sa gu negid,NA,NA,,NA,175,Mon Apr 16 11:42:44 2018
610,extrapolation,unmarked,final,gu,sa,ComplexPhrase_Testing,punch_waitress_sg_burglar_pl,burglar,straikim vaem sa gu nork,NA,NA,,NA,176,Mon Apr 16 11:42:50 2018
610,extrapolation,unmarked,final,gu,sa,ComplexPhrase_Testing,punch_chef_sg_cowboy_pl,cowboy,straikim negid sa gu tumbat,NA,NA,,NA,177,Mon Apr 16 11:42:57 2018
610,extrapolation,unmarked,final,gu,sa,ComplexPhrase_Testing,cowboy_three,NA,gu tumbat,NA,NA,,NA,178,Mon Apr 16 11:43:00 2018
610,extrapolation,unmarked,final,gu,sa,ComplexPhrase_Testing,point_cowboy_sg_chef_sg,NA,poinim tumbat sa negid,NA,NA,,NA,179,Mon Apr 16 11:43:10 2018
610,extrapolation,unmarked,final,gu,sa,ComplexPhrase_Testing,waitress_two,NA,gu vaem,NA,NA,,NA,180,Mon Apr 16 11:43:15 2018
610,extrapolation,unmarked,final,gu,sa,ComplexPhrase_Testing,burglar,NA,nork,NA,NA,,NA,181,Mon Apr 16 11:43:23 2018
610,extrapolation,unmarked,final,gu,sa,ComplexPhrase_Testing,burglar_three,NA,gu nork,NA,NA,,NA,182,Mon Apr 16 11:43:27 2018
610,extrapolation,unmarked,final,gu,sa,ComplexPhrase_Testing,punch_burglar_pl_chef_sg,NA,straikim gu nork sa negid,NA,NA,,NA,183,Mon Apr 16 11:43:34 2018
610,extrapolation,unmarked,final,gu,sa,ComplexPhrase_Testing,chef_three,NA,gu negid,NA,NA,,NA,184,Mon Apr 16 11:43:40 2018
610,extrapolation,unmarked,final,gu,sa,ComplexPhrase_Testing,cowboy,NA,tumbat,NA,NA,,NA,185,Mon Apr 16 11:43:44 2018
610,extrapolation,unmarked,final,gu,sa,ComplexPhrase_Testing,punch_burglar_sg_chef_pl,chef,straikim nork sa gu negid,NA,NA,,NA,186,Mon Apr 16 11:43:56 2018
610,extrapolation,unmarked,final,gu,sa,ComplexPhrase_Testing,punch_chef_sg_cowboy_pl,cowboy,straikim negid sa gu tumbat,NA,NA,,NA,187,Mon Apr 16 11:44:01 2018
610,extrapolation,unmarked,final,gu,sa,ComplexPhrase_Testing,kick_cowboy_sg_burglar_pl,burglar,kikim tumbat sa gu nork,NA,NA,,NA,188,Mon Apr 16 11:44:06 2018
610,extrapolation,unmarked,final,gu,sa,ComplexPhrase_Testing,point_waitress_sg_burglar_sg,NA,poinim vaem sa nork,NA,NA,,NA,189,Mon Apr 16 11:44:14 2018
610,extrapolation,unmarked,final,gu,sa,ComplexPhrase_Testing,punch_cowboy_sg_chef_sg,NA,straikim tumbat sa negid,NA,NA,,NA,190,Mon Apr 16 11:44:19 2018
610,extrapolation,unmarked,final,gu,sa,ComplexPhrase_Testing,kick_chef_sg_cowboy_pl,cowboy,kikim negid sa gu tumbat,NA,NA,,NA,191,Mon Apr 16 11:44:30 2018
610,extrapolation,unmarked,final,gu,sa,ComplexPhrase_Testing,kick_chef_sg_cowboy_pl,cowboy,kikim negid sa gu tumbat,NA,NA,,NA,192,Mon Apr 16 11:44:36 2018
610,extrapolation,unmarked,final,gu,sa,ComplexPhrase_Testing,kick_cowboy_sg_waitress_sg,NA,kikim tumbat sa vaem,NA,NA,,NA,193,Mon Apr 16 11:44:41 2018
610,extrapolation,unmarked,final,gu,sa,ComplexPhrase_Testing,punch_cowboy_sg_chef_pl,chef,straikim tumbat sa gu negid,NA,NA,,NA,194,Mon Apr 16 11:44:52 2018
610,extrapolation,unmarked,final,gu,sa,ComplexPhrase_Testing,punch_waitress_sg_burglar_pl,burglar,straikim vaem sa gu nork,NA,NA,,NA,195,Mon Apr 16 11:44:55 2018
610,extrapolation,unmarked,final,gu,sa,ComplexPhrase_Testing,kick_burglar_sg_chef_pl,chef,kikim nork sa gu negid,NA,NA,,NA,196,Mon Apr 16 11:45:01 2018
610,extrapolation,unmarked,final,gu,sa,ComplexPhrase_Testing,punch_waitress_sg_burglar_pl,burglar,straikim vaem sa gu nork,NA,NA,,NA,197,Mon Apr 16 11:45:04 2018
610,extrapolation,unmarked,final,gu,sa,ComplexPhrase_Testing,point_burglar_sg_waitress_pl,waitress,poinim nork sa gu vaem,NA,NA,,NA,198,Mon Apr 16 11:45:11 2018
610,extrapolation,unmarked,final,gu,sa,ComplexPhrase_Testing,kick_burglar_sg_waitress_pl,waitress,kikim nork sa gu vaem,NA,NA,,NA,199,Mon Apr 16 11:45:16 2018
610,extrapolation,unmarked,final,gu,sa,ComplexPhrase_Testing,burglar_two,NA,gu nork,NA,NA,,NA,200,Mon Apr 16 11:45:18 2018
610,extrapolation,unmarked,final,gu,sa,ComplexPhrase_Testing,punch_chef_sg_burglar_sg,NA,straikim negid sa nork,NA,NA,,NA,201,Mon Apr 16 11:45:28 2018
610,extrapolation,unmarked,final,gu,sa,ComplexPhrase_Testing,point_cowboy_sg_waitress_pl,waitress,poinim tumbat sa gu vaem,NA,NA,,NA,202,Mon Apr 16 11:45:39 2018
610,extrapolation,unmarked,final,gu,sa,ComplexPhrase_Testing,point_burglar_sg_waitress_pl,waitress,poinim nork sa gu vaem,NA,NA,,NA,203,Mon Apr 16 11:45:43 2018
610,extrapolation,unmarked,final,gu,sa,ComplexPhrase_Testing,kick_burglar_sg_waitress_pl,waitress,kikim nork sa gu vaem,NA,NA,,NA,204,Mon Apr 16 11:45:47 2018
610,extrapolation,unmarked,final,gu,sa,ComplexPhrase_Testing,punch_cowboy_sg_chef_pl,chef,straikim tumbat sa gu negid,NA,NA,,NA,205,Mon Apr 16 11:45:51 2018
610,extrapolation,unmarked,final,gu,sa,ComplexPhrase_Testing,kick_waitress_sg_chef_pl,chef,kikim vaem sa gu negid,NA,NA,,NA,206,Mon Apr 16 11:45:56 2018
610,extrapolation,unmarked,final,gu,sa,ComplexPhrase_Testing,point_waitress_pl_burglar_sg,NA,poinim gu vaem sa nork,NA,NA,,NA,207,Mon Apr 16 11:46:01 2018
610,extrapolation,unmarked,final,gu,sa,ComplexPhrase_Testing,punch_burglar_sg_chef_pl,chef,straikim nork sa gu negid,NA,NA,,NA,208,Mon Apr 16 11:46:15 2018
610,extrapolation,unmarked,final,gu,sa,ComplexPhrase_Testing,waitress,NA,vaem,NA,NA,,NA,209,Mon Apr 16 11:46:16 2018
610,extrapolation,unmarked,final,gu,sa,ComplexPhrase_Testing,kick_burglar_sg_cowboy_pl,cowboy,kikim nork sa gu tumbat,NA,NA,,NA,210,Mon Apr 16 11:46:23 2018
610,extrapolation,unmarked,final,gu,sa,ComplexPhrase_Testing,punch_cowboy_sg_chef_pl,chef,straikim tumbat sa gu negid,NA,NA,,NA,211,Mon Apr 16 11:46:29 2018
610,extrapolation,unmarked,final,gu,sa,ComplexPhrase_Testing,kick_waitress_sg_chef_pl,chef,kikim vaem sa gu negid,NA,NA,,NA,212,Mon Apr 16 11:46:34 2018
610,extrapolation,unmarked,final,gu,sa,ComplexPhrase_Testing,kick_cowboy_pl_waitress_sg,NA,kikim gu tumbat sa vaem,NA,NA,,NA,213,Mon Apr 16 11:46:41 2018
610,extrapolation,unmarked,final,gu,sa,ComplexPhrase_Testing,chef,NA,negid,NA,NA,,NA,214,Mon Apr 16 11:46:47 2018
610,extrapolation,unmarked,final,gu,sa,ComplexPhrase_Testing,punch_waitress_pl_chef_sg,NA,straikim gu vaem sa negid,NA,NA,,NA,215,Mon Apr 16 11:46:53 2018
610,extrapolation,unmarked,final,gu,sa,ComplexPhrase_Testing,point_cowboy_sg_waitress_pl,waitress,poinim tumbat sa gu vaem,NA,NA,,NA,216,Mon Apr 16 11:47:00 2018
610,extrapolation,unmarked,final,gu,sa,ComplexPhrase_Testing,kick_cowboy_sg_burglar_pl,burglar,kikim tumbat sa gu nork,NA,NA,,NA,217,Mon Apr 16 11:47:03 2018
610,extrapolation,unmarked,final,gu,sa,ComplexPhrase_Testing,kick_cowboy_sg_burglar_pl,burglar,kikim tumbat sa gu nork,NA,NA,,NA,218,Mon Apr 16 11:47:06 2018
610,extrapolation,unmarked,final,gu,sa,ComplexPhrase_Testing,punch_burglar_sg_chef_pl,chef,straikim nork sa gu negid,NA,NA,,NA,219,Mon Apr 16 11:47:11 2018
610,extrapolation,unmarked,final,gu,sa,ComplexPhrase_Testing,kick_chef_sg_cowboy_pl,cowboy,kikim negid sa gu tumbat,NA,NA,,NA,220,Mon Apr 16 11:47:15 2018
610,extrapolation,unmarked,final,gu,sa,ComplexPhrase_Testing,kick_burglar_sg_chef_pl,chef,kikim nork sa gu negid,NA,NA,,NA,221,Mon Apr 16 11:47:19 2018
610,extrapolation,unmarked,final,gu,sa,ComplexPhrase_Testing,point_waitress_sg_cowboy_sg,NA,poinim vaem sa tumbat,NA,NA,,NA,222,Mon Apr 16 11:47:24 2018
610,extrapolation,unmarked,final,gu,sa,ComplexPhrase_Testing,waitress_three,NA,gu vaem,NA,NA,,NA,223,Mon Apr 16 11:47:29 2018
610,extrapolation,unmarked,final,gu,sa,ComplexPhrase_Testing,point_cowboy_sg_waitress_pl,waitress,poinim tumbat sa gu vaem,NA,NA,,NA,224,Mon Apr 16 11:47:36 2018
610,extrapolation,unmarked,final,gu,sa,ComplexPhrase_Testing,punch_chef_pl_burglar_sg,NA,straikim gu negid sa nork,NA,NA,,NA,225,Mon Apr 16 11:47:41 2018
610,extrapolation,unmarked,final,gu,sa,ComplexPhrase_Testing,punch_cowboy_pl_waitress_sg,NA,straikim gu tumbat sa vaem,NA,NA,,NA,226,Mon Apr 16 11:47:48 2018
610,extrapolation,unmarked,final,gu,sa,ComplexPhrase_Testing,kick_burglar_sg_cowboy_pl,cowboy,kikim nork sa gu tumbat,NA,NA,,NA,227,Mon Apr 16 11:47:56 2018
610,extrapolation,unmarked,final,gu,sa,ComplexPhrase_Testing,kick_burglar_sg_waitress_pl,waitress,kikim nork sa gu vaem,NA,NA,,NA,228,Mon Apr 16 11:48:00 2018
610,extrapolation,unmarked,final,gu,sa,ComplexPhrase_Testing,point_burglar_sg_waitress_pl,waitress,poinim nork sa gu vaem,NA,NA,,NA,229,Mon Apr 16 11:48:03 2018
610,extrapolation,unmarked,final,gu,sa,ComplexPhrase_Testing,punch_chef_sg_cowboy_pl,cowboy,straikim negid sa gu tumbat,NA,NA,,NA,230,Mon Apr 16 11:48:07 2018
610,extrapolation,unmarked,final,gu,sa,Questionnaire,NA,NA,NA,NA,NA,,many,MeaningNum,Mon Apr 16 11:49:09 2018
610,extrapolation,unmarked,final,gu,sa,Questionnaire,NA,NA,NA,NA,NA,,to someone,MeaningCase,Mon Apr 16 11:49:09 2018
610,extrapolation,unmarked,final,gu,sa,Questionnaire,NA,NA,NA,NA,NA,,before,OrderNumNoun,Mon Apr 16 11:49:09 2018
610,extrapolation,unmarked,final,gu,sa,Questionnaire,NA,NA,NA,NA,NA,,before,OrderCaseNoun,Mon Apr 16 11:49:09 2018
610,extrapolation,unmarked,final,gu,sa,Questionnaire,NA,NA,NA,NA,NA,,"hindi, gujarati, english",Languages,Mon Apr 16 11:49:09 2018
