ID,Condition,MajorityOrder,NounPosition,markerNum,markerCase,Phase,Meaning,NounItem,InputSentence,Selection,TypedResponse,SpokenResponse,AnswerQuest,Trial,date&time
611,extrapolation,unmarked,final,gu,sa,Noun_Training,chef,NA,nork,NA,NA,,NA,1,Fri May  4 13:33:48 2018
611,extrapolation,unmarked,final,gu,sa,Noun_Training,burglar,NA,tumbat,NA,NA,,NA,2,Fri May  4 13:33:53 2018
611,extrapolation,unmarked,final,gu,sa,Noun_Training,chef,NA,nork,NA,NA,,NA,3,Fri May  4 13:33:58 2018
611,extrapolation,unmarked,final,gu,sa,Noun_Training,burglar,NA,tumbat,NA,NA,,NA,4,Fri May  4 13:34:03 2018
611,extrapolation,unmarked,final,gu,sa,Noun_Training,cowboy,NA,vaem,NA,NA,,NA,5,Fri May  4 13:34:08 2018
611,extrapolation,unmarked,final,gu,sa,Noun_Training,burglar,NA,tumbat,NA,NA,,NA,6,Fri May  4 13:34:12 2018
611,extrapolation,unmarked,final,gu,sa,Noun_Training,cowboy,NA,vaem,NA,NA,,NA,7,Fri May  4 13:34:17 2018
611,extrapolation,unmarked,final,gu,sa,Noun_Training,chef,NA,nork,NA,NA,,NA,8,Fri May  4 13:34:22 2018
611,extrapolation,unmarked,final,gu,sa,Noun_Training,waitress,NA,negid,NA,NA,,NA,9,Fri May  4 13:34:27 2018
611,extrapolation,unmarked,final,gu,sa,Noun_Training,burglar,NA,tumbat,NA,NA,,NA,10,Fri May  4 13:34:32 2018
611,extrapolation,unmarked,final,gu,sa,Noun_Training,waitress,NA,negid,NA,NA,,NA,11,Fri May  4 13:34:37 2018
611,extrapolation,unmarked,final,gu,sa,Noun_Training,cowboy,NA,vaem,NA,NA,,NA,12,Fri May  4 13:34:41 2018
611,extrapolation,unmarked,final,gu,sa,Noun_Training,cowboy,NA,vaem,NA,NA,,NA,13,Fri May  4 13:34:46 2018
611,extrapolation,unmarked,final,gu,sa,Noun_Training,waitress,NA,negid,NA,NA,,NA,14,Fri May  4 13:34:51 2018
611,extrapolation,unmarked,final,gu,sa,Noun_Training,waitress,NA,negid,NA,NA,,NA,15,Fri May  4 13:34:56 2018
611,extrapolation,unmarked,final,gu,sa,Noun_Training,cowboy,NA,vaem,NA,NA,,NA,16,Fri May  4 13:35:00 2018
611,extrapolation,unmarked,final,gu,sa,Noun_Training,waitress,NA,negid,NA,NA,,NA,17,Fri May  4 13:35:05 2018
611,extrapolation,unmarked,final,gu,sa,Noun_Training,chef,NA,nork,NA,NA,,NA,18,Fri May  4 13:35:10 2018
611,extrapolation,unmarked,final,gu,sa,Noun_Training,burglar,NA,tumbat,NA,NA,,NA,19,Fri May  4 13:35:15 2018
611,extrapolation,unmarked,final,gu,sa,Noun_Training,burglar,NA,tumbat,NA,NA,,NA,20,Fri May  4 13:35:20 2018
611,extrapolation,unmarked,final,gu,sa,Noun_Training,waitress,NA,negid,NA,NA,,NA,21,Fri May  4 13:35:25 2018
611,extrapolation,unmarked,final,gu,sa,Noun_Training,chef,NA,nork,NA,NA,,NA,22,Fri May  4 13:35:30 2018
611,extrapolation,unmarked,final,gu,sa,Noun_Training,chef,NA,nork,NA,NA,,NA,23,Fri May  4 13:35:35 2018
611,extrapolation,unmarked,final,gu,sa,Noun_Training,cowboy,NA,vaem,NA,NA,,NA,24,Fri May  4 13:35:39 2018
611,extrapolation,unmarked,final,gu,sa,Noun_Selection,burglar,NA,tumbat,correct,NA,,NA,25,Fri May  4 13:36:04 2018
611,extrapolation,unmarked,final,gu,sa,Noun_Selection,waitress,NA,negid,correct,NA,,NA,26,Fri May  4 13:36:07 2018
611,extrapolation,unmarked,final,gu,sa,Noun_Selection,waitress,NA,negid,correct,NA,,NA,27,Fri May  4 13:36:11 2018
611,extrapolation,unmarked,final,gu,sa,Noun_Selection,chef,NA,nork,correct,NA,,NA,28,Fri May  4 13:36:14 2018
611,extrapolation,unmarked,final,gu,sa,Noun_Selection,burglar,NA,tumbat,correct,NA,,NA,29,Fri May  4 13:36:18 2018
611,extrapolation,unmarked,final,gu,sa,Noun_Selection,cowboy,NA,vaem,correct,NA,,NA,30,Fri May  4 13:36:21 2018
611,extrapolation,unmarked,final,gu,sa,Noun_Selection,cowboy,NA,vaem,correct,NA,,NA,31,Fri May  4 13:36:24 2018
611,extrapolation,unmarked,final,gu,sa,Noun_Selection,chef,NA,nork,correct,NA,,NA,32,Fri May  4 13:36:27 2018
611,extrapolation,unmarked,final,gu,sa,Noun_Selection,chef,NA,nork,correct,NA,,NA,33,Fri May  4 13:36:29 2018
611,extrapolation,unmarked,final,gu,sa,Noun_Selection,burglar,NA,tumbat,correct,NA,,NA,34,Fri May  4 13:36:33 2018
611,extrapolation,unmarked,final,gu,sa,Noun_Selection,waitress,NA,negid,correct,NA,,NA,35,Fri May  4 13:36:36 2018
611,extrapolation,unmarked,final,gu,sa,Noun_Selection,cowboy,NA,vaem,correct,NA,,NA,36,Fri May  4 13:36:39 2018
611,extrapolation,unmarked,final,gu,sa,Noun_Testing,chef,NA,nork,NA,NA,,NA,37,Fri May  4 13:37:01 2018
611,extrapolation,unmarked,final,gu,sa,Noun_Testing,waitress,NA,negid,NA,NA,,NA,38,Fri May  4 13:37:06 2018
611,extrapolation,unmarked,final,gu,sa,Noun_Testing,waitress,NA,negid,NA,NA,,NA,39,Fri May  4 13:37:11 2018
611,extrapolation,unmarked,final,gu,sa,Noun_Testing,burglar,NA,tumbat,NA,NA,,NA,40,Fri May  4 13:37:15 2018
611,extrapolation,unmarked,final,gu,sa,Noun_Testing,waitress,NA,negid,NA,NA,,NA,41,Fri May  4 13:37:20 2018
611,extrapolation,unmarked,final,gu,sa,Noun_Testing,chef,NA,nork,NA,NA,,NA,42,Fri May  4 13:37:24 2018
611,extrapolation,unmarked,final,gu,sa,Noun_Testing,burglar,NA,tumbat,NA,NA,,NA,43,Fri May  4 13:37:28 2018
611,extrapolation,unmarked,final,gu,sa,Noun_Testing,cowboy,NA,vaem,NA,NA,,NA,44,Fri May  4 13:37:32 2018
611,extrapolation,unmarked,final,gu,sa,Noun_Testing,chef,NA,nork,NA,NA,,NA,45,Fri May  4 13:37:36 2018
611,extrapolation,unmarked,final,gu,sa,Noun_Testing,burglar,NA,tumbat,NA,NA,,NA,46,Fri May  4 13:37:41 2018
611,extrapolation,unmarked,final,gu,sa,Noun_Testing,cowboy,NA,vaem,NA,NA,,NA,47,Fri May  4 13:37:45 2018
611,extrapolation,unmarked,final,gu,sa,Noun_Testing,cowboy,NA,vaem,NA,NA,,NA,48,Fri May  4 13:37:49 2018
611,extrapolation,unmarked,final,gu,sa,SimplePhrase_Training,point_waitress_pl_burglar_sg,NA,poinim gu negid sa tumbat,NA,NA,,NA,49,Fri May  4 13:38:25 2018
611,extrapolation,unmarked,final,gu,sa,SimplePhrase_Training,point_chef_sg_burglar_sg,NA,poinim nork sa tumbat,NA,NA,,NA,50,Fri May  4 13:38:33 2018
611,extrapolation,unmarked,final,gu,sa,SimplePhrase_Training,chef_two,NA,gu nork,NA,NA,,NA,51,Fri May  4 13:38:38 2018
611,extrapolation,unmarked,final,gu,sa,SimplePhrase_Training,kick_waitress_pl_chef_sg,NA,kikim gu negid sa nork,NA,NA,,NA,52,Fri May  4 13:38:45 2018
611,extrapolation,unmarked,final,gu,sa,SimplePhrase_Training,cowboy_three,NA,gu vaem,NA,NA,,NA,53,Fri May  4 13:38:50 2018
611,extrapolation,unmarked,final,gu,sa,SimplePhrase_Training,point_cowboy_pl_waitress_sg,NA,poinim gu vaem sa negid,NA,NA,,NA,54,Fri May  4 13:38:57 2018
611,extrapolation,unmarked,final,gu,sa,SimplePhrase_Training,waitress,NA,negid,NA,NA,,NA,55,Fri May  4 13:39:02 2018
611,extrapolation,unmarked,final,gu,sa,SimplePhrase_Training,burglar_four,NA,gu tumbat,NA,NA,,NA,56,Fri May  4 13:39:07 2018
611,extrapolation,unmarked,final,gu,sa,SimplePhrase_Training,point_cowboy_pl_chef_sg,NA,poinim gu vaem sa nork,NA,NA,,NA,57,Fri May  4 13:39:15 2018
611,extrapolation,unmarked,final,gu,sa,SimplePhrase_Training,kick_chef_pl_cowboy_sg,NA,kikim gu nork sa vaem,NA,NA,,NA,58,Fri May  4 13:39:22 2018
611,extrapolation,unmarked,final,gu,sa,SimplePhrase_Training,burglar_three,NA,gu tumbat,NA,NA,,NA,59,Fri May  4 13:39:27 2018
611,extrapolation,unmarked,final,gu,sa,SimplePhrase_Training,chef,NA,nork,NA,NA,,NA,60,Fri May  4 13:39:32 2018
611,extrapolation,unmarked,final,gu,sa,SimplePhrase_Training,punch_cowboy_pl_chef_sg,NA,straikim gu vaem sa nork,NA,NA,,NA,61,Fri May  4 13:39:40 2018
611,extrapolation,unmarked,final,gu,sa,SimplePhrase_Training,kick_waitress_sg_burglar_sg,NA,kikim negid sa tumbat,NA,NA,,NA,62,Fri May  4 13:39:47 2018
611,extrapolation,unmarked,final,gu,sa,SimplePhrase_Training,burglar_two,NA,gu tumbat,NA,NA,,NA,63,Fri May  4 13:39:52 2018
611,extrapolation,unmarked,final,gu,sa,SimplePhrase_Training,kick_waitress_pl_cowboy_sg,NA,kikim gu negid sa vaem,NA,NA,,NA,64,Fri May  4 13:39:59 2018
611,extrapolation,unmarked,final,gu,sa,SimplePhrase_Training,punch_chef_sg_waitress_sg,NA,straikim nork sa negid,NA,NA,,NA,65,Fri May  4 13:40:07 2018
611,extrapolation,unmarked,final,gu,sa,SimplePhrase_Training,burglar_three,NA,gu tumbat,NA,NA,,NA,66,Fri May  4 13:40:12 2018
611,extrapolation,unmarked,final,gu,sa,SimplePhrase_Training,point_cowboy_pl_burglar_sg,NA,poinim gu vaem sa tumbat,NA,NA,,NA,67,Fri May  4 13:40:19 2018
611,extrapolation,unmarked,final,gu,sa,SimplePhrase_Training,chef_three,NA,gu nork,NA,NA,,NA,68,Fri May  4 13:40:24 2018
611,extrapolation,unmarked,final,gu,sa,SimplePhrase_Training,kick_chef_sg_burglar_sg,NA,kikim nork sa tumbat,NA,NA,,NA,69,Fri May  4 13:40:32 2018
611,extrapolation,unmarked,final,gu,sa,SimplePhrase_Training,point_waitress_sg_chef_sg,NA,poinim negid sa nork,NA,NA,,NA,70,Fri May  4 13:40:39 2018
611,extrapolation,unmarked,final,gu,sa,SimplePhrase_Training,punch_cowboy_pl_waitress_sg,NA,straikim gu vaem sa negid,NA,NA,,NA,71,Fri May  4 13:40:47 2018
611,extrapolation,unmarked,final,gu,sa,SimplePhrase_Training,cowboy_two,NA,gu vaem,NA,NA,,NA,72,Fri May  4 13:40:52 2018
611,extrapolation,unmarked,final,gu,sa,SimplePhrase_Training,chef_four,NA,gu nork,NA,NA,,NA,73,Fri May  4 13:40:57 2018
611,extrapolation,unmarked,final,gu,sa,SimplePhrase_Training,point_burglar_sg_chef_sg,NA,poinim tumbat sa nork,NA,NA,,NA,74,Fri May  4 13:41:04 2018
611,extrapolation,unmarked,final,gu,sa,SimplePhrase_Training,kick_cowboy_sg_waitress_sg,NA,kikim vaem sa negid,NA,NA,,NA,75,Fri May  4 13:41:11 2018
611,extrapolation,unmarked,final,gu,sa,SimplePhrase_Training,kick_burglar_sg_cowboy_sg,NA,kikim tumbat sa vaem,NA,NA,,NA,76,Fri May  4 13:41:19 2018
611,extrapolation,unmarked,final,gu,sa,SimplePhrase_Training,punch_waitress_pl_chef_sg,NA,straikim gu negid sa nork,NA,NA,,NA,77,Fri May  4 13:41:26 2018
611,extrapolation,unmarked,final,gu,sa,SimplePhrase_Training,punch_waitress_pl_cowboy_sg,NA,straikim gu negid sa vaem,NA,NA,,NA,78,Fri May  4 13:41:34 2018
611,extrapolation,unmarked,final,gu,sa,SimplePhrase_Training,burglar,NA,tumbat,NA,NA,,NA,79,Fri May  4 13:41:38 2018
611,extrapolation,unmarked,final,gu,sa,SimplePhrase_Training,kick_cowboy_sg_burglar_sg,NA,kikim vaem sa tumbat,NA,NA,,NA,80,Fri May  4 13:41:46 2018
611,extrapolation,unmarked,final,gu,sa,SimplePhrase_Training,waitress_two,NA,gu negid,NA,NA,,NA,81,Fri May  4 13:41:51 2018
611,extrapolation,unmarked,final,gu,sa,SimplePhrase_Training,punch_burglar_pl_chef_sg,NA,straikim gu tumbat sa nork,NA,NA,,NA,82,Fri May  4 13:41:58 2018
611,extrapolation,unmarked,final,gu,sa,SimplePhrase_Training,punch_burglar_pl_cowboy_sg,NA,straikim gu tumbat sa vaem,NA,NA,,NA,83,Fri May  4 13:42:06 2018
611,extrapolation,unmarked,final,gu,sa,SimplePhrase_Training,punch_burglar_pl_waitress_sg,NA,straikim gu tumbat sa negid,NA,NA,,NA,84,Fri May  4 13:42:14 2018
611,extrapolation,unmarked,final,gu,sa,SimplePhrase_Training,punch_waitress_sg_burglar_sg,NA,straikim negid sa tumbat,NA,NA,,NA,85,Fri May  4 13:42:21 2018
611,extrapolation,unmarked,final,gu,sa,SimplePhrase_Training,kick_chef_sg_waitress_sg,NA,kikim nork sa negid,NA,NA,,NA,86,Fri May  4 13:42:29 2018
611,extrapolation,unmarked,final,gu,sa,SimplePhrase_Training,point_waitress_pl_cowboy_sg,NA,poinim gu negid sa vaem,NA,NA,,NA,87,Fri May  4 13:42:36 2018
611,extrapolation,unmarked,final,gu,sa,SimplePhrase_Training,kick_cowboy_pl_chef_sg,NA,kikim gu vaem sa nork,NA,NA,,NA,88,Fri May  4 13:42:43 2018
611,extrapolation,unmarked,final,gu,sa,SimplePhrase_Training,waitress_four,NA,gu negid,NA,NA,,NA,89,Fri May  4 13:42:48 2018
611,extrapolation,unmarked,final,gu,sa,SimplePhrase_Training,cowboy,NA,vaem,NA,NA,,NA,90,Fri May  4 13:42:53 2018
611,extrapolation,unmarked,final,gu,sa,SimplePhrase_Training,cowboy_four,NA,gu vaem,NA,NA,,NA,91,Fri May  4 13:42:58 2018
611,extrapolation,unmarked,final,gu,sa,SimplePhrase_Training,burglar_two,NA,gu tumbat,NA,NA,,NA,92,Fri May  4 13:43:03 2018
611,extrapolation,unmarked,final,gu,sa,SimplePhrase_Training,chef,NA,nork,NA,NA,,NA,93,Fri May  4 13:43:08 2018
611,extrapolation,unmarked,final,gu,sa,SimplePhrase_Training,kick_burglar_sg_chef_sg,NA,kikim tumbat sa nork,NA,NA,,NA,94,Fri May  4 13:43:15 2018
611,extrapolation,unmarked,final,gu,sa,SimplePhrase_Training,burglar,NA,tumbat,NA,NA,,NA,95,Fri May  4 13:43:20 2018
611,extrapolation,unmarked,final,gu,sa,SimplePhrase_Training,kick_burglar_sg_waitress_sg,NA,kikim tumbat sa negid,NA,NA,,NA,96,Fri May  4 13:43:27 2018
611,extrapolation,unmarked,final,gu,sa,SimplePhrase_Training,cowboy_two,NA,gu vaem,NA,NA,,NA,97,Fri May  4 13:43:32 2018
611,extrapolation,unmarked,final,gu,sa,SimplePhrase_Training,waitress_four,NA,gu negid,NA,NA,,NA,98,Fri May  4 13:43:37 2018
611,extrapolation,unmarked,final,gu,sa,SimplePhrase_Training,waitress_three,NA,gu negid,NA,NA,,NA,99,Fri May  4 13:43:42 2018
611,extrapolation,unmarked,final,gu,sa,SimplePhrase_Training,cowboy_four,NA,gu vaem,NA,NA,,NA,100,Fri May  4 13:43:47 2018
611,extrapolation,unmarked,final,gu,sa,SimplePhrase_Training,waitress,NA,negid,NA,NA,,NA,101,Fri May  4 13:43:52 2018
611,extrapolation,unmarked,final,gu,sa,SimplePhrase_Training,point_burglar_sg_waitress_sg,NA,poinim tumbat sa negid,NA,NA,,NA,102,Fri May  4 13:43:59 2018
611,extrapolation,unmarked,final,gu,sa,SimplePhrase_Training,punch_cowboy_sg_burglar_sg,NA,straikim vaem sa tumbat,NA,NA,,NA,103,Fri May  4 13:44:07 2018
611,extrapolation,unmarked,final,gu,sa,SimplePhrase_Training,cowboy,NA,vaem,NA,NA,,NA,104,Fri May  4 13:44:11 2018
611,extrapolation,unmarked,final,gu,sa,SimplePhrase_Training,punch_chef_pl_cowboy_sg,NA,straikim gu nork sa vaem,NA,NA,,NA,105,Fri May  4 13:44:19 2018
611,extrapolation,unmarked,final,gu,sa,SimplePhrase_Training,cowboy_three,NA,gu vaem,NA,NA,,NA,106,Fri May  4 13:44:24 2018
611,extrapolation,unmarked,final,gu,sa,SimplePhrase_Training,punch_chef_sg_burglar_sg,NA,straikim nork sa tumbat,NA,NA,,NA,107,Fri May  4 13:44:32 2018
611,extrapolation,unmarked,final,gu,sa,SimplePhrase_Training,point_chef_sg_cowboy_sg,NA,poinim nork sa vaem,NA,NA,,NA,108,Fri May  4 13:44:39 2018
611,extrapolation,unmarked,final,gu,sa,SimplePhrase_Training,point_burglar_pl_cowboy_sg,NA,poinim gu tumbat sa vaem,NA,NA,,NA,109,Fri May  4 13:44:47 2018
611,extrapolation,unmarked,final,gu,sa,SimplePhrase_Training,point_chef_sg_waitress_sg,NA,poinim nork sa negid,NA,NA,,NA,110,Fri May  4 13:44:54 2018
611,extrapolation,unmarked,final,gu,sa,SimplePhrase_Comprehension,burglar,NA,tumbat,correct,NA,,NA,111,Fri May  4 13:45:15 2018
611,extrapolation,unmarked,final,gu,sa,SimplePhrase_Comprehension,chef,NA,nork,correct,NA,,NA,112,Fri May  4 13:45:19 2018
611,extrapolation,unmarked,final,gu,sa,SimplePhrase_Comprehension,waitress,NA,negid,correct,NA,,NA,113,Fri May  4 13:45:23 2018
611,extrapolation,unmarked,final,gu,sa,SimplePhrase_Comprehension,kick_waitress_pl_burglar_sg,NA,kikim gu negid sa tumbat,correct,NA,,NA,114,Fri May  4 13:45:30 2018
611,extrapolation,unmarked,final,gu,sa,SimplePhrase_Comprehension,punch_waitress_pl_burglar_sg,NA,straikim gu negid sa tumbat,correct,NA,,NA,115,Fri May  4 13:45:36 2018
611,extrapolation,unmarked,final,gu,sa,SimplePhrase_Comprehension,burglar_four,NA,gu tumbat,correct,NA,,NA,116,Fri May  4 13:45:40 2018
611,extrapolation,unmarked,final,gu,sa,SimplePhrase_Comprehension,chef_two,NA,gu nork,correct,NA,,NA,117,Fri May  4 13:45:44 2018
611,extrapolation,unmarked,final,gu,sa,SimplePhrase_Comprehension,punch_chef_pl_waitress_sg,NA,straikim gu nork sa negid,correct,NA,,NA,118,Fri May  4 13:45:50 2018
611,extrapolation,unmarked,final,gu,sa,SimplePhrase_Comprehension,cowboy,NA,vaem,correct,NA,,NA,119,Fri May  4 13:45:54 2018
611,extrapolation,unmarked,final,gu,sa,SimplePhrase_Comprehension,cowboy_two,NA,gu vaem,correct,NA,,NA,120,Fri May  4 13:45:58 2018
611,extrapolation,unmarked,final,gu,sa,SimplePhrase_Comprehension,kick_cowboy_pl_burglar_sg,NA,kikim gu vaem sa tumbat,correct,NA,,NA,121,Fri May  4 13:46:04 2018
611,extrapolation,unmarked,final,gu,sa,SimplePhrase_Comprehension,point_chef_pl_cowboy_sg,NA,poinim gu nork sa vaem,correct,NA,,NA,122,Fri May  4 13:46:10 2018
611,extrapolation,unmarked,final,gu,sa,SimplePhrase_Comprehension,kick_waitress_sg_cowboy_sg,NA,kikim negid sa vaem,correct,NA,,NA,123,Fri May  4 13:46:15 2018
611,extrapolation,unmarked,final,gu,sa,SimplePhrase_Comprehension,punch_burglar_sg_cowboy_sg,NA,straikim tumbat sa vaem,correct,NA,,NA,124,Fri May  4 13:46:21 2018
611,extrapolation,unmarked,final,gu,sa,SimplePhrase_Comprehension,burglar_three,NA,gu tumbat,correct,NA,,NA,125,Fri May  4 13:46:25 2018
611,extrapolation,unmarked,final,gu,sa,SimplePhrase_Comprehension,kick_chef_pl_burglar_sg,NA,kikim gu nork sa tumbat,correct,NA,,NA,126,Fri May  4 13:46:31 2018
611,extrapolation,unmarked,final,gu,sa,SimplePhrase_Comprehension,punch_cowboy_sg_chef_sg,NA,straikim vaem sa nork,correct,NA,,NA,127,Fri May  4 13:46:36 2018
611,extrapolation,unmarked,final,gu,sa,SimplePhrase_Comprehension,waitress_four,NA,gu negid,correct,NA,,NA,128,Fri May  4 13:46:40 2018
611,extrapolation,unmarked,final,gu,sa,SimplePhrase_Comprehension,chef_three,NA,gu nork,correct,NA,,NA,129,Fri May  4 13:46:45 2018
611,extrapolation,unmarked,final,gu,sa,SimplePhrase_Comprehension,kick_waitress_sg_chef_sg,NA,kikim negid sa nork,correct,NA,,NA,130,Fri May  4 13:46:50 2018
611,extrapolation,unmarked,final,gu,sa,SimplePhrase_Comprehension,point_waitress_pl_chef_sg,NA,poinim gu negid sa nork,correct,NA,,NA,131,Fri May  4 13:46:56 2018
611,extrapolation,unmarked,final,gu,sa,SimplePhrase_Comprehension,waitress_three,NA,gu negid,correct,NA,,NA,132,Fri May  4 13:47:00 2018
611,extrapolation,unmarked,final,gu,sa,SimplePhrase_Comprehension,chef_four,NA,gu nork,correct,NA,,NA,133,Fri May  4 13:47:04 2018
611,extrapolation,unmarked,final,gu,sa,SimplePhrase_Comprehension,point_chef_pl_waitress_sg,NA,poinim gu nork sa negid,correct,NA,,NA,134,Fri May  4 13:47:10 2018
611,extrapolation,unmarked,final,gu,sa,SimplePhrase_Comprehension,point_burglar_sg_cowboy_sg,NA,poinim tumbat sa vaem,correct,NA,,NA,135,Fri May  4 13:47:16 2018
611,extrapolation,unmarked,final,gu,sa,SimplePhrase_Comprehension,point_burglar_pl_chef_sg,NA,poinim gu tumbat sa nork,correct,NA,,NA,136,Fri May  4 13:47:22 2018
611,extrapolation,unmarked,final,gu,sa,SimplePhrase_Comprehension,punch_chef_sg_cowboy_sg,NA,straikim nork sa vaem,correct,NA,,NA,137,Fri May  4 13:47:27 2018
611,extrapolation,unmarked,final,gu,sa,SimplePhrase_Comprehension,punch_cowboy_sg_waitress_sg,NA,straikim vaem sa negid,correct,NA,,NA,138,Fri May  4 13:47:34 2018
611,extrapolation,unmarked,final,gu,sa,SimplePhrase_Comprehension,burglar_two,NA,gu tumbat,correct,NA,,NA,139,Fri May  4 13:47:38 2018
611,extrapolation,unmarked,final,gu,sa,SimplePhrase_Comprehension,punch_waitress_sg_cowboy_sg,NA,straikim negid sa vaem,correct,NA,,NA,140,Fri May  4 13:47:44 2018
611,extrapolation,unmarked,final,gu,sa,SimplePhrase_Comprehension,punch_waitress_sg_chef_sg,NA,straikim negid sa nork,correct,NA,,NA,141,Fri May  4 13:47:49 2018
611,extrapolation,unmarked,final,gu,sa,SimplePhrase_Comprehension,point_waitress_sg_cowboy_sg,NA,poinim negid sa vaem,correct,NA,,NA,142,Fri May  4 13:47:55 2018
611,extrapolation,unmarked,final,gu,sa,SimplePhrase_Comprehension,punch_cowboy_pl_burglar_sg,NA,straikim gu vaem sa tumbat,correct,NA,,NA,143,Fri May  4 13:48:01 2018
611,extrapolation,unmarked,final,gu,sa,SimplePhrase_Comprehension,waitress_two,NA,gu negid,correct,NA,,NA,144,Fri May  4 13:48:05 2018
611,extrapolation,unmarked,final,gu,sa,SimplePhrase_Typing,waitress,NA,negid,NA,negid,,NA,145,Fri May  4 13:48:36 2018
611,extrapolation,unmarked,final,gu,sa,SimplePhrase_Typing,kick_waitress_pl_cowboy_sg,NA,kikim gu negid sa vaem,NA,kikim gu negid sa vaem,,NA,146,Fri May  4 13:48:58 2018
611,extrapolation,unmarked,final,gu,sa,SimplePhrase_Typing,punch_cowboy_sg_burglar_sg,NA,straikim vaem sa tumbat,NA,straikim vaem sa tumbat,,NA,147,Fri May  4 13:49:13 2018
611,extrapolation,unmarked,final,gu,sa,SimplePhrase_Typing,burglar,NA,tumbat,NA,tumbat,,NA,148,Fri May  4 13:49:19 2018
611,extrapolation,unmarked,final,gu,sa,SimplePhrase_Typing,kick_cowboy_pl_chef_sg,NA,kikim gu vaem sa nork,NA,kikim gu vaem sa nork,,NA,149,Fri May  4 13:49:32 2018
611,extrapolation,unmarked,final,gu,sa,SimplePhrase_Typing,kick_chef_sg_waitress_sg,NA,kikim nork sa negid,NA,kikim nork sa negid,,NA,150,Fri May  4 13:49:43 2018
611,extrapolation,unmarked,final,gu,sa,SimplePhrase_Typing,chef,NA,nork,NA,nork,,NA,151,Fri May  4 13:49:50 2018
611,extrapolation,unmarked,final,gu,sa,SimplePhrase_Typing,cowboy_four,NA,gu vaem,NA,gu vaem,,NA,152,Fri May  4 13:49:58 2018
611,extrapolation,unmarked,final,gu,sa,SimplePhrase_Typing,point_waitress_pl_burglar_sg,NA,poinim gu negid sa tumbat,NA,poinim gu negid sa tumbat,,NA,153,Fri May  4 13:50:10 2018
611,extrapolation,unmarked,final,gu,sa,SimplePhrase_Typing,burglar_three,NA,gu tumbat,NA,gu tumbat,,NA,154,Fri May  4 13:50:18 2018
611,extrapolation,unmarked,final,gu,sa,SimplePhrase_Typing,kick_burglar_sg_chef_sg,NA,kikim tumbat sa nork,NA,kikim tumbat sa nork,,NA,155,Fri May  4 13:50:28 2018
611,extrapolation,unmarked,final,gu,sa,SimplePhrase_Typing,kick_waitress_sg_burglar_sg,NA,kikim negid sa tumbat,NA,kikim negid sa tumbat,,NA,156,Fri May  4 13:50:41 2018
611,extrapolation,unmarked,final,gu,sa,SimplePhrase_Typing,burglar_two,NA,gu tumbat,NA,gu tumbat,,NA,157,Fri May  4 13:50:50 2018
611,extrapolation,unmarked,final,gu,sa,SimplePhrase_Typing,cowboy,NA,vaem,NA,vaem,,NA,158,Fri May  4 13:50:56 2018
611,extrapolation,unmarked,final,gu,sa,SimplePhrase_Typing,punch_waitress_pl_chef_sg,NA,straikim gu negid sa nork,NA,straikim gu negid sa nork,,NA,159,Fri May  4 13:51:07 2018
611,extrapolation,unmarked,final,gu,sa,SimplePhrase_Typing,chef_three,NA,gu nork,NA,gu nork,,NA,160,Fri May  4 13:51:14 2018
611,extrapolation,unmarked,final,gu,sa,ComplexPhrase_Typing,punch_cowboy_sg_waitress_pl,waitress,straikim vaem sa gu negid,NA,straikim vaem sa gu negid,,NA,161,Fri May  4 13:51:50 2018
611,extrapolation,unmarked,final,gu,sa,ComplexPhrase_Typing,point_cowboy_sg_waitress_pl,waitress,poinim vaem sa gu negid,NA,poinim vaem sa gu negid,,NA,162,Fri May  4 13:52:01 2018
611,extrapolation,unmarked,final,gu,sa,ComplexPhrase_Typing,kick_waitress_sg_cowboy_pl,cowboy,kikim negid sa gu vaem,NA,kikim nedig sa gu vaem,,NA,163,Fri May  4 13:52:10 2018
611,extrapolation,unmarked,final,gu,sa,ComplexPhrase_Typing,point_waitress_sg_burglar_pl,burglar,poinim negid sa gu tumbat,NA,poinim negid sa gu tumbat,,NA,164,Fri May  4 13:52:17 2018
611,extrapolation,unmarked,final,gu,sa,ComplexPhrase_Typing,point_cowboy_sg_waitress_pl,waitress,poinim vaem sa gu negid,NA,poinim vaem sa gu negid,,NA,165,Fri May  4 13:52:24 2018
611,extrapolation,unmarked,final,gu,sa,ComplexPhrase_Typing,point_waitress_sg_burglar_pl,burglar,poinim negid sa gu tumbat,NA,poinim negid sa gu tumbat,,NA,166,Fri May  4 13:52:31 2018
611,extrapolation,unmarked,final,gu,sa,ComplexPhrase_Typing,punch_cowboy_sg_waitress_pl,waitress,straikim vaem sa gu negid,NA,straikim vaem sa gu negid,,NA,167,Fri May  4 13:52:39 2018
611,extrapolation,unmarked,final,gu,sa,ComplexPhrase_Typing,kick_waitress_sg_cowboy_pl,cowboy,kikim negid sa gu vaem,NA,kikim negid sa gu vaem,,NA,168,Fri May  4 13:52:45 2018
611,extrapolation,unmarked,final,gu,sa,ComplexPhrase_Typing,point_cowboy_sg_waitress_pl,waitress,poinim vaem sa gu negid,NA,poinim vaem sa gu negid,,NA,169,Fri May  4 13:52:53 2018
611,extrapolation,unmarked,final,gu,sa,ComplexPhrase_Typing,point_waitress_sg_burglar_pl,burglar,poinim negid sa gu tumbat,NA,poinim nagid sa gu tumbat,,NA,170,Fri May  4 13:53:01 2018
611,extrapolation,unmarked,final,gu,sa,ComplexPhrase_Typing,kick_waitress_sg_cowboy_pl,cowboy,kikim negid sa gu vaem,NA,kikim negid sa gu vaem,,NA,171,Fri May  4 13:53:08 2018
611,extrapolation,unmarked,final,gu,sa,ComplexPhrase_Typing,punch_cowboy_sg_waitress_pl,waitress,straikim vaem sa gu negid,NA,straikim vaem sa gu negid,,NA,172,Fri May  4 13:53:14 2018
611,extrapolation,unmarked,final,gu,sa,ComplexPhrase_Testing,point_waitress_sg_chef_pl,chef,poinim negid sa gu nork,NA,NA,,NA,173,Fri May  4 13:53:58 2018
611,extrapolation,unmarked,final,gu,sa,ComplexPhrase_Testing,point_burglar_sg_cowboy_sg,NA,poinim tumbat sa vaem,NA,NA,,NA,174,Fri May  4 13:54:03 2018
611,extrapolation,unmarked,final,gu,sa,ComplexPhrase_Testing,punch_cowboy_sg_waitress_pl,waitress,straikim vaem sa gu negid,NA,NA,,NA,175,Fri May  4 13:54:13 2018
611,extrapolation,unmarked,final,gu,sa,ComplexPhrase_Testing,punch_cowboy_sg_waitress_pl,waitress,straikim vaem sa gu negid,NA,NA,,NA,176,Fri May  4 13:54:19 2018
611,extrapolation,unmarked,final,gu,sa,ComplexPhrase_Testing,punch_burglar_sg_waitress_pl,waitress,straikim tumbat sa gu negid,NA,NA,,NA,177,Fri May  4 13:54:25 2018
611,extrapolation,unmarked,final,gu,sa,ComplexPhrase_Testing,kick_chef_sg_burglar_pl,burglar,kikim nork sa gu tumbat,NA,NA,,NA,178,Fri May  4 13:54:30 2018
611,extrapolation,unmarked,final,gu,sa,ComplexPhrase_Testing,point_cowboy_pl_waitress_sg,NA,poinim gu vaem sa negid,NA,NA,,NA,179,Fri May  4 13:54:44 2018
611,extrapolation,unmarked,final,gu,sa,ComplexPhrase_Testing,punch_burglar_sg_cowboy_pl,cowboy,straikim tumbat sa gu vaem,NA,NA,,NA,180,Fri May  4 13:54:53 2018
611,extrapolation,unmarked,final,gu,sa,ComplexPhrase_Testing,point_cowboy_sg_burglar_pl,burglar,poinim vaem sa gu tumbat,NA,NA,,NA,181,Fri May  4 13:54:59 2018
611,extrapolation,unmarked,final,gu,sa,ComplexPhrase_Testing,point_waitress_sg_chef_sg,NA,poinim negid sa nork,NA,NA,,NA,182,Fri May  4 13:55:03 2018
611,extrapolation,unmarked,final,gu,sa,ComplexPhrase_Testing,punch_waitress_sg_cowboy_pl,cowboy,straikim negid sa gu vaem,NA,NA,,NA,183,Fri May  4 13:55:12 2018
611,extrapolation,unmarked,final,gu,sa,ComplexPhrase_Testing,kick_cowboy_sg_burglar_pl,burglar,kikim vaem sa gu tumbat,NA,NA,,NA,184,Fri May  4 13:55:18 2018
611,extrapolation,unmarked,final,gu,sa,ComplexPhrase_Testing,punch_burglar_sg_cowboy_pl,cowboy,straikim tumbat sa gu vaem,NA,NA,,NA,185,Fri May  4 13:55:24 2018
611,extrapolation,unmarked,final,gu,sa,ComplexPhrase_Testing,kick_cowboy_sg_burglar_pl,burglar,kikim vaem sa gu tumbat,NA,NA,,NA,186,Fri May  4 13:55:30 2018
611,extrapolation,unmarked,final,gu,sa,ComplexPhrase_Testing,chef_two,NA,gu nork,NA,NA,,NA,187,Fri May  4 13:55:33 2018
611,extrapolation,unmarked,final,gu,sa,ComplexPhrase_Testing,kick_waitress_sg_cowboy_pl,cowboy,kikim negid sa gu vaem,NA,NA,,NA,188,Fri May  4 13:55:41 2018
611,extrapolation,unmarked,final,gu,sa,ComplexPhrase_Testing,kick_chef_sg_burglar_pl,burglar,kikim nork sa gu tumbat,NA,NA,,NA,189,Fri May  4 13:55:46 2018
611,extrapolation,unmarked,final,gu,sa,ComplexPhrase_Testing,punch_cowboy_pl_burglar_sg,NA,straikim gu vaem sa tumbat,NA,NA,,NA,190,Fri May  4 13:55:52 2018
611,extrapolation,unmarked,final,gu,sa,ComplexPhrase_Testing,kick_chef_sg_burglar_pl,burglar,kikim nork sa gu tumbat,NA,NA,,NA,191,Fri May  4 13:56:01 2018
611,extrapolation,unmarked,final,gu,sa,ComplexPhrase_Testing,kick_cowboy_sg_burglar_sg,NA,kikim vaem sa tumbat,NA,NA,,NA,192,Fri May  4 13:56:05 2018
611,extrapolation,unmarked,final,gu,sa,ComplexPhrase_Testing,burglar_three,NA,gu tumbat,NA,NA,,NA,193,Fri May  4 13:56:12 2018
611,extrapolation,unmarked,final,gu,sa,ComplexPhrase_Testing,punch_burglar_sg_cowboy_pl,cowboy,straikim tumbat sa gu vaem,NA,NA,,NA,194,Fri May  4 13:56:18 2018
611,extrapolation,unmarked,final,gu,sa,ComplexPhrase_Testing,waitress_two,NA,gu negid,NA,NA,,NA,195,Fri May  4 13:56:22 2018
611,extrapolation,unmarked,final,gu,sa,ComplexPhrase_Testing,point_waitress_sg_chef_pl,chef,poinim negid sa gu nork,NA,NA,,NA,196,Fri May  4 13:56:28 2018
611,extrapolation,unmarked,final,gu,sa,ComplexPhrase_Testing,chef,NA,nork,NA,NA,,NA,197,Fri May  4 13:56:30 2018
611,extrapolation,unmarked,final,gu,sa,ComplexPhrase_Testing,kick_cowboy_sg_waitress_pl,waitress,kikim vaem sa gu negid,NA,NA,,NA,198,Fri May  4 13:56:36 2018
611,extrapolation,unmarked,final,gu,sa,ComplexPhrase_Testing,point_cowboy_sg_burglar_pl,burglar,poinim vaem sa gu tumbat,NA,NA,,NA,199,Fri May  4 13:56:42 2018
611,extrapolation,unmarked,final,gu,sa,ComplexPhrase_Testing,kick_burglar_sg_waitress_pl,waitress,kikim tumbat sa gu negid,NA,NA,,NA,200,Fri May  4 13:56:47 2018
611,extrapolation,unmarked,final,gu,sa,ComplexPhrase_Testing,punch_chef_sg_waitress_sg,NA,straikim nork sa negid,NA,NA,,NA,201,Fri May  4 13:56:52 2018
611,extrapolation,unmarked,final,gu,sa,ComplexPhrase_Testing,punch_burglar_sg_waitress_pl,waitress,straikim tumbat sa gu negid,NA,NA,,NA,202,Fri May  4 13:56:59 2018
611,extrapolation,unmarked,final,gu,sa,ComplexPhrase_Testing,kick_burglar_sg_waitress_pl,waitress,kikim tumbat sa gu negid,NA,NA,,NA,203,Fri May  4 13:57:05 2018
611,extrapolation,unmarked,final,gu,sa,ComplexPhrase_Testing,point_burglar_pl_chef_sg,NA,poinim gu tumbat sa nork,NA,NA,,NA,204,Fri May  4 13:57:16 2018
611,extrapolation,unmarked,final,gu,sa,ComplexPhrase_Testing,kick_cowboy_pl_waitress_sg,NA,kikim gu vaem sa negid,NA,NA,,NA,205,Fri May  4 13:57:29 2018
611,extrapolation,unmarked,final,gu,sa,ComplexPhrase_Testing,kick_waitress_sg_cowboy_pl,cowboy,kikim negid sa gu vaem,NA,NA,,NA,206,Fri May  4 13:57:41 2018
611,extrapolation,unmarked,final,gu,sa,ComplexPhrase_Testing,kick_waitress_sg_cowboy_sg,NA,kikim negid sa vaem,NA,NA,,NA,207,Fri May  4 13:57:46 2018
611,extrapolation,unmarked,final,gu,sa,ComplexPhrase_Testing,kick_burglar_sg_waitress_pl,waitress,kikim tumbat sa gu negid,NA,NA,,NA,208,Fri May  4 13:57:55 2018
611,extrapolation,unmarked,final,gu,sa,ComplexPhrase_Testing,kick_chef_sg_waitress_pl,waitress,kikim nork sa gu negid,NA,NA,,NA,209,Fri May  4 13:58:00 2018
611,extrapolation,unmarked,final,gu,sa,ComplexPhrase_Testing,kick_cowboy_sg_burglar_pl,burglar,kikim vaem sa gu tumbat,NA,NA,,NA,210,Fri May  4 13:58:05 2018
611,extrapolation,unmarked,final,gu,sa,ComplexPhrase_Testing,chef_three,NA,gu nork,NA,NA,,NA,211,Fri May  4 13:58:08 2018
611,extrapolation,unmarked,final,gu,sa,ComplexPhrase_Testing,punch_burglar_sg_waitress_pl,waitress,straikim tumbat sa gu negid,NA,NA,,NA,212,Fri May  4 13:58:15 2018
611,extrapolation,unmarked,final,gu,sa,ComplexPhrase_Testing,punch_waitress_pl_cowboy_sg,NA,straikim gu negid sa vaem,NA,NA,,NA,213,Fri May  4 13:58:22 2018
611,extrapolation,unmarked,final,gu,sa,ComplexPhrase_Testing,punch_waitress_sg_cowboy_pl,cowboy,straikim negid sa gu vaem,NA,NA,,NA,214,Fri May  4 13:58:35 2018
611,extrapolation,unmarked,final,gu,sa,ComplexPhrase_Testing,punch_waitress_sg_cowboy_pl,cowboy,straikim negid sa gu vaem,NA,NA,,NA,215,Fri May  4 13:58:41 2018
611,extrapolation,unmarked,final,gu,sa,ComplexPhrase_Testing,kick_chef_sg_waitress_pl,waitress,kikim nork sa gu negid,NA,NA,,NA,216,Fri May  4 13:58:47 2018
611,extrapolation,unmarked,final,gu,sa,ComplexPhrase_Testing,punch_chef_sg_cowboy_sg,NA,straikim nork sa vaem,NA,NA,,NA,217,Fri May  4 13:58:52 2018
611,extrapolation,unmarked,final,gu,sa,ComplexPhrase_Testing,kick_waitress_pl_chef_sg,NA,kikim gu negid sa nork,NA,NA,,NA,218,Fri May  4 13:59:02 2018
611,extrapolation,unmarked,final,gu,sa,ComplexPhrase_Testing,cowboy_two,NA,gu vaem,NA,NA,,NA,219,Fri May  4 13:59:09 2018
611,extrapolation,unmarked,final,gu,sa,ComplexPhrase_Testing,punch_cowboy_sg_waitress_pl,waitress,straikim vaem sa gu negid,NA,NA,,NA,220,Fri May  4 13:59:16 2018
611,extrapolation,unmarked,final,gu,sa,ComplexPhrase_Testing,kick_cowboy_sg_waitress_pl,waitress,kikim vaem sa gu negid,NA,NA,,NA,221,Fri May  4 13:59:24 2018
611,extrapolation,unmarked,final,gu,sa,ComplexPhrase_Testing,kick_cowboy_sg_waitress_pl,waitress,kikim vaem sa gu negid,NA,NA,,NA,222,Fri May  4 13:59:29 2018
611,extrapolation,unmarked,final,gu,sa,ComplexPhrase_Testing,cowboy,NA,vaem,NA,NA,,NA,223,Fri May  4 13:59:32 2018
611,extrapolation,unmarked,final,gu,sa,ComplexPhrase_Testing,point_waitress_sg_chef_pl,chef,poinim negid sa gu nork,NA,NA,,NA,224,Fri May  4 13:59:38 2018
611,extrapolation,unmarked,final,gu,sa,ComplexPhrase_Testing,burglar,NA,tumbat,NA,NA,,NA,225,Fri May  4 13:59:41 2018
611,extrapolation,unmarked,final,gu,sa,ComplexPhrase_Testing,waitress,NA,negid,NA,NA,,NA,226,Fri May  4 13:59:45 2018
611,extrapolation,unmarked,final,gu,sa,ComplexPhrase_Testing,kick_waitress_sg_cowboy_pl,cowboy,kikim negid sa gu vaem,NA,NA,,NA,227,Fri May  4 13:59:52 2018
611,extrapolation,unmarked,final,gu,sa,ComplexPhrase_Testing,cowboy_three,NA,gu vaem,NA,NA,,NA,228,Fri May  4 13:59:54 2018
611,extrapolation,unmarked,final,gu,sa,ComplexPhrase_Testing,point_cowboy_sg_burglar_pl,burglar,poinim vaem sa gu tumbat,NA,NA,,NA,229,Fri May  4 14:00:00 2018
611,extrapolation,unmarked,final,gu,sa,ComplexPhrase_Testing,kick_chef_sg_waitress_pl,waitress,kikim nork sa gu negid,NA,NA,,NA,230,Fri May  4 14:00:04 2018
611,extrapolation,unmarked,final,gu,sa,Questionnaire,NA,NA,NA,NA,NA,,some,MeaningNum,Fri May  4 14:01:01 2018
611,extrapolation,unmarked,final,gu,sa,Questionnaire,NA,NA,NA,NA,NA,,at,MeaningCase,Fri May  4 14:01:01 2018
611,extrapolation,unmarked,final,gu,sa,Questionnaire,NA,NA,NA,NA,NA,,before,OrderNumNoun,Fri May  4 14:01:01 2018
611,extrapolation,unmarked,final,gu,sa,Questionnaire,NA,NA,NA,NA,NA,,before,OrderCaseNoun,Fri May  4 14:01:01 2018
611,extrapolation,unmarked,final,gu,sa,Questionnaire,NA,NA,NA,NA,NA,,English,Languages,Fri May  4 14:01:01 2018
