ID,Condition,MajorityOrder,NounPosition,markerNum,markerCase,Phase,Meaning,NounItem,InputSentence,Selection,TypedResponse,SpokenResponse,AnswerQuest,Trial,date&time
615,extrapolation,unmarked,final,gu,sa,Noun_Training,waitress,NA,negid,NA,NA,,NA,1,Fri May  4 14:59:18 2018
615,extrapolation,unmarked,final,gu,sa,Noun_Training,burglar,NA,vaem,NA,NA,,NA,2,Fri May  4 14:59:22 2018
615,extrapolation,unmarked,final,gu,sa,Noun_Training,chef,NA,nork,NA,NA,,NA,3,Fri May  4 14:59:27 2018
615,extrapolation,unmarked,final,gu,sa,Noun_Training,cowboy,NA,tumbat,NA,NA,,NA,4,Fri May  4 14:59:32 2018
615,extrapolation,unmarked,final,gu,sa,Noun_Training,cowboy,NA,tumbat,NA,NA,,NA,5,Fri May  4 14:59:37 2018
615,extrapolation,unmarked,final,gu,sa,Noun_Training,burglar,NA,vaem,NA,NA,,NA,6,Fri May  4 14:59:42 2018
615,extrapolation,unmarked,final,gu,sa,Noun_Training,waitress,NA,negid,NA,NA,,NA,7,Fri May  4 14:59:47 2018
615,extrapolation,unmarked,final,gu,sa,Noun_Training,waitress,NA,negid,NA,NA,,NA,8,Fri May  4 14:59:51 2018
615,extrapolation,unmarked,final,gu,sa,Noun_Training,chef,NA,nork,NA,NA,,NA,9,Fri May  4 14:59:56 2018
615,extrapolation,unmarked,final,gu,sa,Noun_Training,cowboy,NA,tumbat,NA,NA,,NA,10,Fri May  4 15:00:01 2018
615,extrapolation,unmarked,final,gu,sa,Noun_Training,waitress,NA,negid,NA,NA,,NA,11,Fri May  4 15:00:06 2018
615,extrapolation,unmarked,final,gu,sa,Noun_Training,waitress,NA,negid,NA,NA,,NA,12,Fri May  4 15:00:11 2018
615,extrapolation,unmarked,final,gu,sa,Noun_Training,chef,NA,nork,NA,NA,,NA,13,Fri May  4 15:00:16 2018
615,extrapolation,unmarked,final,gu,sa,Noun_Training,chef,NA,nork,NA,NA,,NA,14,Fri May  4 15:00:21 2018
615,extrapolation,unmarked,final,gu,sa,Noun_Training,chef,NA,nork,NA,NA,,NA,15,Fri May  4 15:00:26 2018
615,extrapolation,unmarked,final,gu,sa,Noun_Training,waitress,NA,negid,NA,NA,,NA,16,Fri May  4 15:00:30 2018
615,extrapolation,unmarked,final,gu,sa,Noun_Training,burglar,NA,vaem,NA,NA,,NA,17,Fri May  4 15:00:35 2018
615,extrapolation,unmarked,final,gu,sa,Noun_Training,cowboy,NA,tumbat,NA,NA,,NA,18,Fri May  4 15:00:40 2018
615,extrapolation,unmarked,final,gu,sa,Noun_Training,cowboy,NA,tumbat,NA,NA,,NA,19,Fri May  4 15:00:45 2018
615,extrapolation,unmarked,final,gu,sa,Noun_Training,chef,NA,nork,NA,NA,,NA,20,Fri May  4 15:00:50 2018
615,extrapolation,unmarked,final,gu,sa,Noun_Training,burglar,NA,vaem,NA,NA,,NA,21,Fri May  4 15:00:55 2018
615,extrapolation,unmarked,final,gu,sa,Noun_Training,burglar,NA,vaem,NA,NA,,NA,22,Fri May  4 15:00:59 2018
615,extrapolation,unmarked,final,gu,sa,Noun_Training,cowboy,NA,tumbat,NA,NA,,NA,23,Fri May  4 15:01:04 2018
615,extrapolation,unmarked,final,gu,sa,Noun_Training,burglar,NA,vaem,NA,NA,,NA,24,Fri May  4 15:01:09 2018
615,extrapolation,unmarked,final,gu,sa,Noun_Selection,chef,NA,nork,correct,NA,,NA,25,Fri May  4 15:01:32 2018
615,extrapolation,unmarked,final,gu,sa,Noun_Selection,chef,NA,nork,correct,NA,,NA,26,Fri May  4 15:01:36 2018
615,extrapolation,unmarked,final,gu,sa,Noun_Selection,waitress,NA,negid,correct,NA,,NA,27,Fri May  4 15:01:41 2018
615,extrapolation,unmarked,final,gu,sa,Noun_Selection,cowboy,NA,tumbat,correct,NA,,NA,28,Fri May  4 15:01:45 2018
615,extrapolation,unmarked,final,gu,sa,Noun_Selection,chef,NA,nork,correct,NA,,NA,29,Fri May  4 15:01:49 2018
615,extrapolation,unmarked,final,gu,sa,Noun_Selection,cowboy,NA,tumbat,correct,NA,,NA,30,Fri May  4 15:01:52 2018
615,extrapolation,unmarked,final,gu,sa,Noun_Selection,burglar,NA,vaem,correct,NA,,NA,31,Fri May  4 15:01:57 2018
615,extrapolation,unmarked,final,gu,sa,Noun_Selection,waitress,NA,negid,correct,NA,,NA,32,Fri May  4 15:02:01 2018
615,extrapolation,unmarked,final,gu,sa,Noun_Selection,burglar,NA,vaem,correct,NA,,NA,33,Fri May  4 15:02:05 2018
615,extrapolation,unmarked,final,gu,sa,Noun_Selection,cowboy,NA,tumbat,correct,NA,,NA,34,Fri May  4 15:02:09 2018
615,extrapolation,unmarked,final,gu,sa,Noun_Selection,waitress,NA,negid,correct,NA,,NA,35,Fri May  4 15:02:13 2018
615,extrapolation,unmarked,final,gu,sa,Noun_Selection,burglar,NA,vaem,correct,NA,,NA,36,Fri May  4 15:02:17 2018
615,extrapolation,unmarked,final,gu,sa,Noun_Testing,waitress,NA,negid,NA,NA,,NA,37,Fri May  4 15:02:41 2018
615,extrapolation,unmarked,final,gu,sa,Noun_Testing,waitress,NA,negid,NA,NA,,NA,38,Fri May  4 15:02:46 2018
615,extrapolation,unmarked,final,gu,sa,Noun_Testing,chef,NA,nork,NA,NA,,NA,39,Fri May  4 15:02:53 2018
615,extrapolation,unmarked,final,gu,sa,Noun_Testing,cowboy,NA,tumbat,NA,NA,,NA,40,Fri May  4 15:02:59 2018
615,extrapolation,unmarked,final,gu,sa,Noun_Testing,burglar,NA,vaem,NA,NA,,NA,41,Fri May  4 15:03:04 2018
615,extrapolation,unmarked,final,gu,sa,Noun_Testing,chef,NA,nork,NA,NA,,NA,42,Fri May  4 15:03:08 2018
615,extrapolation,unmarked,final,gu,sa,Noun_Testing,cowboy,NA,tumbat,NA,NA,,NA,43,Fri May  4 15:03:13 2018
615,extrapolation,unmarked,final,gu,sa,Noun_Testing,chef,NA,nork,NA,NA,,NA,44,Fri May  4 15:03:18 2018
615,extrapolation,unmarked,final,gu,sa,Noun_Testing,burglar,NA,vaem,NA,NA,,NA,45,Fri May  4 15:03:22 2018
615,extrapolation,unmarked,final,gu,sa,Noun_Testing,burglar,NA,vaem,NA,NA,,NA,46,Fri May  4 15:03:26 2018
615,extrapolation,unmarked,final,gu,sa,Noun_Testing,waitress,NA,negid,NA,NA,,NA,47,Fri May  4 15:03:30 2018
615,extrapolation,unmarked,final,gu,sa,Noun_Testing,cowboy,NA,tumbat,NA,NA,,NA,48,Fri May  4 15:03:34 2018
615,extrapolation,unmarked,final,gu,sa,SimplePhrase_Training,point_cowboy_sg_chef_sg,NA,poinim tumbat sa nork,NA,NA,,NA,49,Fri May  4 15:04:10 2018
615,extrapolation,unmarked,final,gu,sa,SimplePhrase_Training,chef_four,NA,gu nork,NA,NA,,NA,50,Fri May  4 15:04:15 2018
615,extrapolation,unmarked,final,gu,sa,SimplePhrase_Training,waitress_three,NA,gu negid,NA,NA,,NA,51,Fri May  4 15:04:20 2018
615,extrapolation,unmarked,final,gu,sa,SimplePhrase_Training,chef,NA,nork,NA,NA,,NA,52,Fri May  4 15:04:25 2018
615,extrapolation,unmarked,final,gu,sa,SimplePhrase_Training,point_chef_pl_burglar_sg,NA,poinim gu nork sa vaem,NA,NA,,NA,53,Fri May  4 15:04:32 2018
615,extrapolation,unmarked,final,gu,sa,SimplePhrase_Training,burglar_two,NA,gu vaem,NA,NA,,NA,54,Fri May  4 15:04:37 2018
615,extrapolation,unmarked,final,gu,sa,SimplePhrase_Training,chef_three,NA,gu nork,NA,NA,,NA,55,Fri May  4 15:04:42 2018
615,extrapolation,unmarked,final,gu,sa,SimplePhrase_Training,point_waitress_sg_chef_sg,NA,poinim negid sa nork,NA,NA,,NA,56,Fri May  4 15:04:49 2018
615,extrapolation,unmarked,final,gu,sa,SimplePhrase_Training,burglar_four,NA,gu vaem,NA,NA,,NA,57,Fri May  4 15:04:54 2018
615,extrapolation,unmarked,final,gu,sa,SimplePhrase_Training,cowboy,NA,tumbat,NA,NA,,NA,58,Fri May  4 15:04:59 2018
615,extrapolation,unmarked,final,gu,sa,SimplePhrase_Training,chef_two,NA,gu nork,NA,NA,,NA,59,Fri May  4 15:05:04 2018
615,extrapolation,unmarked,final,gu,sa,SimplePhrase_Training,kick_chef_sg_burglar_sg,NA,kikim nork sa vaem,NA,NA,,NA,60,Fri May  4 15:05:12 2018
615,extrapolation,unmarked,final,gu,sa,SimplePhrase_Training,kick_cowboy_pl_waitress_sg,NA,kikim gu tumbat sa negid,NA,NA,,NA,61,Fri May  4 15:05:19 2018
615,extrapolation,unmarked,final,gu,sa,SimplePhrase_Training,cowboy_two,NA,gu tumbat,NA,NA,,NA,62,Fri May  4 15:05:24 2018
615,extrapolation,unmarked,final,gu,sa,SimplePhrase_Training,chef_two,NA,gu nork,NA,NA,,NA,63,Fri May  4 15:05:29 2018
615,extrapolation,unmarked,final,gu,sa,SimplePhrase_Training,punch_cowboy_sg_burglar_sg,NA,straikim tumbat sa vaem,NA,NA,,NA,64,Fri May  4 15:05:37 2018
615,extrapolation,unmarked,final,gu,sa,SimplePhrase_Training,burglar_two,NA,gu vaem,NA,NA,,NA,65,Fri May  4 15:05:42 2018
615,extrapolation,unmarked,final,gu,sa,SimplePhrase_Training,punch_cowboy_pl_waitress_sg,NA,straikim gu tumbat sa negid,NA,NA,,NA,66,Fri May  4 15:05:49 2018
615,extrapolation,unmarked,final,gu,sa,SimplePhrase_Training,chef,NA,nork,NA,NA,,NA,67,Fri May  4 15:05:54 2018
615,extrapolation,unmarked,final,gu,sa,SimplePhrase_Training,punch_waitress_pl_cowboy_sg,NA,straikim gu negid sa tumbat,NA,NA,,NA,68,Fri May  4 15:06:02 2018
615,extrapolation,unmarked,final,gu,sa,SimplePhrase_Training,kick_waitress_pl_cowboy_sg,NA,kikim gu negid sa tumbat,NA,NA,,NA,69,Fri May  4 15:06:09 2018
615,extrapolation,unmarked,final,gu,sa,SimplePhrase_Training,waitress_four,NA,gu negid,NA,NA,,NA,70,Fri May  4 15:06:14 2018
615,extrapolation,unmarked,final,gu,sa,SimplePhrase_Training,burglar_three,NA,gu vaem,NA,NA,,NA,71,Fri May  4 15:06:19 2018
615,extrapolation,unmarked,final,gu,sa,SimplePhrase_Training,kick_burglar_sg_chef_sg,NA,kikim vaem sa nork,NA,NA,,NA,72,Fri May  4 15:06:26 2018
615,extrapolation,unmarked,final,gu,sa,SimplePhrase_Training,kick_chef_sg_waitress_sg,NA,kikim nork sa negid,NA,NA,,NA,73,Fri May  4 15:06:34 2018
615,extrapolation,unmarked,final,gu,sa,SimplePhrase_Training,kick_burglar_pl_waitress_sg,NA,kikim gu vaem sa negid,NA,NA,,NA,74,Fri May  4 15:06:41 2018
615,extrapolation,unmarked,final,gu,sa,SimplePhrase_Training,punch_chef_pl_burglar_sg,NA,straikim gu nork sa vaem,NA,NA,,NA,75,Fri May  4 15:06:48 2018
615,extrapolation,unmarked,final,gu,sa,SimplePhrase_Training,waitress,NA,negid,NA,NA,,NA,76,Fri May  4 15:06:53 2018
615,extrapolation,unmarked,final,gu,sa,SimplePhrase_Training,punch_burglar_pl_chef_sg,NA,straikim gu vaem sa nork,NA,NA,,NA,77,Fri May  4 15:07:01 2018
615,extrapolation,unmarked,final,gu,sa,SimplePhrase_Training,cowboy,NA,tumbat,NA,NA,,NA,78,Fri May  4 15:07:06 2018
615,extrapolation,unmarked,final,gu,sa,SimplePhrase_Training,kick_waitress_pl_chef_sg,NA,kikim gu negid sa nork,NA,NA,,NA,79,Fri May  4 15:07:13 2018
615,extrapolation,unmarked,final,gu,sa,SimplePhrase_Training,cowboy_four,NA,gu tumbat,NA,NA,,NA,80,Fri May  4 15:07:18 2018
615,extrapolation,unmarked,final,gu,sa,SimplePhrase_Training,punch_waitress_sg_burglar_sg,NA,straikim negid sa vaem,NA,NA,,NA,81,Fri May  4 15:07:25 2018
615,extrapolation,unmarked,final,gu,sa,SimplePhrase_Training,burglar,NA,vaem,NA,NA,,NA,82,Fri May  4 15:07:30 2018
615,extrapolation,unmarked,final,gu,sa,SimplePhrase_Training,kick_cowboy_sg_chef_sg,NA,kikim tumbat sa nork,NA,NA,,NA,83,Fri May  4 15:07:38 2018
615,extrapolation,unmarked,final,gu,sa,SimplePhrase_Training,waitress,NA,negid,NA,NA,,NA,84,Fri May  4 15:07:42 2018
615,extrapolation,unmarked,final,gu,sa,SimplePhrase_Training,point_burglar_pl_cowboy_sg,NA,poinim gu vaem sa tumbat,NA,NA,,NA,85,Fri May  4 15:07:50 2018
615,extrapolation,unmarked,final,gu,sa,SimplePhrase_Training,waitress_two,NA,gu negid,NA,NA,,NA,86,Fri May  4 15:07:55 2018
615,extrapolation,unmarked,final,gu,sa,SimplePhrase_Training,point_cowboy_sg_waitress_sg,NA,poinim tumbat sa negid,NA,NA,,NA,87,Fri May  4 15:08:02 2018
615,extrapolation,unmarked,final,gu,sa,SimplePhrase_Training,punch_waitress_pl_chef_sg,NA,straikim gu negid sa nork,NA,NA,,NA,88,Fri May  4 15:08:10 2018
615,extrapolation,unmarked,final,gu,sa,SimplePhrase_Training,burglar_three,NA,gu vaem,NA,NA,,NA,89,Fri May  4 15:08:15 2018
615,extrapolation,unmarked,final,gu,sa,SimplePhrase_Training,chef_four,NA,gu nork,NA,NA,,NA,90,Fri May  4 15:08:20 2018
615,extrapolation,unmarked,final,gu,sa,SimplePhrase_Training,kick_burglar_sg_cowboy_sg,NA,kikim vaem sa tumbat,NA,NA,,NA,91,Fri May  4 15:08:27 2018
615,extrapolation,unmarked,final,gu,sa,SimplePhrase_Training,point_chef_sg_cowboy_sg,NA,poinim nork sa tumbat,NA,NA,,NA,92,Fri May  4 15:08:34 2018
615,extrapolation,unmarked,final,gu,sa,SimplePhrase_Training,cowboy_two,NA,gu tumbat,NA,NA,,NA,93,Fri May  4 15:08:39 2018
615,extrapolation,unmarked,final,gu,sa,SimplePhrase_Training,punch_burglar_pl_cowboy_sg,NA,straikim gu vaem sa tumbat,NA,NA,,NA,94,Fri May  4 15:08:47 2018
615,extrapolation,unmarked,final,gu,sa,SimplePhrase_Training,waitress_four,NA,gu negid,NA,NA,,NA,95,Fri May  4 15:08:52 2018
615,extrapolation,unmarked,final,gu,sa,SimplePhrase_Training,kick_waitress_sg_burglar_sg,NA,kikim negid sa vaem,NA,NA,,NA,96,Fri May  4 15:08:59 2018
615,extrapolation,unmarked,final,gu,sa,SimplePhrase_Training,punch_cowboy_sg_chef_sg,NA,straikim tumbat sa nork,NA,NA,,NA,97,Fri May  4 15:09:07 2018
615,extrapolation,unmarked,final,gu,sa,SimplePhrase_Training,punch_chef_sg_waitress_sg,NA,straikim nork sa negid,NA,NA,,NA,98,Fri May  4 15:09:14 2018
615,extrapolation,unmarked,final,gu,sa,SimplePhrase_Training,kick_cowboy_sg_burglar_sg,NA,kikim tumbat sa vaem,NA,NA,,NA,99,Fri May  4 15:09:22 2018
615,extrapolation,unmarked,final,gu,sa,SimplePhrase_Training,point_waitress_sg_cowboy_sg,NA,poinim negid sa tumbat,NA,NA,,NA,100,Fri May  4 15:09:29 2018
615,extrapolation,unmarked,final,gu,sa,SimplePhrase_Training,punch_burglar_pl_waitress_sg,NA,straikim gu vaem sa negid,NA,NA,,NA,101,Fri May  4 15:09:36 2018
615,extrapolation,unmarked,final,gu,sa,SimplePhrase_Training,point_waitress_sg_burglar_sg,NA,poinim negid sa vaem,NA,NA,,NA,102,Fri May  4 15:09:44 2018
615,extrapolation,unmarked,final,gu,sa,SimplePhrase_Training,point_burglar_pl_waitress_sg,NA,poinim gu vaem sa negid,NA,NA,,NA,103,Fri May  4 15:09:51 2018
615,extrapolation,unmarked,final,gu,sa,SimplePhrase_Training,burglar,NA,vaem,NA,NA,,NA,104,Fri May  4 15:09:56 2018
615,extrapolation,unmarked,final,gu,sa,SimplePhrase_Training,point_cowboy_pl_burglar_sg,NA,poinim gu tumbat sa vaem,NA,NA,,NA,105,Fri May  4 15:10:03 2018
615,extrapolation,unmarked,final,gu,sa,SimplePhrase_Training,kick_chef_pl_cowboy_sg,NA,kikim gu nork sa tumbat,NA,NA,,NA,106,Fri May  4 15:10:11 2018
615,extrapolation,unmarked,final,gu,sa,SimplePhrase_Training,punch_chef_pl_cowboy_sg,NA,straikim gu nork sa tumbat,NA,NA,,NA,107,Fri May  4 15:10:19 2018
615,extrapolation,unmarked,final,gu,sa,SimplePhrase_Training,point_burglar_pl_chef_sg,NA,poinim gu vaem sa nork,NA,NA,,NA,108,Fri May  4 15:10:26 2018
615,extrapolation,unmarked,final,gu,sa,SimplePhrase_Training,cowboy_three,NA,gu tumbat,NA,NA,,NA,109,Fri May  4 15:10:31 2018
615,extrapolation,unmarked,final,gu,sa,SimplePhrase_Training,point_chef_sg_waitress_sg,NA,poinim nork sa negid,NA,NA,,NA,110,Fri May  4 15:10:39 2018
615,extrapolation,unmarked,final,gu,sa,SimplePhrase_Comprehension,cowboy_two,NA,gu tumbat,correct,NA,,NA,111,Fri May  4 15:11:00 2018
615,extrapolation,unmarked,final,gu,sa,SimplePhrase_Comprehension,kick_chef_sg_cowboy_sg,NA,kikim nork sa tumbat,correct,NA,,NA,112,Fri May  4 15:11:06 2018
615,extrapolation,unmarked,final,gu,sa,SimplePhrase_Comprehension,chef_four,NA,gu nork,correct,NA,,NA,113,Fri May  4 15:11:12 2018
615,extrapolation,unmarked,final,gu,sa,SimplePhrase_Comprehension,punch_chef_sg_burglar_sg,NA,straikim nork sa vaem,correct,NA,,NA,114,Fri May  4 15:11:18 2018
615,extrapolation,unmarked,final,gu,sa,SimplePhrase_Comprehension,burglar_two,NA,gu vaem,correct,NA,,NA,115,Fri May  4 15:11:22 2018
615,extrapolation,unmarked,final,gu,sa,SimplePhrase_Comprehension,point_cowboy_pl_waitress_sg,NA,poinim gu tumbat sa negid,correct,NA,,NA,116,Fri May  4 15:11:28 2018
615,extrapolation,unmarked,final,gu,sa,SimplePhrase_Comprehension,point_waitress_pl_chef_sg,NA,poinim gu negid sa nork,correct,NA,,NA,117,Fri May  4 15:11:34 2018
615,extrapolation,unmarked,final,gu,sa,SimplePhrase_Comprehension,burglar_three,NA,gu vaem,correct,NA,,NA,118,Fri May  4 15:11:38 2018
615,extrapolation,unmarked,final,gu,sa,SimplePhrase_Comprehension,kick_chef_pl_waitress_sg,NA,kikim gu nork sa negid,correct,NA,,NA,119,Fri May  4 15:11:44 2018
615,extrapolation,unmarked,final,gu,sa,SimplePhrase_Comprehension,chef_two,NA,gu nork,correct,NA,,NA,120,Fri May  4 15:11:48 2018
615,extrapolation,unmarked,final,gu,sa,SimplePhrase_Comprehension,point_burglar_sg_waitress_sg,NA,poinim vaem sa negid,correct,NA,,NA,121,Fri May  4 15:11:54 2018
615,extrapolation,unmarked,final,gu,sa,SimplePhrase_Comprehension,point_cowboy_sg_burglar_sg,NA,poinim tumbat sa vaem,correct,NA,,NA,122,Fri May  4 15:11:59 2018
615,extrapolation,unmarked,final,gu,sa,SimplePhrase_Comprehension,waitress_four,NA,gu negid,correct,NA,,NA,123,Fri May  4 15:12:03 2018
615,extrapolation,unmarked,final,gu,sa,SimplePhrase_Comprehension,chef,NA,nork,correct,NA,,NA,124,Fri May  4 15:12:07 2018
615,extrapolation,unmarked,final,gu,sa,SimplePhrase_Comprehension,cowboy_four,NA,gu tumbat,correct,NA,,NA,125,Fri May  4 15:12:12 2018
615,extrapolation,unmarked,final,gu,sa,SimplePhrase_Comprehension,burglar,NA,vaem,correct,NA,,NA,126,Fri May  4 15:12:16 2018
615,extrapolation,unmarked,final,gu,sa,SimplePhrase_Comprehension,point_burglar_sg_chef_sg,NA,poinim vaem sa nork,correct,NA,,NA,127,Fri May  4 15:12:21 2018
615,extrapolation,unmarked,final,gu,sa,SimplePhrase_Comprehension,kick_burglar_sg_waitress_sg,NA,kikim vaem sa negid,correct,NA,,NA,128,Fri May  4 15:12:27 2018
615,extrapolation,unmarked,final,gu,sa,SimplePhrase_Comprehension,chef_three,NA,gu nork,correct,NA,,NA,129,Fri May  4 15:12:31 2018
615,extrapolation,unmarked,final,gu,sa,SimplePhrase_Comprehension,point_chef_pl_cowboy_sg,NA,poinim gu nork sa tumbat,correct,NA,,NA,130,Fri May  4 15:12:37 2018
615,extrapolation,unmarked,final,gu,sa,SimplePhrase_Comprehension,waitress,NA,negid,correct,NA,,NA,131,Fri May  4 15:12:42 2018
615,extrapolation,unmarked,final,gu,sa,SimplePhrase_Comprehension,waitress_three,NA,gu negid,correct,NA,,NA,132,Fri May  4 15:12:46 2018
615,extrapolation,unmarked,final,gu,sa,SimplePhrase_Comprehension,kick_cowboy_sg_waitress_sg,NA,kikim tumbat sa negid,correct,NA,,NA,133,Fri May  4 15:12:52 2018
615,extrapolation,unmarked,final,gu,sa,SimplePhrase_Comprehension,kick_cowboy_pl_chef_sg,NA,kikim gu tumbat sa nork,correct,NA,,NA,134,Fri May  4 15:12:57 2018
615,extrapolation,unmarked,final,gu,sa,SimplePhrase_Comprehension,kick_burglar_pl_chef_sg,NA,kikim gu vaem sa nork,correct,NA,,NA,135,Fri May  4 15:13:03 2018
615,extrapolation,unmarked,final,gu,sa,SimplePhrase_Comprehension,kick_chef_pl_burglar_sg,NA,kikim gu nork sa vaem,correct,NA,,NA,136,Fri May  4 15:13:09 2018
615,extrapolation,unmarked,final,gu,sa,SimplePhrase_Comprehension,point_waitress_pl_burglar_sg,NA,poinim gu negid sa vaem,correct,NA,,NA,137,Fri May  4 15:13:14 2018
615,extrapolation,unmarked,final,gu,sa,SimplePhrase_Comprehension,point_waitress_pl_cowboy_sg,NA,poinim gu negid sa tumbat,correct,NA,,NA,138,Fri May  4 15:13:20 2018
615,extrapolation,unmarked,final,gu,sa,SimplePhrase_Comprehension,point_chef_sg_burglar_sg,NA,poinim nork sa vaem,correct,NA,,NA,139,Fri May  4 15:13:25 2018
615,extrapolation,unmarked,final,gu,sa,SimplePhrase_Comprehension,punch_burglar_sg_waitress_sg,NA,straikim vaem sa negid,correct,NA,,NA,140,Fri May  4 15:13:31 2018
615,extrapolation,unmarked,final,gu,sa,SimplePhrase_Comprehension,punch_cowboy_sg_waitress_sg,NA,straikim tumbat sa negid,correct,NA,,NA,141,Fri May  4 15:13:37 2018
615,extrapolation,unmarked,final,gu,sa,SimplePhrase_Comprehension,waitress_two,NA,gu negid,correct,NA,,NA,142,Fri May  4 15:13:41 2018
615,extrapolation,unmarked,final,gu,sa,SimplePhrase_Comprehension,kick_burglar_pl_cowboy_sg,NA,kikim gu vaem sa tumbat,correct,NA,,NA,143,Fri May  4 15:13:46 2018
615,extrapolation,unmarked,final,gu,sa,SimplePhrase_Comprehension,cowboy,NA,tumbat,correct,NA,,NA,144,Fri May  4 15:13:50 2018
615,extrapolation,unmarked,final,gu,sa,SimplePhrase_Typing,chef_two,NA,gu nork,NA,gu nork,,NA,145,Fri May  4 15:14:29 2018
615,extrapolation,unmarked,final,gu,sa,SimplePhrase_Typing,kick_burglar_sg_cowboy_sg,NA,kikim vaem sa tumbat,NA,kikim vaem sa Tumbat,,NA,146,Fri May  4 15:14:54 2018
615,extrapolation,unmarked,final,gu,sa,SimplePhrase_Typing,point_cowboy_sg_chef_sg,NA,poinim tumbat sa nork,NA,poinim tumbat sa nork,,NA,147,Fri May  4 15:15:11 2018
615,extrapolation,unmarked,final,gu,sa,SimplePhrase_Typing,cowboy,NA,tumbat,NA,tumbat,,NA,148,Fri May  4 15:15:19 2018
615,extrapolation,unmarked,final,gu,sa,SimplePhrase_Typing,punch_chef_pl_burglar_sg,NA,straikim gu nork sa vaem,NA,straikim gu nork sa vaem,,NA,149,Fri May  4 15:15:33 2018
615,extrapolation,unmarked,final,gu,sa,SimplePhrase_Typing,burglar_two,NA,gu vaem,NA,gu vaem,,NA,150,Fri May  4 15:15:41 2018
615,extrapolation,unmarked,final,gu,sa,SimplePhrase_Typing,waitress,NA,negid,NA,negid,,NA,151,Fri May  4 15:15:48 2018
615,extrapolation,unmarked,final,gu,sa,SimplePhrase_Typing,kick_burglar_pl_waitress_sg,NA,kikim gu vaem sa negid,NA,kikim gu vaem sa negid,,NA,152,Fri May  4 15:16:00 2018
615,extrapolation,unmarked,final,gu,sa,SimplePhrase_Typing,punch_waitress_pl_cowboy_sg,NA,straikim gu negid sa tumbat,NA,straikim gu negid sa tumbat,,NA,153,Fri May  4 15:16:15 2018
615,extrapolation,unmarked,final,gu,sa,SimplePhrase_Typing,point_waitress_sg_chef_sg,NA,poinim negid sa nork,NA,poinim negid sa nork,,NA,154,Fri May  4 15:16:27 2018
615,extrapolation,unmarked,final,gu,sa,SimplePhrase_Typing,waitress_four,NA,gu negid,NA,gu negid,,NA,155,Fri May  4 15:16:35 2018
615,extrapolation,unmarked,final,gu,sa,SimplePhrase_Typing,kick_burglar_sg_chef_sg,NA,kikim vaem sa nork,NA,kikim vaem sa nork,,NA,156,Fri May  4 15:16:46 2018
615,extrapolation,unmarked,final,gu,sa,SimplePhrase_Typing,punch_burglar_pl_cowboy_sg,NA,straikim gu vaem sa tumbat,NA,straikim gu vaem sa tumbat,,NA,157,Fri May  4 15:17:00 2018
615,extrapolation,unmarked,final,gu,sa,SimplePhrase_Typing,cowboy_four,NA,gu tumbat,NA,gu tumbat,,NA,158,Fri May  4 15:17:08 2018
615,extrapolation,unmarked,final,gu,sa,SimplePhrase_Typing,burglar,NA,vaem,NA,vaem,,NA,159,Fri May  4 15:17:16 2018
615,extrapolation,unmarked,final,gu,sa,SimplePhrase_Typing,chef,NA,nork,NA,nork,,NA,160,Fri May  4 15:17:22 2018
615,extrapolation,unmarked,final,gu,sa,ComplexPhrase_Typing,kick_chef_sg_cowboy_pl,cowboy,kikim nork sa gu tumbat,NA,kikim nork sa gu tumbat,,NA,161,Fri May  4 15:18:01 2018
615,extrapolation,unmarked,final,gu,sa,ComplexPhrase_Typing,kick_burglar_sg_chef_pl,chef,kikim vaem sa gu nork,NA,kikim vaem sa gu nork,,NA,162,Fri May  4 15:18:09 2018
615,extrapolation,unmarked,final,gu,sa,ComplexPhrase_Typing,kick_chef_sg_burglar_pl,burglar,kikim nork sa gu vaem,NA,kikim nork sa gu vaem,,NA,163,Fri May  4 15:18:19 2018
615,extrapolation,unmarked,final,gu,sa,ComplexPhrase_Typing,point_burglar_sg_chef_pl,chef,poinim vaem sa gu nork,NA,poinim vaem sa gu nork,,NA,164,Fri May  4 15:18:29 2018
615,extrapolation,unmarked,final,gu,sa,ComplexPhrase_Typing,kick_burglar_sg_chef_pl,chef,kikim vaem sa gu nork,NA,kikim vaem sa gu nork,,NA,165,Fri May  4 15:18:38 2018
615,extrapolation,unmarked,final,gu,sa,ComplexPhrase_Typing,kick_chef_sg_burglar_pl,burglar,kikim nork sa gu vaem,NA,kikim nork sa gu vaem,,NA,166,Fri May  4 15:18:47 2018
615,extrapolation,unmarked,final,gu,sa,ComplexPhrase_Typing,kick_chef_sg_cowboy_pl,cowboy,kikim nork sa gu tumbat,NA,kikim nork sa gu tumbat,,NA,167,Fri May  4 15:18:54 2018
615,extrapolation,unmarked,final,gu,sa,ComplexPhrase_Typing,point_burglar_sg_chef_pl,chef,poinim vaem sa gu nork,NA,poinim vaem sa gu nork,,NA,168,Fri May  4 15:19:01 2018
615,extrapolation,unmarked,final,gu,sa,ComplexPhrase_Typing,kick_chef_sg_burglar_pl,burglar,kikim nork sa gu vaem,NA,kikim nork sa gu vaem,,NA,169,Fri May  4 15:19:08 2018
615,extrapolation,unmarked,final,gu,sa,ComplexPhrase_Typing,kick_burglar_sg_chef_pl,chef,kikim vaem sa gu nork,NA,kikim vaem sa gu nork,,NA,170,Fri May  4 15:19:16 2018
615,extrapolation,unmarked,final,gu,sa,ComplexPhrase_Typing,kick_chef_sg_cowboy_pl,cowboy,kikim nork sa gu tumbat,NA,kikim nork sa gu tumbat,,NA,171,Fri May  4 15:19:23 2018
615,extrapolation,unmarked,final,gu,sa,ComplexPhrase_Typing,point_burglar_sg_chef_pl,chef,poinim vaem sa gu nork,NA,poinim vaem sa gu nork,,NA,172,Fri May  4 15:19:31 2018
615,extrapolation,unmarked,final,gu,sa,ComplexPhrase_Testing,cowboy_three,NA,gu tumbat,NA,NA,,NA,173,Fri May  4 15:20:07 2018
615,extrapolation,unmarked,final,gu,sa,ComplexPhrase_Testing,chef_three,NA,gu nork,NA,NA,,NA,174,Fri May  4 15:20:12 2018
615,extrapolation,unmarked,final,gu,sa,ComplexPhrase_Testing,kick_burglar_sg_chef_pl,chef,kikim vaem sa gu nork,NA,NA,,NA,175,Fri May  4 15:20:21 2018
615,extrapolation,unmarked,final,gu,sa,ComplexPhrase_Testing,point_chef_sg_cowboy_pl,cowboy,poinim nork sa gu tumbat,NA,NA,,NA,176,Fri May  4 15:20:28 2018
615,extrapolation,unmarked,final,gu,sa,ComplexPhrase_Testing,punch_waitress_sg_cowboy_pl,cowboy,straikim negid sa gu tumbat,NA,NA,,NA,177,Fri May  4 15:20:34 2018
615,extrapolation,unmarked,final,gu,sa,ComplexPhrase_Testing,point_cowboy_sg_chef_pl,chef,poinim tumbat sa gu nork,NA,NA,,NA,178,Fri May  4 15:20:39 2018
615,extrapolation,unmarked,final,gu,sa,ComplexPhrase_Testing,waitress_three,NA,gu negid,NA,NA,,NA,179,Fri May  4 15:20:43 2018
615,extrapolation,unmarked,final,gu,sa,ComplexPhrase_Testing,point_cowboy_sg_chef_pl,chef,poinim tumbat sa gu nork,NA,NA,,NA,180,Fri May  4 15:20:50 2018
615,extrapolation,unmarked,final,gu,sa,ComplexPhrase_Testing,kick_waitress_sg_cowboy_pl,cowboy,kikim negid sa gu tumbat,NA,NA,,NA,181,Fri May  4 15:20:56 2018
615,extrapolation,unmarked,final,gu,sa,ComplexPhrase_Testing,kick_burglar_sg_chef_pl,chef,kikim vaem sa gu nork,NA,NA,,NA,182,Fri May  4 15:21:01 2018
615,extrapolation,unmarked,final,gu,sa,ComplexPhrase_Testing,kick_waitress_sg_burglar_pl,burglar,kikim negid sa gu vaem,NA,NA,,NA,183,Fri May  4 15:21:06 2018
615,extrapolation,unmarked,final,gu,sa,ComplexPhrase_Testing,punch_waitress_sg_burglar_pl,burglar,straikim negid sa gu vaem,NA,NA,,NA,184,Fri May  4 15:21:11 2018
615,extrapolation,unmarked,final,gu,sa,ComplexPhrase_Testing,punch_burglar_sg_cowboy_sg,NA,straikim vaem sa tumbat,NA,NA,,NA,185,Fri May  4 15:21:16 2018
615,extrapolation,unmarked,final,gu,sa,ComplexPhrase_Testing,point_burglar_sg_chef_pl,chef,poinim vaem sa gu nork,NA,NA,,NA,186,Fri May  4 15:21:23 2018
615,extrapolation,unmarked,final,gu,sa,ComplexPhrase_Testing,kick_chef_sg_burglar_pl,burglar,kikim nork sa gu vaem,NA,NA,,NA,187,Fri May  4 15:21:28 2018
615,extrapolation,unmarked,final,gu,sa,ComplexPhrase_Testing,chef,NA,nork,NA,NA,,NA,188,Fri May  4 15:21:30 2018
615,extrapolation,unmarked,final,gu,sa,ComplexPhrase_Testing,kick_cowboy_sg_waitress_pl,waitress,kikim tumbat sa gu negid,NA,NA,,NA,189,Fri May  4 15:21:36 2018
615,extrapolation,unmarked,final,gu,sa,ComplexPhrase_Testing,burglar,NA,vaem,NA,NA,,NA,190,Fri May  4 15:21:38 2018
615,extrapolation,unmarked,final,gu,sa,ComplexPhrase_Testing,kick_cowboy_pl_waitress_sg,NA,kikim gu tumbat sa negid,NA,NA,,NA,191,Fri May  4 15:21:47 2018
615,extrapolation,unmarked,final,gu,sa,ComplexPhrase_Testing,kick_waitress_sg_burglar_pl,burglar,kikim negid sa gu vaem,NA,NA,,NA,192,Fri May  4 15:21:54 2018
615,extrapolation,unmarked,final,gu,sa,ComplexPhrase_Testing,cowboy,NA,tumbat,NA,NA,,NA,193,Fri May  4 15:21:57 2018
615,extrapolation,unmarked,final,gu,sa,ComplexPhrase_Testing,punch_waitress_sg_cowboy_pl,cowboy,straikim negid sa gu tumbat,NA,NA,,NA,194,Fri May  4 15:22:03 2018
615,extrapolation,unmarked,final,gu,sa,ComplexPhrase_Testing,point_burglar_sg_chef_pl,chef,poinim vaem sa gu nork,NA,NA,,NA,195,Fri May  4 15:22:07 2018
615,extrapolation,unmarked,final,gu,sa,ComplexPhrase_Testing,kick_waitress_sg_cowboy_pl,cowboy,kikim negid sa gu tumbat,NA,NA,,NA,196,Fri May  4 15:22:11 2018
615,extrapolation,unmarked,final,gu,sa,ComplexPhrase_Testing,point_chef_sg_cowboy_pl,cowboy,poinim nork sa gu tumbat,NA,NA,,NA,197,Fri May  4 15:22:15 2018
615,extrapolation,unmarked,final,gu,sa,ComplexPhrase_Testing,punch_burglar_sg_cowboy_pl,cowboy,straikim vaem sa gu tumbat,NA,NA,,NA,198,Fri May  4 15:22:20 2018
615,extrapolation,unmarked,final,gu,sa,ComplexPhrase_Testing,point_chef_pl_burglar_sg,NA,poinim gu nork sa vaem,NA,NA,,NA,199,Fri May  4 15:22:24 2018
615,extrapolation,unmarked,final,gu,sa,ComplexPhrase_Testing,punch_waitress_pl_cowboy_sg,NA,straikim gu negid sa tumbat,NA,NA,,NA,200,Fri May  4 15:22:32 2018
615,extrapolation,unmarked,final,gu,sa,ComplexPhrase_Testing,chef_four,NA,gu nork,NA,NA,,NA,201,Fri May  4 15:22:38 2018
615,extrapolation,unmarked,final,gu,sa,ComplexPhrase_Testing,burglar_three,NA,gu vaem,NA,NA,,NA,202,Fri May  4 15:22:42 2018
615,extrapolation,unmarked,final,gu,sa,ComplexPhrase_Testing,punch_burglar_sg_chef_pl,chef,straikim vaem sa gu nork,NA,NA,,NA,203,Fri May  4 15:22:48 2018
615,extrapolation,unmarked,final,gu,sa,ComplexPhrase_Testing,kick_chef_sg_burglar_pl,burglar,kikim nork sa gu vaem,NA,NA,,NA,204,Fri May  4 15:22:52 2018
615,extrapolation,unmarked,final,gu,sa,ComplexPhrase_Testing,kick_chef_sg_burglar_pl,burglar,kikim nork sa gu vaem,NA,NA,,NA,205,Fri May  4 15:22:55 2018
615,extrapolation,unmarked,final,gu,sa,ComplexPhrase_Testing,punch_cowboy_sg_waitress_sg,NA,straikim tumbat sa negid,NA,NA,,NA,206,Fri May  4 15:23:00 2018
615,extrapolation,unmarked,final,gu,sa,ComplexPhrase_Testing,kick_cowboy_sg_waitress_pl,waitress,kikim tumbat sa gu negid,NA,NA,,NA,207,Fri May  4 15:23:07 2018
615,extrapolation,unmarked,final,gu,sa,ComplexPhrase_Testing,punch_waitress_sg_cowboy_pl,cowboy,straikim negid sa gu tumbat,NA,NA,,NA,208,Fri May  4 15:23:11 2018
615,extrapolation,unmarked,final,gu,sa,ComplexPhrase_Testing,point_chef_pl_waitress_sg,NA,poinim gu nork sa negid,NA,NA,,NA,209,Fri May  4 15:23:15 2018
615,extrapolation,unmarked,final,gu,sa,ComplexPhrase_Testing,kick_cowboy_pl_chef_sg,NA,kikim gu tumbat sa nork,NA,NA,,NA,210,Fri May  4 15:23:23 2018
615,extrapolation,unmarked,final,gu,sa,ComplexPhrase_Testing,kick_waitress_sg_cowboy_pl,cowboy,kikim negid sa gu tumbat,NA,NA,,NA,211,Fri May  4 15:23:30 2018
615,extrapolation,unmarked,final,gu,sa,ComplexPhrase_Testing,punch_burglar_sg_chef_pl,chef,straikim vaem sa gu nork,NA,NA,,NA,212,Fri May  4 15:23:34 2018
615,extrapolation,unmarked,final,gu,sa,ComplexPhrase_Testing,point_cowboy_sg_chef_pl,chef,poinim tumbat sa gu nork,NA,NA,,NA,213,Fri May  4 15:23:41 2018
615,extrapolation,unmarked,final,gu,sa,ComplexPhrase_Testing,waitress,NA,negid,NA,NA,,NA,214,Fri May  4 15:23:43 2018
615,extrapolation,unmarked,final,gu,sa,ComplexPhrase_Testing,kick_burglar_sg_chef_pl,chef,kikim vaem sa gu nork,NA,NA,,NA,215,Fri May  4 15:23:50 2018
615,extrapolation,unmarked,final,gu,sa,ComplexPhrase_Testing,kick_chef_sg_waitress_sg,NA,kikim nork sa negid,NA,NA,,NA,216,Fri May  4 15:23:55 2018
615,extrapolation,unmarked,final,gu,sa,ComplexPhrase_Testing,point_burglar_sg_chef_pl,chef,poinim vaem sa gu nork,NA,NA,,NA,217,Fri May  4 15:24:02 2018
615,extrapolation,unmarked,final,gu,sa,ComplexPhrase_Testing,kick_cowboy_sg_chef_sg,NA,kikim tumbat sa nork,NA,NA,,NA,218,Fri May  4 15:24:05 2018
615,extrapolation,unmarked,final,gu,sa,ComplexPhrase_Testing,kick_cowboy_sg_waitress_pl,waitress,kikim tumbat sa gu negid,NA,NA,,NA,219,Fri May  4 15:24:12 2018
615,extrapolation,unmarked,final,gu,sa,ComplexPhrase_Testing,point_chef_sg_cowboy_pl,cowboy,poinim nork sa gu tumbat,NA,NA,,NA,220,Fri May  4 15:24:16 2018
615,extrapolation,unmarked,final,gu,sa,ComplexPhrase_Testing,burglar_two,NA,gu vaem,NA,NA,,NA,221,Fri May  4 15:24:19 2018
615,extrapolation,unmarked,final,gu,sa,ComplexPhrase_Testing,punch_waitress_sg_burglar_pl,burglar,straikim negid sa gu vaem,NA,NA,,NA,222,Fri May  4 15:24:25 2018
615,extrapolation,unmarked,final,gu,sa,ComplexPhrase_Testing,kick_waitress_sg_cowboy_sg,NA,kikim negid sa tumbat,NA,NA,,NA,223,Fri May  4 15:24:28 2018
615,extrapolation,unmarked,final,gu,sa,ComplexPhrase_Testing,punch_burglar_sg_cowboy_pl,cowboy,straikim vaem sa gu tumbat,NA,NA,,NA,224,Fri May  4 15:24:36 2018
615,extrapolation,unmarked,final,gu,sa,ComplexPhrase_Testing,punch_burglar_sg_chef_pl,chef,straikim vaem sa gu nork,NA,NA,,NA,225,Fri May  4 15:24:40 2018
615,extrapolation,unmarked,final,gu,sa,ComplexPhrase_Testing,point_burglar_pl_waitress_sg,NA,poinim gu vaem sa negid,NA,NA,,NA,226,Fri May  4 15:24:44 2018
615,extrapolation,unmarked,final,gu,sa,ComplexPhrase_Testing,kick_waitress_sg_burglar_pl,burglar,kikim negid sa gu vaem,NA,NA,,NA,227,Fri May  4 15:24:52 2018
615,extrapolation,unmarked,final,gu,sa,ComplexPhrase_Testing,punch_chef_sg_burglar_sg,NA,straikim nork sa vaem,NA,NA,,NA,228,Fri May  4 15:24:55 2018
615,extrapolation,unmarked,final,gu,sa,ComplexPhrase_Testing,punch_burglar_sg_cowboy_pl,cowboy,straikim vaem sa gu tumbat,NA,NA,,NA,229,Fri May  4 15:25:03 2018
615,extrapolation,unmarked,final,gu,sa,ComplexPhrase_Testing,punch_waitress_sg_burglar_pl,burglar,straikim negid sa gu vaem,NA,NA,,NA,230,Fri May  4 15:25:07 2018
615,extrapolation,unmarked,final,gu,sa,Questionnaire,NA,NA,NA,NA,NA,,the object,MeaningCase,Fri May  4 15:26:04 2018
615,extrapolation,unmarked,final,gu,sa,Questionnaire,NA,NA,NA,NA,NA,,plural,MeaningNum,Fri May  4 15:26:04 2018
615,extrapolation,unmarked,final,gu,sa,Questionnaire,NA,NA,NA,NA,NA,,before,OrderCaseNoun,Fri May  4 15:26:04 2018
615,extrapolation,unmarked,final,gu,sa,Questionnaire,NA,NA,NA,NA,NA,,before,OrderNumNoun,Fri May  4 15:26:04 2018
615,extrapolation,unmarked,final,gu,sa,Questionnaire,NA,NA,NA,NA,NA,,English and French ,Languages,Fri May  4 15:26:04 2018
