ID,Condition,MajorityOrder,NounPosition,markerNum,markerCase,Phase,Meaning,NounItem,InputSentence,Selection,TypedResponse,SpokenResponse,AnswerQuest,Trial,date&time
616,extrapolation,unmarked,final,sa,gu,Noun_Training,waitress,NA,vaem,NA,NA,,NA,1,Wed Apr 18 13:37:50 2018
616,extrapolation,unmarked,final,sa,gu,Noun_Training,cowboy,NA,tumbat,NA,NA,,NA,2,Wed Apr 18 13:37:55 2018
616,extrapolation,unmarked,final,sa,gu,Noun_Training,waitress,NA,vaem,NA,NA,,NA,3,Wed Apr 18 13:38:00 2018
616,extrapolation,unmarked,final,sa,gu,Noun_Training,chef,NA,nork,NA,NA,,NA,4,Wed Apr 18 13:38:05 2018
616,extrapolation,unmarked,final,sa,gu,Noun_Training,burglar,NA,negid,NA,NA,,NA,5,Wed Apr 18 13:38:10 2018
616,extrapolation,unmarked,final,sa,gu,Noun_Training,chef,NA,nork,NA,NA,,NA,6,Wed Apr 18 13:38:15 2018
616,extrapolation,unmarked,final,sa,gu,Noun_Training,cowboy,NA,tumbat,NA,NA,,NA,7,Wed Apr 18 13:38:20 2018
616,extrapolation,unmarked,final,sa,gu,Noun_Training,burglar,NA,negid,NA,NA,,NA,8,Wed Apr 18 13:38:24 2018
616,extrapolation,unmarked,final,sa,gu,Noun_Training,cowboy,NA,tumbat,NA,NA,,NA,9,Wed Apr 18 13:38:29 2018
616,extrapolation,unmarked,final,sa,gu,Noun_Training,cowboy,NA,tumbat,NA,NA,,NA,10,Wed Apr 18 13:38:34 2018
616,extrapolation,unmarked,final,sa,gu,Noun_Training,chef,NA,nork,NA,NA,,NA,11,Wed Apr 18 13:38:39 2018
616,extrapolation,unmarked,final,sa,gu,Noun_Training,chef,NA,nork,NA,NA,,NA,12,Wed Apr 18 13:38:44 2018
616,extrapolation,unmarked,final,sa,gu,Noun_Training,cowboy,NA,tumbat,NA,NA,,NA,13,Wed Apr 18 13:38:49 2018
616,extrapolation,unmarked,final,sa,gu,Noun_Training,chef,NA,nork,NA,NA,,NA,14,Wed Apr 18 13:38:54 2018
616,extrapolation,unmarked,final,sa,gu,Noun_Training,cowboy,NA,tumbat,NA,NA,,NA,15,Wed Apr 18 13:38:59 2018
616,extrapolation,unmarked,final,sa,gu,Noun_Training,waitress,NA,vaem,NA,NA,,NA,16,Wed Apr 18 13:39:04 2018
616,extrapolation,unmarked,final,sa,gu,Noun_Training,waitress,NA,vaem,NA,NA,,NA,17,Wed Apr 18 13:39:08 2018
616,extrapolation,unmarked,final,sa,gu,Noun_Training,chef,NA,nork,NA,NA,,NA,18,Wed Apr 18 13:39:13 2018
616,extrapolation,unmarked,final,sa,gu,Noun_Training,burglar,NA,negid,NA,NA,,NA,19,Wed Apr 18 13:39:18 2018
616,extrapolation,unmarked,final,sa,gu,Noun_Training,waitress,NA,vaem,NA,NA,,NA,20,Wed Apr 18 13:39:23 2018
616,extrapolation,unmarked,final,sa,gu,Noun_Training,waitress,NA,vaem,NA,NA,,NA,21,Wed Apr 18 13:39:28 2018
616,extrapolation,unmarked,final,sa,gu,Noun_Training,burglar,NA,negid,NA,NA,,NA,22,Wed Apr 18 13:39:32 2018
616,extrapolation,unmarked,final,sa,gu,Noun_Training,burglar,NA,negid,NA,NA,,NA,23,Wed Apr 18 13:39:37 2018
616,extrapolation,unmarked,final,sa,gu,Noun_Training,burglar,NA,negid,NA,NA,,NA,24,Wed Apr 18 13:39:42 2018
616,extrapolation,unmarked,final,sa,gu,Noun_Selection,burglar,NA,negid,correct,NA,,NA,25,Wed Apr 18 13:40:03 2018
616,extrapolation,unmarked,final,sa,gu,Noun_Selection,waitress,NA,vaem,correct,NA,,NA,26,Wed Apr 18 13:40:07 2018
616,extrapolation,unmarked,final,sa,gu,Noun_Selection,cowboy,NA,tumbat,correct,NA,,NA,27,Wed Apr 18 13:40:11 2018
616,extrapolation,unmarked,final,sa,gu,Noun_Selection,waitress,NA,vaem,correct,NA,,NA,28,Wed Apr 18 13:40:15 2018
616,extrapolation,unmarked,final,sa,gu,Noun_Selection,chef,NA,nork,correct,NA,,NA,29,Wed Apr 18 13:40:22 2018
616,extrapolation,unmarked,final,sa,gu,Noun_Selection,cowboy,NA,tumbat,correct,NA,,NA,30,Wed Apr 18 13:40:26 2018
616,extrapolation,unmarked,final,sa,gu,Noun_Selection,cowboy,NA,tumbat,correct,NA,,NA,31,Wed Apr 18 13:40:29 2018
616,extrapolation,unmarked,final,sa,gu,Noun_Selection,chef,NA,nork,correct,NA,,NA,32,Wed Apr 18 13:40:33 2018
616,extrapolation,unmarked,final,sa,gu,Noun_Selection,waitress,NA,vaem,correct,NA,,NA,33,Wed Apr 18 13:40:36 2018
616,extrapolation,unmarked,final,sa,gu,Noun_Selection,burglar,NA,negid,correct,NA,,NA,34,Wed Apr 18 13:40:40 2018
616,extrapolation,unmarked,final,sa,gu,Noun_Selection,chef,NA,nork,correct,NA,,NA,35,Wed Apr 18 13:40:45 2018
616,extrapolation,unmarked,final,sa,gu,Noun_Selection,burglar,NA,negid,correct,NA,,NA,36,Wed Apr 18 13:40:48 2018
616,extrapolation,unmarked,final,sa,gu,Noun_Testing,chef,NA,nork,NA,NA,,NA,37,Wed Apr 18 13:41:10 2018
616,extrapolation,unmarked,final,sa,gu,Noun_Testing,burglar,NA,negid,NA,NA,,NA,38,Wed Apr 18 13:41:15 2018
616,extrapolation,unmarked,final,sa,gu,Noun_Testing,waitress,NA,vaem,NA,NA,,NA,39,Wed Apr 18 13:41:19 2018
616,extrapolation,unmarked,final,sa,gu,Noun_Testing,cowboy,NA,tumbat,NA,NA,,NA,40,Wed Apr 18 13:41:23 2018
616,extrapolation,unmarked,final,sa,gu,Noun_Testing,cowboy,NA,tumbat,NA,NA,,NA,41,Wed Apr 18 13:41:27 2018
616,extrapolation,unmarked,final,sa,gu,Noun_Testing,chef,NA,nork,NA,NA,,NA,42,Wed Apr 18 13:41:32 2018
616,extrapolation,unmarked,final,sa,gu,Noun_Testing,waitress,NA,vaem,NA,NA,,NA,43,Wed Apr 18 13:41:35 2018
616,extrapolation,unmarked,final,sa,gu,Noun_Testing,chef,NA,nork,NA,NA,,NA,44,Wed Apr 18 13:41:39 2018
616,extrapolation,unmarked,final,sa,gu,Noun_Testing,burglar,NA,negid,NA,NA,,NA,45,Wed Apr 18 13:41:45 2018
616,extrapolation,unmarked,final,sa,gu,Noun_Testing,cowboy,NA,tumbat,NA,NA,,NA,46,Wed Apr 18 13:41:49 2018
616,extrapolation,unmarked,final,sa,gu,Noun_Testing,waitress,NA,vaem,NA,NA,,NA,47,Wed Apr 18 13:41:53 2018
616,extrapolation,unmarked,final,sa,gu,Noun_Testing,burglar,NA,negid,NA,NA,,NA,48,Wed Apr 18 13:41:58 2018
616,extrapolation,unmarked,final,sa,gu,SimplePhrase_Training,waitress_two,NA,sa vaem,NA,NA,,NA,49,Wed Apr 18 13:42:31 2018
616,extrapolation,unmarked,final,sa,gu,SimplePhrase_Training,point_chef_sg_waitress_sg,NA,poinim nork gu vaem,NA,NA,,NA,50,Wed Apr 18 13:42:38 2018
616,extrapolation,unmarked,final,sa,gu,SimplePhrase_Training,chef_two,NA,sa nork,NA,NA,,NA,51,Wed Apr 18 13:42:43 2018
616,extrapolation,unmarked,final,sa,gu,SimplePhrase_Training,chef_two,NA,sa nork,NA,NA,,NA,52,Wed Apr 18 13:42:48 2018
616,extrapolation,unmarked,final,sa,gu,SimplePhrase_Training,kick_waitress_pl_burglar_sg,NA,kikim sa vaem gu negid,NA,NA,,NA,53,Wed Apr 18 13:42:56 2018
616,extrapolation,unmarked,final,sa,gu,SimplePhrase_Training,kick_burglar_sg_cowboy_sg,NA,kikim negid gu tumbat,NA,NA,,NA,54,Wed Apr 18 13:43:03 2018
616,extrapolation,unmarked,final,sa,gu,SimplePhrase_Training,point_burglar_pl_cowboy_sg,NA,poinim sa negid gu tumbat,NA,NA,,NA,55,Wed Apr 18 13:43:10 2018
616,extrapolation,unmarked,final,sa,gu,SimplePhrase_Training,punch_chef_pl_cowboy_sg,NA,straikim sa nork gu tumbat,NA,NA,,NA,56,Wed Apr 18 13:43:18 2018
616,extrapolation,unmarked,final,sa,gu,SimplePhrase_Training,kick_burglar_pl_chef_sg,NA,kikim sa negid gu nork,NA,NA,,NA,57,Wed Apr 18 13:43:26 2018
616,extrapolation,unmarked,final,sa,gu,SimplePhrase_Training,burglar_three,NA,sa negid,NA,NA,,NA,58,Wed Apr 18 13:43:31 2018
616,extrapolation,unmarked,final,sa,gu,SimplePhrase_Training,point_chef_pl_cowboy_sg,NA,poinim sa nork gu tumbat,NA,NA,,NA,59,Wed Apr 18 13:43:38 2018
616,extrapolation,unmarked,final,sa,gu,SimplePhrase_Training,cowboy_two,NA,sa tumbat,NA,NA,,NA,60,Wed Apr 18 13:43:43 2018
616,extrapolation,unmarked,final,sa,gu,SimplePhrase_Training,point_cowboy_sg_burglar_sg,NA,poinim tumbat gu negid,NA,NA,,NA,61,Wed Apr 18 13:43:51 2018
616,extrapolation,unmarked,final,sa,gu,SimplePhrase_Training,waitress_four,NA,sa vaem,NA,NA,,NA,62,Wed Apr 18 13:43:55 2018
616,extrapolation,unmarked,final,sa,gu,SimplePhrase_Training,punch_cowboy_pl_waitress_sg,NA,straikim sa tumbat gu vaem,NA,NA,,NA,63,Wed Apr 18 13:44:03 2018
616,extrapolation,unmarked,final,sa,gu,SimplePhrase_Training,cowboy_three,NA,sa tumbat,NA,NA,,NA,64,Wed Apr 18 13:44:08 2018
616,extrapolation,unmarked,final,sa,gu,SimplePhrase_Training,burglar_two,NA,sa negid,NA,NA,,NA,65,Wed Apr 18 13:44:13 2018
616,extrapolation,unmarked,final,sa,gu,SimplePhrase_Training,cowboy_four,NA,sa tumbat,NA,NA,,NA,66,Wed Apr 18 13:44:18 2018
616,extrapolation,unmarked,final,sa,gu,SimplePhrase_Training,punch_cowboy_pl_chef_sg,NA,straikim sa tumbat gu nork,NA,NA,,NA,67,Wed Apr 18 13:44:26 2018
616,extrapolation,unmarked,final,sa,gu,SimplePhrase_Training,waitress,NA,vaem,NA,NA,,NA,68,Wed Apr 18 13:44:31 2018
616,extrapolation,unmarked,final,sa,gu,SimplePhrase_Training,point_burglar_sg_waitress_sg,NA,poinim negid gu vaem,NA,NA,,NA,69,Wed Apr 18 13:44:38 2018
616,extrapolation,unmarked,final,sa,gu,SimplePhrase_Training,kick_burglar_pl_waitress_sg,NA,kikim sa negid gu vaem,NA,NA,,NA,70,Wed Apr 18 13:44:46 2018
616,extrapolation,unmarked,final,sa,gu,SimplePhrase_Training,point_chef_sg_burglar_sg,NA,poinim nork gu negid,NA,NA,,NA,71,Wed Apr 18 13:44:53 2018
616,extrapolation,unmarked,final,sa,gu,SimplePhrase_Training,kick_chef_pl_burglar_sg,NA,kikim sa nork gu negid,NA,NA,,NA,72,Wed Apr 18 13:45:00 2018
616,extrapolation,unmarked,final,sa,gu,SimplePhrase_Training,kick_chef_sg_waitress_sg,NA,kikim nork gu vaem,NA,NA,,NA,73,Wed Apr 18 13:45:07 2018
616,extrapolation,unmarked,final,sa,gu,SimplePhrase_Training,chef_four,NA,sa nork,NA,NA,,NA,74,Wed Apr 18 13:45:12 2018
616,extrapolation,unmarked,final,sa,gu,SimplePhrase_Training,punch_burglar_sg_cowboy_sg,NA,straikim negid gu tumbat,NA,NA,,NA,75,Wed Apr 18 13:45:20 2018
616,extrapolation,unmarked,final,sa,gu,SimplePhrase_Training,punch_chef_sg_waitress_sg,NA,straikim nork gu vaem,NA,NA,,NA,76,Wed Apr 18 13:45:27 2018
616,extrapolation,unmarked,final,sa,gu,SimplePhrase_Training,cowboy,NA,tumbat,NA,NA,,NA,77,Wed Apr 18 13:45:32 2018
616,extrapolation,unmarked,final,sa,gu,SimplePhrase_Training,waitress_three,NA,sa vaem,NA,NA,,NA,78,Wed Apr 18 13:45:37 2018
616,extrapolation,unmarked,final,sa,gu,SimplePhrase_Training,cowboy_two,NA,sa tumbat,NA,NA,,NA,79,Wed Apr 18 13:45:42 2018
616,extrapolation,unmarked,final,sa,gu,SimplePhrase_Training,punch_waitress_pl_burglar_sg,NA,straikim sa vaem gu negid,NA,NA,,NA,80,Wed Apr 18 13:45:50 2018
616,extrapolation,unmarked,final,sa,gu,SimplePhrase_Training,waitress_three,NA,sa vaem,NA,NA,,NA,81,Wed Apr 18 13:45:55 2018
616,extrapolation,unmarked,final,sa,gu,SimplePhrase_Training,point_waitress_sg_burglar_sg,NA,poinim vaem gu negid,NA,NA,,NA,82,Wed Apr 18 13:46:02 2018
616,extrapolation,unmarked,final,sa,gu,SimplePhrase_Training,chef_three,NA,sa nork,NA,NA,,NA,83,Wed Apr 18 13:46:07 2018
616,extrapolation,unmarked,final,sa,gu,SimplePhrase_Training,kick_waitress_sg_chef_sg,NA,kikim vaem gu nork,NA,NA,,NA,84,Wed Apr 18 13:46:14 2018
616,extrapolation,unmarked,final,sa,gu,SimplePhrase_Training,point_cowboy_sg_waitress_sg,NA,poinim tumbat gu vaem,NA,NA,,NA,85,Wed Apr 18 13:46:21 2018
616,extrapolation,unmarked,final,sa,gu,SimplePhrase_Training,chef,NA,nork,NA,NA,,NA,86,Wed Apr 18 13:46:26 2018
616,extrapolation,unmarked,final,sa,gu,SimplePhrase_Training,cowboy,NA,tumbat,NA,NA,,NA,87,Wed Apr 18 13:46:31 2018
616,extrapolation,unmarked,final,sa,gu,SimplePhrase_Training,waitress,NA,vaem,NA,NA,,NA,88,Wed Apr 18 13:46:36 2018
616,extrapolation,unmarked,final,sa,gu,SimplePhrase_Training,punch_cowboy_sg_burglar_sg,NA,straikim tumbat gu negid,NA,NA,,NA,89,Wed Apr 18 13:46:43 2018
616,extrapolation,unmarked,final,sa,gu,SimplePhrase_Training,burglar_four,NA,sa negid,NA,NA,,NA,90,Wed Apr 18 13:46:48 2018
616,extrapolation,unmarked,final,sa,gu,SimplePhrase_Training,point_burglar_pl_chef_sg,NA,poinim sa negid gu nork,NA,NA,,NA,91,Wed Apr 18 13:46:56 2018
616,extrapolation,unmarked,final,sa,gu,SimplePhrase_Training,point_cowboy_pl_chef_sg,NA,poinim sa tumbat gu nork,NA,NA,,NA,92,Wed Apr 18 13:47:03 2018
616,extrapolation,unmarked,final,sa,gu,SimplePhrase_Training,point_waitress_sg_chef_sg,NA,poinim vaem gu nork,NA,NA,,NA,93,Wed Apr 18 13:47:11 2018
616,extrapolation,unmarked,final,sa,gu,SimplePhrase_Training,waitress_two,NA,sa vaem,NA,NA,,NA,94,Wed Apr 18 13:47:15 2018
616,extrapolation,unmarked,final,sa,gu,SimplePhrase_Training,kick_chef_pl_cowboy_sg,NA,kikim sa nork gu tumbat,NA,NA,,NA,95,Wed Apr 18 13:47:23 2018
616,extrapolation,unmarked,final,sa,gu,SimplePhrase_Training,burglar_three,NA,sa negid,NA,NA,,NA,96,Wed Apr 18 13:47:28 2018
616,extrapolation,unmarked,final,sa,gu,SimplePhrase_Training,punch_chef_sg_burglar_sg,NA,straikim nork gu negid,NA,NA,,NA,97,Wed Apr 18 13:47:35 2018
616,extrapolation,unmarked,final,sa,gu,SimplePhrase_Training,burglar,NA,negid,NA,NA,,NA,98,Wed Apr 18 13:47:40 2018
616,extrapolation,unmarked,final,sa,gu,SimplePhrase_Training,burglar,NA,negid,NA,NA,,NA,99,Wed Apr 18 13:47:45 2018
616,extrapolation,unmarked,final,sa,gu,SimplePhrase_Training,punch_burglar_pl_chef_sg,NA,straikim sa negid gu nork,NA,NA,,NA,100,Wed Apr 18 13:47:53 2018
616,extrapolation,unmarked,final,sa,gu,SimplePhrase_Training,kick_waitress_sg_cowboy_sg,NA,kikim vaem gu tumbat,NA,NA,,NA,101,Wed Apr 18 13:48:00 2018
616,extrapolation,unmarked,final,sa,gu,SimplePhrase_Training,kick_cowboy_pl_burglar_sg,NA,kikim sa tumbat gu negid,NA,NA,,NA,102,Wed Apr 18 13:48:07 2018
616,extrapolation,unmarked,final,sa,gu,SimplePhrase_Training,chef_four,NA,sa nork,NA,NA,,NA,103,Wed Apr 18 13:48:12 2018
616,extrapolation,unmarked,final,sa,gu,SimplePhrase_Training,punch_waitress_sg_chef_sg,NA,straikim vaem gu nork,NA,NA,,NA,104,Wed Apr 18 13:48:20 2018
616,extrapolation,unmarked,final,sa,gu,SimplePhrase_Training,kick_cowboy_sg_waitress_sg,NA,kikim tumbat gu vaem,NA,NA,,NA,105,Wed Apr 18 13:48:27 2018
616,extrapolation,unmarked,final,sa,gu,SimplePhrase_Training,punch_burglar_pl_waitress_sg,NA,straikim sa negid gu vaem,NA,NA,,NA,106,Wed Apr 18 13:48:34 2018
616,extrapolation,unmarked,final,sa,gu,SimplePhrase_Training,kick_cowboy_pl_chef_sg,NA,kikim sa tumbat gu nork,NA,NA,,NA,107,Wed Apr 18 13:48:42 2018
616,extrapolation,unmarked,final,sa,gu,SimplePhrase_Training,point_waitress_pl_cowboy_sg,NA,poinim sa vaem gu tumbat,NA,NA,,NA,108,Wed Apr 18 13:48:49 2018
616,extrapolation,unmarked,final,sa,gu,SimplePhrase_Training,chef,NA,nork,NA,NA,,NA,109,Wed Apr 18 13:48:54 2018
616,extrapolation,unmarked,final,sa,gu,SimplePhrase_Training,punch_waitress_sg_cowboy_sg,NA,straikim vaem gu tumbat,NA,NA,,NA,110,Wed Apr 18 13:49:02 2018
616,extrapolation,unmarked,final,sa,gu,SimplePhrase_Comprehension,cowboy_four,NA,sa tumbat,correct,NA,,NA,111,Wed Apr 18 13:49:24 2018
616,extrapolation,unmarked,final,sa,gu,SimplePhrase_Comprehension,point_burglar_sg_chef_sg,NA,poinim negid gu nork,correct,NA,,NA,112,Wed Apr 18 13:49:34 2018
616,extrapolation,unmarked,final,sa,gu,SimplePhrase_Comprehension,chef,NA,nork,correct,NA,,NA,113,Wed Apr 18 13:49:38 2018
616,extrapolation,unmarked,final,sa,gu,SimplePhrase_Comprehension,kick_burglar_sg_waitress_sg,NA,kikim negid gu vaem,correct,NA,,NA,114,Wed Apr 18 13:49:45 2018
616,extrapolation,unmarked,final,sa,gu,SimplePhrase_Comprehension,kick_chef_sg_burglar_sg,NA,kikim nork gu negid,correct,NA,,NA,115,Wed Apr 18 13:49:51 2018
616,extrapolation,unmarked,final,sa,gu,SimplePhrase_Comprehension,punch_chef_pl_burglar_sg,NA,straikim sa nork gu negid,correct,NA,,NA,116,Wed Apr 18 13:49:58 2018
616,extrapolation,unmarked,final,sa,gu,SimplePhrase_Comprehension,kick_cowboy_pl_waitress_sg,NA,kikim sa tumbat gu vaem,correct,NA,,NA,117,Wed Apr 18 13:50:05 2018
616,extrapolation,unmarked,final,sa,gu,SimplePhrase_Comprehension,punch_waitress_sg_burglar_sg,NA,straikim vaem gu negid,correct,NA,,NA,118,Wed Apr 18 13:50:11 2018
616,extrapolation,unmarked,final,sa,gu,SimplePhrase_Comprehension,point_waitress_sg_cowboy_sg,NA,poinim vaem gu tumbat,correct,NA,,NA,119,Wed Apr 18 13:50:17 2018
616,extrapolation,unmarked,final,sa,gu,SimplePhrase_Comprehension,chef_two,NA,sa nork,correct,NA,,NA,120,Wed Apr 18 13:50:22 2018
616,extrapolation,unmarked,final,sa,gu,SimplePhrase_Comprehension,waitress_three,NA,sa vaem,correct,NA,,NA,121,Wed Apr 18 13:50:27 2018
616,extrapolation,unmarked,final,sa,gu,SimplePhrase_Comprehension,punch_burglar_pl_cowboy_sg,NA,straikim sa negid gu tumbat,correct,NA,,NA,122,Wed Apr 18 13:50:33 2018
616,extrapolation,unmarked,final,sa,gu,SimplePhrase_Comprehension,punch_cowboy_sg_chef_sg,NA,straikim tumbat gu nork,correct,NA,,NA,123,Wed Apr 18 13:50:39 2018
616,extrapolation,unmarked,final,sa,gu,SimplePhrase_Comprehension,chef_four,NA,sa nork,correct,NA,,NA,124,Wed Apr 18 13:50:44 2018
616,extrapolation,unmarked,final,sa,gu,SimplePhrase_Comprehension,point_waitress_pl_burglar_sg,NA,poinim sa vaem gu negid,correct,NA,,NA,125,Wed Apr 18 13:50:49 2018
616,extrapolation,unmarked,final,sa,gu,SimplePhrase_Comprehension,cowboy_three,NA,sa tumbat,correct,NA,,NA,126,Wed Apr 18 13:50:54 2018
616,extrapolation,unmarked,final,sa,gu,SimplePhrase_Comprehension,cowboy,NA,tumbat,correct,NA,,NA,127,Wed Apr 18 13:50:59 2018
616,extrapolation,unmarked,final,sa,gu,SimplePhrase_Comprehension,waitress_two,NA,sa vaem,correct,NA,,NA,128,Wed Apr 18 13:51:03 2018
616,extrapolation,unmarked,final,sa,gu,SimplePhrase_Comprehension,kick_chef_sg_cowboy_sg,NA,kikim nork gu tumbat,correct,NA,,NA,129,Wed Apr 18 13:51:12 2018
616,extrapolation,unmarked,final,sa,gu,SimplePhrase_Comprehension,point_cowboy_pl_burglar_sg,NA,poinim sa tumbat gu negid,correct,NA,,NA,130,Wed Apr 18 13:51:18 2018
616,extrapolation,unmarked,final,sa,gu,SimplePhrase_Comprehension,burglar_two,NA,sa negid,correct,NA,,NA,131,Wed Apr 18 13:51:23 2018
616,extrapolation,unmarked,final,sa,gu,SimplePhrase_Comprehension,punch_chef_sg_cowboy_sg,NA,straikim nork gu tumbat,correct,NA,,NA,132,Wed Apr 18 13:51:30 2018
616,extrapolation,unmarked,final,sa,gu,SimplePhrase_Comprehension,punch_burglar_sg_chef_sg,NA,straikim negid gu nork,correct,NA,,NA,133,Wed Apr 18 13:51:37 2018
616,extrapolation,unmarked,final,sa,gu,SimplePhrase_Comprehension,cowboy_two,NA,sa tumbat,correct,NA,,NA,134,Wed Apr 18 13:51:42 2018
616,extrapolation,unmarked,final,sa,gu,SimplePhrase_Comprehension,waitress,NA,vaem,correct,NA,,NA,135,Wed Apr 18 13:51:46 2018
616,extrapolation,unmarked,final,sa,gu,SimplePhrase_Comprehension,point_chef_pl_burglar_sg,NA,poinim sa nork gu negid,correct,NA,,NA,136,Wed Apr 18 13:51:54 2018
616,extrapolation,unmarked,final,sa,gu,SimplePhrase_Comprehension,point_waitress_pl_chef_sg,NA,poinim sa vaem gu nork,correct,NA,,NA,137,Wed Apr 18 13:52:03 2018
616,extrapolation,unmarked,final,sa,gu,SimplePhrase_Comprehension,burglar,NA,negid,correct,NA,,NA,138,Wed Apr 18 13:52:07 2018
616,extrapolation,unmarked,final,sa,gu,SimplePhrase_Comprehension,punch_waitress_pl_cowboy_sg,NA,straikim sa vaem gu tumbat,correct,NA,,NA,139,Wed Apr 18 13:52:13 2018
616,extrapolation,unmarked,final,sa,gu,SimplePhrase_Comprehension,kick_waitress_pl_cowboy_sg,NA,kikim sa vaem gu tumbat,correct,NA,,NA,140,Wed Apr 18 13:52:21 2018
616,extrapolation,unmarked,final,sa,gu,SimplePhrase_Comprehension,point_cowboy_pl_waitress_sg,NA,poinim sa tumbat gu vaem,wrong,NA,,NA,141,Wed Apr 18 13:52:35 2018
616,extrapolation,unmarked,final,sa,gu,SimplePhrase_Comprehension,burglar_four,NA,sa negid,correct,NA,,NA,142,Wed Apr 18 13:52:40 2018
616,extrapolation,unmarked,final,sa,gu,SimplePhrase_Comprehension,waitress_four,NA,sa vaem,correct,NA,,NA,143,Wed Apr 18 13:52:44 2018
616,extrapolation,unmarked,final,sa,gu,SimplePhrase_Comprehension,point_cowboy_sg_chef_sg,NA,poinim tumbat gu nork,correct,NA,,NA,144,Wed Apr 18 13:52:51 2018
616,extrapolation,unmarked,final,sa,gu,SimplePhrase_Typing,waitress_two,NA,sa vaem,NA,sa vaem,,NA,145,Wed Apr 18 13:53:28 2018
616,extrapolation,unmarked,final,sa,gu,SimplePhrase_Typing,point_cowboy_sg_waitress_sg,NA,poinim tumbat gu vaem,NA,poinim tumbat gu vaem,,NA,146,Wed Apr 18 13:53:42 2018
616,extrapolation,unmarked,final,sa,gu,SimplePhrase_Typing,point_waitress_pl_cowboy_sg,NA,poinim sa vaem gu tumbat,NA,poinim sa vaem gu tumbat,,NA,147,Wed Apr 18 13:53:55 2018
616,extrapolation,unmarked,final,sa,gu,SimplePhrase_Typing,kick_chef_sg_waitress_sg,NA,kikim nork gu vaem,NA,kikim nork gu vaem,,NA,148,Wed Apr 18 13:54:08 2018
616,extrapolation,unmarked,final,sa,gu,SimplePhrase_Typing,chef,NA,nork,NA,nork,,NA,149,Wed Apr 18 13:54:15 2018
616,extrapolation,unmarked,final,sa,gu,SimplePhrase_Typing,burglar_two,NA,sa negid,NA,sa negid,,NA,150,Wed Apr 18 13:54:24 2018
616,extrapolation,unmarked,final,sa,gu,SimplePhrase_Typing,kick_chef_pl_cowboy_sg,NA,kikim sa nork gu tumbat,NA,kikim sa nork gu tumbat,,NA,151,Wed Apr 18 13:54:40 2018
616,extrapolation,unmarked,final,sa,gu,SimplePhrase_Typing,punch_chef_pl_cowboy_sg,NA,straikim sa nork gu tumbat,NA,straikim sa nork gu tumbat,,NA,152,Wed Apr 18 13:54:58 2018
616,extrapolation,unmarked,final,sa,gu,SimplePhrase_Typing,cowboy,NA,tumbat,NA,tumbat,,NA,153,Wed Apr 18 13:55:06 2018
616,extrapolation,unmarked,final,sa,gu,SimplePhrase_Typing,point_burglar_pl_cowboy_sg,NA,poinim sa negid gu tumbat,NA,poinim sa negid gu tumbat,,NA,154,Wed Apr 18 13:55:22 2018
616,extrapolation,unmarked,final,sa,gu,SimplePhrase_Typing,punch_waitress_sg_chef_sg,NA,straikim vaem gu nork,NA,straikim vaem gu nork,,NA,155,Wed Apr 18 13:55:37 2018
616,extrapolation,unmarked,final,sa,gu,SimplePhrase_Typing,punch_chef_sg_waitress_sg,NA,straikim nork gu vaem,NA,straikim nork gu vaem,,NA,156,Wed Apr 18 13:55:50 2018
616,extrapolation,unmarked,final,sa,gu,SimplePhrase_Typing,burglar,NA,negid,NA,negid,,NA,157,Wed Apr 18 13:55:57 2018
616,extrapolation,unmarked,final,sa,gu,SimplePhrase_Typing,chef_two,NA,sa nork,NA,sa nork,,NA,158,Wed Apr 18 13:56:06 2018
616,extrapolation,unmarked,final,sa,gu,SimplePhrase_Typing,waitress,NA,vaem,NA,vaem,,NA,159,Wed Apr 18 13:56:12 2018
616,extrapolation,unmarked,final,sa,gu,SimplePhrase_Typing,chef_three,NA,sa nork,NA,sa nork,,NA,160,Wed Apr 18 13:56:19 2018
616,extrapolation,unmarked,final,sa,gu,ComplexPhrase_Typing,point_waitress_sg_chef_pl,chef,poinim vaem gu sa nork,NA,poinim vaem gu sa nork,,NA,161,Wed Apr 18 13:56:54 2018
616,extrapolation,unmarked,final,sa,gu,ComplexPhrase_Typing,point_cowboy_sg_burglar_pl,burglar,poinim tumbat gu sa negid,NA,poinim tumbat gu sa negid,,NA,162,Wed Apr 18 13:57:00 2018
616,extrapolation,unmarked,final,sa,gu,ComplexPhrase_Typing,kick_burglar_sg_chef_pl,chef,kikim negid gu sa nork,NA,kikim negid gu sa nork,,NA,163,Wed Apr 18 13:57:07 2018
616,extrapolation,unmarked,final,sa,gu,ComplexPhrase_Typing,punch_chef_sg_burglar_pl,burglar,straikim nork gu sa negid,NA,straikim nork gu sa negid,,NA,164,Wed Apr 18 13:57:18 2018
616,extrapolation,unmarked,final,sa,gu,ComplexPhrase_Typing,kick_burglar_sg_chef_pl,chef,kikim negid gu sa nork,NA,kikim negid gu sa nork,,NA,165,Wed Apr 18 13:57:27 2018
616,extrapolation,unmarked,final,sa,gu,ComplexPhrase_Typing,punch_chef_sg_burglar_pl,burglar,straikim nork gu sa negid,NA,straikim nork gu sa negid,,NA,166,Wed Apr 18 13:57:37 2018
616,extrapolation,unmarked,final,sa,gu,ComplexPhrase_Typing,point_cowboy_sg_burglar_pl,burglar,poinim tumbat gu sa negid,NA,poinim tumbat gu sa negid,,NA,167,Wed Apr 18 13:57:45 2018
616,extrapolation,unmarked,final,sa,gu,ComplexPhrase_Typing,point_waitress_sg_chef_pl,chef,poinim vaem gu sa nork,NA,poinim vaem gu sa negid,,NA,168,Wed Apr 18 13:57:52 2018
616,extrapolation,unmarked,final,sa,gu,ComplexPhrase_Typing,kick_burglar_sg_chef_pl,chef,kikim negid gu sa nork,NA,kikim negid gu sa nork,,NA,169,Wed Apr 18 13:58:00 2018
616,extrapolation,unmarked,final,sa,gu,ComplexPhrase_Typing,point_waitress_sg_chef_pl,chef,poinim vaem gu sa nork,NA,poinim vaem gu sa nork,,NA,170,Wed Apr 18 13:58:09 2018
616,extrapolation,unmarked,final,sa,gu,ComplexPhrase_Typing,punch_chef_sg_burglar_pl,burglar,straikim nork gu sa negid,NA,straikim birk gu sa negid,,NA,171,Wed Apr 18 13:58:20 2018
616,extrapolation,unmarked,final,sa,gu,ComplexPhrase_Typing,point_cowboy_sg_burglar_pl,burglar,poinim tumbat gu sa negid,NA,poinim tumbat gu sa negid,,NA,172,Wed Apr 18 13:58:32 2018
616,extrapolation,unmarked,final,sa,gu,ComplexPhrase_Testing,punch_waitress_sg_burglar_pl,burglar,straikim vaem gu sa negid,NA,NA,,NA,173,Wed Apr 18 13:59:10 2018
616,extrapolation,unmarked,final,sa,gu,ComplexPhrase_Testing,punch_cowboy_sg_waitress_pl,waitress,straikim tumbat gu sa vaem,NA,NA,,NA,174,Wed Apr 18 13:59:17 2018
616,extrapolation,unmarked,final,sa,gu,ComplexPhrase_Testing,punch_burglar_sg_waitress_pl,waitress,straikim negid gu sa vaem,NA,NA,,NA,175,Wed Apr 18 13:59:23 2018
616,extrapolation,unmarked,final,sa,gu,ComplexPhrase_Testing,punch_waitress_sg_burglar_pl,burglar,straikim vaem gu sa negid,NA,NA,,NA,176,Wed Apr 18 13:59:27 2018
616,extrapolation,unmarked,final,sa,gu,ComplexPhrase_Testing,point_cowboy_sg_burglar_pl,burglar,poinim tumbat gu sa negid,NA,NA,,NA,177,Wed Apr 18 13:59:31 2018
616,extrapolation,unmarked,final,sa,gu,ComplexPhrase_Testing,punch_chef_sg_burglar_pl,burglar,straikim nork gu sa negid,NA,NA,,NA,178,Wed Apr 18 13:59:36 2018
616,extrapolation,unmarked,final,sa,gu,ComplexPhrase_Testing,kick_cowboy_sg_waitress_pl,waitress,kikim tumbat gu sa vaem,NA,NA,,NA,179,Wed Apr 18 13:59:40 2018
616,extrapolation,unmarked,final,sa,gu,ComplexPhrase_Testing,burglar_three,NA,sa negid,NA,NA,,NA,180,Wed Apr 18 13:59:43 2018
616,extrapolation,unmarked,final,sa,gu,ComplexPhrase_Testing,point_burglar_sg_chef_pl,chef,poinim negid gu sa nork,NA,NA,,NA,181,Wed Apr 18 13:59:48 2018
616,extrapolation,unmarked,final,sa,gu,ComplexPhrase_Testing,point_cowboy_sg_burglar_pl,burglar,poinim tumbat gu sa negid,NA,NA,,NA,182,Wed Apr 18 13:59:54 2018
616,extrapolation,unmarked,final,sa,gu,ComplexPhrase_Testing,point_waitress_sg_chef_pl,chef,poinim vaem gu sa nork,NA,NA,,NA,183,Wed Apr 18 14:00:00 2018
616,extrapolation,unmarked,final,sa,gu,ComplexPhrase_Testing,punch_chef_sg_burglar_pl,burglar,straikim nork gu sa negid,NA,NA,,NA,184,Wed Apr 18 14:00:04 2018
616,extrapolation,unmarked,final,sa,gu,ComplexPhrase_Testing,point_waitress_sg_chef_pl,chef,poinim vaem gu sa nork,NA,NA,,NA,185,Wed Apr 18 14:00:09 2018
616,extrapolation,unmarked,final,sa,gu,ComplexPhrase_Testing,punch_cowboy_sg_waitress_pl,waitress,straikim tumbat gu sa vaem,NA,NA,,NA,186,Wed Apr 18 14:00:14 2018
616,extrapolation,unmarked,final,sa,gu,ComplexPhrase_Testing,point_waitress_sg_chef_pl,chef,poinim vaem gu sa nork,NA,NA,,NA,187,Wed Apr 18 14:00:18 2018
616,extrapolation,unmarked,final,sa,gu,ComplexPhrase_Testing,cowboy,NA,tumbat,NA,NA,,NA,188,Wed Apr 18 14:00:20 2018
616,extrapolation,unmarked,final,sa,gu,ComplexPhrase_Testing,cowboy_two,NA,sa tumbat,NA,NA,,NA,189,Wed Apr 18 14:00:26 2018
616,extrapolation,unmarked,final,sa,gu,ComplexPhrase_Testing,punch_burglar_sg_chef_pl,chef,straikim negid gu sa nork,NA,NA,,NA,190,Wed Apr 18 14:00:33 2018
616,extrapolation,unmarked,final,sa,gu,ComplexPhrase_Testing,punch_cowboy_sg_waitress_pl,waitress,straikim tumbat gu sa vaem,NA,NA,,NA,191,Wed Apr 18 14:00:39 2018
616,extrapolation,unmarked,final,sa,gu,ComplexPhrase_Testing,punch_chef_sg_waitress_pl,waitress,straikim nork gu sa vaem,NA,NA,,NA,192,Wed Apr 18 14:00:45 2018
616,extrapolation,unmarked,final,sa,gu,ComplexPhrase_Testing,punch_burglar_sg_chef_pl,chef,straikim negid gu sa nork,NA,NA,,NA,193,Wed Apr 18 14:00:50 2018
616,extrapolation,unmarked,final,sa,gu,ComplexPhrase_Testing,point_burglar_pl_chef_sg,NA,poinim sa negid gu nork,NA,NA,,NA,194,Wed Apr 18 14:00:56 2018
616,extrapolation,unmarked,final,sa,gu,ComplexPhrase_Testing,punch_chef_pl_waitress_sg,NA,straikim sa nork gu vaem,NA,NA,,NA,195,Wed Apr 18 14:01:03 2018
616,extrapolation,unmarked,final,sa,gu,ComplexPhrase_Testing,point_chef_sg_burglar_sg,NA,poinim nork gu negid,NA,NA,,NA,196,Wed Apr 18 14:01:11 2018
616,extrapolation,unmarked,final,sa,gu,ComplexPhrase_Testing,punch_cowboy_sg_chef_pl,chef,straikim tumbat gu sa nork,NA,NA,,NA,197,Wed Apr 18 14:01:18 2018
616,extrapolation,unmarked,final,sa,gu,ComplexPhrase_Testing,point_burglar_sg_chef_pl,chef,poinim negid gu sa nork,NA,NA,,NA,198,Wed Apr 18 14:01:24 2018
616,extrapolation,unmarked,final,sa,gu,ComplexPhrase_Testing,punch_burglar_sg_waitress_pl,waitress,straikim negid gu sa vaem,NA,NA,,NA,199,Wed Apr 18 14:01:28 2018
616,extrapolation,unmarked,final,sa,gu,ComplexPhrase_Testing,punch_chef_sg_burglar_pl,burglar,straikim nork gu sa negid,NA,NA,,NA,200,Wed Apr 18 14:01:32 2018
616,extrapolation,unmarked,final,sa,gu,ComplexPhrase_Testing,waitress,NA,vaem,NA,NA,,NA,201,Wed Apr 18 14:01:34 2018
616,extrapolation,unmarked,final,sa,gu,ComplexPhrase_Testing,kick_chef_pl_waitress_sg,NA,kikim sa nork gu vaem,NA,NA,,NA,202,Wed Apr 18 14:01:46 2018
616,extrapolation,unmarked,final,sa,gu,ComplexPhrase_Testing,cowboy_three,NA,sa tumbat,NA,NA,,NA,203,Wed Apr 18 14:01:53 2018
616,extrapolation,unmarked,final,sa,gu,ComplexPhrase_Testing,kick_waitress_sg_chef_sg,NA,kikim vaem gu nork,NA,NA,,NA,204,Wed Apr 18 14:01:58 2018
616,extrapolation,unmarked,final,sa,gu,ComplexPhrase_Testing,kick_waitress_sg_burglar_sg,NA,kikim vaem gu negid,NA,NA,,NA,205,Wed Apr 18 14:02:04 2018
616,extrapolation,unmarked,final,sa,gu,ComplexPhrase_Testing,waitress_four,NA,sa vaem,NA,NA,,NA,206,Wed Apr 18 14:02:11 2018
616,extrapolation,unmarked,final,sa,gu,ComplexPhrase_Testing,punch_waitress_sg_burglar_pl,burglar,straikim vaem gu sa negid,NA,NA,,NA,207,Wed Apr 18 14:02:18 2018
616,extrapolation,unmarked,final,sa,gu,ComplexPhrase_Testing,point_cowboy_sg_burglar_sg,NA,poinim tumbat gu negid,NA,NA,,NA,208,Wed Apr 18 14:02:22 2018
616,extrapolation,unmarked,final,sa,gu,ComplexPhrase_Testing,punch_chef_sg_waitress_pl,waitress,straikim nork gu sa vaem,NA,NA,,NA,209,Wed Apr 18 14:02:29 2018
616,extrapolation,unmarked,final,sa,gu,ComplexPhrase_Testing,burglar,NA,negid,NA,NA,,NA,210,Wed Apr 18 14:02:32 2018
616,extrapolation,unmarked,final,sa,gu,ComplexPhrase_Testing,chef,NA,nork,NA,NA,,NA,211,Wed Apr 18 14:02:36 2018
616,extrapolation,unmarked,final,sa,gu,ComplexPhrase_Testing,point_cowboy_sg_burglar_pl,burglar,poinim tumbat gu sa negid,NA,NA,,NA,212,Wed Apr 18 14:02:42 2018
616,extrapolation,unmarked,final,sa,gu,ComplexPhrase_Testing,punch_cowboy_sg_chef_pl,chef,straikim tumbat gu sa nork,NA,NA,,NA,213,Wed Apr 18 14:02:45 2018
616,extrapolation,unmarked,final,sa,gu,ComplexPhrase_Testing,kick_cowboy_pl_chef_sg,NA,kikim sa tumbat gu nork,NA,NA,,NA,214,Wed Apr 18 14:02:49 2018
616,extrapolation,unmarked,final,sa,gu,ComplexPhrase_Testing,waitress_two,NA,sa vaem,NA,NA,,NA,215,Wed Apr 18 14:02:54 2018
616,extrapolation,unmarked,final,sa,gu,ComplexPhrase_Testing,point_burglar_sg_chef_pl,chef,poinim negid gu sa nork,NA,NA,,NA,216,Wed Apr 18 14:03:00 2018
616,extrapolation,unmarked,final,sa,gu,ComplexPhrase_Testing,punch_cowboy_sg_chef_pl,chef,straikim tumbat gu sa nork,NA,NA,,NA,217,Wed Apr 18 14:03:06 2018
616,extrapolation,unmarked,final,sa,gu,ComplexPhrase_Testing,point_burglar_sg_waitress_pl,waitress,poinim negid gu sa vaem,NA,NA,,NA,218,Wed Apr 18 14:03:10 2018
616,extrapolation,unmarked,final,sa,gu,ComplexPhrase_Testing,point_waitress_pl_chef_sg,NA,poinim sa vaem gu nork,NA,NA,,NA,219,Wed Apr 18 14:03:13 2018
616,extrapolation,unmarked,final,sa,gu,ComplexPhrase_Testing,kick_cowboy_sg_waitress_pl,waitress,kikim tumbat gu sa vaem,NA,NA,,NA,220,Wed Apr 18 14:03:20 2018
616,extrapolation,unmarked,final,sa,gu,ComplexPhrase_Testing,punch_chef_sg_waitress_pl,waitress,straikim nork gu sa vaem,NA,NA,,NA,221,Wed Apr 18 14:03:24 2018
616,extrapolation,unmarked,final,sa,gu,ComplexPhrase_Testing,kick_cowboy_sg_waitress_pl,waitress,kikim tumbat gu sa vaem,NA,NA,,NA,222,Wed Apr 18 14:03:28 2018
616,extrapolation,unmarked,final,sa,gu,ComplexPhrase_Testing,point_burglar_sg_waitress_pl,waitress,poinim negid gu sa vaem,NA,NA,,NA,223,Wed Apr 18 14:03:32 2018
616,extrapolation,unmarked,final,sa,gu,ComplexPhrase_Testing,point_burglar_sg_waitress_pl,waitress,poinim negid gu sa vaem,NA,NA,,NA,224,Wed Apr 18 14:03:35 2018
616,extrapolation,unmarked,final,sa,gu,ComplexPhrase_Testing,kick_chef_sg_burglar_sg,NA,kikim nork gu negid,NA,NA,,NA,225,Wed Apr 18 14:03:39 2018
616,extrapolation,unmarked,final,sa,gu,ComplexPhrase_Testing,punch_burglar_sg_chef_pl,chef,straikim negid gu sa nork,NA,NA,,NA,226,Wed Apr 18 14:03:46 2018
616,extrapolation,unmarked,final,sa,gu,ComplexPhrase_Testing,point_chef_pl_cowboy_sg,NA,poinim sa nork gu tumbat,NA,NA,,NA,227,Wed Apr 18 14:03:49 2018
616,extrapolation,unmarked,final,sa,gu,ComplexPhrase_Testing,waitress_three,NA,sa vaem,NA,NA,,NA,228,Wed Apr 18 14:03:55 2018
616,extrapolation,unmarked,final,sa,gu,ComplexPhrase_Testing,punch_burglar_sg_waitress_pl,waitress,straikim negid gu sa vaem,NA,NA,,NA,229,Wed Apr 18 14:04:00 2018
616,extrapolation,unmarked,final,sa,gu,ComplexPhrase_Testing,kick_cowboy_sg_chef_sg,NA,kikim tumbat gu nork,NA,NA,,NA,230,Wed Apr 18 14:04:03 2018
616,extrapolation,unmarked,final,sa,gu,Questionnaire,NA,NA,NA,NA,NA,,at,MeaningCase,Wed Apr 18 14:05:30 2018
616,extrapolation,unmarked,final,sa,gu,Questionnaire,NA,NA,NA,NA,NA,,plural form,MeaningNum,Wed Apr 18 14:05:30 2018
616,extrapolation,unmarked,final,sa,gu,Questionnaire,NA,NA,NA,NA,NA,,before,OrderCaseNoun,Wed Apr 18 14:05:30 2018
616,extrapolation,unmarked,final,sa,gu,Questionnaire,NA,NA,NA,NA,NA,,before,OrderNumNoun,Wed Apr 18 14:05:30 2018
616,extrapolation,unmarked,final,sa,gu,Questionnaire,NA,NA,NA,NA,NA,,"English, Hindi, French",Languages,Wed Apr 18 14:05:30 2018
