ID,Condition,MajorityOrder,NounPosition,markerNum,markerCase,Phase,Meaning,NounItem,Noun,InputSentence,Selection,TypedResponse,SpokenResponse,AnswerQuest,Trial,date&time
5sc01,extrapolation,unmarked,initial,sa,"['gu', 'ti']",Noun_Training,burglar,NA,NA,tumbat,NA,NA,,NA,1,Fri Jun  1 15:30:22 2018
5sc01,extrapolation,unmarked,initial,sa,"['gu', 'ti']",Noun_Training,chef,NA,NA,vaem,NA,NA,,NA,2,Fri Jun  1 15:30:27 2018
5sc01,extrapolation,unmarked,initial,sa,"['gu', 'ti']",Noun_Training,burglar,NA,NA,tumbat,NA,NA,,NA,3,Fri Jun  1 15:30:32 2018
5sc01,extrapolation,unmarked,initial,sa,"['gu', 'ti']",Noun_Training,waitress,NA,NA,negid,NA,NA,,NA,4,Fri Jun  1 15:30:37 2018
5sc01,extrapolation,unmarked,initial,sa,"['gu', 'ti']",Noun_Training,burglar,NA,NA,tumbat,NA,NA,,NA,5,Fri Jun  1 15:30:42 2018
5sc01,extrapolation,unmarked,initial,sa,"['gu', 'ti']",Noun_Training,waitress,NA,NA,negid,NA,NA,,NA,6,Fri Jun  1 15:30:47 2018
5sc01,extrapolation,unmarked,initial,sa,"['gu', 'ti']",Noun_Training,cowboy,NA,NA,nork,NA,NA,,NA,7,Fri Jun  1 15:30:52 2018
5sc01,extrapolation,unmarked,initial,sa,"['gu', 'ti']",Noun_Training,burglar,NA,NA,tumbat,NA,NA,,NA,8,Fri Jun  1 15:30:56 2018
5sc01,extrapolation,unmarked,initial,sa,"['gu', 'ti']",Noun_Training,cowboy,NA,NA,nork,NA,NA,,NA,9,Fri Jun  1 15:31:01 2018
5sc01,extrapolation,unmarked,initial,sa,"['gu', 'ti']",Noun_Training,cowboy,NA,NA,nork,NA,NA,,NA,10,Fri Jun  1 15:31:06 2018
5sc01,extrapolation,unmarked,initial,sa,"['gu', 'ti']",Noun_Training,cowboy,NA,NA,nork,NA,NA,,NA,11,Fri Jun  1 15:31:11 2018
5sc01,extrapolation,unmarked,initial,sa,"['gu', 'ti']",Noun_Training,chef,NA,NA,vaem,NA,NA,,NA,12,Fri Jun  1 15:31:16 2018
5sc01,extrapolation,unmarked,initial,sa,"['gu', 'ti']",Noun_Training,chef,NA,NA,vaem,NA,NA,,NA,13,Fri Jun  1 15:31:21 2018
5sc01,extrapolation,unmarked,initial,sa,"['gu', 'ti']",Noun_Training,waitress,NA,NA,negid,NA,NA,,NA,14,Fri Jun  1 15:31:26 2018
5sc01,extrapolation,unmarked,initial,sa,"['gu', 'ti']",Noun_Training,chef,NA,NA,vaem,NA,NA,,NA,15,Fri Jun  1 15:31:30 2018
5sc01,extrapolation,unmarked,initial,sa,"['gu', 'ti']",Noun_Training,waitress,NA,NA,negid,NA,NA,,NA,16,Fri Jun  1 15:31:35 2018
5sc01,extrapolation,unmarked,initial,sa,"['gu', 'ti']",Noun_Training,chef,NA,NA,vaem,NA,NA,,NA,17,Fri Jun  1 15:31:40 2018
5sc01,extrapolation,unmarked,initial,sa,"['gu', 'ti']",Noun_Training,waitress,NA,NA,negid,NA,NA,,NA,18,Fri Jun  1 15:31:45 2018
5sc01,extrapolation,unmarked,initial,sa,"['gu', 'ti']",Noun_Training,burglar,NA,NA,tumbat,NA,NA,,NA,19,Fri Jun  1 15:31:49 2018
5sc01,extrapolation,unmarked,initial,sa,"['gu', 'ti']",Noun_Training,burglar,NA,NA,tumbat,NA,NA,,NA,20,Fri Jun  1 15:31:54 2018
5sc01,extrapolation,unmarked,initial,sa,"['gu', 'ti']",Noun_Training,chef,NA,NA,vaem,NA,NA,,NA,21,Fri Jun  1 15:31:59 2018
5sc01,extrapolation,unmarked,initial,sa,"['gu', 'ti']",Noun_Training,cowboy,NA,NA,nork,NA,NA,,NA,22,Fri Jun  1 15:32:04 2018
5sc01,extrapolation,unmarked,initial,sa,"['gu', 'ti']",Noun_Training,waitress,NA,NA,negid,NA,NA,,NA,23,Fri Jun  1 15:32:09 2018
5sc01,extrapolation,unmarked,initial,sa,"['gu', 'ti']",Noun_Training,cowboy,NA,NA,nork,NA,NA,,NA,24,Fri Jun  1 15:32:14 2018
5sc01,extrapolation,unmarked,initial,sa,"['gu', 'ti']",Noun_Selection,waitress,NA,NA,negid,correct,NA,,NA,25,Fri Jun  1 15:32:36 2018
5sc01,extrapolation,unmarked,initial,sa,"['gu', 'ti']",Noun_Selection,cowboy,NA,NA,nork,wrong,NA,,NA,26,Fri Jun  1 15:32:41 2018
5sc01,extrapolation,unmarked,initial,sa,"['gu', 'ti']",Noun_Selection,cowboy,NA,NA,nork,correct,NA,,NA,27,Fri Jun  1 15:32:46 2018
5sc01,extrapolation,unmarked,initial,sa,"['gu', 'ti']",Noun_Selection,waitress,NA,NA,negid,correct,NA,,NA,28,Fri Jun  1 15:32:52 2018
5sc01,extrapolation,unmarked,initial,sa,"['gu', 'ti']",Noun_Selection,burglar,NA,NA,tumbat,correct,NA,,NA,29,Fri Jun  1 15:32:55 2018
5sc01,extrapolation,unmarked,initial,sa,"['gu', 'ti']",Noun_Selection,waitress,NA,NA,negid,correct,NA,,NA,30,Fri Jun  1 15:33:00 2018
5sc01,extrapolation,unmarked,initial,sa,"['gu', 'ti']",Noun_Selection,cowboy,NA,NA,nork,correct,NA,,NA,31,Fri Jun  1 15:33:04 2018
5sc01,extrapolation,unmarked,initial,sa,"['gu', 'ti']",Noun_Selection,chef,NA,NA,vaem,correct,NA,,NA,32,Fri Jun  1 15:33:10 2018
5sc01,extrapolation,unmarked,initial,sa,"['gu', 'ti']",Noun_Selection,chef,NA,NA,vaem,correct,NA,,NA,33,Fri Jun  1 15:33:13 2018
5sc01,extrapolation,unmarked,initial,sa,"['gu', 'ti']",Noun_Selection,burglar,NA,NA,tumbat,correct,NA,,NA,34,Fri Jun  1 15:33:17 2018
5sc01,extrapolation,unmarked,initial,sa,"['gu', 'ti']",Noun_Selection,chef,NA,NA,vaem,correct,NA,,NA,35,Fri Jun  1 15:33:21 2018
5sc01,extrapolation,unmarked,initial,sa,"['gu', 'ti']",Noun_Selection,burglar,NA,NA,tumbat,correct,NA,,NA,36,Fri Jun  1 15:33:25 2018
5sc01,extrapolation,unmarked,initial,sa,"['gu', 'ti']",Noun_Testing,burglar,NA,NA,tumbat,NA,NA,,NA,37,Fri Jun  1 15:33:53 2018
5sc01,extrapolation,unmarked,initial,sa,"['gu', 'ti']",Noun_Testing,waitress,NA,NA,negid,NA,NA,,NA,38,Fri Jun  1 15:34:04 2018
5sc01,extrapolation,unmarked,initial,sa,"['gu', 'ti']",Noun_Testing,cowboy,NA,NA,nork,NA,NA,,NA,39,Fri Jun  1 15:34:10 2018
5sc01,extrapolation,unmarked,initial,sa,"['gu', 'ti']",Noun_Testing,chef,NA,NA,vaem,NA,NA,,NA,40,Fri Jun  1 15:34:20 2018
5sc01,extrapolation,unmarked,initial,sa,"['gu', 'ti']",Noun_Testing,chef,NA,NA,vaem,NA,NA,,NA,41,Fri Jun  1 15:34:26 2018
5sc01,extrapolation,unmarked,initial,sa,"['gu', 'ti']",Noun_Testing,chef,NA,NA,vaem,NA,NA,,NA,42,Fri Jun  1 15:34:31 2018
5sc01,extrapolation,unmarked,initial,sa,"['gu', 'ti']",Noun_Testing,waitress,NA,NA,negid,NA,NA,,NA,43,Fri Jun  1 15:34:36 2018
5sc01,extrapolation,unmarked,initial,sa,"['gu', 'ti']",Noun_Testing,burglar,NA,NA,tumbat,NA,NA,,NA,44,Fri Jun  1 15:34:40 2018
5sc01,extrapolation,unmarked,initial,sa,"['gu', 'ti']",Noun_Testing,cowboy,NA,NA,nork,NA,NA,,NA,45,Fri Jun  1 15:34:45 2018
5sc01,extrapolation,unmarked,initial,sa,"['gu', 'ti']",Noun_Testing,cowboy,NA,NA,nork,NA,NA,,NA,46,Fri Jun  1 15:34:52 2018
5sc01,extrapolation,unmarked,initial,sa,"['gu', 'ti']",Noun_Testing,burglar,NA,NA,tumbat,NA,NA,,NA,47,Fri Jun  1 15:34:57 2018
5sc01,extrapolation,unmarked,initial,sa,"['gu', 'ti']",Noun_Testing,waitress,NA,NA,negid,NA,NA,,NA,48,Fri Jun  1 15:35:01 2018
5sc01,extrapolation,unmarked,initial,sa,"['gu', 'ti']",SimplePhrase_Training,punch_cowboy_pl_waitress_sg,NA,NA,straikim norksa negidti,NA,NA,,NA,49,Fri Jun  1 15:35:37 2018
5sc01,extrapolation,unmarked,initial,sa,"['gu', 'ti']",SimplePhrase_Training,waitress,NA,NA,negid,NA,NA,,NA,50,Fri Jun  1 15:35:42 2018
5sc01,extrapolation,unmarked,initial,sa,"['gu', 'ti']",SimplePhrase_Training,kick_burglar_sg_chef_sg,NA,NA,kikim tumbat vaemgu,NA,NA,,NA,51,Fri Jun  1 15:35:49 2018
5sc01,extrapolation,unmarked,initial,sa,"['gu', 'ti']",SimplePhrase_Training,cowboy,NA,NA,nork,NA,NA,,NA,52,Fri Jun  1 15:35:54 2018
5sc01,extrapolation,unmarked,initial,sa,"['gu', 'ti']",SimplePhrase_Training,kick_burglar_pl_chef_sg,NA,NA,kikim tumbatsa vaemgu,NA,NA,,NA,53,Fri Jun  1 15:36:02 2018
5sc01,extrapolation,unmarked,initial,sa,"['gu', 'ti']",SimplePhrase_Training,punch_burglar_sg_cowboy_sg,NA,NA,straikim tumbat norkgu,NA,NA,,NA,54,Fri Jun  1 15:36:09 2018
5sc01,extrapolation,unmarked,initial,sa,"['gu', 'ti']",SimplePhrase_Training,punch_chef_sg_burglar_sg,NA,NA,straikim vaem tumbatti,NA,NA,,NA,55,Fri Jun  1 15:36:17 2018
5sc01,extrapolation,unmarked,initial,sa,"['gu', 'ti']",SimplePhrase_Training,punch_chef_sg_waitress_sg,NA,NA,straikim vaem negidti,NA,NA,,NA,56,Fri Jun  1 15:36:24 2018
5sc01,extrapolation,unmarked,initial,sa,"['gu', 'ti']",SimplePhrase_Training,punch_cowboy_sg_chef_sg,NA,NA,straikim nork vaemgu,NA,NA,,NA,57,Fri Jun  1 15:36:32 2018
5sc01,extrapolation,unmarked,initial,sa,"['gu', 'ti']",SimplePhrase_Training,punch_chef_pl_burglar_sg,NA,NA,straikim vaemsa tumbatti,NA,NA,,NA,58,Fri Jun  1 15:36:39 2018
5sc01,extrapolation,unmarked,initial,sa,"['gu', 'ti']",SimplePhrase_Training,point_cowboy_sg_waitress_sg,NA,NA,poinim nork negidti,NA,NA,,NA,59,Fri Jun  1 15:36:47 2018
5sc01,extrapolation,unmarked,initial,sa,"['gu', 'ti']",SimplePhrase_Training,point_burglar_pl_chef_sg,NA,NA,poinim tumbatsa vaemgu,NA,NA,,NA,60,Fri Jun  1 15:36:54 2018
5sc01,extrapolation,unmarked,initial,sa,"['gu', 'ti']",SimplePhrase_Training,kick_cowboy_sg_burglar_sg,NA,NA,kikim nork tumbatti,NA,NA,,NA,61,Fri Jun  1 15:37:02 2018
5sc01,extrapolation,unmarked,initial,sa,"['gu', 'ti']",SimplePhrase_Training,kick_cowboy_pl_waitress_sg,NA,NA,kikim norksa negidti,NA,NA,,NA,62,Fri Jun  1 15:37:09 2018
5sc01,extrapolation,unmarked,initial,sa,"['gu', 'ti']",SimplePhrase_Training,punch_waitress_sg_cowboy_sg,NA,NA,straikim negid norkgu,NA,NA,,NA,63,Fri Jun  1 15:37:17 2018
5sc01,extrapolation,unmarked,initial,sa,"['gu', 'ti']",SimplePhrase_Training,chef,NA,NA,vaem,NA,NA,,NA,64,Fri Jun  1 15:37:21 2018
5sc01,extrapolation,unmarked,initial,sa,"['gu', 'ti']",SimplePhrase_Training,kick_burglar_sg_waitress_sg,NA,NA,kikim tumbat negidti,NA,NA,,NA,65,Fri Jun  1 15:37:29 2018
5sc01,extrapolation,unmarked,initial,sa,"['gu', 'ti']",SimplePhrase_Training,kick_waitress_sg_burglar_sg,NA,NA,kikim negid tumbatti,NA,NA,,NA,66,Fri Jun  1 15:37:36 2018
5sc01,extrapolation,unmarked,initial,sa,"['gu', 'ti']",SimplePhrase_Training,point_waitress_pl_cowboy_sg,NA,NA,poinim negidsa norkgu,NA,NA,,NA,67,Fri Jun  1 15:37:43 2018
5sc01,extrapolation,unmarked,initial,sa,"['gu', 'ti']",SimplePhrase_Training,kick_cowboy_sg_chef_sg,NA,NA,kikim nork vaemgu,NA,NA,,NA,68,Fri Jun  1 15:37:51 2018
5sc01,extrapolation,unmarked,initial,sa,"['gu', 'ti']",SimplePhrase_Training,punch_burglar_pl_waitress_sg,NA,NA,straikim tumbatsa negidti,NA,NA,,NA,69,Fri Jun  1 15:37:59 2018
5sc01,extrapolation,unmarked,initial,sa,"['gu', 'ti']",SimplePhrase_Training,point_cowboy_pl_chef_sg,NA,NA,poinim norksa vaemgu,NA,NA,,NA,70,Fri Jun  1 15:38:06 2018
5sc01,extrapolation,unmarked,initial,sa,"['gu', 'ti']",SimplePhrase_Training,punch_cowboy_pl_burglar_sg,NA,NA,straikim norksa tumbatti,NA,NA,,NA,71,Fri Jun  1 15:38:14 2018
5sc01,extrapolation,unmarked,initial,sa,"['gu', 'ti']",SimplePhrase_Training,punch_waitress_pl_cowboy_sg,NA,NA,straikim negidsa norkgu,NA,NA,,NA,72,Fri Jun  1 15:38:21 2018
5sc01,extrapolation,unmarked,initial,sa,"['gu', 'ti']",SimplePhrase_Training,point_cowboy_sg_chef_sg,NA,NA,poinim nork vaemgu,NA,NA,,NA,73,Fri Jun  1 15:38:29 2018
5sc01,extrapolation,unmarked,initial,sa,"['gu', 'ti']",SimplePhrase_Training,chef,NA,NA,vaem,NA,NA,,NA,74,Fri Jun  1 15:38:34 2018
5sc01,extrapolation,unmarked,initial,sa,"['gu', 'ti']",SimplePhrase_Training,kick_burglar_sg_cowboy_sg,NA,NA,kikim tumbat norkgu,NA,NA,,NA,75,Fri Jun  1 15:38:41 2018
5sc01,extrapolation,unmarked,initial,sa,"['gu', 'ti']",SimplePhrase_Training,point_cowboy_pl_burglar_sg,NA,NA,poinim norksa tumbatti,NA,NA,,NA,76,Fri Jun  1 15:38:48 2018
5sc01,extrapolation,unmarked,initial,sa,"['gu', 'ti']",SimplePhrase_Training,point_waitress_pl_chef_sg,NA,NA,poinim negidsa vaemgu,NA,NA,,NA,77,Fri Jun  1 15:38:56 2018
5sc01,extrapolation,unmarked,initial,sa,"['gu', 'ti']",SimplePhrase_Training,cowboy,NA,NA,nork,NA,NA,,NA,78,Fri Jun  1 15:39:01 2018
5sc01,extrapolation,unmarked,initial,sa,"['gu', 'ti']",SimplePhrase_Training,punch_burglar_pl_chef_sg,NA,NA,straikim tumbatsa vaemgu,NA,NA,,NA,79,Fri Jun  1 15:39:08 2018
5sc01,extrapolation,unmarked,initial,sa,"['gu', 'ti']",SimplePhrase_Training,punch_burglar_sg_waitress_sg,NA,NA,straikim tumbat negidti,NA,NA,,NA,80,Fri Jun  1 15:39:16 2018
5sc01,extrapolation,unmarked,initial,sa,"['gu', 'ti']",SimplePhrase_Training,kick_waitress_pl_burglar_sg,NA,NA,kikim negidsa tumbatti,NA,NA,,NA,81,Fri Jun  1 15:39:23 2018
5sc01,extrapolation,unmarked,initial,sa,"['gu', 'ti']",SimplePhrase_Training,point_waitress_sg_burglar_sg,NA,NA,poinim negid tumbatti,NA,NA,,NA,82,Fri Jun  1 15:39:31 2018
5sc01,extrapolation,unmarked,initial,sa,"['gu', 'ti']",SimplePhrase_Training,point_waitress_sg_chef_sg,NA,NA,poinim negid vaemgu,NA,NA,,NA,83,Fri Jun  1 15:39:38 2018
5sc01,extrapolation,unmarked,initial,sa,"['gu', 'ti']",SimplePhrase_Training,kick_chef_pl_burglar_sg,NA,NA,kikim vaemsa tumbatti,NA,NA,,NA,84,Fri Jun  1 15:39:45 2018
5sc01,extrapolation,unmarked,initial,sa,"['gu', 'ti']",SimplePhrase_Training,kick_burglar_pl_cowboy_sg,NA,NA,kikim tumbatsa norkgu,NA,NA,,NA,85,Fri Jun  1 15:39:53 2018
5sc01,extrapolation,unmarked,initial,sa,"['gu', 'ti']",SimplePhrase_Training,point_waitress_sg_cowboy_sg,NA,NA,poinim negid norkgu,NA,NA,,NA,86,Fri Jun  1 15:40:00 2018
5sc01,extrapolation,unmarked,initial,sa,"['gu', 'ti']",SimplePhrase_Training,point_cowboy_pl_waitress_sg,NA,NA,poinim norksa negidti,NA,NA,,NA,87,Fri Jun  1 15:40:08 2018
5sc01,extrapolation,unmarked,initial,sa,"['gu', 'ti']",SimplePhrase_Training,punch_waitress_sg_burglar_sg,NA,NA,straikim negid tumbatti,NA,NA,,NA,88,Fri Jun  1 15:40:15 2018
5sc01,extrapolation,unmarked,initial,sa,"['gu', 'ti']",SimplePhrase_Training,point_chef_sg_waitress_sg,NA,NA,poinim vaem negidti,NA,NA,,NA,89,Fri Jun  1 15:40:22 2018
5sc01,extrapolation,unmarked,initial,sa,"['gu', 'ti']",SimplePhrase_Training,point_chef_pl_burglar_sg,NA,NA,poinim vaemsa tumbatti,NA,NA,,NA,90,Fri Jun  1 15:40:30 2018
5sc01,extrapolation,unmarked,initial,sa,"['gu', 'ti']",SimplePhrase_Training,punch_cowboy_sg_waitress_sg,NA,NA,straikim nork negidti,NA,NA,,NA,91,Fri Jun  1 15:40:38 2018
5sc01,extrapolation,unmarked,initial,sa,"['gu', 'ti']",SimplePhrase_Training,waitress,NA,NA,negid,NA,NA,,NA,92,Fri Jun  1 15:40:43 2018
5sc01,extrapolation,unmarked,initial,sa,"['gu', 'ti']",SimplePhrase_Training,kick_burglar_pl_waitress_sg,NA,NA,kikim tumbatsa negidti,NA,NA,,NA,93,Fri Jun  1 15:40:50 2018
5sc01,extrapolation,unmarked,initial,sa,"['gu', 'ti']",SimplePhrase_Training,burglar,NA,NA,tumbat,NA,NA,,NA,94,Fri Jun  1 15:40:55 2018
5sc01,extrapolation,unmarked,initial,sa,"['gu', 'ti']",SimplePhrase_Training,point_chef_pl_waitress_sg,NA,NA,poinim vaemsa negidti,NA,NA,,NA,95,Fri Jun  1 15:41:02 2018
5sc01,extrapolation,unmarked,initial,sa,"['gu', 'ti']",SimplePhrase_Training,point_chef_sg_cowboy_sg,NA,NA,poinim vaem norkgu,NA,NA,,NA,96,Fri Jun  1 15:41:10 2018
5sc01,extrapolation,unmarked,initial,sa,"['gu', 'ti']",SimplePhrase_Training,point_burglar_sg_chef_sg,NA,NA,poinim tumbat vaemgu,NA,NA,,NA,97,Fri Jun  1 15:41:17 2018
5sc01,extrapolation,unmarked,initial,sa,"['gu', 'ti']",SimplePhrase_Training,kick_waitress_pl_cowboy_sg,NA,NA,kikim negidsa norkgu,NA,NA,,NA,98,Fri Jun  1 15:41:24 2018
5sc01,extrapolation,unmarked,initial,sa,"['gu', 'ti']",SimplePhrase_Training,point_chef_sg_burglar_sg,NA,NA,poinim vaem tumbatti,NA,NA,,NA,99,Fri Jun  1 15:41:32 2018
5sc01,extrapolation,unmarked,initial,sa,"['gu', 'ti']",SimplePhrase_Training,burglar,NA,NA,tumbat,NA,NA,,NA,100,Fri Jun  1 15:41:37 2018
5sc01,extrapolation,unmarked,initial,sa,"['gu', 'ti']",SimplePhrase_Training,punch_chef_pl_cowboy_sg,NA,NA,straikim vaemsa norkgu,NA,NA,,NA,101,Fri Jun  1 15:41:44 2018
5sc01,extrapolation,unmarked,initial,sa,"['gu', 'ti']",SimplePhrase_Training,kick_chef_pl_cowboy_sg,NA,NA,kikim vaemsa norkgu,NA,NA,,NA,102,Fri Jun  1 15:41:52 2018
5sc01,extrapolation,unmarked,initial,sa,"['gu', 'ti']",SimplePhrase_Training,kick_waitress_pl_chef_sg,NA,NA,kikim negidsa vaemgu,NA,NA,,NA,103,Fri Jun  1 15:41:59 2018
5sc01,extrapolation,unmarked,initial,sa,"['gu', 'ti']",SimplePhrase_Training,kick_chef_sg_cowboy_sg,NA,NA,kikim vaem norkgu,NA,NA,,NA,104,Fri Jun  1 15:42:06 2018
5sc01,extrapolation,unmarked,initial,sa,"['gu', 'ti']",SimplePhrase_Comprehension,point_burglar_pl_cowboy_sg,NA,NA,poinim tumbatsa norkgu,correct,NA,,NA,105,Fri Jun  1 15:42:32 2018
5sc01,extrapolation,unmarked,initial,sa,"['gu', 'ti']",SimplePhrase_Comprehension,punch_burglar_sg_waitress_sg,NA,NA,straikim tumbat negidti,correct,NA,,NA,106,Fri Jun  1 15:42:38 2018
5sc01,extrapolation,unmarked,initial,sa,"['gu', 'ti']",SimplePhrase_Comprehension,punch_waitress_pl_chef_sg,NA,NA,straikim negidsa vaemgu,correct,NA,,NA,107,Fri Jun  1 15:42:44 2018
5sc01,extrapolation,unmarked,initial,sa,"['gu', 'ti']",SimplePhrase_Comprehension,punch_chef_pl_cowboy_sg,NA,NA,straikim vaemsa norkgu,correct,NA,,NA,108,Fri Jun  1 15:42:50 2018
5sc01,extrapolation,unmarked,initial,sa,"['gu', 'ti']",SimplePhrase_Comprehension,kick_chef_sg_burglar_sg,NA,NA,kikim vaem tumbatti,correct,NA,,NA,109,Fri Jun  1 15:42:56 2018
5sc01,extrapolation,unmarked,initial,sa,"['gu', 'ti']",SimplePhrase_Comprehension,kick_waitress_sg_chef_sg,NA,NA,kikim negid vaemgu,correct,NA,,NA,110,Fri Jun  1 15:43:02 2018
5sc01,extrapolation,unmarked,initial,sa,"['gu', 'ti']",SimplePhrase_Comprehension,point_burglar_sg_cowboy_sg,NA,NA,poinim tumbat norkgu,correct,NA,,NA,111,Fri Jun  1 15:43:08 2018
5sc01,extrapolation,unmarked,initial,sa,"['gu', 'ti']",SimplePhrase_Comprehension,punch_burglar_pl_cowboy_sg,NA,NA,straikim tumbatsa norkgu,correct,NA,,NA,112,Fri Jun  1 15:43:14 2018
5sc01,extrapolation,unmarked,initial,sa,"['gu', 'ti']",SimplePhrase_Comprehension,punch_cowboy_pl_chef_sg,NA,NA,straikim norksa vaemgu,correct,NA,,NA,113,Fri Jun  1 15:43:22 2018
5sc01,extrapolation,unmarked,initial,sa,"['gu', 'ti']",SimplePhrase_Comprehension,kick_chef_sg_waitress_sg,NA,NA,kikim vaem negidti,correct,NA,,NA,114,Fri Jun  1 15:43:28 2018
5sc01,extrapolation,unmarked,initial,sa,"['gu', 'ti']",SimplePhrase_Comprehension,kick_cowboy_pl_chef_sg,NA,NA,kikim norksa vaemgu,correct,NA,,NA,115,Fri Jun  1 15:43:35 2018
5sc01,extrapolation,unmarked,initial,sa,"['gu', 'ti']",SimplePhrase_Comprehension,punch_waitress_sg_chef_sg,NA,NA,straikim negid vaemgu,correct,NA,,NA,116,Fri Jun  1 15:43:42 2018
5sc01,extrapolation,unmarked,initial,sa,"['gu', 'ti']",SimplePhrase_Comprehension,punch_chef_pl_waitress_sg,NA,NA,straikim vaemsa negidti,correct,NA,,NA,117,Fri Jun  1 15:43:48 2018
5sc01,extrapolation,unmarked,initial,sa,"['gu', 'ti']",SimplePhrase_Comprehension,punch_cowboy_sg_burglar_sg,NA,NA,straikim nork tumbatti,correct,NA,,NA,118,Fri Jun  1 15:43:54 2018
5sc01,extrapolation,unmarked,initial,sa,"['gu', 'ti']",SimplePhrase_Comprehension,point_waitress_pl_burglar_sg,NA,NA,poinim negidsa tumbatti,correct,NA,,NA,119,Fri Jun  1 15:44:00 2018
5sc01,extrapolation,unmarked,initial,sa,"['gu', 'ti']",SimplePhrase_Comprehension,point_burglar_sg_waitress_sg,NA,NA,poinim tumbat negidti,correct,NA,,NA,120,Fri Jun  1 15:44:06 2018
5sc01,extrapolation,unmarked,initial,sa,"['gu', 'ti']",SimplePhrase_Comprehension,punch_chef_sg_cowboy_sg,NA,NA,straikim vaem norkgu,correct,NA,,NA,121,Fri Jun  1 15:44:13 2018
5sc01,extrapolation,unmarked,initial,sa,"['gu', 'ti']",SimplePhrase_Comprehension,punch_cowboy_sg_burglar_sg,NA,NA,straikim nork tumbatti,correct,NA,,NA,122,Fri Jun  1 15:44:19 2018
5sc01,extrapolation,unmarked,initial,sa,"['gu', 'ti']",SimplePhrase_Comprehension,punch_burglar_sg_chef_sg,NA,NA,straikim tumbat vaemgu,correct,NA,,NA,123,Fri Jun  1 15:44:24 2018
5sc01,extrapolation,unmarked,initial,sa,"['gu', 'ti']",SimplePhrase_Comprehension,kick_cowboy_pl_burglar_sg,NA,NA,kikim norksa tumbatti,correct,NA,,NA,124,Fri Jun  1 15:44:30 2018
5sc01,extrapolation,unmarked,initial,sa,"['gu', 'ti']",SimplePhrase_Comprehension,punch_waitress_pl_burglar_sg,NA,NA,straikim negidsa tumbatti,correct,NA,,NA,125,Fri Jun  1 15:44:36 2018
5sc01,extrapolation,unmarked,initial,sa,"['gu', 'ti']",SimplePhrase_Comprehension,punch_burglar_sg_cowboy_sg,NA,NA,straikim tumbat norkgu,correct,NA,,NA,126,Fri Jun  1 15:44:42 2018
5sc01,extrapolation,unmarked,initial,sa,"['gu', 'ti']",SimplePhrase_Comprehension,kick_chef_pl_waitress_sg,NA,NA,kikim vaemsa negidti,correct,NA,,NA,127,Fri Jun  1 15:44:47 2018
5sc01,extrapolation,unmarked,initial,sa,"['gu', 'ti']",SimplePhrase_Comprehension,punch_chef_pl_waitress_sg,NA,NA,straikim vaemsa negidti,correct,NA,,NA,128,Fri Jun  1 15:44:53 2018
5sc01,extrapolation,unmarked,initial,sa,"['gu', 'ti']",SimplePhrase_Typing,kick_cowboy_sg_chef_sg,NA,NA,kikim nork vaemgu,NA,kikim nork vaemgu,,NA,129,Fri Jun  1 15:45:34 2018
5sc01,extrapolation,unmarked,initial,sa,"['gu', 'ti']",SimplePhrase_Typing,point_chef_pl_burglar_sg,NA,NA,poinim vaemsa tumbatti,NA,poinim norksa tambatti,,NA,130,Fri Jun  1 15:45:55 2018
5sc01,extrapolation,unmarked,initial,sa,"['gu', 'ti']",SimplePhrase_Typing,point_cowboy_sg_waitress_sg,NA,NA,poinim nork negidti,NA,poinim nork negidti,,NA,131,Fri Jun  1 15:46:09 2018
5sc01,extrapolation,unmarked,initial,sa,"['gu', 'ti']",SimplePhrase_Typing,kick_burglar_pl_waitress_sg,NA,NA,kikim tumbatsa negidti,NA,kikim tumbatti negidsi,,NA,132,Fri Jun  1 15:46:26 2018
5sc01,extrapolation,unmarked,initial,sa,"['gu', 'ti']",SimplePhrase_Typing,punch_cowboy_sg_chef_sg,NA,NA,straikim nork vaemgu,NA,straikim nork vaemgu,,NA,133,Fri Jun  1 15:46:39 2018
5sc01,extrapolation,unmarked,initial,sa,"['gu', 'ti']",SimplePhrase_Typing,burglar,NA,NA,tumbat,NA,tambat,,NA,134,Fri Jun  1 15:46:46 2018
5sc01,extrapolation,unmarked,initial,sa,"['gu', 'ti']",SimplePhrase_Typing,point_chef_pl_waitress_sg,NA,NA,poinim vaemsa negidti,NA,poinim vaemsa negidti,,NA,135,Fri Jun  1 15:47:05 2018
5sc01,extrapolation,unmarked,initial,sa,"['gu', 'ti']",SimplePhrase_Typing,punch_waitress_sg_burglar_sg,NA,NA,straikim negid tumbatti,NA,straikim negid tumbatti,,NA,136,Fri Jun  1 15:47:19 2018
5sc01,extrapolation,unmarked,initial,sa,"['gu', 'ti']",SimplePhrase_Typing,point_chef_sg_burglar_sg,NA,NA,poinim vaem tumbatti,NA,poinim vaem tumbatti,,NA,137,Fri Jun  1 15:47:32 2018
5sc01,extrapolation,unmarked,initial,sa,"['gu', 'ti']",SimplePhrase_Typing,chef,NA,NA,vaem,NA,vaem,,NA,138,Fri Jun  1 15:47:38 2018
5sc01,extrapolation,unmarked,initial,sa,"['gu', 'ti']",SimplePhrase_Typing,cowboy,NA,NA,nork,NA,nork,,NA,139,Fri Jun  1 15:47:43 2018
5sc01,extrapolation,unmarked,initial,sa,"['gu', 'ti']",SimplePhrase_Typing,waitress,NA,NA,negid,NA,negid,,NA,140,Fri Jun  1 15:47:49 2018
5sc01,extrapolation,unmarked,initial,sa,"['gu', 'ti']",SimplePhrase_Typing,point_cowboy_pl_burglar_sg,NA,NA,poinim norksa tumbatti,NA,poinim norksu tumbatti,,NA,141,Fri Jun  1 15:48:01 2018
5sc01,extrapolation,unmarked,initial,sa,"['gu', 'ti']",SimplePhrase_Typing,kick_chef_pl_cowboy_sg,NA,NA,kikim vaemsa norkgu,NA,kikim vaemgu norksa,,NA,142,Fri Jun  1 15:48:12 2018
5sc01,extrapolation,unmarked,initial,sa,"['gu', 'ti']",SimplePhrase_Typing,kick_burglar_pl_chef_sg,NA,NA,kikim tumbatsa vaemgu,NA,kikim tumbatti vaemgu,,NA,143,Fri Jun  1 15:48:26 2018
5sc01,extrapolation,unmarked,initial,sa,"['gu', 'ti']",SimplePhrase_Typing,kick_chef_sg_cowboy_sg,NA,NA,kikim vaem norkgu,NA,kikim vaem norksa,,NA,144,Fri Jun  1 15:48:41 2018
5sc01,extrapolation,unmarked,initial,sa,"['gu', 'ti']",SimplePhrase_Typing,punch_chef_pl_cowboy_sg,NA,NA,straikim vaemsa norkgu,NA,straikim vaemgu norkgu,,NA,145,Fri Jun  1 15:48:54 2018
5sc01,extrapolation,unmarked,initial,sa,"['gu', 'ti']",SimplePhrase_Typing,point_waitress_pl_chef_sg,NA,NA,poinim negidsa vaemgu,NA,poinim negidti vaemgu,,NA,146,Fri Jun  1 15:49:13 2018
5sc01,extrapolation,unmarked,initial,sa,"['gu', 'ti']",SimplePhrase_Typing,point_waitress_sg_cowboy_sg,NA,NA,poinim negid norkgu,NA,poinim negid norksa,,NA,147,Fri Jun  1 15:49:25 2018
5sc01,extrapolation,unmarked,initial,sa,"['gu', 'ti']",SimplePhrase_Typing,punch_cowboy_sg_waitress_sg,NA,NA,straikim nork negidti,NA,straikim nork negidti,,NA,148,Fri Jun  1 15:49:37 2018
5sc01,extrapolation,unmarked,initial,sa,"['gu', 'ti']",ComplexPhrase_Typing,punch_chef_sg_waitress_pl,waitress,negid,straikim vaem negidsati,NA,straikim vaem negidstam,,NA,149,Fri Jun  1 15:50:46 2018
5sc01,extrapolation,unmarked,initial,sa,"['gu', 'ti']",ComplexPhrase_Typing,kick_chef_sg_cowboy_pl,cowboy,nork,kikim vaem norksagu,NA,kikim vaem norkgume,,NA,150,Fri Jun  1 15:51:07 2018
5sc01,extrapolation,unmarked,initial,sa,"['gu', 'ti']",ComplexPhrase_Typing,point_cowboy_sg_chef_pl,chef,vaem,poinim nork vaemsagu,NA,poinim nork vaemgume,,NA,151,Fri Jun  1 15:51:23 2018
5sc01,extrapolation,unmarked,initial,sa,"['gu', 'ti']",ComplexPhrase_Typing,point_waitress_sg_burglar_pl,burglar,tumbat,poinim negid tumbatsati,NA,poinim negid tumbattiso,,NA,152,Fri Jun  1 15:51:33 2018
5sc01,extrapolation,unmarked,initial,sa,"['gu', 'ti']",ComplexPhrase_Typing,kick_chef_sg_cowboy_pl,cowboy,nork,kikim vaem norksagu,NA,kikim vaem norksome,,NA,153,Fri Jun  1 15:51:46 2018
5sc01,extrapolation,unmarked,initial,sa,"['gu', 'ti']",ComplexPhrase_Typing,point_cowboy_sg_chef_pl,chef,vaem,poinim nork vaemsagu,NA,poinim nork vaemutti,,NA,154,Fri Jun  1 15:52:10 2018
5sc01,extrapolation,unmarked,initial,sa,"['gu', 'ti']",ComplexPhrase_Typing,point_waitress_sg_burglar_pl,burglar,tumbat,poinim negid tumbatsati,NA,poinim negid tumbattiso,,NA,155,Fri Jun  1 15:52:33 2018
5sc01,extrapolation,unmarked,initial,sa,"['gu', 'ti']",ComplexPhrase_Typing,punch_chef_sg_waitress_pl,waitress,negid,straikim vaem negidsati,NA,straikim vaem negiditti,,NA,156,Fri Jun  1 15:52:56 2018
5sc01,extrapolation,unmarked,initial,sa,"['gu', 'ti']",ComplexPhrase_Typing,point_waitress_sg_burglar_pl,burglar,tumbat,poinim negid tumbatsati,NA,poinim negid tumbattiso,,NA,157,Fri Jun  1 15:53:08 2018
5sc01,extrapolation,unmarked,initial,sa,"['gu', 'ti']",ComplexPhrase_Typing,kick_chef_sg_cowboy_pl,cowboy,nork,kikim vaem norksagu,NA,kikim vaem norkguso,,NA,158,Fri Jun  1 15:53:19 2018
5sc01,extrapolation,unmarked,initial,sa,"['gu', 'ti']",ComplexPhrase_Typing,point_cowboy_sg_chef_pl,chef,vaem,poinim nork vaemsagu,NA,poinim nork vaemgume,,NA,159,Fri Jun  1 15:53:25 2018
5sc01,extrapolation,unmarked,initial,sa,"['gu', 'ti']",ComplexPhrase_Typing,punch_chef_sg_waitress_pl,waitress,negid,straikim vaem negidsati,NA,straikim vaem negiditti,,NA,160,Fri Jun  1 15:53:44 2018
5sc01,extrapolation,unmarked,initial,sa,"['gu', 'ti']",ComplexPhrase_Testing,point_waitress_sg_burglar_pl,burglar,tumbat,poinim negid tumbatsati,NA,NA,,NA,161,Fri Jun  1 15:54:25 2018
5sc01,extrapolation,unmarked,initial,sa,"['gu', 'ti']",ComplexPhrase_Testing,punch_waitress_sg_cowboy_pl,cowboy,nork,straikim negid norksagu,NA,NA,,NA,162,Fri Jun  1 15:54:32 2018
5sc01,extrapolation,unmarked,initial,sa,"['gu', 'ti']",ComplexPhrase_Testing,point_waitress_sg_burglar_pl,burglar,tumbat,poinim negid tumbatsati,NA,NA,,NA,163,Fri Jun  1 15:54:39 2018
5sc01,extrapolation,unmarked,initial,sa,"['gu', 'ti']",ComplexPhrase_Testing,kick_burglar_sg_waitress_pl,waitress,negid,kikim tumbat negidsati,NA,NA,,NA,164,Fri Jun  1 15:54:46 2018
5sc01,extrapolation,unmarked,initial,sa,"['gu', 'ti']",ComplexPhrase_Testing,point_waitress_pl_cowboy_sg,NA,NA,poinim negidsa norkgu,NA,NA,,NA,165,Fri Jun  1 15:54:54 2018
5sc01,extrapolation,unmarked,initial,sa,"['gu', 'ti']",ComplexPhrase_Testing,point_cowboy_sg_waitress_pl,waitress,negid,poinim nork negidsati,NA,NA,,NA,166,Fri Jun  1 15:55:10 2018
5sc01,extrapolation,unmarked,initial,sa,"['gu', 'ti']",ComplexPhrase_Testing,point_cowboy_sg_burglar_pl,burglar,tumbat,poinim nork tumbatsati,NA,NA,,NA,167,Fri Jun  1 15:55:17 2018
5sc01,extrapolation,unmarked,initial,sa,"['gu', 'ti']",ComplexPhrase_Testing,punch_waitress_sg_cowboy_pl,cowboy,nork,straikim negid norksagu,NA,NA,,NA,168,Fri Jun  1 15:55:27 2018
5sc01,extrapolation,unmarked,initial,sa,"['gu', 'ti']",ComplexPhrase_Testing,waitress,NA,NA,negid,NA,NA,,NA,169,Fri Jun  1 15:55:29 2018
5sc01,extrapolation,unmarked,initial,sa,"['gu', 'ti']",ComplexPhrase_Testing,chef,NA,NA,vaem,NA,NA,,NA,170,Fri Jun  1 15:55:33 2018
5sc01,extrapolation,unmarked,initial,sa,"['gu', 'ti']",ComplexPhrase_Testing,kick_chef_sg_cowboy_sg,NA,NA,kikim vaem norkgu,NA,NA,,NA,171,Fri Jun  1 15:55:41 2018
5sc01,extrapolation,unmarked,initial,sa,"['gu', 'ti']",ComplexPhrase_Testing,punch_cowboy_sg_burglar_pl,burglar,tumbat,straikim nork tumbatsati,NA,NA,,NA,172,Fri Jun  1 15:55:51 2018
5sc01,extrapolation,unmarked,initial,sa,"['gu', 'ti']",ComplexPhrase_Testing,point_chef_sg_waitress_pl,waitress,negid,poinim vaem negidsati,NA,NA,,NA,173,Fri Jun  1 15:55:57 2018
5sc01,extrapolation,unmarked,initial,sa,"['gu', 'ti']",ComplexPhrase_Testing,point_burglar_sg_chef_pl,chef,vaem,poinim tumbat vaemsagu,NA,NA,,NA,174,Fri Jun  1 15:56:06 2018
5sc01,extrapolation,unmarked,initial,sa,"['gu', 'ti']",ComplexPhrase_Testing,punch_waitress_sg_chef_pl,chef,vaem,straikim negid vaemsagu,NA,NA,,NA,175,Fri Jun  1 15:56:10 2018
5sc01,extrapolation,unmarked,initial,sa,"['gu', 'ti']",ComplexPhrase_Testing,punch_waitress_pl_burglar_sg,NA,NA,straikim negidsa tumbatti,NA,NA,,NA,176,Fri Jun  1 15:56:25 2018
5sc01,extrapolation,unmarked,initial,sa,"['gu', 'ti']",ComplexPhrase_Testing,punch_waitress_pl_chef_sg,NA,NA,straikim negidsa vaemgu,NA,NA,,NA,177,Fri Jun  1 15:56:33 2018
5sc01,extrapolation,unmarked,initial,sa,"['gu', 'ti']",ComplexPhrase_Testing,punch_chef_sg_cowboy_pl,cowboy,nork,straikim vaem norksagu,NA,NA,,NA,178,Fri Jun  1 15:56:43 2018
5sc01,extrapolation,unmarked,initial,sa,"['gu', 'ti']",ComplexPhrase_Testing,punch_waitress_sg_chef_pl,chef,vaem,straikim negid vaemsagu,NA,NA,,NA,179,Fri Jun  1 15:56:49 2018
5sc01,extrapolation,unmarked,initial,sa,"['gu', 'ti']",ComplexPhrase_Testing,punch_chef_sg_cowboy_pl,cowboy,nork,straikim vaem norksagu,NA,NA,,NA,180,Fri Jun  1 15:56:56 2018
5sc01,extrapolation,unmarked,initial,sa,"['gu', 'ti']",ComplexPhrase_Testing,point_waitress_sg_burglar_pl,burglar,tumbat,poinim negid tumbatsati,NA,NA,,NA,181,Fri Jun  1 15:57:00 2018
5sc01,extrapolation,unmarked,initial,sa,"['gu', 'ti']",ComplexPhrase_Testing,point_cowboy_sg_waitress_pl,waitress,negid,poinim nork negidsati,NA,NA,,NA,182,Fri Jun  1 15:57:04 2018
5sc01,extrapolation,unmarked,initial,sa,"['gu', 'ti']",ComplexPhrase_Testing,punch_cowboy_sg_burglar_pl,burglar,tumbat,straikim nork tumbatsati,NA,NA,,NA,183,Fri Jun  1 15:57:13 2018
5sc01,extrapolation,unmarked,initial,sa,"['gu', 'ti']",ComplexPhrase_Testing,punch_cowboy_sg_burglar_sg,NA,NA,straikim nork tumbatti,NA,NA,,NA,184,Fri Jun  1 15:57:25 2018
5sc01,extrapolation,unmarked,initial,sa,"['gu', 'ti']",ComplexPhrase_Testing,cowboy,NA,NA,nork,NA,NA,,NA,185,Fri Jun  1 15:57:30 2018
5sc01,extrapolation,unmarked,initial,sa,"['gu', 'ti']",ComplexPhrase_Testing,kick_burglar_sg_waitress_pl,waitress,negid,kikim tumbat negidsati,NA,NA,,NA,186,Fri Jun  1 15:58:01 2018
5sc01,extrapolation,unmarked,initial,sa,"['gu', 'ti']",ComplexPhrase_Testing,kick_burglar_pl_waitress_sg,NA,NA,kikim tumbatsa negidti,NA,NA,,NA,187,Fri Jun  1 15:58:07 2018
5sc01,extrapolation,unmarked,initial,sa,"['gu', 'ti']",ComplexPhrase_Testing,punch_chef_sg_cowboy_pl,cowboy,nork,straikim vaem norksagu,NA,NA,,NA,188,Fri Jun  1 15:58:15 2018
5sc01,extrapolation,unmarked,initial,sa,"['gu', 'ti']",ComplexPhrase_Testing,punch_burglar_pl_chef_sg,NA,NA,straikim tumbatsa vaemgu,NA,NA,,NA,189,Fri Jun  1 15:58:23 2018
5sc01,extrapolation,unmarked,initial,sa,"['gu', 'ti']",ComplexPhrase_Testing,kick_waitress_sg_cowboy_pl,cowboy,nork,kikim negid norksagu,NA,NA,,NA,190,Fri Jun  1 15:58:38 2018
5sc01,extrapolation,unmarked,initial,sa,"['gu', 'ti']",ComplexPhrase_Testing,kick_chef_sg_waitress_sg,NA,NA,kikim vaem negidti,NA,NA,,NA,191,Fri Jun  1 15:58:42 2018
5sc01,extrapolation,unmarked,initial,sa,"['gu', 'ti']",ComplexPhrase_Testing,point_waitress_sg_chef_sg,NA,NA,poinim negid vaemgu,NA,NA,,NA,192,Fri Jun  1 15:58:51 2018
5sc01,extrapolation,unmarked,initial,sa,"['gu', 'ti']",ComplexPhrase_Testing,kick_waitress_sg_cowboy_pl,cowboy,nork,kikim negid norksagu,NA,NA,,NA,193,Fri Jun  1 15:59:00 2018
5sc01,extrapolation,unmarked,initial,sa,"['gu', 'ti']",ComplexPhrase_Testing,point_cowboy_sg_burglar_pl,burglar,tumbat,poinim nork tumbatsati,NA,NA,,NA,194,Fri Jun  1 15:59:10 2018
5sc01,extrapolation,unmarked,initial,sa,"['gu', 'ti']",ComplexPhrase_Testing,point_waitress_sg_chef_pl,chef,vaem,poinim negid vaemsagu,NA,NA,,NA,195,Fri Jun  1 15:59:21 2018
5sc01,extrapolation,unmarked,initial,sa,"['gu', 'ti']",ComplexPhrase_Testing,kick_burglar_sg_waitress_pl,waitress,negid,kikim tumbat negidsati,NA,NA,,NA,196,Fri Jun  1 15:59:29 2018
5sc01,extrapolation,unmarked,initial,sa,"['gu', 'ti']",ComplexPhrase_Testing,point_waitress_sg_chef_pl,chef,vaem,poinim negid vaemsagu,NA,NA,,NA,197,Fri Jun  1 15:59:33 2018
5sc01,extrapolation,unmarked,initial,sa,"['gu', 'ti']",ComplexPhrase_Testing,punch_cowboy_sg_burglar_pl,burglar,tumbat,straikim nork tumbatsati,NA,NA,,NA,198,Fri Jun  1 15:59:39 2018
5sc01,extrapolation,unmarked,initial,sa,"['gu', 'ti']",ComplexPhrase_Testing,burglar,NA,NA,tumbat,NA,NA,,NA,199,Fri Jun  1 15:59:41 2018
5sc01,extrapolation,unmarked,initial,sa,"['gu', 'ti']",ComplexPhrase_Testing,point_cowboy_sg_waitress_pl,waitress,negid,poinim nork negidsati,NA,NA,,NA,200,Fri Jun  1 15:59:48 2018
5sc01,extrapolation,unmarked,initial,sa,"['gu', 'ti']",ComplexPhrase_Testing,point_waitress_sg_chef_pl,chef,vaem,poinim negid vaemsagu,NA,NA,,NA,201,Fri Jun  1 16:00:03 2018
5sc01,extrapolation,unmarked,initial,sa,"['gu', 'ti']",ComplexPhrase_Testing,point_burglar_sg_chef_pl,chef,vaem,poinim tumbat vaemsagu,NA,NA,,NA,202,Fri Jun  1 16:00:09 2018
5sc01,extrapolation,unmarked,initial,sa,"['gu', 'ti']",ComplexPhrase_Testing,point_burglar_sg_chef_pl,chef,vaem,poinim tumbat vaemsagu,NA,NA,,NA,203,Fri Jun  1 16:00:13 2018
5sc01,extrapolation,unmarked,initial,sa,"['gu', 'ti']",ComplexPhrase_Testing,point_chef_sg_waitress_pl,waitress,negid,poinim vaem negidsati,NA,NA,,NA,204,Fri Jun  1 16:00:19 2018
5sc01,extrapolation,unmarked,initial,sa,"['gu', 'ti']",ComplexPhrase_Testing,point_cowboy_sg_burglar_pl,burglar,tumbat,poinim nork tumbatsati,NA,NA,,NA,205,Fri Jun  1 16:00:23 2018
5sc01,extrapolation,unmarked,initial,sa,"['gu', 'ti']",ComplexPhrase_Testing,point_burglar_pl_waitress_sg,NA,NA,poinim tumbatsa negidti,NA,NA,,NA,206,Fri Jun  1 16:00:29 2018
5sc01,extrapolation,unmarked,initial,sa,"['gu', 'ti']",ComplexPhrase_Testing,punch_waitress_sg_cowboy_pl,cowboy,nork,straikim negid norksagu,NA,NA,,NA,207,Fri Jun  1 16:00:46 2018
5sc01,extrapolation,unmarked,initial,sa,"['gu', 'ti']",ComplexPhrase_Testing,punch_chef_sg_waitress_sg,NA,NA,straikim vaem negidti,NA,NA,,NA,208,Fri Jun  1 16:00:51 2018
5sc01,extrapolation,unmarked,initial,sa,"['gu', 'ti']",ComplexPhrase_Testing,point_waitress_sg_cowboy_sg,NA,NA,poinim negid norkgu,NA,NA,,NA,209,Fri Jun  1 16:00:59 2018
5sc01,extrapolation,unmarked,initial,sa,"['gu', 'ti']",ComplexPhrase_Testing,punch_waitress_sg_chef_pl,chef,vaem,straikim negid vaemsagu,NA,NA,,NA,210,Fri Jun  1 16:01:10 2018
5sc01,extrapolation,unmarked,initial,sa,"['gu', 'ti']",ComplexPhrase_Testing,point_chef_sg_waitress_pl,waitress,negid,poinim vaem negidsati,NA,NA,,NA,211,Fri Jun  1 16:01:14 2018
5sc01,extrapolation,unmarked,initial,sa,"['gu', 'ti']",ComplexPhrase_Testing,kick_waitress_sg_cowboy_pl,cowboy,nork,kikim negid norksagu,NA,NA,,NA,212,Fri Jun  1 16:01:34 2018
5sc01,extrapolation,unmarked,initial,sa,"['gu', 'ti']",Questionnaire,NA,NA,NA,NA,NA,NA,,singular,MeaningCase,Fri Jun  1 16:03:53 2018
5sc01,extrapolation,unmarked,initial,sa,"['gu', 'ti']",Questionnaire,NA,NA,NA,NA,NA,NA,,plural,MeaningNum,Fri Jun  1 16:03:53 2018
5sc01,extrapolation,unmarked,initial,sa,"['gu', 'ti']",Questionnaire,NA,NA,NA,NA,NA,NA,,after,OrderCaseNoun,Fri Jun  1 16:03:53 2018
5sc01,extrapolation,unmarked,initial,sa,"['gu', 'ti']",Questionnaire,NA,NA,NA,NA,NA,NA,,after,OrderNumNoun,Fri Jun  1 16:03:53 2018
5sc01,extrapolation,unmarked,initial,sa,"['gu', 'ti']",Questionnaire,NA,NA,NA,NA,NA,NA,,before 'sa' because the plural is put after the gender,OrderNumCase,Fri Jun  1 16:03:53 2018
5sc01,extrapolation,unmarked,initial,sa,"['gu', 'ti']",Questionnaire,NA,NA,NA,NA,NA,NA,,english hindi urdu,Languages,Fri Jun  1 16:03:53 2018
