ID,Condition,MajorityOrder,NounPosition,markerNum,markerCase,Phase,Meaning,NounItem,Noun,binaryResp,InputSentence,Selection,TypedResponse,SpokenResponse,AnswerQuest,Trial,date&time
505,extrapolation,unmarked,initial,ti,gu,Noun_Training,chef,NA,NA,,tumbat,NA,NA,,NA,1,Mon Apr 16 12:39:23 2018
505,extrapolation,unmarked,initial,ti,gu,Noun_Training,waitress,NA,NA,,nork,NA,NA,,NA,2,Mon Apr 16 12:39:28 2018
505,extrapolation,unmarked,initial,ti,gu,Noun_Training,burglar,NA,NA,,negid,NA,NA,,NA,3,Mon Apr 16 12:39:32 2018
505,extrapolation,unmarked,initial,ti,gu,Noun_Training,cowboy,NA,NA,,vaem,NA,NA,,NA,4,Mon Apr 16 12:39:37 2018
505,extrapolation,unmarked,initial,ti,gu,Noun_Training,chef,NA,NA,,tumbat,NA,NA,,NA,5,Mon Apr 16 12:39:42 2018
505,extrapolation,unmarked,initial,ti,gu,Noun_Training,burglar,NA,NA,,negid,NA,NA,,NA,6,Mon Apr 16 12:39:47 2018
505,extrapolation,unmarked,initial,ti,gu,Noun_Training,waitress,NA,NA,,nork,NA,NA,,NA,7,Mon Apr 16 12:39:52 2018
505,extrapolation,unmarked,initial,ti,gu,Noun_Training,waitress,NA,NA,,nork,NA,NA,,NA,8,Mon Apr 16 12:39:57 2018
505,extrapolation,unmarked,initial,ti,gu,Noun_Training,chef,NA,NA,,tumbat,NA,NA,,NA,9,Mon Apr 16 12:40:02 2018
505,extrapolation,unmarked,initial,ti,gu,Noun_Training,cowboy,NA,NA,,vaem,NA,NA,,NA,10,Mon Apr 16 12:40:06 2018
505,extrapolation,unmarked,initial,ti,gu,Noun_Training,chef,NA,NA,,tumbat,NA,NA,,NA,11,Mon Apr 16 12:40:11 2018
505,extrapolation,unmarked,initial,ti,gu,Noun_Training,cowboy,NA,NA,,vaem,NA,NA,,NA,12,Mon Apr 16 12:40:16 2018
505,extrapolation,unmarked,initial,ti,gu,Noun_Training,waitress,NA,NA,,nork,NA,NA,,NA,13,Mon Apr 16 12:40:21 2018
505,extrapolation,unmarked,initial,ti,gu,Noun_Training,burglar,NA,NA,,negid,NA,NA,,NA,14,Mon Apr 16 12:40:26 2018
505,extrapolation,unmarked,initial,ti,gu,Noun_Training,cowboy,NA,NA,,vaem,NA,NA,,NA,15,Mon Apr 16 12:40:30 2018
505,extrapolation,unmarked,initial,ti,gu,Noun_Training,cowboy,NA,NA,,vaem,NA,NA,,NA,16,Mon Apr 16 12:40:35 2018
505,extrapolation,unmarked,initial,ti,gu,Noun_Training,chef,NA,NA,,tumbat,NA,NA,,NA,17,Mon Apr 16 12:40:40 2018
505,extrapolation,unmarked,initial,ti,gu,Noun_Training,cowboy,NA,NA,,vaem,NA,NA,,NA,18,Mon Apr 16 12:40:45 2018
505,extrapolation,unmarked,initial,ti,gu,Noun_Training,waitress,NA,NA,,nork,NA,NA,,NA,19,Mon Apr 16 12:40:50 2018
505,extrapolation,unmarked,initial,ti,gu,Noun_Training,burglar,NA,NA,,negid,NA,NA,,NA,20,Mon Apr 16 12:40:55 2018
505,extrapolation,unmarked,initial,ti,gu,Noun_Training,chef,NA,NA,,tumbat,NA,NA,,NA,21,Mon Apr 16 12:40:59 2018
505,extrapolation,unmarked,initial,ti,gu,Noun_Training,waitress,NA,NA,,nork,NA,NA,,NA,22,Mon Apr 16 12:41:04 2018
505,extrapolation,unmarked,initial,ti,gu,Noun_Training,burglar,NA,NA,,negid,NA,NA,,NA,23,Mon Apr 16 12:41:09 2018
505,extrapolation,unmarked,initial,ti,gu,Noun_Training,burglar,NA,NA,,negid,NA,NA,,NA,24,Mon Apr 16 12:41:14 2018
505,extrapolation,unmarked,initial,ti,gu,Noun_Selection,burglar,NA,NA,,negid,correct,NA,,NA,25,Mon Apr 16 12:41:37 2018
505,extrapolation,unmarked,initial,ti,gu,Noun_Selection,waitress,NA,NA,,nork,correct,NA,,NA,26,Mon Apr 16 12:41:41 2018
505,extrapolation,unmarked,initial,ti,gu,Noun_Selection,waitress,NA,NA,,nork,correct,NA,,NA,27,Mon Apr 16 12:41:45 2018
505,extrapolation,unmarked,initial,ti,gu,Noun_Selection,cowboy,NA,NA,,vaem,correct,NA,,NA,28,Mon Apr 16 12:41:48 2018
505,extrapolation,unmarked,initial,ti,gu,Noun_Selection,burglar,NA,NA,,negid,correct,NA,,NA,29,Mon Apr 16 12:41:52 2018
505,extrapolation,unmarked,initial,ti,gu,Noun_Selection,burglar,NA,NA,,negid,correct,NA,,NA,30,Mon Apr 16 12:41:56 2018
505,extrapolation,unmarked,initial,ti,gu,Noun_Selection,chef,NA,NA,,tumbat,correct,NA,,NA,31,Mon Apr 16 12:42:00 2018
505,extrapolation,unmarked,initial,ti,gu,Noun_Selection,chef,NA,NA,,tumbat,correct,NA,,NA,32,Mon Apr 16 12:42:03 2018
505,extrapolation,unmarked,initial,ti,gu,Noun_Selection,cowboy,NA,NA,,vaem,correct,NA,,NA,33,Mon Apr 16 12:42:06 2018
505,extrapolation,unmarked,initial,ti,gu,Noun_Selection,cowboy,NA,NA,,vaem,correct,NA,,NA,34,Mon Apr 16 12:42:09 2018
505,extrapolation,unmarked,initial,ti,gu,Noun_Selection,chef,NA,NA,,tumbat,correct,NA,,NA,35,Mon Apr 16 12:42:13 2018
505,extrapolation,unmarked,initial,ti,gu,Noun_Selection,waitress,NA,NA,,nork,correct,NA,,NA,36,Mon Apr 16 12:42:16 2018
505,extrapolation,unmarked,initial,ti,gu,Noun_Testing,waitress,NA,NA,,nork,NA,NA,nork,NA,37,Mon Apr 16 12:42:39 2018
505,extrapolation,unmarked,initial,ti,gu,Noun_Testing,burglar,NA,NA,,negid,NA,NA,nork,NA,38,Mon Apr 16 12:42:41 2018
505,extrapolation,unmarked,initial,ti,gu,Noun_Testing,waitress,NA,NA,,nork,NA,NA,nork,NA,39,Mon Apr 16 12:42:45 2018
505,extrapolation,unmarked,initial,ti,gu,Noun_Testing,cowboy,NA,NA,,vaem,NA,NA,vaem,NA,40,Mon Apr 16 12:42:49 2018
505,extrapolation,unmarked,initial,ti,gu,Noun_Testing,chef,NA,NA,,tumbat,NA,NA,tumbat,NA,41,Mon Apr 16 12:42:53 2018
505,extrapolation,unmarked,initial,ti,gu,Noun_Testing,chef,NA,NA,,tumbat,NA,NA,tumbat,NA,42,Mon Apr 16 12:42:57 2018
505,extrapolation,unmarked,initial,ti,gu,Noun_Testing,waitress,NA,NA,,nork,NA,NA,nork,NA,43,Mon Apr 16 12:43:01 2018
505,extrapolation,unmarked,initial,ti,gu,Noun_Testing,cowboy,NA,NA,,vaem,NA,NA,vaem,NA,44,Mon Apr 16 12:43:06 2018
505,extrapolation,unmarked,initial,ti,gu,Noun_Testing,burglar,NA,NA,,negid,NA,NA,negid,NA,45,Mon Apr 16 12:43:10 2018
505,extrapolation,unmarked,initial,ti,gu,Noun_Testing,chef,NA,NA,,tumbat,NA,NA,tumbat,NA,46,Mon Apr 16 12:43:14 2018
505,extrapolation,unmarked,initial,ti,gu,Noun_Testing,burglar,NA,NA,,negid,NA,NA,negid,NA,47,Mon Apr 16 12:43:18 2018
505,extrapolation,unmarked,initial,ti,gu,Noun_Testing,cowboy,NA,NA,,vaem,NA,NA,vaem,NA,48,Mon Apr 16 12:43:21 2018
505,extrapolation,unmarked,initial,ti,gu,SimplePhrase_Training,point_waitress_pl_chef_sg,NA,NA,,poinim nork ti tumbat gu,NA,NA,,NA,49,Mon Apr 16 12:43:57 2018
505,extrapolation,unmarked,initial,ti,gu,SimplePhrase_Training,kick_burglar_pl_waitress_sg,NA,NA,,kikim negid ti nork gu,NA,NA,,NA,50,Mon Apr 16 12:44:04 2018
505,extrapolation,unmarked,initial,ti,gu,SimplePhrase_Training,punch_cowboy_sg_burglar_sg,NA,NA,,straikim vaem negid gu,NA,NA,,NA,51,Mon Apr 16 12:44:12 2018
505,extrapolation,unmarked,initial,ti,gu,SimplePhrase_Training,point_cowboy_sg_chef_sg,NA,NA,,poinim vaem tumbat gu,NA,NA,,NA,52,Mon Apr 16 12:44:19 2018
505,extrapolation,unmarked,initial,ti,gu,SimplePhrase_Training,point_cowboy_sg_waitress_sg,NA,NA,,poinim vaem nork gu,NA,NA,,NA,53,Mon Apr 16 12:44:26 2018
505,extrapolation,unmarked,initial,ti,gu,SimplePhrase_Training,punch_chef_pl_burglar_sg,NA,NA,,straikim tumbat ti negid gu,NA,NA,,NA,54,Mon Apr 16 12:44:34 2018
505,extrapolation,unmarked,initial,ti,gu,SimplePhrase_Training,kick_waitress_pl_cowboy_sg,NA,NA,,kikim nork ti vaem gu,NA,NA,,NA,55,Mon Apr 16 12:44:42 2018
505,extrapolation,unmarked,initial,ti,gu,SimplePhrase_Training,punch_burglar_pl_waitress_sg,NA,NA,,straikim negid ti nork gu,NA,NA,,NA,56,Mon Apr 16 12:44:49 2018
505,extrapolation,unmarked,initial,ti,gu,SimplePhrase_Training,punch_waitress_pl_cowboy_sg,NA,NA,,straikim nork ti vaem gu,NA,NA,,NA,57,Mon Apr 16 12:44:57 2018
505,extrapolation,unmarked,initial,ti,gu,SimplePhrase_Training,waitress,NA,NA,,nork,NA,NA,,NA,58,Mon Apr 16 12:45:02 2018
505,extrapolation,unmarked,initial,ti,gu,SimplePhrase_Training,point_chef_sg_cowboy_sg,NA,NA,,poinim tumbat vaem gu,NA,NA,,NA,59,Mon Apr 16 12:45:09 2018
505,extrapolation,unmarked,initial,ti,gu,SimplePhrase_Training,cowboy_four,NA,NA,,vaem ti,NA,NA,,NA,60,Mon Apr 16 12:45:14 2018
505,extrapolation,unmarked,initial,ti,gu,SimplePhrase_Training,punch_chef_pl_cowboy_sg,NA,NA,,straikim tumbat ti vaem gu,NA,NA,,NA,61,Mon Apr 16 12:45:22 2018
505,extrapolation,unmarked,initial,ti,gu,SimplePhrase_Training,chef,NA,NA,,tumbat,NA,NA,,NA,62,Mon Apr 16 12:45:27 2018
505,extrapolation,unmarked,initial,ti,gu,SimplePhrase_Training,cowboy,NA,NA,,vaem,NA,NA,,NA,63,Mon Apr 16 12:45:32 2018
505,extrapolation,unmarked,initial,ti,gu,SimplePhrase_Training,point_cowboy_sg_burglar_sg,NA,NA,,poinim vaem negid gu,NA,NA,,NA,64,Mon Apr 16 12:45:39 2018
505,extrapolation,unmarked,initial,ti,gu,SimplePhrase_Training,cowboy_three,NA,NA,,vaem ti,NA,NA,,NA,65,Mon Apr 16 12:45:44 2018
505,extrapolation,unmarked,initial,ti,gu,SimplePhrase_Training,chef_two,NA,NA,,tumbat ti,NA,NA,,NA,66,Mon Apr 16 12:45:49 2018
505,extrapolation,unmarked,initial,ti,gu,SimplePhrase_Training,kick_waitress_sg_chef_sg,NA,NA,,kikim nork tumbat gu,NA,NA,,NA,67,Mon Apr 16 12:45:56 2018
505,extrapolation,unmarked,initial,ti,gu,SimplePhrase_Training,chef_three,NA,NA,,tumbat ti,NA,NA,,NA,68,Mon Apr 16 12:46:01 2018
505,extrapolation,unmarked,initial,ti,gu,SimplePhrase_Training,cowboy_three,NA,NA,,vaem ti,NA,NA,,NA,69,Mon Apr 16 12:46:06 2018
505,extrapolation,unmarked,initial,ti,gu,SimplePhrase_Training,point_waitress_sg_cowboy_sg,NA,NA,,poinim nork vaem gu,NA,NA,,NA,70,Mon Apr 16 12:46:14 2018
505,extrapolation,unmarked,initial,ti,gu,SimplePhrase_Training,cowboy,NA,NA,,vaem,NA,NA,,NA,71,Mon Apr 16 12:46:19 2018
505,extrapolation,unmarked,initial,ti,gu,SimplePhrase_Training,waitress_four,NA,NA,,nork ti,NA,NA,,NA,72,Mon Apr 16 12:46:24 2018
505,extrapolation,unmarked,initial,ti,gu,SimplePhrase_Training,kick_cowboy_pl_burglar_sg,NA,NA,,kikim vaem ti negid gu,NA,NA,,NA,73,Mon Apr 16 12:46:31 2018
505,extrapolation,unmarked,initial,ti,gu,SimplePhrase_Training,point_burglar_sg_chef_sg,NA,NA,,poinim negid tumbat gu,NA,NA,,NA,74,Mon Apr 16 12:46:38 2018
505,extrapolation,unmarked,initial,ti,gu,SimplePhrase_Training,point_burglar_pl_cowboy_sg,NA,NA,,poinim negid ti vaem gu,NA,NA,,NA,75,Mon Apr 16 12:46:46 2018
505,extrapolation,unmarked,initial,ti,gu,SimplePhrase_Training,punch_burglar_sg_cowboy_sg,NA,NA,,straikim negid vaem gu,NA,NA,,NA,76,Mon Apr 16 12:46:53 2018
505,extrapolation,unmarked,initial,ti,gu,SimplePhrase_Training,burglar_four,NA,NA,,negid ti,NA,NA,,NA,77,Mon Apr 16 12:46:59 2018
505,extrapolation,unmarked,initial,ti,gu,SimplePhrase_Training,punch_waitress_pl_chef_sg,NA,NA,,straikim nork ti tumbat gu,NA,NA,,NA,78,Mon Apr 16 12:47:06 2018
505,extrapolation,unmarked,initial,ti,gu,SimplePhrase_Training,waitress,NA,NA,,nork,NA,NA,,NA,79,Mon Apr 16 12:47:11 2018
505,extrapolation,unmarked,initial,ti,gu,SimplePhrase_Training,burglar,NA,NA,,negid,NA,NA,,NA,80,Mon Apr 16 12:47:16 2018
505,extrapolation,unmarked,initial,ti,gu,SimplePhrase_Training,kick_chef_sg_burglar_sg,NA,NA,,kikim tumbat negid gu,NA,NA,,NA,81,Mon Apr 16 12:47:23 2018
505,extrapolation,unmarked,initial,ti,gu,SimplePhrase_Training,waitress_two,NA,NA,,nork ti,NA,NA,,NA,82,Mon Apr 16 12:47:28 2018
505,extrapolation,unmarked,initial,ti,gu,SimplePhrase_Training,kick_waitress_sg_burglar_sg,NA,NA,,kikim nork negid gu,NA,NA,,NA,83,Mon Apr 16 12:47:36 2018
505,extrapolation,unmarked,initial,ti,gu,SimplePhrase_Training,chef,NA,NA,,tumbat,NA,NA,,NA,84,Mon Apr 16 12:47:41 2018
505,extrapolation,unmarked,initial,ti,gu,SimplePhrase_Training,cowboy_two,NA,NA,,vaem ti,NA,NA,,NA,85,Mon Apr 16 12:47:46 2018
505,extrapolation,unmarked,initial,ti,gu,SimplePhrase_Training,kick_cowboy_pl_chef_sg,NA,NA,,kikim vaem ti tumbat gu,NA,NA,,NA,86,Mon Apr 16 12:47:53 2018
505,extrapolation,unmarked,initial,ti,gu,SimplePhrase_Training,burglar_two,NA,NA,,negid ti,NA,NA,,NA,87,Mon Apr 16 12:47:58 2018
505,extrapolation,unmarked,initial,ti,gu,SimplePhrase_Training,kick_cowboy_sg_waitress_sg,NA,NA,,kikim vaem nork gu,NA,NA,,NA,88,Mon Apr 16 12:48:05 2018
505,extrapolation,unmarked,initial,ti,gu,SimplePhrase_Training,chef_four,NA,NA,,tumbat ti,NA,NA,,NA,89,Mon Apr 16 12:48:10 2018
505,extrapolation,unmarked,initial,ti,gu,SimplePhrase_Training,burglar_three,NA,NA,,negid ti,NA,NA,,NA,90,Mon Apr 16 12:48:15 2018
505,extrapolation,unmarked,initial,ti,gu,SimplePhrase_Training,punch_cowboy_pl_chef_sg,NA,NA,,straikim vaem ti tumbat gu,NA,NA,,NA,91,Mon Apr 16 12:48:23 2018
505,extrapolation,unmarked,initial,ti,gu,SimplePhrase_Training,cowboy_four,NA,NA,,vaem ti,NA,NA,,NA,92,Mon Apr 16 12:48:28 2018
505,extrapolation,unmarked,initial,ti,gu,SimplePhrase_Training,kick_burglar_pl_cowboy_sg,NA,NA,,kikim negid ti vaem gu,NA,NA,,NA,93,Mon Apr 16 12:48:36 2018
505,extrapolation,unmarked,initial,ti,gu,SimplePhrase_Training,point_burglar_sg_waitress_sg,NA,NA,,poinim negid nork gu,NA,NA,,NA,94,Mon Apr 16 12:48:43 2018
505,extrapolation,unmarked,initial,ti,gu,SimplePhrase_Training,kick_chef_pl_waitress_sg,NA,NA,,kikim tumbat ti nork gu,NA,NA,,NA,95,Mon Apr 16 12:48:50 2018
505,extrapolation,unmarked,initial,ti,gu,SimplePhrase_Training,punch_cowboy_pl_waitress_sg,NA,NA,,straikim vaem ti nork gu,NA,NA,,NA,96,Mon Apr 16 12:48:58 2018
505,extrapolation,unmarked,initial,ti,gu,SimplePhrase_Training,waitress_two,NA,NA,,nork ti,NA,NA,,NA,97,Mon Apr 16 12:49:03 2018
505,extrapolation,unmarked,initial,ti,gu,SimplePhrase_Training,waitress_three,NA,NA,,nork ti,NA,NA,,NA,98,Mon Apr 16 12:49:08 2018
505,extrapolation,unmarked,initial,ti,gu,SimplePhrase_Training,punch_chef_pl_waitress_sg,NA,NA,,straikim tumbat ti nork gu,NA,NA,,NA,99,Mon Apr 16 12:49:16 2018
505,extrapolation,unmarked,initial,ti,gu,SimplePhrase_Training,burglar,NA,NA,,negid,NA,NA,,NA,100,Mon Apr 16 12:49:21 2018
505,extrapolation,unmarked,initial,ti,gu,SimplePhrase_Training,punch_burglar_pl_chef_sg,NA,NA,,straikim negid ti tumbat gu,NA,NA,,NA,101,Mon Apr 16 12:49:28 2018
505,extrapolation,unmarked,initial,ti,gu,SimplePhrase_Training,punch_waitress_sg_burglar_sg,NA,NA,,straikim nork negid gu,NA,NA,,NA,102,Mon Apr 16 12:49:36 2018
505,extrapolation,unmarked,initial,ti,gu,SimplePhrase_Training,point_chef_sg_burglar_sg,NA,NA,,poinim tumbat negid gu,NA,NA,,NA,103,Mon Apr 16 12:49:43 2018
505,extrapolation,unmarked,initial,ti,gu,SimplePhrase_Training,kick_chef_sg_cowboy_sg,NA,NA,,kikim tumbat vaem gu,NA,NA,,NA,104,Mon Apr 16 12:49:51 2018
505,extrapolation,unmarked,initial,ti,gu,SimplePhrase_Training,point_waitress_pl_burglar_sg,NA,NA,,poinim nork ti negid gu,NA,NA,,NA,105,Mon Apr 16 12:49:58 2018
505,extrapolation,unmarked,initial,ti,gu,SimplePhrase_Training,cowboy_two,NA,NA,,vaem ti,NA,NA,,NA,106,Mon Apr 16 12:50:03 2018
505,extrapolation,unmarked,initial,ti,gu,SimplePhrase_Training,point_chef_sg_waitress_sg,NA,NA,,poinim tumbat nork gu,NA,NA,,NA,107,Mon Apr 16 12:50:11 2018
505,extrapolation,unmarked,initial,ti,gu,SimplePhrase_Training,chef_three,NA,NA,,tumbat ti,NA,NA,,NA,108,Mon Apr 16 12:50:16 2018
505,extrapolation,unmarked,initial,ti,gu,SimplePhrase_Training,kick_burglar_sg_chef_sg,NA,NA,,kikim negid tumbat gu,NA,NA,,NA,109,Mon Apr 16 12:50:23 2018
505,extrapolation,unmarked,initial,ti,gu,SimplePhrase_Training,chef_four,NA,NA,,tumbat ti,NA,NA,,NA,110,Mon Apr 16 12:50:28 2018
505,extrapolation,unmarked,initial,ti,gu,SimplePhrase_Comprehension,kick_chef_pl_cowboy_sg,NA,NA,,kikim tumbat ti vaem gu,correct,NA,,NA,111,Mon Apr 16 12:50:55 2018
505,extrapolation,unmarked,initial,ti,gu,SimplePhrase_Comprehension,waitress_four,NA,NA,,nork ti,correct,NA,,NA,112,Mon Apr 16 12:50:59 2018
505,extrapolation,unmarked,initial,ti,gu,SimplePhrase_Comprehension,point_chef_pl_burglar_sg,NA,NA,,poinim tumbat ti negid gu,correct,NA,,NA,113,Mon Apr 16 12:51:06 2018
505,extrapolation,unmarked,initial,ti,gu,SimplePhrase_Comprehension,cowboy_two,NA,NA,,vaem ti,correct,NA,,NA,114,Mon Apr 16 12:51:10 2018
505,extrapolation,unmarked,initial,ti,gu,SimplePhrase_Comprehension,punch_burglar_sg_chef_sg,NA,NA,,straikim negid tumbat gu,correct,NA,,NA,115,Mon Apr 16 12:51:17 2018
505,extrapolation,unmarked,initial,ti,gu,SimplePhrase_Comprehension,cowboy_three,NA,NA,,vaem ti,correct,NA,,NA,116,Mon Apr 16 12:51:22 2018
505,extrapolation,unmarked,initial,ti,gu,SimplePhrase_Comprehension,waitress,NA,NA,,nork,correct,NA,,NA,117,Mon Apr 16 12:51:26 2018
505,extrapolation,unmarked,initial,ti,gu,SimplePhrase_Comprehension,point_waitress_sg_chef_sg,NA,NA,,poinim nork tumbat gu,correct,NA,,NA,118,Mon Apr 16 12:51:33 2018
505,extrapolation,unmarked,initial,ti,gu,SimplePhrase_Comprehension,point_burglar_sg_cowboy_sg,NA,NA,,poinim negid vaem gu,correct,NA,,NA,119,Mon Apr 16 12:51:38 2018
505,extrapolation,unmarked,initial,ti,gu,SimplePhrase_Comprehension,point_cowboy_pl_burglar_sg,NA,NA,,poinim vaem ti negid gu,correct,NA,,NA,120,Mon Apr 16 12:51:45 2018
505,extrapolation,unmarked,initial,ti,gu,SimplePhrase_Comprehension,point_waitress_pl_cowboy_sg,NA,NA,,poinim nork ti vaem gu,correct,NA,,NA,121,Mon Apr 16 12:51:51 2018
505,extrapolation,unmarked,initial,ti,gu,SimplePhrase_Comprehension,waitress_three,NA,NA,,nork ti,correct,NA,,NA,122,Mon Apr 16 12:51:55 2018
505,extrapolation,unmarked,initial,ti,gu,SimplePhrase_Comprehension,cowboy_four,NA,NA,,vaem ti,correct,NA,,NA,123,Mon Apr 16 12:52:00 2018
505,extrapolation,unmarked,initial,ti,gu,SimplePhrase_Comprehension,punch_cowboy_sg_waitress_sg,NA,NA,,straikim vaem nork gu,correct,NA,,NA,124,Mon Apr 16 12:52:05 2018
505,extrapolation,unmarked,initial,ti,gu,SimplePhrase_Comprehension,point_burglar_pl_waitress_sg,NA,NA,,poinim negid ti nork gu,correct,NA,,NA,125,Mon Apr 16 12:52:11 2018
505,extrapolation,unmarked,initial,ti,gu,SimplePhrase_Comprehension,chef,NA,NA,,tumbat,correct,NA,,NA,126,Mon Apr 16 12:52:15 2018
505,extrapolation,unmarked,initial,ti,gu,SimplePhrase_Comprehension,punch_chef_sg_burglar_sg,NA,NA,,straikim tumbat negid gu,correct,NA,,NA,127,Mon Apr 16 12:52:21 2018
505,extrapolation,unmarked,initial,ti,gu,SimplePhrase_Comprehension,burglar_three,NA,NA,,negid ti,correct,NA,,NA,128,Mon Apr 16 12:52:25 2018
505,extrapolation,unmarked,initial,ti,gu,SimplePhrase_Comprehension,punch_cowboy_sg_chef_sg,NA,NA,,straikim vaem tumbat gu,correct,NA,,NA,129,Mon Apr 16 12:52:31 2018
505,extrapolation,unmarked,initial,ti,gu,SimplePhrase_Comprehension,burglar_four,NA,NA,,negid ti,correct,NA,,NA,130,Mon Apr 16 12:52:35 2018
505,extrapolation,unmarked,initial,ti,gu,SimplePhrase_Comprehension,point_chef_pl_cowboy_sg,NA,NA,,poinim tumbat ti vaem gu,correct,NA,,NA,131,Mon Apr 16 12:52:41 2018
505,extrapolation,unmarked,initial,ti,gu,SimplePhrase_Comprehension,kick_waitress_sg_cowboy_sg,NA,NA,,kikim nork vaem gu,correct,NA,,NA,132,Mon Apr 16 12:52:46 2018
505,extrapolation,unmarked,initial,ti,gu,SimplePhrase_Comprehension,kick_burglar_sg_cowboy_sg,NA,NA,,kikim negid vaem gu,correct,NA,,NA,133,Mon Apr 16 12:52:52 2018
505,extrapolation,unmarked,initial,ti,gu,SimplePhrase_Comprehension,chef_four,NA,NA,,tumbat ti,correct,NA,,NA,134,Mon Apr 16 12:52:56 2018
505,extrapolation,unmarked,initial,ti,gu,SimplePhrase_Comprehension,punch_waitress_sg_chef_sg,NA,NA,,straikim nork tumbat gu,correct,NA,,NA,135,Mon Apr 16 12:53:02 2018
505,extrapolation,unmarked,initial,ti,gu,SimplePhrase_Comprehension,waitress_two,NA,NA,,nork ti,correct,NA,,NA,136,Mon Apr 16 12:53:06 2018
505,extrapolation,unmarked,initial,ti,gu,SimplePhrase_Comprehension,punch_burglar_pl_cowboy_sg,NA,NA,,straikim negid ti vaem gu,correct,NA,,NA,137,Mon Apr 16 12:53:12 2018
505,extrapolation,unmarked,initial,ti,gu,SimplePhrase_Comprehension,cowboy,NA,NA,,vaem,correct,NA,,NA,138,Mon Apr 16 12:53:16 2018
505,extrapolation,unmarked,initial,ti,gu,SimplePhrase_Comprehension,punch_cowboy_pl_burglar_sg,NA,NA,,straikim vaem ti negid gu,correct,NA,,NA,139,Mon Apr 16 12:53:22 2018
505,extrapolation,unmarked,initial,ti,gu,SimplePhrase_Comprehension,burglar,NA,NA,,negid,correct,NA,,NA,140,Mon Apr 16 12:53:26 2018
505,extrapolation,unmarked,initial,ti,gu,SimplePhrase_Comprehension,punch_chef_sg_waitress_sg,NA,NA,,straikim tumbat nork gu,correct,NA,,NA,141,Mon Apr 16 12:53:31 2018
505,extrapolation,unmarked,initial,ti,gu,SimplePhrase_Comprehension,burglar_two,NA,NA,,negid ti,correct,NA,,NA,142,Mon Apr 16 12:53:36 2018
505,extrapolation,unmarked,initial,ti,gu,SimplePhrase_Comprehension,point_burglar_pl_chef_sg,NA,NA,,poinim negid ti tumbat gu,correct,NA,,NA,143,Mon Apr 16 12:53:41 2018
505,extrapolation,unmarked,initial,ti,gu,SimplePhrase_Comprehension,kick_waitress_pl_burglar_sg,NA,NA,,kikim nork ti negid gu,correct,NA,,NA,144,Mon Apr 16 12:53:48 2018
505,extrapolation,unmarked,initial,ti,gu,SimplePhrase_Typing,burglar_two,NA,NA,,negid ti,NA,negid ti,,NA,145,Mon Apr 16 12:54:22 2018
505,extrapolation,unmarked,initial,ti,gu,SimplePhrase_Typing,waitress_two,NA,NA,,nork ti,NA,nork ti,,NA,146,Mon Apr 16 12:54:29 2018
505,extrapolation,unmarked,initial,ti,gu,SimplePhrase_Typing,kick_cowboy_pl_burglar_sg,NA,NA,,kikim vaem ti negid gu,NA,kikim vaem ti negid gu,,NA,147,Mon Apr 16 12:54:43 2018
505,extrapolation,unmarked,initial,ti,gu,SimplePhrase_Typing,cowboy,NA,NA,,vaem,NA,vaem,,NA,148,Mon Apr 16 12:54:49 2018
505,extrapolation,unmarked,initial,ti,gu,SimplePhrase_Typing,kick_burglar_pl_waitress_sg,NA,NA,,kikim negid ti nork gu,NA,kikim negid ti nork gu,,NA,149,Mon Apr 16 12:55:01 2018
505,extrapolation,unmarked,initial,ti,gu,SimplePhrase_Typing,point_burglar_sg_waitress_sg,NA,NA,,poinim negid nork gu,NA,poinim negid nork gu,,NA,150,Mon Apr 16 12:55:10 2018
505,extrapolation,unmarked,initial,ti,gu,SimplePhrase_Typing,point_waitress_sg_cowboy_sg,NA,NA,,poinim nork vaem gu,NA,poinim nork vaem gu,,NA,151,Mon Apr 16 12:55:20 2018
505,extrapolation,unmarked,initial,ti,gu,SimplePhrase_Typing,point_chef_sg_burglar_sg,NA,NA,,poinim tumbat negid gu,NA,poinim tumbat negid gu,,NA,152,Mon Apr 16 12:55:36 2018
505,extrapolation,unmarked,initial,ti,gu,SimplePhrase_Typing,burglar,NA,NA,,negid,NA,negid,,NA,153,Mon Apr 16 12:55:41 2018
505,extrapolation,unmarked,initial,ti,gu,SimplePhrase_Typing,burglar_three,NA,NA,,negid ti,NA,negid ti,,NA,154,Mon Apr 16 12:55:48 2018
505,extrapolation,unmarked,initial,ti,gu,SimplePhrase_Typing,cowboy_two,NA,NA,,vaem ti,NA,vaem ti,,NA,155,Mon Apr 16 12:55:55 2018
505,extrapolation,unmarked,initial,ti,gu,SimplePhrase_Typing,chef,NA,NA,,tumbat,NA,tumbat,,NA,156,Mon Apr 16 12:56:01 2018
505,extrapolation,unmarked,initial,ti,gu,SimplePhrase_Typing,waitress,NA,NA,,nork,NA,nork,,NA,157,Mon Apr 16 12:56:06 2018
505,extrapolation,unmarked,initial,ti,gu,SimplePhrase_Typing,punch_chef_pl_burglar_sg,NA,NA,,straikim tumbat ti negid gu,NA,straikim tumbat ti negid gu,,NA,158,Mon Apr 16 12:56:16 2018
505,extrapolation,unmarked,initial,ti,gu,SimplePhrase_Typing,point_chef_sg_waitress_sg,NA,NA,,poinim tumbat nork gu,NA,poinim tumbat nork gu,,NA,159,Mon Apr 16 12:56:25 2018
505,extrapolation,unmarked,initial,ti,gu,SimplePhrase_Typing,kick_cowboy_pl_chef_sg,NA,NA,,kikim vaem ti tumbat gu,NA,kikim vaem ti tumbat gu,,NA,160,Mon Apr 16 12:56:36 2018
505,extrapolation,unmarked,initial,ti,gu,ComplexPhrase_Typing,point_cowboy_sg_waitress_pl,waitress,nork,1,poinim vaem nork ti gu,NA,poinim vaem nork ti gu,,NA,161,Mon Apr 16 12:57:15 2018
505,extrapolation,unmarked,initial,ti,gu,ComplexPhrase_Typing,punch_cowboy_sg_chef_pl,chef,tumbat,1,straikim vaem tumbat ti gu,NA,straikim vaem tumbat ti gu,,NA,162,Mon Apr 16 12:57:23 2018
505,extrapolation,unmarked,initial,ti,gu,ComplexPhrase_Typing,punch_burglar_sg_waitress_pl,waitress,nork,1,straikim negid nork ti gu,NA,straikim negid nork ti gu,,NA,163,Mon Apr 16 12:57:27 2018
505,extrapolation,unmarked,initial,ti,gu,ComplexPhrase_Typing,kick_burglar_sg_waitress_pl,waitress,nork,1,kikim negid nork ti gu,NA,kikim negid nork ti gu,,NA,164,Mon Apr 16 12:57:32 2018
505,extrapolation,unmarked,initial,ti,gu,ComplexPhrase_Typing,point_cowboy_sg_waitress_pl,waitress,nork,1,poinim vaem nork ti gu,NA,poinim vaem nork ti gu,,NA,165,Mon Apr 16 12:57:39 2018
505,extrapolation,unmarked,initial,ti,gu,ComplexPhrase_Typing,punch_cowboy_sg_chef_pl,chef,tumbat,1,straikim vaem tumbat ti gu,NA,straikim vaem tumbat ti gu,,NA,166,Mon Apr 16 12:57:44 2018
505,extrapolation,unmarked,initial,ti,gu,ComplexPhrase_Typing,punch_burglar_sg_waitress_pl,waitress,nork,1,straikim negid nork ti gu,NA,straikim negid nork ti gu,,NA,167,Mon Apr 16 12:57:48 2018
505,extrapolation,unmarked,initial,ti,gu,ComplexPhrase_Typing,kick_burglar_sg_waitress_pl,waitress,nork,1,kikim negid nork ti gu,NA,kikim negid nork ti gu,,NA,168,Mon Apr 16 12:57:53 2018
505,extrapolation,unmarked,initial,ti,gu,ComplexPhrase_Typing,punch_cowboy_sg_chef_pl,chef,tumbat,1,straikim vaem tumbat ti gu,NA,straikim vaem tumbat ti gu,,NA,169,Mon Apr 16 12:57:58 2018
505,extrapolation,unmarked,initial,ti,gu,ComplexPhrase_Typing,kick_burglar_sg_waitress_pl,waitress,nork,1,kikim negid nork ti gu,NA,kikim negid nork ti gu,,NA,170,Mon Apr 16 12:58:02 2018
505,extrapolation,unmarked,initial,ti,gu,ComplexPhrase_Typing,point_cowboy_sg_waitress_pl,waitress,nork,1,poinim vaem nork ti gu,NA,poinim vaem nork ti gu,,NA,171,Mon Apr 16 12:58:06 2018
505,extrapolation,unmarked,initial,ti,gu,ComplexPhrase_Typing,punch_burglar_sg_waitress_pl,waitress,nork,1,straikim negid nork ti gu,NA,straikim negid nork ti gu,,NA,172,Mon Apr 16 12:58:10 2018
505,extrapolation,unmarked,initial,ti,gu,ComplexPhrase_Testing,kick_chef_sg_cowboy_pl,cowboy,vaem,1,kikim tumbat vaem ti gu,NA,NA,kikim tumbat vaem ti gu,NA,173,Mon Apr 16 12:58:52 2018
505,extrapolation,unmarked,initial,ti,gu,ComplexPhrase_Testing,kick_cowboy_sg_burglar_pl,burglar,negid,1,kikim vaem negid ti gu,NA,NA,kikim vaem negid ti gu,NA,174,Mon Apr 16 12:59:01 2018
505,extrapolation,unmarked,initial,ti,gu,ComplexPhrase_Testing,kick_waitress_pl_cowboy_sg,NA,NA,,kikim nork ti vaem gu,NA,NA,kikim nork ti vaem gu,NA,175,Mon Apr 16 12:59:08 2018
505,extrapolation,unmarked,initial,ti,gu,ComplexPhrase_Testing,kick_chef_sg_burglar_pl,burglar,negid,1,kikim tumbat negid ti gu,NA,NA,kikim tumbat negid ti gu,NA,176,Mon Apr 16 12:59:18 2018
505,extrapolation,unmarked,initial,ti,gu,ComplexPhrase_Testing,punch_chef_sg_waitress_sg,NA,NA,,straikim tumbat nork gu,NA,NA,straikim tumbat nork gu,NA,177,Mon Apr 16 12:59:25 2018
505,extrapolation,unmarked,initial,ti,gu,ComplexPhrase_Testing,burglar_four,NA,NA,,negid ti,NA,NA,negid ti,NA,178,Mon Apr 16 12:59:32 2018
505,extrapolation,unmarked,initial,ti,gu,ComplexPhrase_Testing,point_cowboy_sg_waitress_pl,waitress,nork,1,poinim vaem nork ti gu,NA,NA,poinim vaem nork ti gu,NA,179,Mon Apr 16 12:59:40 2018
505,extrapolation,unmarked,initial,ti,gu,ComplexPhrase_Testing,point_waitress_sg_chef_pl,chef,tumbat,1,poinim nork tumbat ti gu,NA,NA,poinim nork tumbat ti gu,NA,180,Mon Apr 16 12:59:45 2018
505,extrapolation,unmarked,initial,ti,gu,ComplexPhrase_Testing,burglar_three,NA,NA,,negid ti,NA,NA,negid ti,NA,181,Mon Apr 16 12:59:48 2018
505,extrapolation,unmarked,initial,ti,gu,ComplexPhrase_Testing,point_cowboy_sg_waitress_pl,waitress,nork,1,poinim vaem nork ti gu,NA,NA,poinim vaem nork ti gu,NA,182,Mon Apr 16 12:59:54 2018
505,extrapolation,unmarked,initial,ti,gu,ComplexPhrase_Testing,point_cowboy_sg_chef_pl,chef,tumbat,1,poinim vaem tumbat ti gu,NA,NA,poinim vaem tumbat ti gu,NA,183,Mon Apr 16 12:59:58 2018
505,extrapolation,unmarked,initial,ti,gu,ComplexPhrase_Testing,point_cowboy_sg_chef_pl,chef,tumbat,1,poinim vaem tumbat ti gu,NA,NA,poinim vaem tumbat ti gu,NA,184,Mon Apr 16 13:00:03 2018
505,extrapolation,unmarked,initial,ti,gu,ComplexPhrase_Testing,punch_cowboy_sg_chef_pl,chef,tumbat,1,straikim vaem tumbat ti gu,NA,NA,straikim vaem tumbat ti gu,NA,185,Mon Apr 16 13:00:08 2018
505,extrapolation,unmarked,initial,ti,gu,ComplexPhrase_Testing,punch_chef_pl_burglar_sg,NA,NA,,straikim tumbat ti negid gu,NA,NA,straikim tumbat ti negid gu,NA,186,Mon Apr 16 13:00:14 2018
505,extrapolation,unmarked,initial,ti,gu,ComplexPhrase_Testing,punch_burglar_sg_cowboy_pl,cowboy,vaem,1,straikim negid vaem ti gu,NA,NA,straikim negid vaem ti gu,NA,187,Mon Apr 16 13:00:23 2018
505,extrapolation,unmarked,initial,ti,gu,ComplexPhrase_Testing,point_waitress_pl_chef_sg,NA,NA,,poinim nork ti tumbat gu,NA,NA,poinim nork ti tumbat gu,NA,188,Mon Apr 16 13:00:28 2018
505,extrapolation,unmarked,initial,ti,gu,ComplexPhrase_Testing,kick_waitress_sg_chef_sg,NA,NA,,kikim nork tumbat gu,NA,NA,kikim nork tumbat gu,NA,189,Mon Apr 16 13:00:35 2018
505,extrapolation,unmarked,initial,ti,gu,ComplexPhrase_Testing,point_chef_sg_burglar_pl,burglar,negid,1,poinim tumbat negid ti gu,NA,NA,poinim tumbat negid ti gu,NA,190,Mon Apr 16 13:00:43 2018
505,extrapolation,unmarked,initial,ti,gu,ComplexPhrase_Testing,point_chef_pl_cowboy_sg,NA,NA,,poinim tumbat ti vaem gu,NA,NA,poinim tumbat ti vaem gu,NA,191,Mon Apr 16 13:00:48 2018
505,extrapolation,unmarked,initial,ti,gu,ComplexPhrase_Testing,burglar,NA,NA,,negid,NA,NA,negid,NA,192,Mon Apr 16 13:00:53 2018
505,extrapolation,unmarked,initial,ti,gu,ComplexPhrase_Testing,waitress,NA,NA,,nork,NA,NA,nork,NA,193,Mon Apr 16 13:00:56 2018
505,extrapolation,unmarked,initial,ti,gu,ComplexPhrase_Testing,chef_three,NA,NA,,tumbat ti,NA,NA,tumbat ti,NA,194,Mon Apr 16 13:01:01 2018
505,extrapolation,unmarked,initial,ti,gu,ComplexPhrase_Testing,point_waitress_sg_chef_pl,chef,tumbat,1,poinim nork tumbat ti gu,NA,NA,poinim nork tumbat ti gu,NA,195,Mon Apr 16 13:01:07 2018
505,extrapolation,unmarked,initial,ti,gu,ComplexPhrase_Testing,kick_cowboy_sg_chef_pl,chef,tumbat,1,kikim vaem tumbat ti gu,NA,NA,kikim vaem tumbat ti gu,NA,196,Mon Apr 16 13:01:11 2018
505,extrapolation,unmarked,initial,ti,gu,ComplexPhrase_Testing,kick_cowboy_sg_burglar_pl,burglar,negid,1,kikim vaem negid ti gu,NA,NA,kikim vaem negid ti gu,NA,197,Mon Apr 16 13:01:15 2018
505,extrapolation,unmarked,initial,ti,gu,ComplexPhrase_Testing,punch_burglar_sg_waitress_pl,waitress,nork,1,straikim negid nork ti gu,NA,NA,straikim negid nork ti gu,NA,198,Mon Apr 16 13:01:19 2018
505,extrapolation,unmarked,initial,ti,gu,ComplexPhrase_Testing,punch_burglar_sg_waitress_pl,waitress,nork,1,straikim negid nork ti gu,NA,NA,straikim negid nork ti gu,NA,199,Mon Apr 16 13:01:23 2018
505,extrapolation,unmarked,initial,ti,gu,ComplexPhrase_Testing,kick_cowboy_sg_chef_pl,chef,tumbat,1,kikim vaem tumbat ti gu,NA,NA,kikim vaem tumbat ti gu,NA,200,Mon Apr 16 13:01:27 2018
505,extrapolation,unmarked,initial,ti,gu,ComplexPhrase_Testing,kick_chef_sg_cowboy_pl,cowboy,vaem,1,kikim tumbat vaem ti gu,NA,NA,kikim tumbat vaem ti gu,NA,201,Mon Apr 16 13:01:31 2018
505,extrapolation,unmarked,initial,ti,gu,ComplexPhrase_Testing,kick_chef_sg_burglar_pl,burglar,negid,1,kikim tumbat negid ti gu,NA,NA,kikim tumbat negid ti gu,NA,202,Mon Apr 16 13:01:35 2018
505,extrapolation,unmarked,initial,ti,gu,ComplexPhrase_Testing,chef_four,NA,NA,,tumbat ti,NA,NA,tumbat ti,NA,203,Mon Apr 16 13:01:37 2018
505,extrapolation,unmarked,initial,ti,gu,ComplexPhrase_Testing,punch_cowboy_pl_waitress_sg,NA,NA,,straikim vaem ti nork gu,NA,NA,straikim vaem ti nork gu,NA,204,Mon Apr 16 13:01:43 2018
505,extrapolation,unmarked,initial,ti,gu,ComplexPhrase_Testing,kick_burglar_sg_cowboy_sg,NA,NA,,kikim negid vaem gu,NA,NA,kikim negid vaem gu,NA,205,Mon Apr 16 13:01:50 2018
505,extrapolation,unmarked,initial,ti,gu,ComplexPhrase_Testing,punch_cowboy_sg_burglar_sg,NA,NA,,straikim vaem negid gu,NA,NA,straikim vaem negid gu,NA,206,Mon Apr 16 13:01:57 2018
505,extrapolation,unmarked,initial,ti,gu,ComplexPhrase_Testing,kick_cowboy_sg_chef_pl,chef,tumbat,1,kikim vaem tumbat ti gu,NA,NA,kikim vaem tumbat ti gu,NA,207,Mon Apr 16 13:02:03 2018
505,extrapolation,unmarked,initial,ti,gu,ComplexPhrase_Testing,punch_burglar_sg_cowboy_pl,cowboy,vaem,1,straikim negid vaem ti gu,NA,NA,straikim negid vaem ti gu,NA,208,Mon Apr 16 13:02:08 2018
505,extrapolation,unmarked,initial,ti,gu,ComplexPhrase_Testing,point_chef_sg_burglar_pl,burglar,negid,1,poinim tumbat negid ti gu,NA,NA,poinim tumbat negid ti gu,NA,209,Mon Apr 16 13:02:12 2018
505,extrapolation,unmarked,initial,ti,gu,ComplexPhrase_Testing,kick_waitress_pl_burglar_sg,NA,NA,,kikim nork ti negid gu,NA,NA,kikim nork ti negid gu,NA,210,Mon Apr 16 13:02:16 2018
505,extrapolation,unmarked,initial,ti,gu,ComplexPhrase_Testing,kick_waitress_sg_burglar_pl,burglar,negid,1,kikim nork negid ti gu,NA,NA,kikim nork negid ti gu,NA,211,Mon Apr 16 13:02:27 2018
505,extrapolation,unmarked,initial,ti,gu,ComplexPhrase_Testing,punch_cowboy_sg_chef_pl,chef,tumbat,1,straikim vaem tumbat ti gu,NA,NA,straikim vaem tumbat ti gu,NA,212,Mon Apr 16 13:02:31 2018
505,extrapolation,unmarked,initial,ti,gu,ComplexPhrase_Testing,point_waitress_sg_chef_pl,chef,tumbat,1,poinim nork tumbat ti gu,NA,NA,poinim nork tumbat ti gu,NA,213,Mon Apr 16 13:02:34 2018
505,extrapolation,unmarked,initial,ti,gu,ComplexPhrase_Testing,punch_waitress_sg_cowboy_sg,NA,NA,,straikim nork vaem gu,NA,NA,straikim nork vaem gu,NA,214,Mon Apr 16 13:02:38 2018
505,extrapolation,unmarked,initial,ti,gu,ComplexPhrase_Testing,point_chef_sg_burglar_pl,burglar,negid,1,poinim tumbat negid ti gu,NA,NA,poinim tumbat negid ti gu,NA,215,Mon Apr 16 13:02:45 2018
505,extrapolation,unmarked,initial,ti,gu,ComplexPhrase_Testing,kick_waitress_sg_burglar_pl,burglar,negid,1,kikim nork negid ti gu,NA,NA,kikim nork negid ti gu,NA,216,Mon Apr 16 13:02:49 2018
505,extrapolation,unmarked,initial,ti,gu,ComplexPhrase_Testing,kick_waitress_sg_burglar_pl,burglar,negid,1,kikim nork negid ti gu,NA,NA,kikim nork negid ti gu,NA,217,Mon Apr 16 13:02:52 2018
505,extrapolation,unmarked,initial,ti,gu,ComplexPhrase_Testing,kick_chef_sg_burglar_pl,burglar,negid,1,kikim tumbat negid ti gu,NA,NA,kikim tumbat negid ti gu,NA,218,Mon Apr 16 13:02:56 2018
505,extrapolation,unmarked,initial,ti,gu,ComplexPhrase_Testing,cowboy_three,NA,NA,,vaem ti,NA,NA,vaem ti,NA,219,Mon Apr 16 13:02:58 2018
505,extrapolation,unmarked,initial,ti,gu,ComplexPhrase_Testing,point_burglar_sg_waitress_sg,NA,NA,,poinim negid nork gu,NA,NA,poinim negid nork gu,NA,220,Mon Apr 16 13:03:04 2018
505,extrapolation,unmarked,initial,ti,gu,ComplexPhrase_Testing,punch_burglar_sg_cowboy_pl,cowboy,vaem,1,straikim negid vaem ti gu,NA,NA,straikim negid vaem ti gu,NA,221,Mon Apr 16 13:03:10 2018
505,extrapolation,unmarked,initial,ti,gu,ComplexPhrase_Testing,punch_cowboy_sg_chef_pl,chef,tumbat,1,straikim vaem tumbat ti gu,NA,NA,straikim vaem tumbat ti gu,NA,222,Mon Apr 16 13:03:14 2018
505,extrapolation,unmarked,initial,ti,gu,ComplexPhrase_Testing,point_cowboy_sg_waitress_pl,waitress,nork,1,poinim vaem nork ti gu,NA,NA,poinim vaem nork ti gu,NA,223,Mon Apr 16 13:03:17 2018
505,extrapolation,unmarked,initial,ti,gu,ComplexPhrase_Testing,cowboy_four,NA,NA,,vaem ti,NA,NA,vaem ti,NA,224,Mon Apr 16 13:03:20 2018
505,extrapolation,unmarked,initial,ti,gu,ComplexPhrase_Testing,kick_chef_sg_cowboy_pl,cowboy,vaem,1,kikim tumbat vaem ti gu,NA,NA,kikim tumbat vaem ti gu,NA,225,Mon Apr 16 13:03:25 2018
505,extrapolation,unmarked,initial,ti,gu,ComplexPhrase_Testing,punch_burglar_sg_waitress_pl,waitress,nork,1,straikim negid nork ti gu,NA,NA,straikim negid nork ti gu,NA,226,Mon Apr 16 13:03:29 2018
505,extrapolation,unmarked,initial,ti,gu,ComplexPhrase_Testing,chef,NA,NA,,tumbat,NA,NA,tumbat,NA,227,Mon Apr 16 13:03:31 2018
505,extrapolation,unmarked,initial,ti,gu,ComplexPhrase_Testing,cowboy,NA,NA,,vaem,NA,NA,vaem,NA,228,Mon Apr 16 13:03:34 2018
505,extrapolation,unmarked,initial,ti,gu,ComplexPhrase_Testing,kick_cowboy_sg_burglar_pl,burglar,negid,1,kikim vaem negid ti gu,NA,NA,kikim vaem negid ti gu,NA,229,Mon Apr 16 13:03:39 2018
505,extrapolation,unmarked,initial,ti,gu,ComplexPhrase_Testing,point_cowboy_sg_chef_pl,chef,tumbat,1,poinim vaem tumbat ti gu,NA,NA,poinim vaem tumbat ti gu,NA,230,Mon Apr 16 13:03:46 2018
505,extrapolation,unmarked,initial,ti,gu,Questionnaire,NA,NA,NA,,NA,NA,NA,,upon whom the action is performed,MeaningCase,Mon Apr 16 13:05:01 2018
505,extrapolation,unmarked,initial,ti,gu,Questionnaire,NA,NA,NA,,NA,NA,NA,,plural,MeaningNum,Mon Apr 16 13:05:01 2018
505,extrapolation,unmarked,initial,ti,gu,Questionnaire,NA,NA,NA,,NA,NA,NA,,after,OrderCaseNoun,Mon Apr 16 13:05:01 2018
505,extrapolation,unmarked,initial,ti,gu,Questionnaire,NA,NA,NA,,NA,NA,NA,,after,OrderNumNoun,Mon Apr 16 13:05:01 2018
505,extrapolation,unmarked,initial,ti,gu,Questionnaire,NA,NA,NA,,NA,NA,NA,,"English, Spanish",Languages,Mon Apr 16 13:05:01 2018