ID,Condition,MajorityOrder,NounPosition,markerNum,markerCase,Phase,Meaning,NounItem,Noun,binaryResp,InputSentence,Selection,TypedResponse,SpokenResponse,AnswerQuest,Trial,date&time
507,extrapolation,unmarked,initial,gu,sa,Noun_Training,waitress,NA,NA,,vaem,NA,NA,,NA,1,Wed Apr 18 13:34:50 2018
507,extrapolation,unmarked,initial,gu,sa,Noun_Training,burglar,NA,NA,,negid,NA,NA,,NA,2,Wed Apr 18 13:34:55 2018
507,extrapolation,unmarked,initial,gu,sa,Noun_Training,waitress,NA,NA,,vaem,NA,NA,,NA,3,Wed Apr 18 13:35:00 2018
507,extrapolation,unmarked,initial,gu,sa,Noun_Training,burglar,NA,NA,,negid,NA,NA,,NA,4,Wed Apr 18 13:35:04 2018
507,extrapolation,unmarked,initial,gu,sa,Noun_Training,burglar,NA,NA,,negid,NA,NA,,NA,5,Wed Apr 18 13:35:09 2018
507,extrapolation,unmarked,initial,gu,sa,Noun_Training,cowboy,NA,NA,,nork,NA,NA,,NA,6,Wed Apr 18 13:35:14 2018
507,extrapolation,unmarked,initial,gu,sa,Noun_Training,cowboy,NA,NA,,nork,NA,NA,,NA,7,Wed Apr 18 13:35:19 2018
507,extrapolation,unmarked,initial,gu,sa,Noun_Training,chef,NA,NA,,tumbat,NA,NA,,NA,8,Wed Apr 18 13:35:24 2018
507,extrapolation,unmarked,initial,gu,sa,Noun_Training,waitress,NA,NA,,vaem,NA,NA,,NA,9,Wed Apr 18 13:35:29 2018
507,extrapolation,unmarked,initial,gu,sa,Noun_Training,chef,NA,NA,,tumbat,NA,NA,,NA,10,Wed Apr 18 13:35:34 2018
507,extrapolation,unmarked,initial,gu,sa,Noun_Training,cowboy,NA,NA,,nork,NA,NA,,NA,11,Wed Apr 18 13:35:39 2018
507,extrapolation,unmarked,initial,gu,sa,Noun_Training,chef,NA,NA,,tumbat,NA,NA,,NA,12,Wed Apr 18 13:35:43 2018
507,extrapolation,unmarked,initial,gu,sa,Noun_Training,cowboy,NA,NA,,nork,NA,NA,,NA,13,Wed Apr 18 13:35:48 2018
507,extrapolation,unmarked,initial,gu,sa,Noun_Training,waitress,NA,NA,,vaem,NA,NA,,NA,14,Wed Apr 18 13:35:53 2018
507,extrapolation,unmarked,initial,gu,sa,Noun_Training,burglar,NA,NA,,negid,NA,NA,,NA,15,Wed Apr 18 13:35:58 2018
507,extrapolation,unmarked,initial,gu,sa,Noun_Training,chef,NA,NA,,tumbat,NA,NA,,NA,16,Wed Apr 18 13:36:03 2018
507,extrapolation,unmarked,initial,gu,sa,Noun_Training,chef,NA,NA,,tumbat,NA,NA,,NA,17,Wed Apr 18 13:36:08 2018
507,extrapolation,unmarked,initial,gu,sa,Noun_Training,waitress,NA,NA,,vaem,NA,NA,,NA,18,Wed Apr 18 13:36:12 2018
507,extrapolation,unmarked,initial,gu,sa,Noun_Training,burglar,NA,NA,,negid,NA,NA,,NA,19,Wed Apr 18 13:36:17 2018
507,extrapolation,unmarked,initial,gu,sa,Noun_Training,cowboy,NA,NA,,nork,NA,NA,,NA,20,Wed Apr 18 13:36:22 2018
507,extrapolation,unmarked,initial,gu,sa,Noun_Training,waitress,NA,NA,,vaem,NA,NA,,NA,21,Wed Apr 18 13:36:27 2018
507,extrapolation,unmarked,initial,gu,sa,Noun_Training,cowboy,NA,NA,,nork,NA,NA,,NA,22,Wed Apr 18 13:36:32 2018
507,extrapolation,unmarked,initial,gu,sa,Noun_Training,chef,NA,NA,,tumbat,NA,NA,,NA,23,Wed Apr 18 13:36:37 2018
507,extrapolation,unmarked,initial,gu,sa,Noun_Training,burglar,NA,NA,,negid,NA,NA,,NA,24,Wed Apr 18 13:36:42 2018
507,extrapolation,unmarked,initial,gu,sa,Noun_Selection,chef,NA,NA,,tumbat,correct,NA,,NA,25,Wed Apr 18 13:37:04 2018
507,extrapolation,unmarked,initial,gu,sa,Noun_Selection,chef,NA,NA,,tumbat,correct,NA,,NA,26,Wed Apr 18 13:37:07 2018
507,extrapolation,unmarked,initial,gu,sa,Noun_Selection,burglar,NA,NA,,negid,correct,NA,,NA,27,Wed Apr 18 13:37:11 2018
507,extrapolation,unmarked,initial,gu,sa,Noun_Selection,cowboy,NA,NA,,nork,correct,NA,,NA,28,Wed Apr 18 13:37:14 2018
507,extrapolation,unmarked,initial,gu,sa,Noun_Selection,chef,NA,NA,,tumbat,correct,NA,,NA,29,Wed Apr 18 13:37:17 2018
507,extrapolation,unmarked,initial,gu,sa,Noun_Selection,cowboy,NA,NA,,nork,correct,NA,,NA,30,Wed Apr 18 13:37:21 2018
507,extrapolation,unmarked,initial,gu,sa,Noun_Selection,burglar,NA,NA,,negid,correct,NA,,NA,31,Wed Apr 18 13:37:24 2018
507,extrapolation,unmarked,initial,gu,sa,Noun_Selection,waitress,NA,NA,,vaem,correct,NA,,NA,32,Wed Apr 18 13:37:27 2018
507,extrapolation,unmarked,initial,gu,sa,Noun_Selection,waitress,NA,NA,,vaem,correct,NA,,NA,33,Wed Apr 18 13:37:30 2018
507,extrapolation,unmarked,initial,gu,sa,Noun_Selection,cowboy,NA,NA,,nork,wrong,NA,,NA,34,Wed Apr 18 13:37:36 2018
507,extrapolation,unmarked,initial,gu,sa,Noun_Selection,waitress,NA,NA,,vaem,correct,NA,,NA,35,Wed Apr 18 13:37:39 2018
507,extrapolation,unmarked,initial,gu,sa,Noun_Selection,burglar,NA,NA,,negid,correct,NA,,NA,36,Wed Apr 18 13:37:42 2018
507,extrapolation,unmarked,initial,gu,sa,Noun_Testing,waitress,NA,NA,,vaem,NA,NA,vaem,NA,37,Wed Apr 18 13:38:03 2018
507,extrapolation,unmarked,initial,gu,sa,Noun_Testing,cowboy,NA,NA,,nork,NA,NA,nork,NA,38,Wed Apr 18 13:38:07 2018
507,extrapolation,unmarked,initial,gu,sa,Noun_Testing,cowboy,NA,NA,,nork,NA,NA,nork,NA,39,Wed Apr 18 13:38:11 2018
507,extrapolation,unmarked,initial,gu,sa,Noun_Testing,chef,NA,NA,,tumbat,NA,NA,tumbat,NA,40,Wed Apr 18 13:38:15 2018
507,extrapolation,unmarked,initial,gu,sa,Noun_Testing,cowboy,NA,NA,,nork,NA,NA,nork,NA,41,Wed Apr 18 13:38:18 2018
507,extrapolation,unmarked,initial,gu,sa,Noun_Testing,chef,NA,NA,,tumbat,NA,NA,tumbat,NA,42,Wed Apr 18 13:38:22 2018
507,extrapolation,unmarked,initial,gu,sa,Noun_Testing,chef,NA,NA,,tumbat,NA,NA,tumbat,NA,43,Wed Apr 18 13:38:24 2018
507,extrapolation,unmarked,initial,gu,sa,Noun_Testing,burglar,NA,NA,,negid,NA,NA,negid,NA,44,Wed Apr 18 13:38:29 2018
507,extrapolation,unmarked,initial,gu,sa,Noun_Testing,burglar,NA,NA,,negid,NA,NA,negid,NA,45,Wed Apr 18 13:38:32 2018
507,extrapolation,unmarked,initial,gu,sa,Noun_Testing,burglar,NA,NA,,negid,NA,NA,negid,NA,46,Wed Apr 18 13:38:36 2018
507,extrapolation,unmarked,initial,gu,sa,Noun_Testing,waitress,NA,NA,,vaem,NA,NA,vaem,NA,47,Wed Apr 18 13:38:38 2018
507,extrapolation,unmarked,initial,gu,sa,Noun_Testing,waitress,NA,NA,,vaem,NA,NA,…,NA,48,Wed Apr 18 13:38:40 2018
507,extrapolation,unmarked,initial,gu,sa,SimplePhrase_Training,chef,NA,NA,,tumbat,NA,NA,,NA,49,Wed Apr 18 13:39:13 2018
507,extrapolation,unmarked,initial,gu,sa,SimplePhrase_Training,punch_waitress_pl_cowboy_sg,NA,NA,,straikim vaem gu nork sa,NA,NA,,NA,50,Wed Apr 18 13:39:21 2018
507,extrapolation,unmarked,initial,gu,sa,SimplePhrase_Training,kick_chef_pl_burglar_sg,NA,NA,,kikim tumbat gu negid sa,NA,NA,,NA,51,Wed Apr 18 13:39:28 2018
507,extrapolation,unmarked,initial,gu,sa,SimplePhrase_Training,kick_waitress_pl_burglar_sg,NA,NA,,kikim vaem gu negid sa,NA,NA,,NA,52,Wed Apr 18 13:39:35 2018
507,extrapolation,unmarked,initial,gu,sa,SimplePhrase_Training,burglar_two,NA,NA,,negid gu,NA,NA,,NA,53,Wed Apr 18 13:39:41 2018
507,extrapolation,unmarked,initial,gu,sa,SimplePhrase_Training,kick_cowboy_sg_burglar_sg,NA,NA,,kikim nork negid sa,NA,NA,,NA,54,Wed Apr 18 13:39:48 2018
507,extrapolation,unmarked,initial,gu,sa,SimplePhrase_Training,kick_chef_pl_waitress_sg,NA,NA,,kikim tumbat gu vaem sa,NA,NA,,NA,55,Wed Apr 18 13:39:55 2018
507,extrapolation,unmarked,initial,gu,sa,SimplePhrase_Training,waitress,NA,NA,,vaem,NA,NA,,NA,56,Wed Apr 18 13:40:00 2018
507,extrapolation,unmarked,initial,gu,sa,SimplePhrase_Training,point_cowboy_sg_burglar_sg,NA,NA,,poinim nork negid sa,NA,NA,,NA,57,Wed Apr 18 13:40:08 2018
507,extrapolation,unmarked,initial,gu,sa,SimplePhrase_Training,point_cowboy_sg_waitress_sg,NA,NA,,poinim nork vaem sa,NA,NA,,NA,58,Wed Apr 18 13:40:15 2018
507,extrapolation,unmarked,initial,gu,sa,SimplePhrase_Training,point_cowboy_sg_chef_sg,NA,NA,,poinim nork tumbat sa,NA,NA,,NA,59,Wed Apr 18 13:40:22 2018
507,extrapolation,unmarked,initial,gu,sa,SimplePhrase_Training,waitress_two,NA,NA,,vaem gu,NA,NA,,NA,60,Wed Apr 18 13:40:27 2018
507,extrapolation,unmarked,initial,gu,sa,SimplePhrase_Training,punch_cowboy_pl_waitress_sg,NA,NA,,straikim nork gu vaem sa,NA,NA,,NA,61,Wed Apr 18 13:40:35 2018
507,extrapolation,unmarked,initial,gu,sa,SimplePhrase_Training,punch_waitress_sg_chef_sg,NA,NA,,straikim vaem tumbat sa,NA,NA,,NA,62,Wed Apr 18 13:40:43 2018
507,extrapolation,unmarked,initial,gu,sa,SimplePhrase_Training,point_waitress_pl_cowboy_sg,NA,NA,,poinim vaem gu nork sa,NA,NA,,NA,63,Wed Apr 18 13:40:50 2018
507,extrapolation,unmarked,initial,gu,sa,SimplePhrase_Training,waitress,NA,NA,,vaem,NA,NA,,NA,64,Wed Apr 18 13:40:55 2018
507,extrapolation,unmarked,initial,gu,sa,SimplePhrase_Training,point_burglar_pl_cowboy_sg,NA,NA,,poinim negid gu nork sa,NA,NA,,NA,65,Wed Apr 18 13:41:02 2018
507,extrapolation,unmarked,initial,gu,sa,SimplePhrase_Training,cowboy,NA,NA,,nork,NA,NA,,NA,66,Wed Apr 18 13:41:07 2018
507,extrapolation,unmarked,initial,gu,sa,SimplePhrase_Training,chef_three,NA,NA,,tumbat gu,NA,NA,,NA,67,Wed Apr 18 13:41:12 2018
507,extrapolation,unmarked,initial,gu,sa,SimplePhrase_Training,point_chef_sg_burglar_sg,NA,NA,,poinim tumbat negid sa,NA,NA,,NA,68,Wed Apr 18 13:41:20 2018
507,extrapolation,unmarked,initial,gu,sa,SimplePhrase_Training,kick_burglar_pl_chef_sg,NA,NA,,kikim negid gu tumbat sa,NA,NA,,NA,69,Wed Apr 18 13:41:27 2018
507,extrapolation,unmarked,initial,gu,sa,SimplePhrase_Training,point_chef_pl_cowboy_sg,NA,NA,,poinim tumbat gu nork sa,NA,NA,,NA,70,Wed Apr 18 13:41:35 2018
507,extrapolation,unmarked,initial,gu,sa,SimplePhrase_Training,burglar_four,NA,NA,,negid gu,NA,NA,,NA,71,Wed Apr 18 13:41:40 2018
507,extrapolation,unmarked,initial,gu,sa,SimplePhrase_Training,cowboy_four,NA,NA,,nork gu,NA,NA,,NA,72,Wed Apr 18 13:41:45 2018
507,extrapolation,unmarked,initial,gu,sa,SimplePhrase_Training,kick_waitress_pl_cowboy_sg,NA,NA,,kikim vaem gu nork sa,NA,NA,,NA,73,Wed Apr 18 13:41:52 2018
507,extrapolation,unmarked,initial,gu,sa,SimplePhrase_Training,chef,NA,NA,,tumbat,NA,NA,,NA,74,Wed Apr 18 13:41:57 2018
507,extrapolation,unmarked,initial,gu,sa,SimplePhrase_Training,point_burglar_pl_chef_sg,NA,NA,,poinim negid gu tumbat sa,NA,NA,,NA,75,Wed Apr 18 13:42:04 2018
507,extrapolation,unmarked,initial,gu,sa,SimplePhrase_Training,punch_chef_sg_cowboy_sg,NA,NA,,straikim tumbat nork sa,NA,NA,,NA,76,Wed Apr 18 13:42:12 2018
507,extrapolation,unmarked,initial,gu,sa,SimplePhrase_Training,burglar,NA,NA,,negid,NA,NA,,NA,77,Wed Apr 18 13:42:17 2018
507,extrapolation,unmarked,initial,gu,sa,SimplePhrase_Training,cowboy_two,NA,NA,,nork gu,NA,NA,,NA,78,Wed Apr 18 13:42:22 2018
507,extrapolation,unmarked,initial,gu,sa,SimplePhrase_Training,burglar_three,NA,NA,,negid gu,NA,NA,,NA,79,Wed Apr 18 13:42:27 2018
507,extrapolation,unmarked,initial,gu,sa,SimplePhrase_Training,waitress_two,NA,NA,,vaem gu,NA,NA,,NA,80,Wed Apr 18 13:42:32 2018
507,extrapolation,unmarked,initial,gu,sa,SimplePhrase_Training,chef_two,NA,NA,,tumbat gu,NA,NA,,NA,81,Wed Apr 18 13:42:37 2018
507,extrapolation,unmarked,initial,gu,sa,SimplePhrase_Training,cowboy_three,NA,NA,,nork gu,NA,NA,,NA,82,Wed Apr 18 13:42:42 2018
507,extrapolation,unmarked,initial,gu,sa,SimplePhrase_Training,punch_chef_sg_burglar_sg,NA,NA,,straikim tumbat negid sa,NA,NA,,NA,83,Wed Apr 18 13:42:49 2018
507,extrapolation,unmarked,initial,gu,sa,SimplePhrase_Training,waitress_three,NA,NA,,vaem gu,NA,NA,,NA,84,Wed Apr 18 13:42:54 2018
507,extrapolation,unmarked,initial,gu,sa,SimplePhrase_Training,punch_burglar_sg_cowboy_sg,NA,NA,,straikim negid nork sa,NA,NA,,NA,85,Wed Apr 18 13:43:02 2018
507,extrapolation,unmarked,initial,gu,sa,SimplePhrase_Training,kick_cowboy_sg_chef_sg,NA,NA,,kikim nork tumbat sa,NA,NA,,NA,86,Wed Apr 18 13:43:09 2018
507,extrapolation,unmarked,initial,gu,sa,SimplePhrase_Training,waitress_four,NA,NA,,vaem gu,NA,NA,,NA,87,Wed Apr 18 13:43:14 2018
507,extrapolation,unmarked,initial,gu,sa,SimplePhrase_Training,point_waitress_sg_chef_sg,NA,NA,,poinim vaem tumbat sa,NA,NA,,NA,88,Wed Apr 18 13:43:21 2018
507,extrapolation,unmarked,initial,gu,sa,SimplePhrase_Training,point_burglar_sg_waitress_sg,NA,NA,,poinim negid vaem sa,NA,NA,,NA,89,Wed Apr 18 13:43:29 2018
507,extrapolation,unmarked,initial,gu,sa,SimplePhrase_Training,punch_burglar_sg_waitress_sg,NA,NA,,straikim negid vaem sa,NA,NA,,NA,90,Wed Apr 18 13:43:36 2018
507,extrapolation,unmarked,initial,gu,sa,SimplePhrase_Training,kick_burglar_pl_waitress_sg,NA,NA,,kikim negid gu vaem sa,NA,NA,,NA,91,Wed Apr 18 13:43:44 2018
507,extrapolation,unmarked,initial,gu,sa,SimplePhrase_Training,kick_burglar_sg_cowboy_sg,NA,NA,,kikim negid nork sa,NA,NA,,NA,92,Wed Apr 18 13:43:51 2018
507,extrapolation,unmarked,initial,gu,sa,SimplePhrase_Training,point_waitress_pl_burglar_sg,NA,NA,,poinim vaem gu negid sa,NA,NA,,NA,93,Wed Apr 18 13:43:58 2018
507,extrapolation,unmarked,initial,gu,sa,SimplePhrase_Training,waitress_four,NA,NA,,vaem gu,NA,NA,,NA,94,Wed Apr 18 13:44:03 2018
507,extrapolation,unmarked,initial,gu,sa,SimplePhrase_Training,burglar_four,NA,NA,,negid gu,NA,NA,,NA,95,Wed Apr 18 13:44:08 2018
507,extrapolation,unmarked,initial,gu,sa,SimplePhrase_Training,punch_cowboy_pl_chef_sg,NA,NA,,straikim nork gu tumbat sa,NA,NA,,NA,96,Wed Apr 18 13:44:16 2018
507,extrapolation,unmarked,initial,gu,sa,SimplePhrase_Training,burglar,NA,NA,,negid,NA,NA,,NA,97,Wed Apr 18 13:44:21 2018
507,extrapolation,unmarked,initial,gu,sa,SimplePhrase_Training,point_chef_sg_waitress_sg,NA,NA,,poinim tumbat vaem sa,NA,NA,,NA,98,Wed Apr 18 13:44:28 2018
507,extrapolation,unmarked,initial,gu,sa,SimplePhrase_Training,burglar_three,NA,NA,,negid gu,NA,NA,,NA,99,Wed Apr 18 13:44:33 2018
507,extrapolation,unmarked,initial,gu,sa,SimplePhrase_Training,burglar_two,NA,NA,,negid gu,NA,NA,,NA,100,Wed Apr 18 13:44:38 2018
507,extrapolation,unmarked,initial,gu,sa,SimplePhrase_Training,chef_four,NA,NA,,tumbat gu,NA,NA,,NA,101,Wed Apr 18 13:44:43 2018
507,extrapolation,unmarked,initial,gu,sa,SimplePhrase_Training,punch_burglar_pl_chef_sg,NA,NA,,straikim negid gu tumbat sa,NA,NA,,NA,102,Wed Apr 18 13:44:51 2018
507,extrapolation,unmarked,initial,gu,sa,SimplePhrase_Training,cowboy,NA,NA,,nork,NA,NA,,NA,103,Wed Apr 18 13:44:56 2018
507,extrapolation,unmarked,initial,gu,sa,SimplePhrase_Training,kick_cowboy_sg_waitress_sg,NA,NA,,kikim nork vaem sa,NA,NA,,NA,104,Wed Apr 18 13:45:03 2018
507,extrapolation,unmarked,initial,gu,sa,SimplePhrase_Training,punch_chef_pl_waitress_sg,NA,NA,,straikim tumbat gu vaem sa,NA,NA,,NA,105,Wed Apr 18 13:45:11 2018
507,extrapolation,unmarked,initial,gu,sa,SimplePhrase_Training,kick_waitress_pl_chef_sg,NA,NA,,kikim vaem gu tumbat sa,NA,NA,,NA,106,Wed Apr 18 13:45:18 2018
507,extrapolation,unmarked,initial,gu,sa,SimplePhrase_Training,punch_cowboy_sg_burglar_sg,NA,NA,,straikim nork negid sa,NA,NA,,NA,107,Wed Apr 18 13:45:26 2018
507,extrapolation,unmarked,initial,gu,sa,SimplePhrase_Training,kick_chef_sg_cowboy_sg,NA,NA,,kikim tumbat nork sa,NA,NA,,NA,108,Wed Apr 18 13:45:33 2018
507,extrapolation,unmarked,initial,gu,sa,SimplePhrase_Training,chef_three,NA,NA,,tumbat gu,NA,NA,,NA,109,Wed Apr 18 13:45:38 2018
507,extrapolation,unmarked,initial,gu,sa,SimplePhrase_Training,punch_waitress_pl_burglar_sg,NA,NA,,straikim vaem gu negid sa,NA,NA,,NA,110,Wed Apr 18 13:45:46 2018
507,extrapolation,unmarked,initial,gu,sa,SimplePhrase_Comprehension,punch_waitress_pl_chef_sg,NA,NA,,straikim vaem gu tumbat sa,correct,NA,,NA,111,Wed Apr 18 13:46:08 2018
507,extrapolation,unmarked,initial,gu,sa,SimplePhrase_Comprehension,chef_two,NA,NA,,tumbat gu,correct,NA,,NA,112,Wed Apr 18 13:46:12 2018
507,extrapolation,unmarked,initial,gu,sa,SimplePhrase_Comprehension,kick_cowboy_pl_chef_sg,NA,NA,,kikim nork gu tumbat sa,correct,NA,,NA,113,Wed Apr 18 13:46:18 2018
507,extrapolation,unmarked,initial,gu,sa,SimplePhrase_Comprehension,kick_burglar_sg_waitress_sg,NA,NA,,kikim negid vaem sa,correct,NA,,NA,114,Wed Apr 18 13:46:23 2018
507,extrapolation,unmarked,initial,gu,sa,SimplePhrase_Comprehension,waitress_two,NA,NA,,vaem gu,correct,NA,,NA,115,Wed Apr 18 13:46:27 2018
507,extrapolation,unmarked,initial,gu,sa,SimplePhrase_Comprehension,punch_cowboy_sg_waitress_sg,NA,NA,,straikim nork vaem sa,correct,NA,,NA,116,Wed Apr 18 13:46:33 2018
507,extrapolation,unmarked,initial,gu,sa,SimplePhrase_Comprehension,kick_waitress_sg_cowboy_sg,NA,NA,,kikim vaem nork sa,correct,NA,,NA,117,Wed Apr 18 13:46:39 2018
507,extrapolation,unmarked,initial,gu,sa,SimplePhrase_Comprehension,punch_chef_pl_burglar_sg,NA,NA,,straikim tumbat gu negid sa,correct,NA,,NA,118,Wed Apr 18 13:46:44 2018
507,extrapolation,unmarked,initial,gu,sa,SimplePhrase_Comprehension,point_chef_pl_waitress_sg,NA,NA,,poinim tumbat gu vaem sa,correct,NA,,NA,119,Wed Apr 18 13:46:50 2018
507,extrapolation,unmarked,initial,gu,sa,SimplePhrase_Comprehension,burglar,NA,NA,,negid,correct,NA,,NA,120,Wed Apr 18 13:46:54 2018
507,extrapolation,unmarked,initial,gu,sa,SimplePhrase_Comprehension,cowboy_three,NA,NA,,nork gu,correct,NA,,NA,121,Wed Apr 18 13:46:58 2018
507,extrapolation,unmarked,initial,gu,sa,SimplePhrase_Comprehension,point_cowboy_pl_burglar_sg,NA,NA,,poinim nork gu negid sa,correct,NA,,NA,122,Wed Apr 18 13:47:04 2018
507,extrapolation,unmarked,initial,gu,sa,SimplePhrase_Comprehension,chef_three,NA,NA,,tumbat gu,correct,NA,,NA,123,Wed Apr 18 13:47:08 2018
507,extrapolation,unmarked,initial,gu,sa,SimplePhrase_Comprehension,cowboy,NA,NA,,nork,correct,NA,,NA,124,Wed Apr 18 13:47:12 2018
507,extrapolation,unmarked,initial,gu,sa,SimplePhrase_Comprehension,waitress_four,NA,NA,,vaem gu,correct,NA,,NA,125,Wed Apr 18 13:47:17 2018
507,extrapolation,unmarked,initial,gu,sa,SimplePhrase_Comprehension,burglar_three,NA,NA,,negid gu,correct,NA,,NA,126,Wed Apr 18 13:47:21 2018
507,extrapolation,unmarked,initial,gu,sa,SimplePhrase_Comprehension,cowboy_four,NA,NA,,nork gu,correct,NA,,NA,127,Wed Apr 18 13:47:25 2018
507,extrapolation,unmarked,initial,gu,sa,SimplePhrase_Comprehension,waitress,NA,NA,,vaem,correct,NA,,NA,128,Wed Apr 18 13:47:29 2018
507,extrapolation,unmarked,initial,gu,sa,SimplePhrase_Comprehension,kick_cowboy_pl_burglar_sg,NA,NA,,kikim nork gu negid sa,correct,NA,,NA,129,Wed Apr 18 13:47:35 2018
507,extrapolation,unmarked,initial,gu,sa,SimplePhrase_Comprehension,kick_chef_sg_burglar_sg,NA,NA,,kikim tumbat negid sa,correct,NA,,NA,130,Wed Apr 18 13:47:40 2018
507,extrapolation,unmarked,initial,gu,sa,SimplePhrase_Comprehension,point_burglar_pl_waitress_sg,NA,NA,,poinim negid gu vaem sa,correct,NA,,NA,131,Wed Apr 18 13:47:46 2018
507,extrapolation,unmarked,initial,gu,sa,SimplePhrase_Comprehension,punch_cowboy_sg_chef_sg,NA,NA,,straikim nork tumbat sa,correct,NA,,NA,132,Wed Apr 18 13:47:52 2018
507,extrapolation,unmarked,initial,gu,sa,SimplePhrase_Comprehension,waitress_three,NA,NA,,vaem gu,correct,NA,,NA,133,Wed Apr 18 13:47:56 2018
507,extrapolation,unmarked,initial,gu,sa,SimplePhrase_Comprehension,kick_burglar_pl_cowboy_sg,NA,NA,,kikim negid gu nork sa,correct,NA,,NA,134,Wed Apr 18 13:48:02 2018
507,extrapolation,unmarked,initial,gu,sa,SimplePhrase_Comprehension,kick_burglar_sg_chef_sg,NA,NA,,kikim negid tumbat sa,correct,NA,,NA,135,Wed Apr 18 13:48:07 2018
507,extrapolation,unmarked,initial,gu,sa,SimplePhrase_Comprehension,punch_chef_pl_cowboy_sg,NA,NA,,straikim tumbat gu nork sa,correct,NA,,NA,136,Wed Apr 18 13:48:13 2018
507,extrapolation,unmarked,initial,gu,sa,SimplePhrase_Comprehension,kick_cowboy_pl_waitress_sg,NA,NA,,kikim nork gu vaem sa,correct,NA,,NA,137,Wed Apr 18 13:48:18 2018
507,extrapolation,unmarked,initial,gu,sa,SimplePhrase_Comprehension,point_chef_sg_cowboy_sg,NA,NA,,poinim tumbat nork sa,correct,NA,,NA,138,Wed Apr 18 13:48:24 2018
507,extrapolation,unmarked,initial,gu,sa,SimplePhrase_Comprehension,punch_burglar_sg_chef_sg,NA,NA,,straikim negid tumbat sa,correct,NA,,NA,139,Wed Apr 18 13:48:30 2018
507,extrapolation,unmarked,initial,gu,sa,SimplePhrase_Comprehension,punch_waitress_sg_cowboy_sg,NA,NA,,straikim vaem nork sa,correct,NA,,NA,140,Wed Apr 18 13:48:35 2018
507,extrapolation,unmarked,initial,gu,sa,SimplePhrase_Comprehension,cowboy_two,NA,NA,,nork gu,correct,NA,,NA,141,Wed Apr 18 13:48:40 2018
507,extrapolation,unmarked,initial,gu,sa,SimplePhrase_Comprehension,chef,NA,NA,,tumbat,correct,NA,,NA,142,Wed Apr 18 13:48:44 2018
507,extrapolation,unmarked,initial,gu,sa,SimplePhrase_Comprehension,point_waitress_sg_burglar_sg,NA,NA,,poinim vaem negid sa,correct,NA,,NA,143,Wed Apr 18 13:48:49 2018
507,extrapolation,unmarked,initial,gu,sa,SimplePhrase_Comprehension,chef_four,NA,NA,,tumbat gu,correct,NA,,NA,144,Wed Apr 18 13:48:53 2018
507,extrapolation,unmarked,initial,gu,sa,SimplePhrase_Typing,cowboy,NA,NA,,nork,NA,tumbat,,NA,145,Wed Apr 18 13:49:29 2018
507,extrapolation,unmarked,initial,gu,sa,SimplePhrase_Typing,point_waitress_pl_cowboy_sg,NA,NA,,poinim vaem gu nork sa,NA,poinim vaem gu nork sa,,NA,146,Wed Apr 18 13:49:50 2018
507,extrapolation,unmarked,initial,gu,sa,SimplePhrase_Typing,chef,NA,NA,,tumbat,NA,tumbat,,NA,147,Wed Apr 18 13:49:58 2018
507,extrapolation,unmarked,initial,gu,sa,SimplePhrase_Typing,point_waitress_sg_chef_sg,NA,NA,,poinim vaem tumbat sa,NA,poinim vaem tumbat sa,,NA,148,Wed Apr 18 13:50:09 2018
507,extrapolation,unmarked,initial,gu,sa,SimplePhrase_Typing,point_burglar_pl_chef_sg,NA,NA,,poinim negid gu tumbat sa,NA,poinim negid gu tumbat sa,,NA,149,Wed Apr 18 13:50:21 2018
507,extrapolation,unmarked,initial,gu,sa,SimplePhrase_Typing,cowboy_four,NA,NA,,nork gu,NA,nork gu,,NA,150,Wed Apr 18 13:50:34 2018
507,extrapolation,unmarked,initial,gu,sa,SimplePhrase_Typing,burglar,NA,NA,,negid,NA,negid,,NA,151,Wed Apr 18 13:50:40 2018
507,extrapolation,unmarked,initial,gu,sa,SimplePhrase_Typing,chef_three,NA,NA,,tumbat gu,NA,tumbat gu,,NA,152,Wed Apr 18 13:50:47 2018
507,extrapolation,unmarked,initial,gu,sa,SimplePhrase_Typing,kick_waitress_pl_cowboy_sg,NA,NA,,kikim vaem gu nork sa,NA,kikim vaem gu nork sa,,NA,153,Wed Apr 18 13:50:59 2018
507,extrapolation,unmarked,initial,gu,sa,SimplePhrase_Typing,cowboy_two,NA,NA,,nork gu,NA,nork gu,,NA,154,Wed Apr 18 13:51:07 2018
507,extrapolation,unmarked,initial,gu,sa,SimplePhrase_Typing,waitress,NA,NA,,vaem,NA,vaem,,NA,155,Wed Apr 18 13:51:13 2018
507,extrapolation,unmarked,initial,gu,sa,SimplePhrase_Typing,point_chef_sg_burglar_sg,NA,NA,,poinim tumbat negid sa,NA,poinim tumbat negid sa,,NA,156,Wed Apr 18 13:51:27 2018
507,extrapolation,unmarked,initial,gu,sa,SimplePhrase_Typing,point_cowboy_sg_burglar_sg,NA,NA,,poinim nork negid sa,NA,poinim nork negid sa,,NA,157,Wed Apr 18 13:51:37 2018
507,extrapolation,unmarked,initial,gu,sa,SimplePhrase_Typing,punch_burglar_sg_cowboy_sg,NA,NA,,straikim negid nork sa,NA,straikim negid nork sa,,NA,158,Wed Apr 18 13:51:49 2018
507,extrapolation,unmarked,initial,gu,sa,SimplePhrase_Typing,burglar_two,NA,NA,,negid gu,NA,negid gu,,NA,159,Wed Apr 18 13:51:57 2018
507,extrapolation,unmarked,initial,gu,sa,SimplePhrase_Typing,point_chef_pl_cowboy_sg,NA,NA,,poinim tumbat gu nork sa,NA,poinim tumbat gu nork sa,,NA,160,Wed Apr 18 13:52:12 2018
507,extrapolation,unmarked,initial,gu,sa,ComplexPhrase_Typing,point_chef_sg_waitress_pl,waitress,vaem,1,poinim tumbat vaem gu sa,NA,poinim tumbat vaem gu sa,,NA,161,Wed Apr 18 13:52:46 2018
507,extrapolation,unmarked,initial,gu,sa,ComplexPhrase_Typing,point_burglar_sg_cowboy_pl,cowboy,nork,1,poinim negid nork gu sa,NA,poinim negid nork gu sa,,NA,162,Wed Apr 18 13:52:57 2018
507,extrapolation,unmarked,initial,gu,sa,ComplexPhrase_Typing,point_burglar_sg_waitress_pl,waitress,vaem,1,poinim negid vaem gu sa,NA,poinim negid vaem gu sa,,NA,163,Wed Apr 18 13:53:05 2018
507,extrapolation,unmarked,initial,gu,sa,ComplexPhrase_Typing,punch_cowboy_sg_chef_pl,chef,tumbat,1,straikim nork tumbat gu sa,NA,straikim nork tumbat gu sa,,NA,164,Wed Apr 18 13:53:12 2018
507,extrapolation,unmarked,initial,gu,sa,ComplexPhrase_Typing,point_chef_sg_waitress_pl,waitress,vaem,1,poinim tumbat vaem gu sa,NA,poinim tumbat vaem gu sa,,NA,165,Wed Apr 18 13:53:21 2018
507,extrapolation,unmarked,initial,gu,sa,ComplexPhrase_Typing,point_burglar_sg_cowboy_pl,cowboy,nork,1,poinim negid nork gu sa,NA,poinim negid nork gu sa,,NA,166,Wed Apr 18 13:53:28 2018
507,extrapolation,unmarked,initial,gu,sa,ComplexPhrase_Typing,punch_cowboy_sg_chef_pl,chef,tumbat,1,straikim nork tumbat gu sa,NA,straikim nork tumbat gu sa,,NA,167,Wed Apr 18 13:53:35 2018
507,extrapolation,unmarked,initial,gu,sa,ComplexPhrase_Typing,point_burglar_sg_waitress_pl,waitress,vaem,1,poinim negid vaem gu sa,NA,poinim negid vaem gu sa,,NA,168,Wed Apr 18 13:53:40 2018
507,extrapolation,unmarked,initial,gu,sa,ComplexPhrase_Typing,point_burglar_sg_cowboy_pl,cowboy,nork,1,poinim negid nork gu sa,NA,poinim negid nork gu sa,,NA,169,Wed Apr 18 13:53:45 2018
507,extrapolation,unmarked,initial,gu,sa,ComplexPhrase_Typing,point_burglar_sg_waitress_pl,waitress,vaem,1,poinim negid vaem gu sa,NA,poinim negid vaem gu sa,,NA,170,Wed Apr 18 13:53:50 2018
507,extrapolation,unmarked,initial,gu,sa,ComplexPhrase_Typing,point_chef_sg_waitress_pl,waitress,vaem,1,poinim tumbat vaem gu sa,NA,poinim tumbat vaem gu sa,,NA,171,Wed Apr 18 13:53:57 2018
507,extrapolation,unmarked,initial,gu,sa,ComplexPhrase_Typing,punch_cowboy_sg_chef_pl,chef,tumbat,1,straikim nork tumbat gu sa,NA,straikim nork tumbat gu sa,,NA,172,Wed Apr 18 13:54:03 2018
507,extrapolation,unmarked,initial,gu,sa,ComplexPhrase_Testing,punch_chef_sg_waitress_pl,waitress,vaem,1,straikim tumbat vaem gu sa,NA,NA,straikim tumbat vaem gu sa,NA,173,Wed Apr 18 13:54:41 2018
507,extrapolation,unmarked,initial,gu,sa,ComplexPhrase_Testing,punch_waitress_pl_burglar_sg,NA,NA,,straikim vaem gu negid sa,NA,NA,straikim vaem gu negid sa,NA,174,Wed Apr 18 13:54:45 2018
507,extrapolation,unmarked,initial,gu,sa,ComplexPhrase_Testing,kick_chef_sg_burglar_sg,NA,NA,,kikim tumbat negid sa,NA,NA,kikim tumbat negid sa,NA,175,Wed Apr 18 13:54:54 2018
507,extrapolation,unmarked,initial,gu,sa,ComplexPhrase_Testing,punch_waitress_pl_chef_sg,NA,NA,,straikim vaem gu tumbat sa,NA,NA,straikim vaem gu tumbat sa,NA,176,Wed Apr 18 13:55:01 2018
507,extrapolation,unmarked,initial,gu,sa,ComplexPhrase_Testing,cowboy_four,NA,NA,,nork gu,NA,NA,nork gu,NA,177,Wed Apr 18 13:55:07 2018
507,extrapolation,unmarked,initial,gu,sa,ComplexPhrase_Testing,punch_chef_sg_waitress_pl,waitress,vaem,1,straikim tumbat vaem gu sa,NA,NA,straikim tumbat vaem gu sa,NA,178,Wed Apr 18 13:55:14 2018
507,extrapolation,unmarked,initial,gu,sa,ComplexPhrase_Testing,point_chef_sg_cowboy_pl,cowboy,nork,1,poinim tumbat nork gu sa,NA,NA,poinim tumbat nork gu sa,NA,179,Wed Apr 18 13:55:18 2018
507,extrapolation,unmarked,initial,gu,sa,ComplexPhrase_Testing,kick_cowboy_sg_burglar_pl,burglar,negid,1,kikim nork negid gu sa,NA,NA,kikim nork negid gu sa,NA,180,Wed Apr 18 13:55:22 2018
507,extrapolation,unmarked,initial,gu,sa,ComplexPhrase_Testing,point_burglar_sg_cowboy_pl,cowboy,nork,1,poinim negid nork gu sa,NA,NA,poinim negid nork gu sa,NA,181,Wed Apr 18 13:55:26 2018
507,extrapolation,unmarked,initial,gu,sa,ComplexPhrase_Testing,point_burglar_sg_cowboy_pl,cowboy,nork,1,poinim negid nork gu sa,NA,NA,poinim negid nork gu sa,NA,182,Wed Apr 18 13:55:30 2018
507,extrapolation,unmarked,initial,gu,sa,ComplexPhrase_Testing,kick_chef_sg_waitress_pl,waitress,vaem,1,kikim tumbat vaem gu sa,NA,NA,kikim tumbat vaem gu sa,NA,183,Wed Apr 18 13:55:33 2018
507,extrapolation,unmarked,initial,gu,sa,ComplexPhrase_Testing,kick_chef_sg_waitress_pl,waitress,vaem,1,kikim tumbat vaem gu sa,NA,NA,kikim tumbat vaem gu sa,NA,184,Wed Apr 18 13:55:36 2018
507,extrapolation,unmarked,initial,gu,sa,ComplexPhrase_Testing,point_waitress_sg_chef_pl,chef,tumbat,1,poinim vaem tumbat gu sa,NA,NA,poinim vaem tumbat gu sa,NA,185,Wed Apr 18 13:55:41 2018
507,extrapolation,unmarked,initial,gu,sa,ComplexPhrase_Testing,kick_burglar_sg_chef_sg,NA,NA,,kikim negid tumbat sa,NA,NA,kikim negid tumbat sa,NA,186,Wed Apr 18 13:55:45 2018
507,extrapolation,unmarked,initial,gu,sa,ComplexPhrase_Testing,punch_waitress_pl_cowboy_sg,NA,NA,,straikim vaem gu nork sa,NA,NA,straikim vaem gu nork sa,NA,187,Wed Apr 18 13:55:52 2018
507,extrapolation,unmarked,initial,gu,sa,ComplexPhrase_Testing,point_chef_sg_burglar_pl,burglar,negid,1,poinim tumbat negid gu sa,NA,NA,poinim tumbat negid gu sa,NA,188,Wed Apr 18 13:56:00 2018
507,extrapolation,unmarked,initial,gu,sa,ComplexPhrase_Testing,chef_three,NA,NA,,tumbat gu,NA,NA,tumbat gu,NA,189,Wed Apr 18 13:56:03 2018
507,extrapolation,unmarked,initial,gu,sa,ComplexPhrase_Testing,punch_waitress_sg_burglar_pl,burglar,negid,1,straikim vaem negid gu sa,NA,NA,straikim vaem negid gu sa,NA,190,Wed Apr 18 13:56:10 2018
507,extrapolation,unmarked,initial,gu,sa,ComplexPhrase_Testing,point_burglar_pl_waitress_sg,NA,NA,,poinim negid gu vaem sa,NA,NA,poinim negid gu vaem sa,NA,191,Wed Apr 18 13:56:13 2018
507,extrapolation,unmarked,initial,gu,sa,ComplexPhrase_Testing,burglar,NA,NA,,negid,NA,NA,negid,NA,192,Wed Apr 18 13:56:19 2018
507,extrapolation,unmarked,initial,gu,sa,ComplexPhrase_Testing,point_chef_pl_burglar_sg,NA,NA,,poinim tumbat gu negid sa,NA,NA,poinim tumbat gu negid sa,NA,193,Wed Apr 18 13:56:26 2018
507,extrapolation,unmarked,initial,gu,sa,ComplexPhrase_Testing,point_chef_sg_cowboy_pl,cowboy,nork,1,poinim tumbat nork gu sa,NA,NA,poinim tumbat nork gu sa,NA,194,Wed Apr 18 13:56:33 2018
507,extrapolation,unmarked,initial,gu,sa,ComplexPhrase_Testing,kick_cowboy_sg_burglar_pl,burglar,negid,1,kikim nork negid gu sa,NA,NA,kikim nork negid gu sa,NA,195,Wed Apr 18 13:56:36 2018
507,extrapolation,unmarked,initial,gu,sa,ComplexPhrase_Testing,waitress,NA,NA,,vaem,NA,NA,vaem,NA,196,Wed Apr 18 13:56:38 2018
507,extrapolation,unmarked,initial,gu,sa,ComplexPhrase_Testing,punch_waitress_sg_burglar_pl,burglar,negid,1,straikim vaem negid gu sa,NA,NA,straikim vaem negid gu sa,NA,197,Wed Apr 18 13:56:41 2018
507,extrapolation,unmarked,initial,gu,sa,ComplexPhrase_Testing,point_cowboy_sg_burglar_pl,burglar,negid,1,poinim nork negid gu sa,NA,NA,poinim nork negid gu sa,NA,198,Wed Apr 18 13:56:46 2018
507,extrapolation,unmarked,initial,gu,sa,ComplexPhrase_Testing,point_chef_sg_cowboy_pl,cowboy,nork,1,poinim tumbat nork gu sa,NA,NA,poinim tumbat nork gu sa,NA,199,Wed Apr 18 13:56:50 2018
507,extrapolation,unmarked,initial,gu,sa,ComplexPhrase_Testing,kick_chef_sg_waitress_pl,waitress,vaem,1,kikim tumbat vaem gu sa,NA,NA,kikim tumbat vaem gu sa,NA,200,Wed Apr 18 13:56:53 2018
507,extrapolation,unmarked,initial,gu,sa,ComplexPhrase_Testing,kick_cowboy_sg_burglar_pl,burglar,negid,1,kikim nork negid gu sa,NA,NA,kikim nork negid gu sa,NA,201,Wed Apr 18 13:56:58 2018
507,extrapolation,unmarked,initial,gu,sa,ComplexPhrase_Testing,punch_waitress_sg_burglar_pl,burglar,negid,1,straikim vaem negid gu sa,NA,NA,straikim vaem negid gu sa,NA,202,Wed Apr 18 13:57:01 2018
507,extrapolation,unmarked,initial,gu,sa,ComplexPhrase_Testing,point_chef_sg_burglar_pl,burglar,negid,1,poinim tumbat negid gu sa,NA,NA,poinim tumbat negid gu sa,NA,203,Wed Apr 18 13:57:06 2018
507,extrapolation,unmarked,initial,gu,sa,ComplexPhrase_Testing,punch_chef_sg_burglar_sg,NA,NA,,straikim tumbat negid sa,NA,NA,straikim tumbat negid sa,NA,204,Wed Apr 18 13:57:10 2018
507,extrapolation,unmarked,initial,gu,sa,ComplexPhrase_Testing,point_cowboy_sg_burglar_pl,burglar,negid,1,poinim nork negid gu sa,NA,NA,poinim nork negid gu sa,NA,205,Wed Apr 18 13:57:18 2018
507,extrapolation,unmarked,initial,gu,sa,ComplexPhrase_Testing,point_waitress_pl_cowboy_sg,NA,NA,,poinim vaem gu nork sa,NA,NA,poinim vaem gu nork sa,NA,206,Wed Apr 18 13:57:22 2018
507,extrapolation,unmarked,initial,gu,sa,ComplexPhrase_Testing,chef,NA,NA,,tumbat,NA,NA,tumbat,NA,207,Wed Apr 18 13:57:27 2018
507,extrapolation,unmarked,initial,gu,sa,ComplexPhrase_Testing,punch_chef_sg_burglar_pl,burglar,negid,1,straikim tumbat negid gu sa,NA,NA,straikim tumbat negid gu sa,NA,208,Wed Apr 18 13:57:32 2018
507,extrapolation,unmarked,initial,gu,sa,ComplexPhrase_Testing,point_waitress_sg_chef_pl,chef,tumbat,1,poinim vaem tumbat gu sa,NA,NA,poinim vaem tumbat gu sa,NA,209,Wed Apr 18 13:57:35 2018
507,extrapolation,unmarked,initial,gu,sa,ComplexPhrase_Testing,point_burglar_sg_cowboy_pl,cowboy,nork,1,poinim negid nork gu sa,NA,NA,poinim negid nork gu sa,NA,210,Wed Apr 18 13:57:39 2018
507,extrapolation,unmarked,initial,gu,sa,ComplexPhrase_Testing,point_cowboy_sg_burglar_pl,burglar,negid,1,poinim nork negid gu sa,NA,NA,poinim nork negid gu sa,NA,211,Wed Apr 18 13:57:42 2018
507,extrapolation,unmarked,initial,gu,sa,ComplexPhrase_Testing,cowboy_two,NA,NA,,nork gu,NA,NA,nork gu,NA,212,Wed Apr 18 13:57:45 2018
507,extrapolation,unmarked,initial,gu,sa,ComplexPhrase_Testing,kick_cowboy_sg_chef_pl,chef,tumbat,1,kikim nork tumbat gu sa,NA,NA,kikim nork tumbat gu sa,NA,213,Wed Apr 18 13:57:50 2018
507,extrapolation,unmarked,initial,gu,sa,ComplexPhrase_Testing,punch_cowboy_sg_chef_pl,chef,tumbat,1,straikim nork tumbat gu sa,NA,NA,straikim nork tumbat gu sa,NA,214,Wed Apr 18 13:57:55 2018
507,extrapolation,unmarked,initial,gu,sa,ComplexPhrase_Testing,point_waitress_sg_chef_pl,chef,tumbat,1,poinim vaem tumbat gu sa,NA,NA,poinim vaem tumbat gu sa,NA,215,Wed Apr 18 13:57:58 2018
507,extrapolation,unmarked,initial,gu,sa,ComplexPhrase_Testing,punch_chef_sg_burglar_pl,burglar,negid,1,straikim tumbat negid gu sa,NA,NA,straikim tumbat negid gu sa,NA,216,Wed Apr 18 13:58:02 2018
507,extrapolation,unmarked,initial,gu,sa,ComplexPhrase_Testing,point_waitress_sg_burglar_sg,NA,NA,,poinim vaem negid sa,NA,NA,poinim vaem negid sa,NA,217,Wed Apr 18 13:58:06 2018
507,extrapolation,unmarked,initial,gu,sa,ComplexPhrase_Testing,kick_chef_sg_cowboy_sg,NA,NA,,kikim tumbat nork sa,NA,NA,kikim tumbat nork sa,NA,218,Wed Apr 18 13:58:15 2018
507,extrapolation,unmarked,initial,gu,sa,ComplexPhrase_Testing,burglar_two,NA,NA,,negid gu,NA,NA,negid gu,NA,219,Wed Apr 18 13:58:23 2018
507,extrapolation,unmarked,initial,gu,sa,ComplexPhrase_Testing,chef_four,NA,NA,,tumbat gu,NA,NA,tumbat gu,NA,220,Wed Apr 18 13:58:27 2018
507,extrapolation,unmarked,initial,gu,sa,ComplexPhrase_Testing,punch_cowboy_sg_chef_pl,chef,tumbat,1,straikim nork tumbat gu sa,NA,NA,straikim nork tumbat gu sa,NA,221,Wed Apr 18 13:58:32 2018
507,extrapolation,unmarked,initial,gu,sa,ComplexPhrase_Testing,kick_cowboy_sg_chef_pl,chef,tumbat,1,kikim nork tumbat gu sa,NA,NA,kikim nork tumbat gu sa,NA,222,Wed Apr 18 13:58:35 2018
507,extrapolation,unmarked,initial,gu,sa,ComplexPhrase_Testing,punch_chef_sg_burglar_pl,burglar,negid,1,straikim tumbat negid gu sa,NA,NA,straikim tumbat negid gu sa,NA,223,Wed Apr 18 13:58:39 2018
507,extrapolation,unmarked,initial,gu,sa,ComplexPhrase_Testing,point_chef_sg_burglar_pl,burglar,negid,1,poinim tumbat negid gu sa,NA,NA,poinim tumbat negid gu sa,NA,224,Wed Apr 18 13:58:42 2018
507,extrapolation,unmarked,initial,gu,sa,ComplexPhrase_Testing,punch_chef_sg_waitress_pl,waitress,vaem,1,straikim tumbat vaem gu sa,NA,NA,straikim tumbat vaem gu sa,NA,225,Wed Apr 18 13:58:45 2018
507,extrapolation,unmarked,initial,gu,sa,ComplexPhrase_Testing,point_cowboy_sg_burglar_sg,NA,NA,,poinim nork negid sa,NA,NA,poinim nork negid gu sa,NA,226,Wed Apr 18 13:58:52 2018
507,extrapolation,unmarked,initial,gu,sa,ComplexPhrase_Testing,kick_cowboy_sg_chef_pl,chef,tumbat,1,kikim nork tumbat gu sa,NA,NA,kikim nork tumbat gu sa,NA,227,Wed Apr 18 13:59:01 2018
507,extrapolation,unmarked,initial,gu,sa,ComplexPhrase_Testing,punch_cowboy_sg_chef_pl,chef,tumbat,1,straikim nork tumbat gu sa,NA,NA,straikim nork tumbat gu sa,NA,228,Wed Apr 18 13:59:05 2018
507,extrapolation,unmarked,initial,gu,sa,ComplexPhrase_Testing,burglar_four,NA,NA,,negid gu,NA,NA,negid gu,NA,229,Wed Apr 18 13:59:08 2018
507,extrapolation,unmarked,initial,gu,sa,ComplexPhrase_Testing,cowboy,NA,NA,,nork,NA,NA,nork,NA,230,Wed Apr 18 13:59:12 2018
507,extrapolation,unmarked,initial,gu,sa,Questionnaire,NA,NA,NA,,NA,NA,NA,,group,MeaningNum,Wed Apr 18 13:59:58 2018
507,extrapolation,unmarked,initial,gu,sa,Questionnaire,NA,NA,NA,,NA,NA,NA,,is,MeaningCase,Wed Apr 18 13:59:58 2018
507,extrapolation,unmarked,initial,gu,sa,Questionnaire,NA,NA,NA,,NA,NA,NA,,after,OrderNumNoun,Wed Apr 18 13:59:58 2018
507,extrapolation,unmarked,initial,gu,sa,Questionnaire,NA,NA,NA,,NA,NA,NA,,after,OrderCaseNoun,Wed Apr 18 13:59:58 2018
507,extrapolation,unmarked,initial,gu,sa,Questionnaire,NA,NA,NA,,NA,NA,NA,,english,Languages,Wed Apr 18 13:59:58 2018