ID,Condition,MajorityOrder,NounPosition,markerNum,markerCase,Phase,Meaning,NounItem,Noun,binaryResp,InputSentence,Selection,TypedResponse,SpokenResponse,AnswerQuest,Trial,date&time
510,extrapolation,unmarked,initial,ti,sa,Noun_Training,waitress,NA,NA,,nork,NA,NA,,NA,1,Fri Apr 20 15:39:43 2018
510,extrapolation,unmarked,initial,ti,sa,Noun_Training,waitress,NA,NA,,nork,NA,NA,,NA,2,Fri Apr 20 15:39:48 2018
510,extrapolation,unmarked,initial,ti,sa,Noun_Training,cowboy,NA,NA,,tumbat,NA,NA,,NA,3,Fri Apr 20 15:39:53 2018
510,extrapolation,unmarked,initial,ti,sa,Noun_Training,burglar,NA,NA,,vaem,NA,NA,,NA,4,Fri Apr 20 15:39:57 2018
510,extrapolation,unmarked,initial,ti,sa,Noun_Training,chef,NA,NA,,negid,NA,NA,,NA,5,Fri Apr 20 15:40:02 2018
510,extrapolation,unmarked,initial,ti,sa,Noun_Training,chef,NA,NA,,negid,NA,NA,,NA,6,Fri Apr 20 15:40:07 2018
510,extrapolation,unmarked,initial,ti,sa,Noun_Training,cowboy,NA,NA,,tumbat,NA,NA,,NA,7,Fri Apr 20 15:40:12 2018
510,extrapolation,unmarked,initial,ti,sa,Noun_Training,waitress,NA,NA,,nork,NA,NA,,NA,8,Fri Apr 20 15:40:17 2018
510,extrapolation,unmarked,initial,ti,sa,Noun_Training,burglar,NA,NA,,vaem,NA,NA,,NA,9,Fri Apr 20 15:40:21 2018
510,extrapolation,unmarked,initial,ti,sa,Noun_Training,waitress,NA,NA,,nork,NA,NA,,NA,10,Fri Apr 20 15:40:26 2018
510,extrapolation,unmarked,initial,ti,sa,Noun_Training,chef,NA,NA,,negid,NA,NA,,NA,11,Fri Apr 20 15:40:31 2018
510,extrapolation,unmarked,initial,ti,sa,Noun_Training,cowboy,NA,NA,,tumbat,NA,NA,,NA,12,Fri Apr 20 15:40:36 2018
510,extrapolation,unmarked,initial,ti,sa,Noun_Training,chef,NA,NA,,negid,NA,NA,,NA,13,Fri Apr 20 15:40:41 2018
510,extrapolation,unmarked,initial,ti,sa,Noun_Training,chef,NA,NA,,negid,NA,NA,,NA,14,Fri Apr 20 15:40:46 2018
510,extrapolation,unmarked,initial,ti,sa,Noun_Training,cowboy,NA,NA,,tumbat,NA,NA,,NA,15,Fri Apr 20 15:40:50 2018
510,extrapolation,unmarked,initial,ti,sa,Noun_Training,waitress,NA,NA,,nork,NA,NA,,NA,16,Fri Apr 20 15:40:55 2018
510,extrapolation,unmarked,initial,ti,sa,Noun_Training,chef,NA,NA,,negid,NA,NA,,NA,17,Fri Apr 20 15:41:00 2018
510,extrapolation,unmarked,initial,ti,sa,Noun_Training,cowboy,NA,NA,,tumbat,NA,NA,,NA,18,Fri Apr 20 15:41:05 2018
510,extrapolation,unmarked,initial,ti,sa,Noun_Training,burglar,NA,NA,,vaem,NA,NA,,NA,19,Fri Apr 20 15:41:10 2018
510,extrapolation,unmarked,initial,ti,sa,Noun_Training,burglar,NA,NA,,vaem,NA,NA,,NA,20,Fri Apr 20 15:41:15 2018
510,extrapolation,unmarked,initial,ti,sa,Noun_Training,waitress,NA,NA,,nork,NA,NA,,NA,21,Fri Apr 20 15:41:20 2018
510,extrapolation,unmarked,initial,ti,sa,Noun_Training,burglar,NA,NA,,vaem,NA,NA,,NA,22,Fri Apr 20 15:41:24 2018
510,extrapolation,unmarked,initial,ti,sa,Noun_Training,burglar,NA,NA,,vaem,NA,NA,,NA,23,Fri Apr 20 15:41:29 2018
510,extrapolation,unmarked,initial,ti,sa,Noun_Training,cowboy,NA,NA,,tumbat,NA,NA,,NA,24,Fri Apr 20 15:41:34 2018
510,extrapolation,unmarked,initial,ti,sa,Noun_Selection,burglar,NA,NA,,vaem,correct,NA,,NA,25,Fri Apr 20 15:41:56 2018
510,extrapolation,unmarked,initial,ti,sa,Noun_Selection,waitress,NA,NA,,nork,correct,NA,,NA,26,Fri Apr 20 15:42:01 2018
510,extrapolation,unmarked,initial,ti,sa,Noun_Selection,chef,NA,NA,,negid,correct,NA,,NA,27,Fri Apr 20 15:42:06 2018
510,extrapolation,unmarked,initial,ti,sa,Noun_Selection,burglar,NA,NA,,vaem,correct,NA,,NA,28,Fri Apr 20 15:42:09 2018
510,extrapolation,unmarked,initial,ti,sa,Noun_Selection,burglar,NA,NA,,vaem,correct,NA,,NA,29,Fri Apr 20 15:42:13 2018
510,extrapolation,unmarked,initial,ti,sa,Noun_Selection,cowboy,NA,NA,,tumbat,correct,NA,,NA,30,Fri Apr 20 15:42:19 2018
510,extrapolation,unmarked,initial,ti,sa,Noun_Selection,chef,NA,NA,,negid,correct,NA,,NA,31,Fri Apr 20 15:42:24 2018
510,extrapolation,unmarked,initial,ti,sa,Noun_Selection,waitress,NA,NA,,nork,correct,NA,,NA,32,Fri Apr 20 15:42:27 2018
510,extrapolation,unmarked,initial,ti,sa,Noun_Selection,cowboy,NA,NA,,tumbat,correct,NA,,NA,33,Fri Apr 20 15:42:30 2018
510,extrapolation,unmarked,initial,ti,sa,Noun_Selection,cowboy,NA,NA,,tumbat,correct,NA,,NA,34,Fri Apr 20 15:42:33 2018
510,extrapolation,unmarked,initial,ti,sa,Noun_Selection,waitress,NA,NA,,nork,correct,NA,,NA,35,Fri Apr 20 15:42:36 2018
510,extrapolation,unmarked,initial,ti,sa,Noun_Selection,chef,NA,NA,,negid,correct,NA,,NA,36,Fri Apr 20 15:42:40 2018
510,extrapolation,unmarked,initial,ti,sa,Noun_Testing,waitress,NA,NA,,nork,NA,NA,nork,NA,37,Fri Apr 20 15:43:01 2018
510,extrapolation,unmarked,initial,ti,sa,Noun_Testing,cowboy,NA,NA,,tumbat,NA,NA,tumbat,NA,38,Fri Apr 20 15:43:05 2018
510,extrapolation,unmarked,initial,ti,sa,Noun_Testing,waitress,NA,NA,,nork,NA,NA,nork,NA,39,Fri Apr 20 15:43:09 2018
510,extrapolation,unmarked,initial,ti,sa,Noun_Testing,cowboy,NA,NA,,tumbat,NA,NA,tumbat,NA,40,Fri Apr 20 15:43:13 2018
510,extrapolation,unmarked,initial,ti,sa,Noun_Testing,burglar,NA,NA,,vaem,NA,NA,vaem,NA,41,Fri Apr 20 15:43:17 2018
510,extrapolation,unmarked,initial,ti,sa,Noun_Testing,burglar,NA,NA,,vaem,NA,NA,vaem,NA,42,Fri Apr 20 15:43:20 2018
510,extrapolation,unmarked,initial,ti,sa,Noun_Testing,chef,NA,NA,,negid,NA,NA,negid,NA,43,Fri Apr 20 15:43:24 2018
510,extrapolation,unmarked,initial,ti,sa,Noun_Testing,chef,NA,NA,,negid,NA,NA,negid,NA,44,Fri Apr 20 15:43:27 2018
510,extrapolation,unmarked,initial,ti,sa,Noun_Testing,burglar,NA,NA,,vaem,NA,NA,vaem,NA,45,Fri Apr 20 15:43:31 2018
510,extrapolation,unmarked,initial,ti,sa,Noun_Testing,cowboy,NA,NA,,tumbat,NA,NA,negid,NA,46,Fri Apr 20 15:43:34 2018
510,extrapolation,unmarked,initial,ti,sa,Noun_Testing,waitress,NA,NA,,nork,NA,NA,nork,NA,47,Fri Apr 20 15:43:38 2018
510,extrapolation,unmarked,initial,ti,sa,Noun_Testing,chef,NA,NA,,negid,NA,NA,negid,NA,48,Fri Apr 20 15:43:41 2018
510,extrapolation,unmarked,initial,ti,sa,SimplePhrase_Training,point_chef_sg_waitress_sg,NA,NA,,poinim negid nork sa,NA,NA,,NA,49,Fri Apr 20 15:44:17 2018
510,extrapolation,unmarked,initial,ti,sa,SimplePhrase_Training,punch_burglar_pl_waitress_sg,NA,NA,,straikim vaem ti nork sa,NA,NA,,NA,50,Fri Apr 20 15:44:25 2018
510,extrapolation,unmarked,initial,ti,sa,SimplePhrase_Training,waitress_two,NA,NA,,nork ti,NA,NA,,NA,51,Fri Apr 20 15:44:30 2018
510,extrapolation,unmarked,initial,ti,sa,SimplePhrase_Training,cowboy,NA,NA,,tumbat,NA,NA,,NA,52,Fri Apr 20 15:44:35 2018
510,extrapolation,unmarked,initial,ti,sa,SimplePhrase_Training,kick_cowboy_sg_burglar_sg,NA,NA,,kikim tumbat vaem sa,NA,NA,,NA,53,Fri Apr 20 15:44:42 2018
510,extrapolation,unmarked,initial,ti,sa,SimplePhrase_Training,punch_cowboy_sg_waitress_sg,NA,NA,,straikim tumbat nork sa,NA,NA,,NA,54,Fri Apr 20 15:44:50 2018
510,extrapolation,unmarked,initial,ti,sa,SimplePhrase_Training,kick_waitress_pl_cowboy_sg,NA,NA,,kikim nork ti tumbat sa,NA,NA,,NA,55,Fri Apr 20 15:44:57 2018
510,extrapolation,unmarked,initial,ti,sa,SimplePhrase_Training,waitress_three,NA,NA,,nork ti,NA,NA,,NA,56,Fri Apr 20 15:45:02 2018
510,extrapolation,unmarked,initial,ti,sa,SimplePhrase_Training,point_waitress_sg_burglar_sg,NA,NA,,poinim nork vaem sa,NA,NA,,NA,57,Fri Apr 20 15:45:10 2018
510,extrapolation,unmarked,initial,ti,sa,SimplePhrase_Training,cowboy_four,NA,NA,,tumbat ti,NA,NA,,NA,58,Fri Apr 20 15:45:15 2018
510,extrapolation,unmarked,initial,ti,sa,SimplePhrase_Training,chef_three,NA,NA,,negid ti,NA,NA,,NA,59,Fri Apr 20 15:45:20 2018
510,extrapolation,unmarked,initial,ti,sa,SimplePhrase_Training,kick_cowboy_pl_chef_sg,NA,NA,,kikim tumbat ti negid sa,NA,NA,,NA,60,Fri Apr 20 15:45:27 2018
510,extrapolation,unmarked,initial,ti,sa,SimplePhrase_Training,punch_chef_sg_waitress_sg,NA,NA,,straikim negid nork sa,NA,NA,,NA,61,Fri Apr 20 15:45:35 2018
510,extrapolation,unmarked,initial,ti,sa,SimplePhrase_Training,waitress_four,NA,NA,,nork ti,NA,NA,,NA,62,Fri Apr 20 15:45:40 2018
510,extrapolation,unmarked,initial,ti,sa,SimplePhrase_Training,waitress_four,NA,NA,,nork ti,NA,NA,,NA,63,Fri Apr 20 15:45:45 2018
510,extrapolation,unmarked,initial,ti,sa,SimplePhrase_Training,cowboy_three,NA,NA,,tumbat ti,NA,NA,,NA,64,Fri Apr 20 15:45:50 2018
510,extrapolation,unmarked,initial,ti,sa,SimplePhrase_Training,cowboy,NA,NA,,tumbat,NA,NA,,NA,65,Fri Apr 20 15:45:55 2018
510,extrapolation,unmarked,initial,ti,sa,SimplePhrase_Training,burglar_two,NA,NA,,vaem ti,NA,NA,,NA,66,Fri Apr 20 15:46:00 2018
510,extrapolation,unmarked,initial,ti,sa,SimplePhrase_Training,point_waitress_pl_cowboy_sg,NA,NA,,poinim nork ti tumbat sa,NA,NA,,NA,67,Fri Apr 20 15:46:08 2018
510,extrapolation,unmarked,initial,ti,sa,SimplePhrase_Training,cowboy_three,NA,NA,,tumbat ti,NA,NA,,NA,68,Fri Apr 20 15:46:13 2018
510,extrapolation,unmarked,initial,ti,sa,SimplePhrase_Training,point_burglar_pl_cowboy_sg,NA,NA,,poinim vaem ti tumbat sa,NA,NA,,NA,69,Fri Apr 20 15:46:20 2018
510,extrapolation,unmarked,initial,ti,sa,SimplePhrase_Training,waitress,NA,NA,,nork,NA,NA,,NA,70,Fri Apr 20 15:46:25 2018
510,extrapolation,unmarked,initial,ti,sa,SimplePhrase_Training,punch_chef_pl_cowboy_sg,NA,NA,,straikim negid ti tumbat sa,NA,NA,,NA,71,Fri Apr 20 15:46:33 2018
510,extrapolation,unmarked,initial,ti,sa,SimplePhrase_Training,punch_burglar_sg_cowboy_sg,NA,NA,,straikim vaem tumbat sa,NA,NA,,NA,72,Fri Apr 20 15:46:40 2018
510,extrapolation,unmarked,initial,ti,sa,SimplePhrase_Training,point_cowboy_pl_burglar_sg,NA,NA,,poinim tumbat ti vaem sa,NA,NA,,NA,73,Fri Apr 20 15:46:48 2018
510,extrapolation,unmarked,initial,ti,sa,SimplePhrase_Training,point_waitress_pl_chef_sg,NA,NA,,poinim nork ti negid sa,NA,NA,,NA,74,Fri Apr 20 15:46:56 2018
510,extrapolation,unmarked,initial,ti,sa,SimplePhrase_Training,point_cowboy_sg_waitress_sg,NA,NA,,poinim tumbat nork sa,NA,NA,,NA,75,Fri Apr 20 15:47:03 2018
510,extrapolation,unmarked,initial,ti,sa,SimplePhrase_Training,waitress_two,NA,NA,,nork ti,NA,NA,,NA,76,Fri Apr 20 15:47:08 2018
510,extrapolation,unmarked,initial,ti,sa,SimplePhrase_Training,chef_three,NA,NA,,negid ti,NA,NA,,NA,77,Fri Apr 20 15:47:13 2018
510,extrapolation,unmarked,initial,ti,sa,SimplePhrase_Training,kick_burglar_sg_chef_sg,NA,NA,,kikim vaem negid sa,NA,NA,,NA,78,Fri Apr 20 15:47:20 2018
510,extrapolation,unmarked,initial,ti,sa,SimplePhrase_Training,chef_four,NA,NA,,negid ti,NA,NA,,NA,79,Fri Apr 20 15:47:25 2018
510,extrapolation,unmarked,initial,ti,sa,SimplePhrase_Training,kick_waitress_sg_burglar_sg,NA,NA,,kikim nork vaem sa,NA,NA,,NA,80,Fri Apr 20 15:47:33 2018
510,extrapolation,unmarked,initial,ti,sa,SimplePhrase_Training,chef_two,NA,NA,,negid ti,NA,NA,,NA,81,Fri Apr 20 15:47:38 2018
510,extrapolation,unmarked,initial,ti,sa,SimplePhrase_Training,kick_chef_pl_waitress_sg,NA,NA,,kikim negid ti nork sa,NA,NA,,NA,82,Fri Apr 20 15:47:45 2018
510,extrapolation,unmarked,initial,ti,sa,SimplePhrase_Training,punch_waitress_sg_cowboy_sg,NA,NA,,straikim nork tumbat sa,NA,NA,,NA,83,Fri Apr 20 15:47:53 2018
510,extrapolation,unmarked,initial,ti,sa,SimplePhrase_Training,burglar_three,NA,NA,,vaem ti,NA,NA,,NA,84,Fri Apr 20 15:47:58 2018
510,extrapolation,unmarked,initial,ti,sa,SimplePhrase_Training,punch_waitress_pl_chef_sg,NA,NA,,straikim nork ti negid sa,NA,NA,,NA,85,Fri Apr 20 15:48:06 2018
510,extrapolation,unmarked,initial,ti,sa,SimplePhrase_Training,kick_burglar_pl_waitress_sg,NA,NA,,kikim vaem ti nork sa,NA,NA,,NA,86,Fri Apr 20 15:48:13 2018
510,extrapolation,unmarked,initial,ti,sa,SimplePhrase_Training,kick_chef_pl_cowboy_sg,NA,NA,,kikim negid ti tumbat sa,NA,NA,,NA,87,Fri Apr 20 15:48:21 2018
510,extrapolation,unmarked,initial,ti,sa,SimplePhrase_Training,waitress,NA,NA,,nork,NA,NA,,NA,88,Fri Apr 20 15:48:26 2018
510,extrapolation,unmarked,initial,ti,sa,SimplePhrase_Training,punch_chef_pl_burglar_sg,NA,NA,,straikim negid ti vaem sa,NA,NA,,NA,89,Fri Apr 20 15:48:34 2018
510,extrapolation,unmarked,initial,ti,sa,SimplePhrase_Training,cowboy_two,NA,NA,,tumbat ti,NA,NA,,NA,90,Fri Apr 20 15:48:39 2018
510,extrapolation,unmarked,initial,ti,sa,SimplePhrase_Training,chef,NA,NA,,negid,NA,NA,,NA,91,Fri Apr 20 15:48:43 2018
510,extrapolation,unmarked,initial,ti,sa,SimplePhrase_Training,kick_waitress_pl_chef_sg,NA,NA,,kikim nork ti negid sa,NA,NA,,NA,92,Fri Apr 20 15:48:51 2018
510,extrapolation,unmarked,initial,ti,sa,SimplePhrase_Training,point_chef_pl_cowboy_sg,NA,NA,,poinim negid ti tumbat sa,NA,NA,,NA,93,Fri Apr 20 15:48:59 2018
510,extrapolation,unmarked,initial,ti,sa,SimplePhrase_Training,chef_two,NA,NA,,negid ti,NA,NA,,NA,94,Fri Apr 20 15:49:04 2018
510,extrapolation,unmarked,initial,ti,sa,SimplePhrase_Training,burglar,NA,NA,,vaem,NA,NA,,NA,95,Fri Apr 20 15:49:08 2018
510,extrapolation,unmarked,initial,ti,sa,SimplePhrase_Training,burglar,NA,NA,,vaem,NA,NA,,NA,96,Fri Apr 20 15:49:13 2018
510,extrapolation,unmarked,initial,ti,sa,SimplePhrase_Training,point_chef_pl_burglar_sg,NA,NA,,poinim negid ti vaem sa,NA,NA,,NA,97,Fri Apr 20 15:49:21 2018
510,extrapolation,unmarked,initial,ti,sa,SimplePhrase_Training,point_burglar_sg_waitress_sg,NA,NA,,poinim vaem nork sa,NA,NA,,NA,98,Fri Apr 20 15:49:28 2018
510,extrapolation,unmarked,initial,ti,sa,SimplePhrase_Training,punch_cowboy_pl_burglar_sg,NA,NA,,straikim tumbat ti vaem sa,NA,NA,,NA,99,Fri Apr 20 15:49:36 2018
510,extrapolation,unmarked,initial,ti,sa,SimplePhrase_Training,kick_cowboy_sg_waitress_sg,NA,NA,,kikim tumbat nork sa,NA,NA,,NA,100,Fri Apr 20 15:49:43 2018
510,extrapolation,unmarked,initial,ti,sa,SimplePhrase_Training,punch_burglar_pl_chef_sg,NA,NA,,straikim vaem ti negid sa,NA,NA,,NA,101,Fri Apr 20 15:49:51 2018
510,extrapolation,unmarked,initial,ti,sa,SimplePhrase_Training,kick_burglar_sg_cowboy_sg,NA,NA,,kikim vaem tumbat sa,NA,NA,,NA,102,Fri Apr 20 15:49:58 2018
510,extrapolation,unmarked,initial,ti,sa,SimplePhrase_Training,burglar_two,NA,NA,,vaem ti,NA,NA,,NA,103,Fri Apr 20 15:50:03 2018
510,extrapolation,unmarked,initial,ti,sa,SimplePhrase_Training,kick_chef_sg_burglar_sg,NA,NA,,kikim negid vaem sa,NA,NA,,NA,104,Fri Apr 20 15:50:10 2018
510,extrapolation,unmarked,initial,ti,sa,SimplePhrase_Training,punch_cowboy_sg_chef_sg,NA,NA,,straikim tumbat negid sa,NA,NA,,NA,105,Fri Apr 20 15:50:18 2018
510,extrapolation,unmarked,initial,ti,sa,SimplePhrase_Training,punch_waitress_sg_burglar_sg,NA,NA,,straikim nork vaem sa,NA,NA,,NA,106,Fri Apr 20 15:50:26 2018
510,extrapolation,unmarked,initial,ti,sa,SimplePhrase_Training,point_cowboy_sg_chef_sg,NA,NA,,poinim tumbat negid sa,NA,NA,,NA,107,Fri Apr 20 15:50:33 2018
510,extrapolation,unmarked,initial,ti,sa,SimplePhrase_Training,chef,NA,NA,,negid,NA,NA,,NA,108,Fri Apr 20 15:50:38 2018
510,extrapolation,unmarked,initial,ti,sa,SimplePhrase_Training,burglar_four,NA,NA,,vaem ti,NA,NA,,NA,109,Fri Apr 20 15:50:43 2018
510,extrapolation,unmarked,initial,ti,sa,SimplePhrase_Training,point_burglar_sg_chef_sg,NA,NA,,poinim vaem negid sa,NA,NA,,NA,110,Fri Apr 20 15:50:50 2018
510,extrapolation,unmarked,initial,ti,sa,SimplePhrase_Comprehension,punch_burglar_sg_waitress_sg,NA,NA,,straikim vaem nork sa,correct,NA,,NA,111,Fri Apr 20 15:51:15 2018
510,extrapolation,unmarked,initial,ti,sa,SimplePhrase_Comprehension,burglar,NA,NA,,vaem,correct,NA,,NA,112,Fri Apr 20 15:51:19 2018
510,extrapolation,unmarked,initial,ti,sa,SimplePhrase_Comprehension,chef_four,NA,NA,,negid ti,correct,NA,,NA,113,Fri Apr 20 15:51:23 2018
510,extrapolation,unmarked,initial,ti,sa,SimplePhrase_Comprehension,punch_cowboy_pl_chef_sg,NA,NA,,straikim tumbat ti negid sa,correct,NA,,NA,114,Fri Apr 20 15:51:29 2018
510,extrapolation,unmarked,initial,ti,sa,SimplePhrase_Comprehension,punch_waitress_sg_chef_sg,NA,NA,,straikim nork negid sa,correct,NA,,NA,115,Fri Apr 20 15:51:35 2018
510,extrapolation,unmarked,initial,ti,sa,SimplePhrase_Comprehension,chef,NA,NA,,negid,correct,NA,,NA,116,Fri Apr 20 15:51:39 2018
510,extrapolation,unmarked,initial,ti,sa,SimplePhrase_Comprehension,kick_waitress_sg_chef_sg,NA,NA,,kikim nork negid sa,correct,NA,,NA,117,Fri Apr 20 15:51:45 2018
510,extrapolation,unmarked,initial,ti,sa,SimplePhrase_Comprehension,cowboy_four,NA,NA,,tumbat ti,correct,NA,,NA,118,Fri Apr 20 15:51:49 2018
510,extrapolation,unmarked,initial,ti,sa,SimplePhrase_Comprehension,kick_waitress_pl_burglar_sg,NA,NA,,kikim nork ti vaem sa,correct,NA,,NA,119,Fri Apr 20 15:51:55 2018
510,extrapolation,unmarked,initial,ti,sa,SimplePhrase_Comprehension,chef_three,NA,NA,,negid ti,correct,NA,,NA,120,Fri Apr 20 15:51:59 2018
510,extrapolation,unmarked,initial,ti,sa,SimplePhrase_Comprehension,kick_cowboy_pl_waitress_sg,NA,NA,,kikim tumbat ti nork sa,correct,NA,,NA,121,Fri Apr 20 15:52:05 2018
510,extrapolation,unmarked,initial,ti,sa,SimplePhrase_Comprehension,waitress,NA,NA,,nork,correct,NA,,NA,122,Fri Apr 20 15:52:09 2018
510,extrapolation,unmarked,initial,ti,sa,SimplePhrase_Comprehension,punch_cowboy_pl_waitress_sg,NA,NA,,straikim tumbat ti nork sa,correct,NA,,NA,123,Fri Apr 20 15:52:15 2018
510,extrapolation,unmarked,initial,ti,sa,SimplePhrase_Comprehension,punch_chef_sg_burglar_sg,NA,NA,,straikim negid vaem sa,correct,NA,,NA,124,Fri Apr 20 15:52:21 2018
510,extrapolation,unmarked,initial,ti,sa,SimplePhrase_Comprehension,punch_burglar_sg_chef_sg,NA,NA,,straikim vaem negid sa,correct,NA,,NA,125,Fri Apr 20 15:52:26 2018
510,extrapolation,unmarked,initial,ti,sa,SimplePhrase_Comprehension,chef_two,NA,NA,,negid ti,correct,NA,,NA,126,Fri Apr 20 15:52:31 2018
510,extrapolation,unmarked,initial,ti,sa,SimplePhrase_Comprehension,kick_chef_pl_burglar_sg,NA,NA,,kikim negid ti vaem sa,correct,NA,,NA,127,Fri Apr 20 15:52:36 2018
510,extrapolation,unmarked,initial,ti,sa,SimplePhrase_Comprehension,cowboy_two,NA,NA,,tumbat ti,correct,NA,,NA,128,Fri Apr 20 15:52:41 2018
510,extrapolation,unmarked,initial,ti,sa,SimplePhrase_Comprehension,point_waitress_sg_cowboy_sg,NA,NA,,poinim nork tumbat sa,correct,NA,,NA,129,Fri Apr 20 15:52:46 2018
510,extrapolation,unmarked,initial,ti,sa,SimplePhrase_Comprehension,cowboy,NA,NA,,tumbat,correct,NA,,NA,130,Fri Apr 20 15:52:50 2018
510,extrapolation,unmarked,initial,ti,sa,SimplePhrase_Comprehension,cowboy_three,NA,NA,,tumbat ti,correct,NA,,NA,131,Fri Apr 20 15:52:55 2018
510,extrapolation,unmarked,initial,ti,sa,SimplePhrase_Comprehension,kick_chef_sg_cowboy_sg,NA,NA,,kikim negid tumbat sa,correct,NA,,NA,132,Fri Apr 20 15:53:00 2018
510,extrapolation,unmarked,initial,ti,sa,SimplePhrase_Comprehension,punch_chef_pl_waitress_sg,NA,NA,,straikim negid ti nork sa,correct,NA,,NA,133,Fri Apr 20 15:53:06 2018
510,extrapolation,unmarked,initial,ti,sa,SimplePhrase_Comprehension,waitress_four,NA,NA,,nork ti,correct,NA,,NA,134,Fri Apr 20 15:53:11 2018
510,extrapolation,unmarked,initial,ti,sa,SimplePhrase_Comprehension,burglar_three,NA,NA,,vaem ti,correct,NA,,NA,135,Fri Apr 20 15:53:15 2018
510,extrapolation,unmarked,initial,ti,sa,SimplePhrase_Comprehension,kick_waitress_sg_cowboy_sg,NA,NA,,kikim nork tumbat sa,correct,NA,,NA,136,Fri Apr 20 15:53:20 2018
510,extrapolation,unmarked,initial,ti,sa,SimplePhrase_Comprehension,waitress_three,NA,NA,,nork ti,correct,NA,,NA,137,Fri Apr 20 15:53:25 2018
510,extrapolation,unmarked,initial,ti,sa,SimplePhrase_Comprehension,point_burglar_pl_waitress_sg,NA,NA,,poinim vaem ti nork sa,correct,NA,,NA,138,Fri Apr 20 15:53:31 2018
510,extrapolation,unmarked,initial,ti,sa,SimplePhrase_Comprehension,burglar_two,NA,NA,,vaem ti,correct,NA,,NA,139,Fri Apr 20 15:53:35 2018
510,extrapolation,unmarked,initial,ti,sa,SimplePhrase_Comprehension,punch_waitress_pl_cowboy_sg,NA,NA,,straikim nork ti tumbat sa,correct,NA,,NA,140,Fri Apr 20 15:53:41 2018
510,extrapolation,unmarked,initial,ti,sa,SimplePhrase_Comprehension,punch_waitress_pl_burglar_sg,NA,NA,,straikim nork ti vaem sa,correct,NA,,NA,141,Fri Apr 20 15:53:47 2018
510,extrapolation,unmarked,initial,ti,sa,SimplePhrase_Comprehension,point_waitress_sg_chef_sg,NA,NA,,poinim nork negid sa,correct,NA,,NA,142,Fri Apr 20 15:53:53 2018
510,extrapolation,unmarked,initial,ti,sa,SimplePhrase_Comprehension,kick_burglar_sg_waitress_sg,NA,NA,,kikim vaem nork sa,correct,NA,,NA,143,Fri Apr 20 15:53:58 2018
510,extrapolation,unmarked,initial,ti,sa,SimplePhrase_Comprehension,point_waitress_pl_burglar_sg,NA,NA,,poinim nork ti vaem sa,correct,NA,,NA,144,Fri Apr 20 15:54:04 2018
510,extrapolation,unmarked,initial,ti,sa,SimplePhrase_Typing,cowboy_three,NA,NA,,tumbat ti,NA,tumbat ti,,NA,145,Fri Apr 20 15:54:39 2018
510,extrapolation,unmarked,initial,ti,sa,SimplePhrase_Typing,point_chef_pl_burglar_sg,NA,NA,,poinim negid ti vaem sa,NA,poinim negid it vaem sa,,NA,146,Fri Apr 20 15:54:53 2018
510,extrapolation,unmarked,initial,ti,sa,SimplePhrase_Typing,burglar,NA,NA,,vaem,NA,vaem,,NA,147,Fri Apr 20 15:55:02 2018
510,extrapolation,unmarked,initial,ti,sa,SimplePhrase_Typing,kick_cowboy_sg_burglar_sg,NA,NA,,kikim tumbat vaem sa,NA,kikim tumbat vaem sa,,NA,148,Fri Apr 20 15:55:13 2018
510,extrapolation,unmarked,initial,ti,sa,SimplePhrase_Typing,kick_chef_sg_burglar_sg,NA,NA,,kikim negid vaem sa,NA,kikim negid vaem sa,,NA,149,Fri Apr 20 15:55:24 2018
510,extrapolation,unmarked,initial,ti,sa,SimplePhrase_Typing,cowboy,NA,NA,,tumbat,NA,tumbat,,NA,150,Fri Apr 20 15:55:30 2018
510,extrapolation,unmarked,initial,ti,sa,SimplePhrase_Typing,punch_burglar_pl_chef_sg,NA,NA,,straikim vaem ti negid sa,NA,straikim vaem ti negid sa,,NA,151,Fri Apr 20 15:55:42 2018
510,extrapolation,unmarked,initial,ti,sa,SimplePhrase_Typing,point_burglar_sg_chef_sg,NA,NA,,poinim vaem negid sa,NA,poinim vaem  negid sa,,NA,152,Fri Apr 20 15:55:53 2018
510,extrapolation,unmarked,initial,ti,sa,SimplePhrase_Typing,chef,NA,NA,,negid,NA,negid,,NA,153,Fri Apr 20 15:56:02 2018
510,extrapolation,unmarked,initial,ti,sa,SimplePhrase_Typing,waitress_three,NA,NA,,nork ti,NA,nork ti,,NA,154,Fri Apr 20 15:56:11 2018
510,extrapolation,unmarked,initial,ti,sa,SimplePhrase_Typing,cowboy_four,NA,NA,,tumbat ti,NA,tumbat ti,,NA,155,Fri Apr 20 15:56:19 2018
510,extrapolation,unmarked,initial,ti,sa,SimplePhrase_Typing,punch_cowboy_sg_waitress_sg,NA,NA,,straikim tumbat nork sa,NA,straikim tumbat nork sa,,NA,156,Fri Apr 20 15:56:31 2018
510,extrapolation,unmarked,initial,ti,sa,SimplePhrase_Typing,chef_four,NA,NA,,negid ti,NA,negid ti,,NA,157,Fri Apr 20 15:56:39 2018
510,extrapolation,unmarked,initial,ti,sa,SimplePhrase_Typing,punch_cowboy_pl_burglar_sg,NA,NA,,straikim tumbat ti vaem sa,NA,straikim tumbat ti vaem sa,,NA,158,Fri Apr 20 15:56:49 2018
510,extrapolation,unmarked,initial,ti,sa,SimplePhrase_Typing,kick_burglar_pl_waitress_sg,NA,NA,,kikim vaem ti nork sa,NA,kikim vaem ti nork sa,,NA,159,Fri Apr 20 15:57:01 2018
510,extrapolation,unmarked,initial,ti,sa,SimplePhrase_Typing,waitress,NA,NA,,nork,NA,nork,,NA,160,Fri Apr 20 15:57:06 2018
510,extrapolation,unmarked,initial,ti,sa,ComplexPhrase_Typing,punch_waitress_sg_burglar_pl,burglar,vaem,1,straikim nork vaem ti sa,NA,straikim nork vaem ti sa,,NA,161,Fri Apr 20 15:57:37 2018
510,extrapolation,unmarked,initial,ti,sa,ComplexPhrase_Typing,point_cowboy_sg_burglar_pl,burglar,vaem,1,poinim tumbat vaem ti sa,NA,poinim tumbat vaem ti sa,,NA,162,Fri Apr 20 15:57:44 2018
510,extrapolation,unmarked,initial,ti,sa,ComplexPhrase_Typing,kick_cowboy_sg_chef_pl,chef,negid,1,kikim tumbat negid ti sa,NA,kikim tumbat negid ti sa,,NA,163,Fri Apr 20 15:57:49 2018
510,extrapolation,unmarked,initial,ti,sa,ComplexPhrase_Typing,kick_cowboy_sg_burglar_pl,burglar,vaem,1,kikim tumbat vaem ti sa,NA,kikim tumbat vaem ti sa,,NA,164,Fri Apr 20 15:57:54 2018
510,extrapolation,unmarked,initial,ti,sa,ComplexPhrase_Typing,kick_cowboy_sg_burglar_pl,burglar,vaem,1,kikim tumbat vaem ti sa,NA,kikim tumbat vaem ti sa,,NA,165,Fri Apr 20 15:57:59 2018
510,extrapolation,unmarked,initial,ti,sa,ComplexPhrase_Typing,kick_cowboy_sg_chef_pl,chef,negid,1,kikim tumbat negid ti sa,NA,kikim tumbat negid ti sa,,NA,166,Fri Apr 20 15:58:03 2018
510,extrapolation,unmarked,initial,ti,sa,ComplexPhrase_Typing,point_cowboy_sg_burglar_pl,burglar,vaem,1,poinim tumbat vaem ti sa,NA,poinim tumbat vaem ti sa,,NA,167,Fri Apr 20 15:58:09 2018
510,extrapolation,unmarked,initial,ti,sa,ComplexPhrase_Typing,punch_waitress_sg_burglar_pl,burglar,vaem,1,straikim nork vaem ti sa,NA,straikim nork vaem ti sa,,NA,168,Fri Apr 20 15:58:15 2018
510,extrapolation,unmarked,initial,ti,sa,ComplexPhrase_Typing,kick_cowboy_sg_chef_pl,chef,negid,1,kikim tumbat negid ti sa,NA,kikim tumbat negid ti sa,,NA,169,Fri Apr 20 15:58:19 2018
510,extrapolation,unmarked,initial,ti,sa,ComplexPhrase_Typing,point_cowboy_sg_burglar_pl,burglar,vaem,1,poinim tumbat vaem ti sa,NA,poinim tumbat vaem ti sa,,NA,170,Fri Apr 20 15:58:24 2018
510,extrapolation,unmarked,initial,ti,sa,ComplexPhrase_Typing,kick_cowboy_sg_burglar_pl,burglar,vaem,1,kikim tumbat vaem ti sa,NA,kikim tumbat vaem ti sa,,NA,171,Fri Apr 20 15:58:32 2018
510,extrapolation,unmarked,initial,ti,sa,ComplexPhrase_Typing,punch_waitress_sg_burglar_pl,burglar,vaem,1,straikim nork vaem ti sa,NA,straikim nork vaem ti sa,,NA,172,Fri Apr 20 15:58:36 2018
510,extrapolation,unmarked,initial,ti,sa,ComplexPhrase_Testing,kick_waitress_sg_chef_pl,chef,negid,1,kikim nork negid ti sa,NA,NA,kikim nork negid ti sa,NA,173,Fri Apr 20 15:59:12 2018
510,extrapolation,unmarked,initial,ti,sa,ComplexPhrase_Testing,point_waitress_sg_burglar_pl,burglar,vaem,1,poinim nork vaem ti sa,NA,NA,poinim nork vaem ti sa,NA,174,Fri Apr 20 15:59:18 2018
510,extrapolation,unmarked,initial,ti,sa,ComplexPhrase_Testing,punch_waitress_sg_burglar_pl,burglar,vaem,1,straikim nork vaem ti sa,NA,NA,straikim nork vaem ti sa,NA,175,Fri Apr 20 15:59:22 2018
510,extrapolation,unmarked,initial,ti,sa,ComplexPhrase_Testing,punch_waitress_sg_burglar_pl,burglar,vaem,1,straikim nork vaem ti sa,NA,NA,straikim nork vaem ti sa,NA,176,Fri Apr 20 15:59:25 2018
510,extrapolation,unmarked,initial,ti,sa,ComplexPhrase_Testing,punch_waitress_sg_cowboy_sg,NA,NA,,straikim nork tumbat sa,NA,NA,straikim nork tumbat sa,NA,177,Fri Apr 20 15:59:31 2018
510,extrapolation,unmarked,initial,ti,sa,ComplexPhrase_Testing,kick_waitress_sg_chef_pl,chef,negid,1,kikim nork negid ti sa,NA,NA,kikim nork negid ti sa,NA,178,Fri Apr 20 15:59:39 2018
510,extrapolation,unmarked,initial,ti,sa,ComplexPhrase_Testing,point_cowboy_pl_waitress_sg,NA,NA,,poinim tumbat ti nork sa,NA,NA,poinim tumbat ti nork sa,NA,179,Fri Apr 20 15:59:44 2018
510,extrapolation,unmarked,initial,ti,sa,ComplexPhrase_Testing,punch_burglar_pl_waitress_sg,NA,NA,,straikim vaem ti nork sa,NA,NA,straikim vaem ti nork sa,NA,180,Fri Apr 20 15:59:52 2018
510,extrapolation,unmarked,initial,ti,sa,ComplexPhrase_Testing,point_cowboy_sg_burglar_pl,burglar,vaem,1,poinim tumbat vaem ti sa,NA,NA,poinim tumbat vaem ti sa,NA,181,Fri Apr 20 15:59:59 2018
510,extrapolation,unmarked,initial,ti,sa,ComplexPhrase_Testing,point_cowboy_sg_burglar_pl,burglar,vaem,1,poinim tumbat vaem ti sa,NA,NA,poinim tumbat vaem ti sa,NA,182,Fri Apr 20 16:00:03 2018
510,extrapolation,unmarked,initial,ti,sa,ComplexPhrase_Testing,cowboy_two,NA,NA,,tumbat ti,NA,NA,tumbat ti,NA,183,Fri Apr 20 16:00:06 2018
510,extrapolation,unmarked,initial,ti,sa,ComplexPhrase_Testing,burglar_three,NA,NA,,vaem ti,NA,NA,vaem ti,NA,184,Fri Apr 20 16:00:10 2018
510,extrapolation,unmarked,initial,ti,sa,ComplexPhrase_Testing,cowboy,NA,NA,,tumbat,NA,NA,tumbat,NA,185,Fri Apr 20 16:00:14 2018
510,extrapolation,unmarked,initial,ti,sa,ComplexPhrase_Testing,point_burglar_sg_chef_pl,chef,negid,1,poinim vaem negid ti sa,NA,NA,poinim vaem negid ti sa,NA,186,Fri Apr 20 16:00:23 2018
510,extrapolation,unmarked,initial,ti,sa,ComplexPhrase_Testing,point_burglar_sg_chef_pl,chef,negid,1,poinim vaem negid ti sa,NA,NA,poinim vaem negid ti sa,NA,187,Fri Apr 20 16:00:27 2018
510,extrapolation,unmarked,initial,ti,sa,ComplexPhrase_Testing,point_waitress_sg_burglar_pl,burglar,vaem,1,poinim nork vaem ti sa,NA,NA,poinim nork vaem ti sa,NA,188,Fri Apr 20 16:00:31 2018
510,extrapolation,unmarked,initial,ti,sa,ComplexPhrase_Testing,point_burglar_sg_waitress_pl,waitress,nork,1,poinim vaem nork ti sa,NA,NA,poinim vaem nork ti sa,NA,189,Fri Apr 20 16:00:34 2018
510,extrapolation,unmarked,initial,ti,sa,ComplexPhrase_Testing,kick_waitress_sg_burglar_pl,burglar,vaem,1,kikim nork vaem ti sa,NA,NA,kikim nork vaem ti sa,NA,190,Fri Apr 20 16:00:37 2018
510,extrapolation,unmarked,initial,ti,sa,ComplexPhrase_Testing,point_chef_sg_cowboy_sg,NA,NA,,poinim negid tumbat sa,NA,NA,poinim negid tumbat sa,NA,191,Fri Apr 20 16:00:41 2018
510,extrapolation,unmarked,initial,ti,sa,ComplexPhrase_Testing,kick_waitress_sg_chef_sg,NA,NA,,kikim nork negid sa,NA,NA,kikim nork negid sa,NA,192,Fri Apr 20 16:00:47 2018
510,extrapolation,unmarked,initial,ti,sa,ComplexPhrase_Testing,punch_waitress_sg_burglar_sg,NA,NA,,straikim nork vaem sa,NA,NA,straikim nork vaem sa,NA,193,Fri Apr 20 16:00:54 2018
510,extrapolation,unmarked,initial,ti,sa,ComplexPhrase_Testing,point_burglar_sg_chef_pl,chef,negid,1,poinim vaem negid ti sa,NA,NA,poinim vaem negid ti sa,NA,194,Fri Apr 20 16:01:02 2018
510,extrapolation,unmarked,initial,ti,sa,ComplexPhrase_Testing,punch_chef_sg_waitress_sg,NA,NA,,straikim negid nork sa,NA,NA,straikim negid nork sa,NA,195,Fri Apr 20 16:01:05 2018
510,extrapolation,unmarked,initial,ti,sa,ComplexPhrase_Testing,point_chef_sg_burglar_pl,burglar,vaem,1,poinim negid vaem ti sa,NA,NA,poinim negid vaem ti sa,NA,196,Fri Apr 20 16:01:12 2018
510,extrapolation,unmarked,initial,ti,sa,ComplexPhrase_Testing,kick_cowboy_sg_burglar_pl,burglar,vaem,1,kikim tumbat vaem ti sa,NA,NA,kikim tumbat vaem ti sa,NA,197,Fri Apr 20 16:01:15 2018
510,extrapolation,unmarked,initial,ti,sa,ComplexPhrase_Testing,kick_cowboy_sg_burglar_pl,burglar,vaem,1,kikim tumbat vaem ti sa,NA,NA,kikim tumbat vaem ti sa,NA,198,Fri Apr 20 16:01:19 2018
510,extrapolation,unmarked,initial,ti,sa,ComplexPhrase_Testing,kick_cowboy_sg_waitress_pl,waitress,nork,1,kikim tumbat nork ti sa,NA,NA,kikim tumbat nork ti sa,NA,199,Fri Apr 20 16:01:21 2018
510,extrapolation,unmarked,initial,ti,sa,ComplexPhrase_Testing,kick_waitress_pl_chef_sg,NA,NA,,kikim nork ti negid sa,NA,NA,kikim nork ti negid sa,NA,200,Fri Apr 20 16:01:27 2018
510,extrapolation,unmarked,initial,ti,sa,ComplexPhrase_Testing,waitress,NA,NA,,nork,NA,NA,nork,NA,201,Fri Apr 20 16:01:32 2018
510,extrapolation,unmarked,initial,ti,sa,ComplexPhrase_Testing,point_cowboy_sg_burglar_pl,burglar,vaem,1,poinim tumbat vaem ti sa,NA,NA,poinim tumbat vaem ti sa,NA,202,Fri Apr 20 16:01:37 2018
510,extrapolation,unmarked,initial,ti,sa,ComplexPhrase_Testing,kick_waitress_sg_burglar_pl,burglar,vaem,1,kikim nork vaem ti sa,NA,NA,kikim nork vaem ti sa,NA,203,Fri Apr 20 16:01:40 2018
510,extrapolation,unmarked,initial,ti,sa,ComplexPhrase_Testing,kick_cowboy_sg_waitress_pl,waitress,nork,1,kikim tumbat nork ti sa,NA,NA,kikim tumbat nork ti sa,NA,204,Fri Apr 20 16:01:44 2018
510,extrapolation,unmarked,initial,ti,sa,ComplexPhrase_Testing,kick_chef_sg_cowboy_pl,cowboy,tumbat,1,kikim negid tumbat ti sa,NA,NA,kikim negid tumbat ti sa,NA,205,Fri Apr 20 16:01:47 2018
510,extrapolation,unmarked,initial,ti,sa,ComplexPhrase_Testing,chef,NA,NA,,negid,NA,NA,negid,NA,206,Fri Apr 20 16:01:49 2018
510,extrapolation,unmarked,initial,ti,sa,ComplexPhrase_Testing,kick_chef_sg_burglar_sg,NA,NA,,kikim negid vaem sa,NA,NA,kikim negid vaem sa,NA,207,Fri Apr 20 16:01:54 2018
510,extrapolation,unmarked,initial,ti,sa,ComplexPhrase_Testing,kick_cowboy_sg_waitress_pl,waitress,nork,1,kikim tumbat nork ti sa,NA,NA,kikim tumbat nork ti sa,NA,208,Fri Apr 20 16:01:59 2018
510,extrapolation,unmarked,initial,ti,sa,ComplexPhrase_Testing,punch_burglar_sg_chef_pl,chef,negid,1,straikim vaem negid ti sa,NA,NA,straikim vaem negid ti sa,NA,209,Fri Apr 20 16:02:04 2018
510,extrapolation,unmarked,initial,ti,sa,ComplexPhrase_Testing,burglar,NA,NA,,vaem,NA,NA,vaem,NA,210,Fri Apr 20 16:02:06 2018
510,extrapolation,unmarked,initial,ti,sa,ComplexPhrase_Testing,point_chef_sg_burglar_pl,burglar,vaem,1,poinim negid vaem ti sa,NA,NA,poinim negid vaem ti sa,NA,211,Fri Apr 20 16:02:10 2018
510,extrapolation,unmarked,initial,ti,sa,ComplexPhrase_Testing,kick_waitress_sg_chef_pl,chef,negid,1,kikim nork negid ti sa,NA,NA,kikim nork negid ti sa,NA,212,Fri Apr 20 16:02:14 2018
510,extrapolation,unmarked,initial,ti,sa,ComplexPhrase_Testing,point_burglar_sg_waitress_pl,waitress,nork,1,poinim vaem nork ti sa,NA,NA,poinim vaem nork ti sa,NA,213,Fri Apr 20 16:02:16 2018
510,extrapolation,unmarked,initial,ti,sa,ComplexPhrase_Testing,point_burglar_sg_waitress_pl,waitress,nork,1,poinim vaem nork ti sa,NA,NA,poinim vaem nork ti sa,NA,214,Fri Apr 20 16:02:19 2018
510,extrapolation,unmarked,initial,ti,sa,ComplexPhrase_Testing,kick_waitress_sg_burglar_pl,burglar,vaem,1,kikim nork vaem ti sa,NA,NA,kikim nork vaem ti sa,NA,215,Fri Apr 20 16:02:22 2018
510,extrapolation,unmarked,initial,ti,sa,ComplexPhrase_Testing,waitress_two,NA,NA,,nork ti,NA,NA,nork ti,NA,216,Fri Apr 20 16:02:24 2018
510,extrapolation,unmarked,initial,ti,sa,ComplexPhrase_Testing,punch_burglar_sg_chef_pl,chef,negid,1,straikim vaem negid ti sa,NA,NA,straikim vaem negid ti sa,NA,217,Fri Apr 20 16:02:30 2018
510,extrapolation,unmarked,initial,ti,sa,ComplexPhrase_Testing,point_waitress_sg_burglar_pl,burglar,vaem,1,poinim nork vaem ti sa,NA,NA,poinim nork vaem ti sa,NA,218,Fri Apr 20 16:02:32 2018
510,extrapolation,unmarked,initial,ti,sa,ComplexPhrase_Testing,kick_chef_pl_burglar_sg,NA,NA,,kikim negid ti vaem sa,NA,NA,kikim negid ti vaem sa,NA,219,Fri Apr 20 16:02:37 2018
510,extrapolation,unmarked,initial,ti,sa,ComplexPhrase_Testing,kick_cowboy_sg_burglar_pl,burglar,vaem,1,kikim tumbat vaem ti sa,NA,NA,kikim tumbat vaem ti sa,NA,220,Fri Apr 20 16:02:49 2018
510,extrapolation,unmarked,initial,ti,sa,ComplexPhrase_Testing,burglar_four,NA,NA,,vaem ti,NA,NA,vaem ti,NA,221,Fri Apr 20 16:02:51 2018
510,extrapolation,unmarked,initial,ti,sa,ComplexPhrase_Testing,waitress_four,NA,NA,,nork ti,NA,NA,nork ti,NA,222,Fri Apr 20 16:02:55 2018
510,extrapolation,unmarked,initial,ti,sa,ComplexPhrase_Testing,punch_waitress_sg_burglar_pl,burglar,vaem,1,straikim nork vaem ti sa,NA,NA,straikim nork vaem ti sa,NA,223,Fri Apr 20 16:03:00 2018
510,extrapolation,unmarked,initial,ti,sa,ComplexPhrase_Testing,kick_waitress_pl_cowboy_sg,NA,NA,,kikim nork ti tumbat sa,NA,NA,kikim nork ti tumbat sa,NA,224,Fri Apr 20 16:03:04 2018
510,extrapolation,unmarked,initial,ti,sa,ComplexPhrase_Testing,kick_chef_sg_cowboy_pl,cowboy,tumbat,1,kikim negid tumbat ti sa,NA,NA,kikim negid tumbat ti sa,NA,225,Fri Apr 20 16:03:11 2018
510,extrapolation,unmarked,initial,ti,sa,ComplexPhrase_Testing,punch_burglar_sg_chef_pl,chef,negid,1,straikim vaem negid ti sa,NA,NA,straikim vaem negid ti sa,NA,226,Fri Apr 20 16:03:14 2018
510,extrapolation,unmarked,initial,ti,sa,ComplexPhrase_Testing,point_chef_sg_burglar_pl,burglar,vaem,1,poinim negid vaem ti sa,NA,NA,poinim negid vaem ti sa,NA,227,Fri Apr 20 16:03:17 2018
510,extrapolation,unmarked,initial,ti,sa,ComplexPhrase_Testing,chef_two,NA,NA,,negid ti,NA,NA,negid ti,NA,228,Fri Apr 20 16:03:21 2018
510,extrapolation,unmarked,initial,ti,sa,ComplexPhrase_Testing,kick_chef_sg_cowboy_pl,cowboy,tumbat,1,kikim negid tumbat ti sa,NA,NA,kikim negid tumbat ti sa,NA,229,Fri Apr 20 16:03:26 2018
510,extrapolation,unmarked,initial,ti,sa,ComplexPhrase_Testing,point_waitress_pl_cowboy_sg,NA,NA,,poinim nork ti tumbat sa,NA,NA,poinim nork ti tumbat sa,NA,230,Fri Apr 20 16:03:33 2018
510,extrapolation,unmarked,initial,ti,sa,Questionnaire,NA,NA,NA,,NA,NA,NA,,sentence end,MeaningCase,Fri Apr 20 16:04:26 2018
510,extrapolation,unmarked,initial,ti,sa,Questionnaire,NA,NA,NA,,NA,NA,NA,,more than one,MeaningNum,Fri Apr 20 16:04:26 2018
510,extrapolation,unmarked,initial,ti,sa,Questionnaire,NA,NA,NA,,NA,NA,NA,,after,OrderCaseNoun,Fri Apr 20 16:04:26 2018
510,extrapolation,unmarked,initial,ti,sa,Questionnaire,NA,NA,NA,,NA,NA,NA,,after,OrderNumNoun,Fri Apr 20 16:04:26 2018
510,extrapolation,unmarked,initial,ti,sa,Questionnaire,NA,NA,NA,,NA,NA,NA,,english,Languages,Fri Apr 20 16:04:26 2018