ID,Condition,MajorityOrder,NounPosition,markerNum,markerCase,Phase,Meaning,NounItem,Noun,binaryResp,InputSentence,Selection,TypedResponse,SpokenResponse,AnswerQuest,Trial,date&time
514,extrapolation,unmarked,initial,sa,gu,Noun_Training,burglar,NA,NA,,tumbat,NA,NA,,NA,1,Wed Apr 18 12:32:17 2018
514,extrapolation,unmarked,initial,sa,gu,Noun_Training,chef,NA,NA,,nork,NA,NA,,NA,2,Wed Apr 18 12:32:22 2018
514,extrapolation,unmarked,initial,sa,gu,Noun_Training,chef,NA,NA,,nork,NA,NA,,NA,3,Wed Apr 18 12:32:27 2018
514,extrapolation,unmarked,initial,sa,gu,Noun_Training,chef,NA,NA,,nork,NA,NA,,NA,4,Wed Apr 18 12:32:32 2018
514,extrapolation,unmarked,initial,sa,gu,Noun_Training,burglar,NA,NA,,tumbat,NA,NA,,NA,5,Wed Apr 18 12:32:37 2018
514,extrapolation,unmarked,initial,sa,gu,Noun_Training,burglar,NA,NA,,tumbat,NA,NA,,NA,6,Wed Apr 18 12:32:42 2018
514,extrapolation,unmarked,initial,sa,gu,Noun_Training,waitress,NA,NA,,negid,NA,NA,,NA,7,Wed Apr 18 12:32:46 2018
514,extrapolation,unmarked,initial,sa,gu,Noun_Training,cowboy,NA,NA,,vaem,NA,NA,,NA,8,Wed Apr 18 12:32:51 2018
514,extrapolation,unmarked,initial,sa,gu,Noun_Training,chef,NA,NA,,nork,NA,NA,,NA,9,Wed Apr 18 12:32:56 2018
514,extrapolation,unmarked,initial,sa,gu,Noun_Training,burglar,NA,NA,,tumbat,NA,NA,,NA,10,Wed Apr 18 12:33:01 2018
514,extrapolation,unmarked,initial,sa,gu,Noun_Training,burglar,NA,NA,,tumbat,NA,NA,,NA,11,Wed Apr 18 12:33:06 2018
514,extrapolation,unmarked,initial,sa,gu,Noun_Training,cowboy,NA,NA,,vaem,NA,NA,,NA,12,Wed Apr 18 12:33:11 2018
514,extrapolation,unmarked,initial,sa,gu,Noun_Training,waitress,NA,NA,,negid,NA,NA,,NA,13,Wed Apr 18 12:33:15 2018
514,extrapolation,unmarked,initial,sa,gu,Noun_Training,chef,NA,NA,,nork,NA,NA,,NA,14,Wed Apr 18 12:33:20 2018
514,extrapolation,unmarked,initial,sa,gu,Noun_Training,burglar,NA,NA,,tumbat,NA,NA,,NA,15,Wed Apr 18 12:33:25 2018
514,extrapolation,unmarked,initial,sa,gu,Noun_Training,waitress,NA,NA,,negid,NA,NA,,NA,16,Wed Apr 18 12:33:30 2018
514,extrapolation,unmarked,initial,sa,gu,Noun_Training,cowboy,NA,NA,,vaem,NA,NA,,NA,17,Wed Apr 18 12:33:35 2018
514,extrapolation,unmarked,initial,sa,gu,Noun_Training,cowboy,NA,NA,,vaem,NA,NA,,NA,18,Wed Apr 18 12:33:40 2018
514,extrapolation,unmarked,initial,sa,gu,Noun_Training,waitress,NA,NA,,negid,NA,NA,,NA,19,Wed Apr 18 12:33:44 2018
514,extrapolation,unmarked,initial,sa,gu,Noun_Training,waitress,NA,NA,,negid,NA,NA,,NA,20,Wed Apr 18 12:33:49 2018
514,extrapolation,unmarked,initial,sa,gu,Noun_Training,chef,NA,NA,,nork,NA,NA,,NA,21,Wed Apr 18 12:33:54 2018
514,extrapolation,unmarked,initial,sa,gu,Noun_Training,cowboy,NA,NA,,vaem,NA,NA,,NA,22,Wed Apr 18 12:33:59 2018
514,extrapolation,unmarked,initial,sa,gu,Noun_Training,cowboy,NA,NA,,vaem,NA,NA,,NA,23,Wed Apr 18 12:34:04 2018
514,extrapolation,unmarked,initial,sa,gu,Noun_Training,waitress,NA,NA,,negid,NA,NA,,NA,24,Wed Apr 18 12:34:08 2018
514,extrapolation,unmarked,initial,sa,gu,Noun_Selection,cowboy,NA,NA,,vaem,correct,NA,,NA,25,Wed Apr 18 12:34:31 2018
514,extrapolation,unmarked,initial,sa,gu,Noun_Selection,chef,NA,NA,,nork,correct,NA,,NA,26,Wed Apr 18 12:34:34 2018
514,extrapolation,unmarked,initial,sa,gu,Noun_Selection,waitress,NA,NA,,negid,correct,NA,,NA,27,Wed Apr 18 12:34:38 2018
514,extrapolation,unmarked,initial,sa,gu,Noun_Selection,cowboy,NA,NA,,vaem,correct,NA,,NA,28,Wed Apr 18 12:34:41 2018
514,extrapolation,unmarked,initial,sa,gu,Noun_Selection,burglar,NA,NA,,tumbat,correct,NA,,NA,29,Wed Apr 18 12:34:44 2018
514,extrapolation,unmarked,initial,sa,gu,Noun_Selection,chef,NA,NA,,nork,correct,NA,,NA,30,Wed Apr 18 12:34:48 2018
514,extrapolation,unmarked,initial,sa,gu,Noun_Selection,chef,NA,NA,,nork,correct,NA,,NA,31,Wed Apr 18 12:34:51 2018
514,extrapolation,unmarked,initial,sa,gu,Noun_Selection,burglar,NA,NA,,tumbat,correct,NA,,NA,32,Wed Apr 18 12:34:54 2018
514,extrapolation,unmarked,initial,sa,gu,Noun_Selection,cowboy,NA,NA,,vaem,correct,NA,,NA,33,Wed Apr 18 12:34:58 2018
514,extrapolation,unmarked,initial,sa,gu,Noun_Selection,burglar,NA,NA,,tumbat,correct,NA,,NA,34,Wed Apr 18 12:35:01 2018
514,extrapolation,unmarked,initial,sa,gu,Noun_Selection,waitress,NA,NA,,negid,correct,NA,,NA,35,Wed Apr 18 12:35:04 2018
514,extrapolation,unmarked,initial,sa,gu,Noun_Selection,waitress,NA,NA,,negid,correct,NA,,NA,36,Wed Apr 18 12:35:07 2018
514,extrapolation,unmarked,initial,sa,gu,Noun_Testing,waitress,NA,NA,,negid,NA,NA,negid,NA,37,Wed Apr 18 12:35:27 2018
514,extrapolation,unmarked,initial,sa,gu,Noun_Testing,chef,NA,NA,,nork,NA,NA,nork,NA,38,Wed Apr 18 12:35:33 2018
514,extrapolation,unmarked,initial,sa,gu,Noun_Testing,waitress,NA,NA,,negid,NA,NA,negid,NA,39,Wed Apr 18 12:35:37 2018
514,extrapolation,unmarked,initial,sa,gu,Noun_Testing,chef,NA,NA,,nork,NA,NA,nork,NA,40,Wed Apr 18 12:35:40 2018
514,extrapolation,unmarked,initial,sa,gu,Noun_Testing,cowboy,NA,NA,,vaem,NA,NA,vaem,NA,41,Wed Apr 18 12:35:44 2018
514,extrapolation,unmarked,initial,sa,gu,Noun_Testing,cowboy,NA,NA,,vaem,NA,NA,vaem,NA,42,Wed Apr 18 12:35:47 2018
514,extrapolation,unmarked,initial,sa,gu,Noun_Testing,burglar,NA,NA,,tumbat,NA,NA,tumbat,NA,43,Wed Apr 18 12:35:51 2018
514,extrapolation,unmarked,initial,sa,gu,Noun_Testing,chef,NA,NA,,nork,NA,NA,nork,NA,44,Wed Apr 18 12:35:54 2018
514,extrapolation,unmarked,initial,sa,gu,Noun_Testing,burglar,NA,NA,,tumbat,NA,NA,tumbat,NA,45,Wed Apr 18 12:35:58 2018
514,extrapolation,unmarked,initial,sa,gu,Noun_Testing,burglar,NA,NA,,tumbat,NA,NA,tumbat,NA,46,Wed Apr 18 12:36:02 2018
514,extrapolation,unmarked,initial,sa,gu,Noun_Testing,waitress,NA,NA,,negid,NA,NA,negid,NA,47,Wed Apr 18 12:36:05 2018
514,extrapolation,unmarked,initial,sa,gu,Noun_Testing,cowboy,NA,NA,,vaem,NA,NA,vaem,NA,48,Wed Apr 18 12:36:08 2018
514,extrapolation,unmarked,initial,sa,gu,SimplePhrase_Training,punch_burglar_pl_waitress_sg,NA,NA,,straikim tumbat sa negid gu,NA,NA,,NA,49,Wed Apr 18 12:36:44 2018
514,extrapolation,unmarked,initial,sa,gu,SimplePhrase_Training,punch_cowboy_pl_waitress_sg,NA,NA,,straikim vaem sa negid gu,NA,NA,,NA,50,Wed Apr 18 12:36:52 2018
514,extrapolation,unmarked,initial,sa,gu,SimplePhrase_Training,punch_waitress_pl_burglar_sg,NA,NA,,straikim negid sa tumbat gu,NA,NA,,NA,51,Wed Apr 18 12:36:59 2018
514,extrapolation,unmarked,initial,sa,gu,SimplePhrase_Training,point_waitress_sg_chef_sg,NA,NA,,poinim negid nork gu,NA,NA,,NA,52,Wed Apr 18 12:37:06 2018
514,extrapolation,unmarked,initial,sa,gu,SimplePhrase_Training,point_waitress_sg_cowboy_sg,NA,NA,,poinim negid vaem gu,NA,NA,,NA,53,Wed Apr 18 12:37:14 2018
514,extrapolation,unmarked,initial,sa,gu,SimplePhrase_Training,punch_waitress_pl_chef_sg,NA,NA,,straikim negid sa nork gu,NA,NA,,NA,54,Wed Apr 18 12:37:21 2018
514,extrapolation,unmarked,initial,sa,gu,SimplePhrase_Training,waitress_four,NA,NA,,negid sa,NA,NA,,NA,55,Wed Apr 18 12:37:26 2018
514,extrapolation,unmarked,initial,sa,gu,SimplePhrase_Training,burglar,NA,NA,,tumbat,NA,NA,,NA,56,Wed Apr 18 12:37:31 2018
514,extrapolation,unmarked,initial,sa,gu,SimplePhrase_Training,waitress_three,NA,NA,,negid sa,NA,NA,,NA,57,Wed Apr 18 12:37:36 2018
514,extrapolation,unmarked,initial,sa,gu,SimplePhrase_Training,point_waitress_sg_burglar_sg,NA,NA,,poinim negid tumbat gu,NA,NA,,NA,58,Wed Apr 18 12:37:43 2018
514,extrapolation,unmarked,initial,sa,gu,SimplePhrase_Training,burglar_two,NA,NA,,tumbat sa,NA,NA,,NA,59,Wed Apr 18 12:37:48 2018
514,extrapolation,unmarked,initial,sa,gu,SimplePhrase_Training,punch_cowboy_pl_burglar_sg,NA,NA,,straikim vaem sa tumbat gu,NA,NA,,NA,60,Wed Apr 18 12:37:56 2018
514,extrapolation,unmarked,initial,sa,gu,SimplePhrase_Training,punch_chef_sg_waitress_sg,NA,NA,,straikim nork negid gu,NA,NA,,NA,61,Wed Apr 18 12:38:04 2018
514,extrapolation,unmarked,initial,sa,gu,SimplePhrase_Training,punch_waitress_pl_cowboy_sg,NA,NA,,straikim negid sa vaem gu,NA,NA,,NA,62,Wed Apr 18 12:38:11 2018
514,extrapolation,unmarked,initial,sa,gu,SimplePhrase_Training,cowboy_four,NA,NA,,vaem sa,NA,NA,,NA,63,Wed Apr 18 12:38:16 2018
514,extrapolation,unmarked,initial,sa,gu,SimplePhrase_Training,chef,NA,NA,,nork,NA,NA,,NA,64,Wed Apr 18 12:38:21 2018
514,extrapolation,unmarked,initial,sa,gu,SimplePhrase_Training,burglar_three,NA,NA,,tumbat sa,NA,NA,,NA,65,Wed Apr 18 12:38:26 2018
514,extrapolation,unmarked,initial,sa,gu,SimplePhrase_Training,burglar,NA,NA,,tumbat,NA,NA,,NA,66,Wed Apr 18 12:38:31 2018
514,extrapolation,unmarked,initial,sa,gu,SimplePhrase_Training,cowboy_three,NA,NA,,vaem sa,NA,NA,,NA,67,Wed Apr 18 12:38:36 2018
514,extrapolation,unmarked,initial,sa,gu,SimplePhrase_Training,kick_cowboy_sg_burglar_sg,NA,NA,,kikim vaem tumbat gu,NA,NA,,NA,68,Wed Apr 18 12:38:43 2018
514,extrapolation,unmarked,initial,sa,gu,SimplePhrase_Training,kick_burglar_sg_cowboy_sg,NA,NA,,kikim tumbat vaem gu,NA,NA,,NA,69,Wed Apr 18 12:38:51 2018
514,extrapolation,unmarked,initial,sa,gu,SimplePhrase_Training,waitress_two,NA,NA,,negid sa,NA,NA,,NA,70,Wed Apr 18 12:38:56 2018
514,extrapolation,unmarked,initial,sa,gu,SimplePhrase_Training,kick_waitress_sg_burglar_sg,NA,NA,,kikim negid tumbat gu,NA,NA,,NA,71,Wed Apr 18 12:39:03 2018
514,extrapolation,unmarked,initial,sa,gu,SimplePhrase_Training,chef_three,NA,NA,,nork sa,NA,NA,,NA,72,Wed Apr 18 12:39:08 2018
514,extrapolation,unmarked,initial,sa,gu,SimplePhrase_Training,point_cowboy_pl_burglar_sg,NA,NA,,poinim vaem sa tumbat gu,NA,NA,,NA,73,Wed Apr 18 12:39:15 2018
514,extrapolation,unmarked,initial,sa,gu,SimplePhrase_Training,point_chef_pl_waitress_sg,NA,NA,,poinim nork sa negid gu,NA,NA,,NA,74,Wed Apr 18 12:39:23 2018
514,extrapolation,unmarked,initial,sa,gu,SimplePhrase_Training,point_chef_sg_cowboy_sg,NA,NA,,poinim nork vaem gu,NA,NA,,NA,75,Wed Apr 18 12:39:30 2018
514,extrapolation,unmarked,initial,sa,gu,SimplePhrase_Training,point_chef_pl_burglar_sg,NA,NA,,poinim nork sa tumbat gu,NA,NA,,NA,76,Wed Apr 18 12:39:38 2018
514,extrapolation,unmarked,initial,sa,gu,SimplePhrase_Training,burglar_two,NA,NA,,tumbat sa,NA,NA,,NA,77,Wed Apr 18 12:39:43 2018
514,extrapolation,unmarked,initial,sa,gu,SimplePhrase_Training,cowboy_three,NA,NA,,vaem sa,NA,NA,,NA,78,Wed Apr 18 12:39:48 2018
514,extrapolation,unmarked,initial,sa,gu,SimplePhrase_Training,chef_two,NA,NA,,nork sa,NA,NA,,NA,79,Wed Apr 18 12:39:53 2018
514,extrapolation,unmarked,initial,sa,gu,SimplePhrase_Training,chef_four,NA,NA,,nork sa,NA,NA,,NA,80,Wed Apr 18 12:39:58 2018
514,extrapolation,unmarked,initial,sa,gu,SimplePhrase_Training,kick_burglar_pl_chef_sg,NA,NA,,kikim tumbat sa nork gu,NA,NA,,NA,81,Wed Apr 18 12:40:05 2018
514,extrapolation,unmarked,initial,sa,gu,SimplePhrase_Training,point_cowboy_sg_chef_sg,NA,NA,,poinim vaem nork gu,NA,NA,,NA,82,Wed Apr 18 12:40:13 2018
514,extrapolation,unmarked,initial,sa,gu,SimplePhrase_Training,point_burglar_sg_cowboy_sg,NA,NA,,poinim tumbat vaem gu,NA,NA,,NA,83,Wed Apr 18 12:40:20 2018
514,extrapolation,unmarked,initial,sa,gu,SimplePhrase_Training,cowboy,NA,NA,,vaem,NA,NA,,NA,84,Wed Apr 18 12:40:25 2018
514,extrapolation,unmarked,initial,sa,gu,SimplePhrase_Training,punch_chef_pl_burglar_sg,NA,NA,,straikim nork sa tumbat gu,NA,NA,,NA,85,Wed Apr 18 12:40:32 2018
514,extrapolation,unmarked,initial,sa,gu,SimplePhrase_Training,point_cowboy_sg_waitress_sg,NA,NA,,poinim vaem negid gu,NA,NA,,NA,86,Wed Apr 18 12:40:40 2018
514,extrapolation,unmarked,initial,sa,gu,SimplePhrase_Training,burglar_four,NA,NA,,tumbat sa,NA,NA,,NA,87,Wed Apr 18 12:40:45 2018
514,extrapolation,unmarked,initial,sa,gu,SimplePhrase_Training,kick_burglar_pl_waitress_sg,NA,NA,,kikim tumbat sa negid gu,NA,NA,,NA,88,Wed Apr 18 12:40:52 2018
514,extrapolation,unmarked,initial,sa,gu,SimplePhrase_Training,punch_cowboy_sg_chef_sg,NA,NA,,straikim vaem nork gu,NA,NA,,NA,89,Wed Apr 18 12:40:59 2018
514,extrapolation,unmarked,initial,sa,gu,SimplePhrase_Training,point_burglar_pl_chef_sg,NA,NA,,poinim tumbat sa nork gu,NA,NA,,NA,90,Wed Apr 18 12:41:07 2018
514,extrapolation,unmarked,initial,sa,gu,SimplePhrase_Training,cowboy_two,NA,NA,,vaem sa,NA,NA,,NA,91,Wed Apr 18 12:41:12 2018
514,extrapolation,unmarked,initial,sa,gu,SimplePhrase_Training,chef_four,NA,NA,,nork sa,NA,NA,,NA,92,Wed Apr 18 12:41:17 2018
514,extrapolation,unmarked,initial,sa,gu,SimplePhrase_Training,kick_waitress_pl_cowboy_sg,NA,NA,,kikim negid sa vaem gu,NA,NA,,NA,93,Wed Apr 18 12:41:24 2018
514,extrapolation,unmarked,initial,sa,gu,SimplePhrase_Training,punch_burglar_sg_chef_sg,NA,NA,,straikim tumbat nork gu,NA,NA,,NA,94,Wed Apr 18 12:41:32 2018
514,extrapolation,unmarked,initial,sa,gu,SimplePhrase_Training,punch_burglar_pl_cowboy_sg,NA,NA,,straikim tumbat sa vaem gu,NA,NA,,NA,95,Wed Apr 18 12:41:40 2018
514,extrapolation,unmarked,initial,sa,gu,SimplePhrase_Training,punch_chef_pl_cowboy_sg,NA,NA,,straikim nork sa vaem gu,NA,NA,,NA,96,Wed Apr 18 12:41:47 2018
514,extrapolation,unmarked,initial,sa,gu,SimplePhrase_Training,kick_chef_sg_burglar_sg,NA,NA,,kikim nork tumbat gu,NA,NA,,NA,97,Wed Apr 18 12:41:55 2018
514,extrapolation,unmarked,initial,sa,gu,SimplePhrase_Training,burglar_three,NA,NA,,tumbat sa,NA,NA,,NA,98,Wed Apr 18 12:42:00 2018
514,extrapolation,unmarked,initial,sa,gu,SimplePhrase_Training,kick_chef_pl_waitress_sg,NA,NA,,kikim nork sa negid gu,NA,NA,,NA,99,Wed Apr 18 12:42:07 2018
514,extrapolation,unmarked,initial,sa,gu,SimplePhrase_Training,cowboy_four,NA,NA,,vaem sa,NA,NA,,NA,100,Wed Apr 18 12:42:12 2018
514,extrapolation,unmarked,initial,sa,gu,SimplePhrase_Training,point_burglar_sg_waitress_sg,NA,NA,,poinim tumbat negid gu,NA,NA,,NA,101,Wed Apr 18 12:42:19 2018
514,extrapolation,unmarked,initial,sa,gu,SimplePhrase_Training,waitress,NA,NA,,negid,NA,NA,,NA,102,Wed Apr 18 12:42:24 2018
514,extrapolation,unmarked,initial,sa,gu,SimplePhrase_Training,waitress,NA,NA,,negid,NA,NA,,NA,103,Wed Apr 18 12:42:29 2018
514,extrapolation,unmarked,initial,sa,gu,SimplePhrase_Training,chef_three,NA,NA,,nork sa,NA,NA,,NA,104,Wed Apr 18 12:42:34 2018
514,extrapolation,unmarked,initial,sa,gu,SimplePhrase_Training,cowboy,NA,NA,,vaem,NA,NA,,NA,105,Wed Apr 18 12:42:39 2018
514,extrapolation,unmarked,initial,sa,gu,SimplePhrase_Training,kick_chef_sg_cowboy_sg,NA,NA,,kikim nork vaem gu,NA,NA,,NA,106,Wed Apr 18 12:42:46 2018
514,extrapolation,unmarked,initial,sa,gu,SimplePhrase_Training,chef,NA,NA,,nork,NA,NA,,NA,107,Wed Apr 18 12:42:51 2018
514,extrapolation,unmarked,initial,sa,gu,SimplePhrase_Training,kick_cowboy_sg_waitress_sg,NA,NA,,kikim vaem negid gu,NA,NA,,NA,108,Wed Apr 18 12:42:58 2018
514,extrapolation,unmarked,initial,sa,gu,SimplePhrase_Training,kick_waitress_sg_chef_sg,NA,NA,,kikim negid nork gu,NA,NA,,NA,109,Wed Apr 18 12:43:05 2018
514,extrapolation,unmarked,initial,sa,gu,SimplePhrase_Training,kick_cowboy_pl_chef_sg,NA,NA,,kikim vaem sa nork gu,NA,NA,,NA,110,Wed Apr 18 12:43:13 2018
514,extrapolation,unmarked,initial,sa,gu,SimplePhrase_Comprehension,kick_waitress_sg_cowboy_sg,NA,NA,,kikim negid vaem gu,correct,NA,,NA,111,Wed Apr 18 12:43:39 2018
514,extrapolation,unmarked,initial,sa,gu,SimplePhrase_Comprehension,kick_cowboy_pl_waitress_sg,NA,NA,,kikim vaem sa negid gu,correct,NA,,NA,112,Wed Apr 18 12:43:45 2018
514,extrapolation,unmarked,initial,sa,gu,SimplePhrase_Comprehension,point_waitress_pl_cowboy_sg,NA,NA,,poinim negid sa vaem gu,correct,NA,,NA,113,Wed Apr 18 12:43:50 2018
514,extrapolation,unmarked,initial,sa,gu,SimplePhrase_Comprehension,point_burglar_sg_chef_sg,NA,NA,,poinim tumbat nork gu,correct,NA,,NA,114,Wed Apr 18 12:43:56 2018
514,extrapolation,unmarked,initial,sa,gu,SimplePhrase_Comprehension,cowboy,NA,NA,,vaem,correct,NA,,NA,115,Wed Apr 18 12:44:00 2018
514,extrapolation,unmarked,initial,sa,gu,SimplePhrase_Comprehension,point_burglar_pl_waitress_sg,NA,NA,,poinim tumbat sa negid gu,correct,NA,,NA,116,Wed Apr 18 12:44:06 2018
514,extrapolation,unmarked,initial,sa,gu,SimplePhrase_Comprehension,kick_waitress_pl_chef_sg,NA,NA,,kikim negid sa nork gu,correct,NA,,NA,117,Wed Apr 18 12:44:12 2018
514,extrapolation,unmarked,initial,sa,gu,SimplePhrase_Comprehension,punch_burglar_sg_waitress_sg,NA,NA,,straikim tumbat negid gu,correct,NA,,NA,118,Wed Apr 18 12:44:18 2018
514,extrapolation,unmarked,initial,sa,gu,SimplePhrase_Comprehension,kick_waitress_pl_burglar_sg,NA,NA,,kikim negid sa tumbat gu,correct,NA,,NA,119,Wed Apr 18 12:44:24 2018
514,extrapolation,unmarked,initial,sa,gu,SimplePhrase_Comprehension,kick_chef_pl_burglar_sg,NA,NA,,kikim nork sa tumbat gu,correct,NA,,NA,120,Wed Apr 18 12:44:31 2018
514,extrapolation,unmarked,initial,sa,gu,SimplePhrase_Comprehension,chef,NA,NA,,nork,correct,NA,,NA,121,Wed Apr 18 12:44:36 2018
514,extrapolation,unmarked,initial,sa,gu,SimplePhrase_Comprehension,burglar_four,NA,NA,,tumbat sa,correct,NA,,NA,122,Wed Apr 18 12:44:40 2018
514,extrapolation,unmarked,initial,sa,gu,SimplePhrase_Comprehension,point_cowboy_sg_burglar_sg,NA,NA,,poinim vaem tumbat gu,correct,NA,,NA,123,Wed Apr 18 12:44:47 2018
514,extrapolation,unmarked,initial,sa,gu,SimplePhrase_Comprehension,cowboy_four,NA,NA,,vaem sa,correct,NA,,NA,124,Wed Apr 18 12:44:51 2018
514,extrapolation,unmarked,initial,sa,gu,SimplePhrase_Comprehension,waitress_three,NA,NA,,negid sa,correct,NA,,NA,125,Wed Apr 18 12:44:56 2018
514,extrapolation,unmarked,initial,sa,gu,SimplePhrase_Comprehension,point_waitress_pl_chef_sg,NA,NA,,poinim negid sa nork gu,correct,NA,,NA,126,Wed Apr 18 12:45:01 2018
514,extrapolation,unmarked,initial,sa,gu,SimplePhrase_Comprehension,kick_burglar_sg_chef_sg,NA,NA,,kikim tumbat nork gu,correct,NA,,NA,127,Wed Apr 18 12:45:07 2018
514,extrapolation,unmarked,initial,sa,gu,SimplePhrase_Comprehension,waitress_two,NA,NA,,negid sa,correct,NA,,NA,128,Wed Apr 18 12:45:12 2018
514,extrapolation,unmarked,initial,sa,gu,SimplePhrase_Comprehension,chef_two,NA,NA,,nork sa,correct,NA,,NA,129,Wed Apr 18 12:45:16 2018
514,extrapolation,unmarked,initial,sa,gu,SimplePhrase_Comprehension,point_chef_pl_cowboy_sg,NA,NA,,poinim nork sa vaem gu,correct,NA,,NA,130,Wed Apr 18 12:45:22 2018
514,extrapolation,unmarked,initial,sa,gu,SimplePhrase_Comprehension,point_cowboy_pl_waitress_sg,NA,NA,,poinim vaem sa negid gu,correct,NA,,NA,131,Wed Apr 18 12:45:29 2018
514,extrapolation,unmarked,initial,sa,gu,SimplePhrase_Comprehension,point_chef_sg_burglar_sg,NA,NA,,poinim nork tumbat gu,correct,NA,,NA,132,Wed Apr 18 12:45:34 2018
514,extrapolation,unmarked,initial,sa,gu,SimplePhrase_Comprehension,kick_cowboy_sg_chef_sg,NA,NA,,kikim vaem nork gu,correct,NA,,NA,133,Wed Apr 18 12:45:42 2018
514,extrapolation,unmarked,initial,sa,gu,SimplePhrase_Comprehension,burglar,NA,NA,,tumbat,correct,NA,,NA,134,Wed Apr 18 12:45:46 2018
514,extrapolation,unmarked,initial,sa,gu,SimplePhrase_Comprehension,kick_chef_pl_cowboy_sg,NA,NA,,kikim nork sa vaem gu,correct,NA,,NA,135,Wed Apr 18 12:45:52 2018
514,extrapolation,unmarked,initial,sa,gu,SimplePhrase_Comprehension,burglar_two,NA,NA,,tumbat sa,correct,NA,,NA,136,Wed Apr 18 12:45:56 2018
514,extrapolation,unmarked,initial,sa,gu,SimplePhrase_Comprehension,chef_three,NA,NA,,nork sa,correct,NA,,NA,137,Wed Apr 18 12:46:01 2018
514,extrapolation,unmarked,initial,sa,gu,SimplePhrase_Comprehension,waitress,NA,NA,,negid,correct,NA,,NA,138,Wed Apr 18 12:46:05 2018
514,extrapolation,unmarked,initial,sa,gu,SimplePhrase_Comprehension,burglar_three,NA,NA,,tumbat sa,correct,NA,,NA,139,Wed Apr 18 12:46:09 2018
514,extrapolation,unmarked,initial,sa,gu,SimplePhrase_Comprehension,kick_chef_sg_waitress_sg,NA,NA,,kikim nork negid gu,correct,NA,,NA,140,Wed Apr 18 12:46:14 2018
514,extrapolation,unmarked,initial,sa,gu,SimplePhrase_Comprehension,punch_waitress_sg_burglar_sg,NA,NA,,straikim negid tumbat gu,correct,NA,,NA,141,Wed Apr 18 12:46:20 2018
514,extrapolation,unmarked,initial,sa,gu,SimplePhrase_Comprehension,point_chef_sg_waitress_sg,NA,NA,,poinim nork negid gu,correct,NA,,NA,142,Wed Apr 18 12:46:26 2018
514,extrapolation,unmarked,initial,sa,gu,SimplePhrase_Comprehension,cowboy_three,NA,NA,,vaem sa,correct,NA,,NA,143,Wed Apr 18 12:46:30 2018
514,extrapolation,unmarked,initial,sa,gu,SimplePhrase_Comprehension,chef_four,NA,NA,,nork sa,correct,NA,,NA,144,Wed Apr 18 12:46:34 2018
514,extrapolation,unmarked,initial,sa,gu,SimplePhrase_Typing,kick_cowboy_sg_waitress_sg,NA,NA,,kikim vaem negid gu,NA,kikim vaem nigid sa,,NA,145,Wed Apr 18 12:47:10 2018
514,extrapolation,unmarked,initial,sa,gu,SimplePhrase_Typing,chef,NA,NA,,nork,NA,nork,,NA,146,Wed Apr 18 12:47:16 2018
514,extrapolation,unmarked,initial,sa,gu,SimplePhrase_Typing,cowboy_two,NA,NA,,vaem sa,NA,vaem sa,,NA,147,Wed Apr 18 12:47:24 2018
514,extrapolation,unmarked,initial,sa,gu,SimplePhrase_Typing,punch_waitress_pl_chef_sg,NA,NA,,straikim negid sa nork gu,NA,straikim negid sa norkgu,,NA,148,Wed Apr 18 12:47:35 2018
514,extrapolation,unmarked,initial,sa,gu,SimplePhrase_Typing,punch_burglar_pl_cowboy_sg,NA,NA,,straikim tumbat sa vaem gu,NA,straikim tumbat sa vaem gu,,NA,149,Wed Apr 18 12:47:49 2018
514,extrapolation,unmarked,initial,sa,gu,SimplePhrase_Typing,burglar,NA,NA,,tumbat,NA,tumbat,,NA,150,Wed Apr 18 12:47:57 2018
514,extrapolation,unmarked,initial,sa,gu,SimplePhrase_Typing,point_cowboy_sg_waitress_sg,NA,NA,,poinim vaem negid gu,NA,poinim vaem negid gu,,NA,151,Wed Apr 18 12:48:09 2018
514,extrapolation,unmarked,initial,sa,gu,SimplePhrase_Typing,kick_chef_sg_cowboy_sg,NA,NA,,kikim nork vaem gu,NA,kikim nork vaem gu,,NA,152,Wed Apr 18 12:48:21 2018
514,extrapolation,unmarked,initial,sa,gu,SimplePhrase_Typing,punch_chef_pl_cowboy_sg,NA,NA,,straikim nork sa vaem gu,NA,straikim nork sa vaem gu,,NA,153,Wed Apr 18 12:48:37 2018
514,extrapolation,unmarked,initial,sa,gu,SimplePhrase_Typing,chef_two,NA,NA,,nork sa,NA,nork sa,,NA,154,Wed Apr 18 12:48:46 2018
514,extrapolation,unmarked,initial,sa,gu,SimplePhrase_Typing,cowboy_three,NA,NA,,vaem sa,NA,vaem sa,,NA,155,Wed Apr 18 12:48:52 2018
514,extrapolation,unmarked,initial,sa,gu,SimplePhrase_Typing,waitress,NA,NA,,negid,NA,nigid,,NA,156,Wed Apr 18 12:49:03 2018
514,extrapolation,unmarked,initial,sa,gu,SimplePhrase_Typing,cowboy,NA,NA,,vaem,NA,vaem,,NA,157,Wed Apr 18 12:49:08 2018
514,extrapolation,unmarked,initial,sa,gu,SimplePhrase_Typing,point_waitress_sg_chef_sg,NA,NA,,poinim negid nork gu,NA,poinim negid nork gu,,NA,158,Wed Apr 18 12:49:17 2018
514,extrapolation,unmarked,initial,sa,gu,SimplePhrase_Typing,punch_cowboy_pl_waitress_sg,NA,NA,,straikim vaem sa negid gu,NA,straikim vaem sa negid gu,,NA,159,Wed Apr 18 12:49:28 2018
514,extrapolation,unmarked,initial,sa,gu,SimplePhrase_Typing,waitress_three,NA,NA,,negid sa,NA,negid sa,,NA,160,Wed Apr 18 12:49:36 2018
514,extrapolation,unmarked,initial,sa,gu,ComplexPhrase_Typing,point_cowboy_sg_waitress_pl,waitress,negid,1,poinim vaem negid sa gu,NA,poinim vaem negid sa gu,,NA,161,Wed Apr 18 12:50:08 2018
514,extrapolation,unmarked,initial,sa,gu,ComplexPhrase_Typing,kick_waitress_sg_burglar_pl,burglar,tumbat,1,kikim negid tumbat sa gu,NA,kikim negid tumbat sa gu,,NA,162,Wed Apr 18 12:50:14 2018
514,extrapolation,unmarked,initial,sa,gu,ComplexPhrase_Typing,punch_burglar_sg_cowboy_pl,cowboy,vaem,1,straikim tumbat vaem sa gu,NA,straikim tumbat vaem sa gu,,NA,163,Wed Apr 18 12:50:21 2018
514,extrapolation,unmarked,initial,sa,gu,ComplexPhrase_Typing,punch_cowboy_sg_burglar_pl,burglar,tumbat,1,straikim vaem tumbat sa gu,NA,straikim vaem tumbat sa gu,,NA,164,Wed Apr 18 12:50:27 2018
514,extrapolation,unmarked,initial,sa,gu,ComplexPhrase_Typing,point_cowboy_sg_waitress_pl,waitress,negid,1,poinim vaem negid sa gu,NA,poinim vaem negid sa gu,,NA,165,Wed Apr 18 12:50:33 2018
514,extrapolation,unmarked,initial,sa,gu,ComplexPhrase_Typing,punch_cowboy_sg_burglar_pl,burglar,tumbat,1,straikim vaem tumbat sa gu,NA,straikim vaem tumbat sa gu,,NA,166,Wed Apr 18 12:50:39 2018
514,extrapolation,unmarked,initial,sa,gu,ComplexPhrase_Typing,punch_burglar_sg_cowboy_pl,cowboy,vaem,1,straikim tumbat vaem sa gu,NA,straikim tumbat vaem sa gu,,NA,167,Wed Apr 18 12:50:45 2018
514,extrapolation,unmarked,initial,sa,gu,ComplexPhrase_Typing,kick_waitress_sg_burglar_pl,burglar,tumbat,1,kikim negid tumbat sa gu,NA,kikim negid tumbat sa gu,,NA,168,Wed Apr 18 12:50:49 2018
514,extrapolation,unmarked,initial,sa,gu,ComplexPhrase_Typing,punch_burglar_sg_cowboy_pl,cowboy,vaem,1,straikim tumbat vaem sa gu,NA,straikim tumbat negid sa gu,,NA,169,Wed Apr 18 12:50:56 2018
514,extrapolation,unmarked,initial,sa,gu,ComplexPhrase_Typing,point_cowboy_sg_waitress_pl,waitress,negid,1,poinim vaem negid sa gu,NA,poinim vaem negid sa gu,,NA,170,Wed Apr 18 12:51:01 2018
514,extrapolation,unmarked,initial,sa,gu,ComplexPhrase_Typing,kick_waitress_sg_burglar_pl,burglar,tumbat,1,kikim negid tumbat sa gu,NA,kikim negid tumbat sa gu,,NA,171,Wed Apr 18 12:51:05 2018
514,extrapolation,unmarked,initial,sa,gu,ComplexPhrase_Typing,punch_cowboy_sg_burglar_pl,burglar,tumbat,1,straikim vaem tumbat sa gu,NA,straikim vaem tumbat sa gu,,NA,172,Wed Apr 18 12:51:11 2018
514,extrapolation,unmarked,initial,sa,gu,ComplexPhrase_Testing,point_cowboy_sg_waitress_pl,waitress,negid,1,poinim vaem negid sa gu,NA,NA,poinim vaem negid sa gu,NA,173,Wed Apr 18 12:51:46 2018
514,extrapolation,unmarked,initial,sa,gu,ComplexPhrase_Testing,point_cowboy_sg_burglar_pl,burglar,tumbat,1,poinim vaem tumbat sa gu,NA,NA,poinim vaem tumbat sa gu,NA,174,Wed Apr 18 12:51:49 2018
514,extrapolation,unmarked,initial,sa,gu,ComplexPhrase_Testing,point_cowboy_sg_burglar_pl,burglar,tumbat,1,poinim vaem tumbat sa gu,NA,NA,poinim vaem tumbat sa gu,NA,175,Wed Apr 18 12:51:52 2018
514,extrapolation,unmarked,initial,sa,gu,ComplexPhrase_Testing,waitress,NA,NA,,negid,NA,NA,negid,NA,176,Wed Apr 18 12:51:54 2018
514,extrapolation,unmarked,initial,sa,gu,ComplexPhrase_Testing,point_cowboy_pl_chef_sg,NA,NA,,poinim vaem sa nork gu,NA,NA,poinim vaem sa nork gu,NA,177,Wed Apr 18 12:52:00 2018
514,extrapolation,unmarked,initial,sa,gu,ComplexPhrase_Testing,kick_waitress_sg_chef_pl,chef,nork,1,kikim negid nork sa gu,NA,NA,kikim negid nork sa gu,NA,178,Wed Apr 18 12:52:09 2018
514,extrapolation,unmarked,initial,sa,gu,ComplexPhrase_Testing,kick_waitress_sg_chef_pl,chef,nork,1,kikim negid nork sa gu,NA,NA,kikim negid nork sa gu,NA,179,Wed Apr 18 12:52:12 2018
514,extrapolation,unmarked,initial,sa,gu,ComplexPhrase_Testing,punch_burglar_sg_waitress_pl,waitress,negid,1,straikim tumbat negid sa gu,NA,NA,straikim tumbat negid sa gu,NA,180,Wed Apr 18 12:52:16 2018
514,extrapolation,unmarked,initial,sa,gu,ComplexPhrase_Testing,kick_cowboy_sg_burglar_pl,burglar,tumbat,1,kikim vaem tumbat sa gu,NA,NA,kikim vaem tumbat sa gu,NA,181,Wed Apr 18 12:52:20 2018
514,extrapolation,unmarked,initial,sa,gu,ComplexPhrase_Testing,punch_cowboy_sg_burglar_sg,NA,NA,,straikim vaem tumbat gu,NA,NA,straikim vaem tumbat gu,NA,182,Wed Apr 18 12:52:23 2018
514,extrapolation,unmarked,initial,sa,gu,ComplexPhrase_Testing,kick_waitress_sg_chef_sg,NA,NA,,kikim negid nork gu,NA,NA,kikim negid nork gu,NA,183,Wed Apr 18 12:52:29 2018
514,extrapolation,unmarked,initial,sa,gu,ComplexPhrase_Testing,point_chef_sg_waitress_pl,waitress,negid,1,poinim nork negid sa gu,NA,NA,poinim nork negid sa gu,NA,184,Wed Apr 18 12:52:35 2018
514,extrapolation,unmarked,initial,sa,gu,ComplexPhrase_Testing,point_burglar_pl_chef_sg,NA,NA,,poinim tumbat sa nork gu,NA,NA,poinim tumbat sa nork gu,NA,185,Wed Apr 18 12:52:38 2018
514,extrapolation,unmarked,initial,sa,gu,ComplexPhrase_Testing,point_burglar_sg_chef_pl,chef,nork,1,poinim tumbat nork sa gu,NA,NA,poinim tumbat nork sa gu,NA,186,Wed Apr 18 12:52:45 2018
514,extrapolation,unmarked,initial,sa,gu,ComplexPhrase_Testing,cowboy_three,NA,NA,,vaem sa,NA,NA,vaem sa,NA,187,Wed Apr 18 12:52:49 2018
514,extrapolation,unmarked,initial,sa,gu,ComplexPhrase_Testing,kick_waitress_sg_chef_pl,chef,nork,1,kikim negid nork sa gu,NA,NA,kikim negid nork sa gu,NA,188,Wed Apr 18 12:52:56 2018
514,extrapolation,unmarked,initial,sa,gu,ComplexPhrase_Testing,punch_burglar_sg_chef_pl,chef,nork,1,straikim tumbat nork sa gu,NA,NA,straikim tumbat nork sa gu,NA,189,Wed Apr 18 12:52:59 2018
514,extrapolation,unmarked,initial,sa,gu,ComplexPhrase_Testing,point_chef_sg_waitress_pl,waitress,negid,1,poinim nork negid sa gu,NA,NA,poinim nork negid sa gu,NA,190,Wed Apr 18 12:53:02 2018
514,extrapolation,unmarked,initial,sa,gu,ComplexPhrase_Testing,kick_cowboy_sg_burglar_pl,burglar,tumbat,1,kikim vaem tumbat sa gu,NA,NA,kikim vaem tumbat sa gu,NA,191,Wed Apr 18 12:53:05 2018
514,extrapolation,unmarked,initial,sa,gu,ComplexPhrase_Testing,burglar_three,NA,NA,,tumbat sa,NA,NA,tumbat sa,NA,192,Wed Apr 18 12:53:09 2018
514,extrapolation,unmarked,initial,sa,gu,ComplexPhrase_Testing,point_waitress_sg_cowboy_pl,cowboy,vaem,1,poinim negid vaem sa gu,NA,NA,poinim negid vaem sa gu,NA,193,Wed Apr 18 12:53:15 2018
514,extrapolation,unmarked,initial,sa,gu,ComplexPhrase_Testing,point_cowboy_sg_burglar_pl,burglar,tumbat,1,poinim vaem tumbat sa gu,NA,NA,poinim vaem tumbat sa gu,NA,194,Wed Apr 18 12:53:33 2018
514,extrapolation,unmarked,initial,sa,gu,ComplexPhrase_Testing,point_burglar_pl_cowboy_sg,NA,NA,,poinim tumbat sa vaem gu,NA,NA,poinim tumbat sa vaem gu,NA,195,Wed Apr 18 12:53:36 2018
514,extrapolation,unmarked,initial,sa,gu,ComplexPhrase_Testing,punch_burglar_sg_cowboy_pl,cowboy,vaem,1,straikim tumbat vaem sa gu,NA,NA,straikim tumbat vaem sa gu,NA,196,Wed Apr 18 12:53:43 2018
514,extrapolation,unmarked,initial,sa,gu,ComplexPhrase_Testing,waitress_two,NA,NA,,negid sa,NA,NA,negid sa,NA,197,Wed Apr 18 12:53:45 2018
514,extrapolation,unmarked,initial,sa,gu,ComplexPhrase_Testing,point_burglar_sg_waitress_pl,waitress,negid,1,poinim tumbat negid sa gu,NA,NA,poinim tumbat negid sa gu,NA,198,Wed Apr 18 12:53:51 2018
514,extrapolation,unmarked,initial,sa,gu,ComplexPhrase_Testing,cowboy,NA,NA,,vaem,NA,NA,vaem,NA,199,Wed Apr 18 12:53:53 2018
514,extrapolation,unmarked,initial,sa,gu,ComplexPhrase_Testing,chef,NA,NA,,nork,NA,NA,nork,NA,200,Wed Apr 18 12:53:56 2018
514,extrapolation,unmarked,initial,sa,gu,ComplexPhrase_Testing,punch_waitress_sg_chef_pl,chef,nork,1,straikim negid nork sa gu,NA,NA,straikim negid nork sa gu,NA,201,Wed Apr 18 12:54:02 2018
514,extrapolation,unmarked,initial,sa,gu,ComplexPhrase_Testing,point_burglar_sg_waitress_pl,waitress,negid,1,poinim tumbat negid sa gu,NA,NA,poinim tumbat nork sa gu,NA,202,Wed Apr 18 12:54:06 2018
514,extrapolation,unmarked,initial,sa,gu,ComplexPhrase_Testing,punch_burglar_sg_waitress_sg,NA,NA,,straikim tumbat negid gu,NA,NA,straikim tumbat negid gu,NA,203,Wed Apr 18 12:54:13 2018
514,extrapolation,unmarked,initial,sa,gu,ComplexPhrase_Testing,chef_three,NA,NA,,nork sa,NA,NA,nork sa,NA,204,Wed Apr 18 12:54:19 2018
514,extrapolation,unmarked,initial,sa,gu,ComplexPhrase_Testing,punch_burglar_sg_chef_pl,chef,nork,1,straikim tumbat nork sa gu,NA,NA,straikim tumbat nork sa gu,NA,205,Wed Apr 18 12:54:27 2018
514,extrapolation,unmarked,initial,sa,gu,ComplexPhrase_Testing,point_burglar_sg_chef_pl,chef,nork,1,poinim tumbat nork sa gu,NA,NA,poinim tumbat nork sa gu,NA,206,Wed Apr 18 12:54:31 2018
514,extrapolation,unmarked,initial,sa,gu,ComplexPhrase_Testing,point_waitress_pl_cowboy_sg,NA,NA,,poinim negid sa vaem gu,NA,NA,poinim negid sa vaem gu,NA,207,Wed Apr 18 12:54:34 2018
514,extrapolation,unmarked,initial,sa,gu,ComplexPhrase_Testing,punch_burglar_sg_chef_pl,chef,nork,1,straikim tumbat nork sa gu,NA,NA,straikim tumbat nork sa gu,NA,208,Wed Apr 18 12:54:41 2018
514,extrapolation,unmarked,initial,sa,gu,ComplexPhrase_Testing,punch_chef_pl_waitress_sg,NA,NA,,straikim nork sa negid gu,NA,NA,straikim nork sa negid gu,NA,209,Wed Apr 18 12:54:43 2018
514,extrapolation,unmarked,initial,sa,gu,ComplexPhrase_Testing,punch_chef_sg_cowboy_sg,NA,NA,,straikim nork vaem gu,NA,NA,straikim nork vaem gu,NA,210,Wed Apr 18 12:54:51 2018
514,extrapolation,unmarked,initial,sa,gu,ComplexPhrase_Testing,point_waitress_sg_cowboy_pl,cowboy,NA,,poinim negid vaem sa gu,NA,NA,poinim negid vaem sa ,NA,211,Wed Apr 18 12:54:59 2018
514,extrapolation,unmarked,initial,sa,gu,ComplexPhrase_Testing,point_burglar_sg_chef_pl,chef,nork,1,poinim tumbat nork sa gu,NA,NA,poinim tumbat nork sa gu,NA,212,Wed Apr 18 12:55:09 2018
514,extrapolation,unmarked,initial,sa,gu,ComplexPhrase_Testing,kick_waitress_pl_burglar_sg,NA,NA,,kikim negid sa tumbat gu,NA,NA,kikim negid sa tumbat gu,NA,213,Wed Apr 18 12:55:15 2018
514,extrapolation,unmarked,initial,sa,gu,ComplexPhrase_Testing,punch_waitress_sg_burglar_sg,NA,NA,,straikim negid tumbat gu,NA,NA,straikim negid tumbat gu,NA,214,Wed Apr 18 12:55:21 2018
514,extrapolation,unmarked,initial,sa,gu,ComplexPhrase_Testing,kick_burglar_sg_chef_sg,NA,NA,,kikim tumbat nork gu,NA,NA,kikim tumbat nork gu,NA,215,Wed Apr 18 12:55:29 2018
514,extrapolation,unmarked,initial,sa,gu,ComplexPhrase_Testing,point_chef_sg_waitress_pl,waitress,negid,1,poinim nork negid sa gu,NA,NA,poinim nork negid sa gu,NA,216,Wed Apr 18 12:55:35 2018
514,extrapolation,unmarked,initial,sa,gu,ComplexPhrase_Testing,punch_burglar_sg_waitress_pl,waitress,negid,1,straikim tumbat negid sa gu,NA,NA,straikim tumbat negid sa gu,NA,217,Wed Apr 18 12:55:39 2018
514,extrapolation,unmarked,initial,sa,gu,ComplexPhrase_Testing,burglar,NA,NA,,tumbat,NA,NA,tumbat,NA,218,Wed Apr 18 12:55:41 2018
514,extrapolation,unmarked,initial,sa,gu,ComplexPhrase_Testing,point_cowboy_sg_waitress_pl,waitress,negid,1,poinim vaem negid sa gu,NA,NA,poinim vaem negid sa gu,NA,219,Wed Apr 18 12:55:46 2018
514,extrapolation,unmarked,initial,sa,gu,ComplexPhrase_Testing,punch_waitress_sg_chef_pl,chef,nork,1,straikim negid nork sa gu,NA,NA,straikim negid nork sa gu,NA,220,Wed Apr 18 12:55:49 2018
514,extrapolation,unmarked,initial,sa,gu,ComplexPhrase_Testing,chef_two,NA,NA,,nork sa,NA,NA,nork sa,NA,221,Wed Apr 18 12:55:51 2018
514,extrapolation,unmarked,initial,sa,gu,ComplexPhrase_Testing,punch_burglar_sg_cowboy_pl,cowboy,vaem,1,straikim tumbat vaem sa gu,NA,NA,straikim tumbat vaem sa gu,NA,222,Wed Apr 18 12:55:57 2018
514,extrapolation,unmarked,initial,sa,gu,ComplexPhrase_Testing,point_cowboy_sg_waitress_pl,waitress,negid,1,poinim vaem negid sa gu,NA,NA,poinim vaem negid sa gu,NA,223,Wed Apr 18 12:56:01 2018
514,extrapolation,unmarked,initial,sa,gu,ComplexPhrase_Testing,burglar_two,NA,NA,,tumbat sa,NA,NA,tumbat sa,NA,224,Wed Apr 18 12:56:04 2018
514,extrapolation,unmarked,initial,sa,gu,ComplexPhrase_Testing,punch_waitress_sg_chef_pl,chef,nork,1,straikim negid nork sa gu,NA,NA,straikim negid nork sa gu,NA,225,Wed Apr 18 12:56:09 2018
514,extrapolation,unmarked,initial,sa,gu,ComplexPhrase_Testing,point_burglar_sg_waitress_pl,waitress,negid,1,poinim tumbat negid sa gu,NA,NA,poinim tumbat negid sa gu,NA,226,Wed Apr 18 12:56:13 2018
514,extrapolation,unmarked,initial,sa,gu,ComplexPhrase_Testing,kick_cowboy_sg_burglar_pl,burglar,tumbat,1,kikim vaem tumbat sa gu,NA,NA,kikim vaem tumbat sa gu,NA,227,Wed Apr 18 12:56:16 2018
514,extrapolation,unmarked,initial,sa,gu,ComplexPhrase_Testing,punch_burglar_sg_cowboy_pl,cowboy,vaem,1,straikim tumbat vaem sa gu,NA,NA,straikim tumbat vaem sa gu,NA,228,Wed Apr 18 12:56:21 2018
514,extrapolation,unmarked,initial,sa,gu,ComplexPhrase_Testing,punch_burglar_sg_waitress_pl,waitress,negid,1,straikim tumbat negid sa gu,NA,NA,straikim tumbat negid sa gu,NA,229,Wed Apr 18 12:56:24 2018
514,extrapolation,unmarked,initial,sa,gu,ComplexPhrase_Testing,point_waitress_sg_cowboy_pl,cowboy,vaem,1,poinim negid vaem sa gu,NA,NA,poinim negid vaem sa gu,NA,230,Wed Apr 18 12:56:28 2018
514,extrapolation,unmarked,initial,sa,gu,Questionnaire,NA,NA,NA,,NA,NA,NA,,many,MeaningNum,Wed Apr 18 12:57:12 2018
514,extrapolation,unmarked,initial,sa,gu,Questionnaire,NA,NA,NA,,NA,NA,NA,,subject of action,MeaningCase,Wed Apr 18 12:57:12 2018
514,extrapolation,unmarked,initial,sa,gu,Questionnaire,NA,NA,NA,,NA,NA,NA,,after,OrderNumNoun,Wed Apr 18 12:57:12 2018
514,extrapolation,unmarked,initial,sa,gu,Questionnaire,NA,NA,NA,,NA,NA,NA,,after,OrderCaseNoun,Wed Apr 18 12:57:12 2018
514,extrapolation,unmarked,initial,sa,gu,Questionnaire,NA,NA,NA,,NA,NA,NA,,english swedish french,Languages,Wed Apr 18 12:57:12 2018