ID,Condition,MajorityOrder,NounPosition,markerNum,markerCase,Phase,Meaning,NounItem,Noun,binaryResp,InputSentence,Selection,TypedResponse,SpokenResponse,AnswerQuest,Trial,date&time
518,extrapolation,unmarked,initial,ti,gu,Noun_Training,cowboy,NA,NA,,vaem,NA,NA,,NA,1,Thu Apr 26 13:32:24 2018
518,extrapolation,unmarked,initial,ti,gu,Noun_Training,cowboy,NA,NA,,vaem,NA,NA,,NA,2,Thu Apr 26 13:32:29 2018
518,extrapolation,unmarked,initial,ti,gu,Noun_Training,chef,NA,NA,,nork,NA,NA,,NA,3,Thu Apr 26 13:32:34 2018
518,extrapolation,unmarked,initial,ti,gu,Noun_Training,burglar,NA,NA,,negid,NA,NA,,NA,4,Thu Apr 26 13:32:39 2018
518,extrapolation,unmarked,initial,ti,gu,Noun_Training,waitress,NA,NA,,tumbat,NA,NA,,NA,5,Thu Apr 26 13:32:44 2018
518,extrapolation,unmarked,initial,ti,gu,Noun_Training,waitress,NA,NA,,tumbat,NA,NA,,NA,6,Thu Apr 26 13:32:48 2018
518,extrapolation,unmarked,initial,ti,gu,Noun_Training,cowboy,NA,NA,,vaem,NA,NA,,NA,7,Thu Apr 26 13:32:53 2018
518,extrapolation,unmarked,initial,ti,gu,Noun_Training,burglar,NA,NA,,negid,NA,NA,,NA,8,Thu Apr 26 13:32:58 2018
518,extrapolation,unmarked,initial,ti,gu,Noun_Training,burglar,NA,NA,,negid,NA,NA,,NA,9,Thu Apr 26 13:33:03 2018
518,extrapolation,unmarked,initial,ti,gu,Noun_Training,cowboy,NA,NA,,vaem,NA,NA,,NA,10,Thu Apr 26 13:33:08 2018
518,extrapolation,unmarked,initial,ti,gu,Noun_Training,waitress,NA,NA,,tumbat,NA,NA,,NA,11,Thu Apr 26 13:33:12 2018
518,extrapolation,unmarked,initial,ti,gu,Noun_Training,chef,NA,NA,,nork,NA,NA,,NA,12,Thu Apr 26 13:33:17 2018
518,extrapolation,unmarked,initial,ti,gu,Noun_Training,waitress,NA,NA,,tumbat,NA,NA,,NA,13,Thu Apr 26 13:33:22 2018
518,extrapolation,unmarked,initial,ti,gu,Noun_Training,burglar,NA,NA,,negid,NA,NA,,NA,14,Thu Apr 26 13:33:27 2018
518,extrapolation,unmarked,initial,ti,gu,Noun_Training,chef,NA,NA,,nork,NA,NA,,NA,15,Thu Apr 26 13:33:32 2018
518,extrapolation,unmarked,initial,ti,gu,Noun_Training,waitress,NA,NA,,tumbat,NA,NA,,NA,16,Thu Apr 26 13:33:37 2018
518,extrapolation,unmarked,initial,ti,gu,Noun_Training,cowboy,NA,NA,,vaem,NA,NA,,NA,17,Thu Apr 26 13:33:42 2018
518,extrapolation,unmarked,initial,ti,gu,Noun_Training,cowboy,NA,NA,,vaem,NA,NA,,NA,18,Thu Apr 26 13:33:46 2018
518,extrapolation,unmarked,initial,ti,gu,Noun_Training,chef,NA,NA,,nork,NA,NA,,NA,19,Thu Apr 26 13:33:51 2018
518,extrapolation,unmarked,initial,ti,gu,Noun_Training,chef,NA,NA,,nork,NA,NA,,NA,20,Thu Apr 26 13:33:56 2018
518,extrapolation,unmarked,initial,ti,gu,Noun_Training,chef,NA,NA,,nork,NA,NA,,NA,21,Thu Apr 26 13:34:01 2018
518,extrapolation,unmarked,initial,ti,gu,Noun_Training,waitress,NA,NA,,tumbat,NA,NA,,NA,22,Thu Apr 26 13:34:06 2018
518,extrapolation,unmarked,initial,ti,gu,Noun_Training,burglar,NA,NA,,negid,NA,NA,,NA,23,Thu Apr 26 13:34:11 2018
518,extrapolation,unmarked,initial,ti,gu,Noun_Training,burglar,NA,NA,,negid,NA,NA,,NA,24,Thu Apr 26 13:34:16 2018
518,extrapolation,unmarked,initial,ti,gu,Noun_Selection,waitress,NA,NA,,tumbat,correct,NA,,NA,25,Thu Apr 26 13:34:37 2018
518,extrapolation,unmarked,initial,ti,gu,Noun_Selection,burglar,NA,NA,,negid,correct,NA,,NA,26,Thu Apr 26 13:34:42 2018
518,extrapolation,unmarked,initial,ti,gu,Noun_Selection,cowboy,NA,NA,,vaem,correct,NA,,NA,27,Thu Apr 26 13:34:45 2018
518,extrapolation,unmarked,initial,ti,gu,Noun_Selection,cowboy,NA,NA,,vaem,correct,NA,,NA,28,Thu Apr 26 13:34:48 2018
518,extrapolation,unmarked,initial,ti,gu,Noun_Selection,burglar,NA,NA,,negid,correct,NA,,NA,29,Thu Apr 26 13:34:53 2018
518,extrapolation,unmarked,initial,ti,gu,Noun_Selection,waitress,NA,NA,,tumbat,correct,NA,,NA,30,Thu Apr 26 13:34:56 2018
518,extrapolation,unmarked,initial,ti,gu,Noun_Selection,cowboy,NA,NA,,vaem,correct,NA,,NA,31,Thu Apr 26 13:35:00 2018
518,extrapolation,unmarked,initial,ti,gu,Noun_Selection,burglar,NA,NA,,negid,correct,NA,,NA,32,Thu Apr 26 13:35:04 2018
518,extrapolation,unmarked,initial,ti,gu,Noun_Selection,chef,NA,NA,,nork,correct,NA,,NA,33,Thu Apr 26 13:35:08 2018
518,extrapolation,unmarked,initial,ti,gu,Noun_Selection,chef,NA,NA,,nork,correct,NA,,NA,34,Thu Apr 26 13:35:11 2018
518,extrapolation,unmarked,initial,ti,gu,Noun_Selection,chef,NA,NA,,nork,correct,NA,,NA,35,Thu Apr 26 13:35:14 2018
518,extrapolation,unmarked,initial,ti,gu,Noun_Selection,waitress,NA,NA,,tumbat,correct,NA,,NA,36,Thu Apr 26 13:35:17 2018
518,extrapolation,unmarked,initial,ti,gu,Noun_Testing,chef,NA,NA,,nork,NA,NA,nork,NA,37,Thu Apr 26 13:35:38 2018
518,extrapolation,unmarked,initial,ti,gu,Noun_Testing,chef,NA,NA,,nork,NA,NA,nork,NA,38,Thu Apr 26 13:35:43 2018
518,extrapolation,unmarked,initial,ti,gu,Noun_Testing,cowboy,NA,NA,,vaem,NA,NA,vaem,NA,39,Thu Apr 26 13:35:47 2018
518,extrapolation,unmarked,initial,ti,gu,Noun_Testing,burglar,NA,NA,,negid,NA,NA,negid,NA,40,Thu Apr 26 13:35:55 2018
518,extrapolation,unmarked,initial,ti,gu,Noun_Testing,burglar,NA,NA,,negid,NA,NA,negid,NA,41,Thu Apr 26 13:35:59 2018
518,extrapolation,unmarked,initial,ti,gu,Noun_Testing,cowboy,NA,NA,,vaem,NA,NA,vaem,NA,42,Thu Apr 26 13:36:03 2018
518,extrapolation,unmarked,initial,ti,gu,Noun_Testing,waitress,NA,NA,,tumbat,NA,NA,tumbat,NA,43,Thu Apr 26 13:36:07 2018
518,extrapolation,unmarked,initial,ti,gu,Noun_Testing,burglar,NA,NA,,negid,NA,NA,negid,NA,44,Thu Apr 26 13:36:11 2018
518,extrapolation,unmarked,initial,ti,gu,Noun_Testing,chef,NA,NA,,nork,NA,NA,nork,NA,45,Thu Apr 26 13:36:14 2018
518,extrapolation,unmarked,initial,ti,gu,Noun_Testing,waitress,NA,NA,,tumbat,NA,NA,tumbat,NA,46,Thu Apr 26 13:36:18 2018
518,extrapolation,unmarked,initial,ti,gu,Noun_Testing,cowboy,NA,NA,,vaem,NA,NA,vaem,NA,47,Thu Apr 26 13:36:22 2018
518,extrapolation,unmarked,initial,ti,gu,Noun_Testing,waitress,NA,NA,,tumbat,NA,NA,tumbat,NA,48,Thu Apr 26 13:36:28 2018
518,extrapolation,unmarked,initial,ti,gu,SimplePhrase_Training,point_burglar_pl_cowboy_sg,NA,NA,,poinim negid ti vaem gu,NA,NA,,NA,49,Thu Apr 26 13:37:04 2018
518,extrapolation,unmarked,initial,ti,gu,SimplePhrase_Training,point_burglar_pl_chef_sg,NA,NA,,poinim negid ti nork gu,NA,NA,,NA,50,Thu Apr 26 13:37:11 2018
518,extrapolation,unmarked,initial,ti,gu,SimplePhrase_Training,kick_cowboy_sg_chef_sg,NA,NA,,kikim vaem nork gu,NA,NA,,NA,51,Thu Apr 26 13:37:18 2018
518,extrapolation,unmarked,initial,ti,gu,SimplePhrase_Training,punch_chef_pl_waitress_sg,NA,NA,,straikim nork ti tumbat gu,NA,NA,,NA,52,Thu Apr 26 13:37:26 2018
518,extrapolation,unmarked,initial,ti,gu,SimplePhrase_Training,kick_cowboy_sg_waitress_sg,NA,NA,,kikim vaem tumbat gu,NA,NA,,NA,53,Thu Apr 26 13:37:33 2018
518,extrapolation,unmarked,initial,ti,gu,SimplePhrase_Training,kick_chef_pl_burglar_sg,NA,NA,,kikim nork ti negid gu,NA,NA,,NA,54,Thu Apr 26 13:37:41 2018
518,extrapolation,unmarked,initial,ti,gu,SimplePhrase_Training,cowboy,NA,NA,,vaem,NA,NA,,NA,55,Thu Apr 26 13:37:45 2018
518,extrapolation,unmarked,initial,ti,gu,SimplePhrase_Training,point_burglar_pl_waitress_sg,NA,NA,,poinim negid ti tumbat gu,NA,NA,,NA,56,Thu Apr 26 13:37:53 2018
518,extrapolation,unmarked,initial,ti,gu,SimplePhrase_Training,waitress_three,NA,NA,,tumbat ti,NA,NA,,NA,57,Thu Apr 26 13:37:58 2018
518,extrapolation,unmarked,initial,ti,gu,SimplePhrase_Training,waitress_four,NA,NA,,tumbat ti,NA,NA,,NA,58,Thu Apr 26 13:38:03 2018
518,extrapolation,unmarked,initial,ti,gu,SimplePhrase_Training,kick_burglar_pl_chef_sg,NA,NA,,kikim negid ti nork gu,NA,NA,,NA,59,Thu Apr 26 13:38:10 2018
518,extrapolation,unmarked,initial,ti,gu,SimplePhrase_Training,punch_waitress_sg_burglar_sg,NA,NA,,straikim tumbat negid gu,NA,NA,,NA,60,Thu Apr 26 13:38:18 2018
518,extrapolation,unmarked,initial,ti,gu,SimplePhrase_Training,chef,NA,NA,,nork,NA,NA,,NA,61,Thu Apr 26 13:38:23 2018
518,extrapolation,unmarked,initial,ti,gu,SimplePhrase_Training,punch_waitress_pl_chef_sg,NA,NA,,straikim tumbat ti nork gu,NA,NA,,NA,62,Thu Apr 26 13:38:31 2018
518,extrapolation,unmarked,initial,ti,gu,SimplePhrase_Training,point_waitress_sg_burglar_sg,NA,NA,,poinim tumbat negid gu,NA,NA,,NA,63,Thu Apr 26 13:38:38 2018
518,extrapolation,unmarked,initial,ti,gu,SimplePhrase_Training,chef_three,NA,NA,,nork ti,NA,NA,,NA,64,Thu Apr 26 13:38:43 2018
518,extrapolation,unmarked,initial,ti,gu,SimplePhrase_Training,waitress,NA,NA,,tumbat,NA,NA,,NA,65,Thu Apr 26 13:38:48 2018
518,extrapolation,unmarked,initial,ti,gu,SimplePhrase_Training,chef_three,NA,NA,,nork ti,NA,NA,,NA,66,Thu Apr 26 13:38:53 2018
518,extrapolation,unmarked,initial,ti,gu,SimplePhrase_Training,punch_burglar_sg_waitress_sg,NA,NA,,straikim negid tumbat gu,NA,NA,,NA,67,Thu Apr 26 13:39:00 2018
518,extrapolation,unmarked,initial,ti,gu,SimplePhrase_Training,kick_burglar_pl_cowboy_sg,NA,NA,,kikim negid ti vaem gu,NA,NA,,NA,68,Thu Apr 26 13:39:08 2018
518,extrapolation,unmarked,initial,ti,gu,SimplePhrase_Training,cowboy_two,NA,NA,,vaem ti,NA,NA,,NA,69,Thu Apr 26 13:39:13 2018
518,extrapolation,unmarked,initial,ti,gu,SimplePhrase_Training,point_cowboy_pl_waitress_sg,NA,NA,,poinim vaem ti tumbat gu,NA,NA,,NA,70,Thu Apr 26 13:39:20 2018
518,extrapolation,unmarked,initial,ti,gu,SimplePhrase_Training,burglar_three,NA,NA,,negid ti,NA,NA,,NA,71,Thu Apr 26 13:39:26 2018
518,extrapolation,unmarked,initial,ti,gu,SimplePhrase_Training,punch_cowboy_pl_waitress_sg,NA,NA,,straikim vaem ti tumbat gu,NA,NA,,NA,72,Thu Apr 26 13:39:33 2018
518,extrapolation,unmarked,initial,ti,gu,SimplePhrase_Training,burglar_three,NA,NA,,negid ti,NA,NA,,NA,73,Thu Apr 26 13:39:38 2018
518,extrapolation,unmarked,initial,ti,gu,SimplePhrase_Training,burglar,NA,NA,,negid,NA,NA,,NA,74,Thu Apr 26 13:39:43 2018
518,extrapolation,unmarked,initial,ti,gu,SimplePhrase_Training,punch_chef_sg_burglar_sg,NA,NA,,straikim nork negid gu,NA,NA,,NA,75,Thu Apr 26 13:39:51 2018
518,extrapolation,unmarked,initial,ti,gu,SimplePhrase_Training,burglar,NA,NA,,negid,NA,NA,,NA,76,Thu Apr 26 13:39:55 2018
518,extrapolation,unmarked,initial,ti,gu,SimplePhrase_Training,punch_cowboy_pl_chef_sg,NA,NA,,straikim vaem ti nork gu,NA,NA,,NA,77,Thu Apr 26 13:40:03 2018
518,extrapolation,unmarked,initial,ti,gu,SimplePhrase_Training,waitress_three,NA,NA,,tumbat ti,NA,NA,,NA,78,Thu Apr 26 13:40:08 2018
518,extrapolation,unmarked,initial,ti,gu,SimplePhrase_Training,waitress_two,NA,NA,,tumbat ti,NA,NA,,NA,79,Thu Apr 26 13:40:13 2018
518,extrapolation,unmarked,initial,ti,gu,SimplePhrase_Training,cowboy_three,NA,NA,,vaem ti,NA,NA,,NA,80,Thu Apr 26 13:40:18 2018
518,extrapolation,unmarked,initial,ti,gu,SimplePhrase_Training,punch_cowboy_sg_burglar_sg,NA,NA,,straikim vaem negid gu,NA,NA,,NA,81,Thu Apr 26 13:40:26 2018
518,extrapolation,unmarked,initial,ti,gu,SimplePhrase_Training,burglar_four,NA,NA,,negid ti,NA,NA,,NA,82,Thu Apr 26 13:40:31 2018
518,extrapolation,unmarked,initial,ti,gu,SimplePhrase_Training,burglar_four,NA,NA,,negid ti,NA,NA,,NA,83,Thu Apr 26 13:40:36 2018
518,extrapolation,unmarked,initial,ti,gu,SimplePhrase_Training,kick_chef_sg_cowboy_sg,NA,NA,,kikim nork vaem gu,NA,NA,,NA,84,Thu Apr 26 13:40:43 2018
518,extrapolation,unmarked,initial,ti,gu,SimplePhrase_Training,waitress,NA,NA,,tumbat,NA,NA,,NA,85,Thu Apr 26 13:40:48 2018
518,extrapolation,unmarked,initial,ti,gu,SimplePhrase_Training,punch_chef_pl_cowboy_sg,NA,NA,,straikim nork ti vaem gu,NA,NA,,NA,86,Thu Apr 26 13:40:56 2018
518,extrapolation,unmarked,initial,ti,gu,SimplePhrase_Training,burglar_two,NA,NA,,negid ti,NA,NA,,NA,87,Thu Apr 26 13:41:01 2018
518,extrapolation,unmarked,initial,ti,gu,SimplePhrase_Training,chef_four,NA,NA,,nork ti,NA,NA,,NA,88,Thu Apr 26 13:41:06 2018
518,extrapolation,unmarked,initial,ti,gu,SimplePhrase_Training,point_waitress_sg_cowboy_sg,NA,NA,,poinim tumbat vaem gu,NA,NA,,NA,89,Thu Apr 26 13:41:13 2018
518,extrapolation,unmarked,initial,ti,gu,SimplePhrase_Training,punch_burglar_sg_cowboy_sg,NA,NA,,straikim negid vaem gu,NA,NA,,NA,90,Thu Apr 26 13:41:21 2018
518,extrapolation,unmarked,initial,ti,gu,SimplePhrase_Training,kick_waitress_sg_chef_sg,NA,NA,,kikim tumbat nork gu,NA,NA,,NA,91,Thu Apr 26 13:41:28 2018
518,extrapolation,unmarked,initial,ti,gu,SimplePhrase_Training,cowboy_four,NA,NA,,vaem ti,NA,NA,,NA,92,Thu Apr 26 13:41:33 2018
518,extrapolation,unmarked,initial,ti,gu,SimplePhrase_Training,punch_burglar_pl_chef_sg,NA,NA,,straikim negid ti nork gu,NA,NA,,NA,93,Thu Apr 26 13:41:41 2018
518,extrapolation,unmarked,initial,ti,gu,SimplePhrase_Training,chef_four,NA,NA,,nork ti,NA,NA,,NA,94,Thu Apr 26 13:41:46 2018
518,extrapolation,unmarked,initial,ti,gu,SimplePhrase_Training,point_waitress_pl_chef_sg,NA,NA,,poinim tumbat ti nork gu,NA,NA,,NA,95,Thu Apr 26 13:41:53 2018
518,extrapolation,unmarked,initial,ti,gu,SimplePhrase_Training,chef,NA,NA,,nork,NA,NA,,NA,96,Thu Apr 26 13:41:58 2018
518,extrapolation,unmarked,initial,ti,gu,SimplePhrase_Training,kick_cowboy_sg_burglar_sg,NA,NA,,kikim vaem negid gu,NA,NA,,NA,97,Thu Apr 26 13:42:06 2018
518,extrapolation,unmarked,initial,ti,gu,SimplePhrase_Training,cowboy,NA,NA,,vaem,NA,NA,,NA,98,Thu Apr 26 13:42:10 2018
518,extrapolation,unmarked,initial,ti,gu,SimplePhrase_Training,point_cowboy_pl_chef_sg,NA,NA,,poinim vaem ti nork gu,NA,NA,,NA,99,Thu Apr 26 13:42:18 2018
518,extrapolation,unmarked,initial,ti,gu,SimplePhrase_Training,point_chef_sg_cowboy_sg,NA,NA,,poinim nork vaem gu,NA,NA,,NA,100,Thu Apr 26 13:42:25 2018
518,extrapolation,unmarked,initial,ti,gu,SimplePhrase_Training,kick_waitress_sg_burglar_sg,NA,NA,,kikim tumbat negid gu,NA,NA,,NA,101,Thu Apr 26 13:42:33 2018
518,extrapolation,unmarked,initial,ti,gu,SimplePhrase_Training,kick_waitress_pl_cowboy_sg,NA,NA,,kikim tumbat ti vaem gu,NA,NA,,NA,102,Thu Apr 26 13:42:40 2018
518,extrapolation,unmarked,initial,ti,gu,SimplePhrase_Training,kick_chef_pl_waitress_sg,NA,NA,,kikim nork ti tumbat gu,NA,NA,,NA,103,Thu Apr 26 13:42:48 2018
518,extrapolation,unmarked,initial,ti,gu,SimplePhrase_Training,point_chef_sg_burglar_sg,NA,NA,,poinim nork negid gu,NA,NA,,NA,104,Thu Apr 26 13:42:55 2018
518,extrapolation,unmarked,initial,ti,gu,SimplePhrase_Training,chef_two,NA,NA,,nork ti,NA,NA,,NA,105,Thu Apr 26 13:43:00 2018
518,extrapolation,unmarked,initial,ti,gu,SimplePhrase_Training,point_cowboy_sg_burglar_sg,NA,NA,,poinim vaem negid gu,NA,NA,,NA,106,Thu Apr 26 13:43:07 2018
518,extrapolation,unmarked,initial,ti,gu,SimplePhrase_Training,kick_burglar_sg_waitress_sg,NA,NA,,kikim negid tumbat gu,NA,NA,,NA,107,Thu Apr 26 13:43:14 2018
518,extrapolation,unmarked,initial,ti,gu,SimplePhrase_Training,point_chef_pl_waitress_sg,NA,NA,,poinim nork ti tumbat gu,NA,NA,,NA,108,Thu Apr 26 13:43:22 2018
518,extrapolation,unmarked,initial,ti,gu,SimplePhrase_Training,cowboy_two,NA,NA,,vaem ti,NA,NA,,NA,109,Thu Apr 26 13:43:27 2018
518,extrapolation,unmarked,initial,ti,gu,SimplePhrase_Training,punch_waitress_sg_cowboy_sg,NA,NA,,straikim tumbat vaem gu,NA,NA,,NA,110,Thu Apr 26 13:43:35 2018
518,extrapolation,unmarked,initial,ti,gu,SimplePhrase_Comprehension,kick_waitress_sg_cowboy_sg,NA,NA,,kikim tumbat vaem gu,correct,NA,,NA,111,Thu Apr 26 13:44:01 2018
518,extrapolation,unmarked,initial,ti,gu,SimplePhrase_Comprehension,chef_three,NA,NA,,nork ti,correct,NA,,NA,112,Thu Apr 26 13:44:07 2018
518,extrapolation,unmarked,initial,ti,gu,SimplePhrase_Comprehension,point_chef_pl_burglar_sg,NA,NA,,poinim nork ti negid gu,correct,NA,,NA,113,Thu Apr 26 13:44:14 2018
518,extrapolation,unmarked,initial,ti,gu,SimplePhrase_Comprehension,burglar_two,NA,NA,,negid ti,correct,NA,,NA,114,Thu Apr 26 13:44:18 2018
518,extrapolation,unmarked,initial,ti,gu,SimplePhrase_Comprehension,point_waitress_pl_cowboy_sg,NA,NA,,poinim tumbat ti vaem gu,correct,NA,,NA,115,Thu Apr 26 13:44:28 2018
518,extrapolation,unmarked,initial,ti,gu,SimplePhrase_Comprehension,punch_chef_sg_cowboy_sg,NA,NA,,straikim nork vaem gu,correct,NA,,NA,116,Thu Apr 26 13:44:37 2018
518,extrapolation,unmarked,initial,ti,gu,SimplePhrase_Comprehension,kick_cowboy_pl_chef_sg,NA,NA,,kikim vaem ti nork gu,correct,NA,,NA,117,Thu Apr 26 13:44:47 2018
518,extrapolation,unmarked,initial,ti,gu,SimplePhrase_Comprehension,cowboy_three,NA,NA,,vaem ti,correct,NA,,NA,118,Thu Apr 26 13:44:52 2018
518,extrapolation,unmarked,initial,ti,gu,SimplePhrase_Comprehension,waitress_two,NA,NA,,tumbat ti,correct,NA,,NA,119,Thu Apr 26 13:44:56 2018
518,extrapolation,unmarked,initial,ti,gu,SimplePhrase_Comprehension,punch_waitress_pl_burglar_sg,NA,NA,,straikim tumbat ti negid gu,correct,NA,,NA,120,Thu Apr 26 13:45:03 2018
518,extrapolation,unmarked,initial,ti,gu,SimplePhrase_Comprehension,waitress_four,NA,NA,,tumbat ti,correct,NA,,NA,121,Thu Apr 26 13:45:07 2018
518,extrapolation,unmarked,initial,ti,gu,SimplePhrase_Comprehension,point_chef_pl_cowboy_sg,NA,NA,,poinim nork ti vaem gu,correct,NA,,NA,122,Thu Apr 26 13:45:15 2018
518,extrapolation,unmarked,initial,ti,gu,SimplePhrase_Comprehension,cowboy,NA,NA,,vaem,correct,NA,,NA,123,Thu Apr 26 13:45:18 2018
518,extrapolation,unmarked,initial,ti,gu,SimplePhrase_Comprehension,kick_burglar_sg_chef_sg,NA,NA,,kikim negid nork gu,correct,NA,,NA,124,Thu Apr 26 13:45:28 2018
518,extrapolation,unmarked,initial,ti,gu,SimplePhrase_Comprehension,punch_chef_sg_waitress_sg,NA,NA,,straikim nork tumbat gu,correct,NA,,NA,125,Thu Apr 26 13:45:34 2018
518,extrapolation,unmarked,initial,ti,gu,SimplePhrase_Comprehension,punch_waitress_sg_chef_sg,NA,NA,,straikim tumbat nork gu,correct,NA,,NA,126,Thu Apr 26 13:45:40 2018
518,extrapolation,unmarked,initial,ti,gu,SimplePhrase_Comprehension,waitress_three,NA,NA,,tumbat ti,correct,NA,,NA,127,Thu Apr 26 13:45:44 2018
518,extrapolation,unmarked,initial,ti,gu,SimplePhrase_Comprehension,kick_chef_sg_burglar_sg,NA,NA,,kikim nork negid gu,correct,NA,,NA,128,Thu Apr 26 13:45:54 2018
518,extrapolation,unmarked,initial,ti,gu,SimplePhrase_Comprehension,waitress,NA,NA,,tumbat,correct,NA,,NA,129,Thu Apr 26 13:45:58 2018
518,extrapolation,unmarked,initial,ti,gu,SimplePhrase_Comprehension,cowboy_two,NA,NA,,vaem ti,correct,NA,,NA,130,Thu Apr 26 13:46:02 2018
518,extrapolation,unmarked,initial,ti,gu,SimplePhrase_Comprehension,punch_waitress_pl_cowboy_sg,NA,NA,,straikim tumbat ti vaem gu,correct,NA,,NA,131,Thu Apr 26 13:46:08 2018
518,extrapolation,unmarked,initial,ti,gu,SimplePhrase_Comprehension,burglar,NA,NA,,negid,correct,NA,,NA,132,Thu Apr 26 13:46:12 2018
518,extrapolation,unmarked,initial,ti,gu,SimplePhrase_Comprehension,chef,NA,NA,,nork,correct,NA,,NA,133,Thu Apr 26 13:46:16 2018
518,extrapolation,unmarked,initial,ti,gu,SimplePhrase_Comprehension,point_burglar_sg_chef_sg,NA,NA,,poinim negid nork gu,correct,NA,,NA,134,Thu Apr 26 13:46:22 2018
518,extrapolation,unmarked,initial,ti,gu,SimplePhrase_Comprehension,punch_cowboy_pl_burglar_sg,NA,NA,,straikim vaem ti negid gu,correct,NA,,NA,135,Thu Apr 26 13:46:30 2018
518,extrapolation,unmarked,initial,ti,gu,SimplePhrase_Comprehension,point_cowboy_sg_waitress_sg,NA,NA,,poinim vaem tumbat gu,correct,NA,,NA,136,Thu Apr 26 13:46:35 2018
518,extrapolation,unmarked,initial,ti,gu,SimplePhrase_Comprehension,kick_cowboy_pl_waitress_sg,NA,NA,,kikim vaem ti tumbat gu,correct,NA,,NA,137,Thu Apr 26 13:46:41 2018
518,extrapolation,unmarked,initial,ti,gu,SimplePhrase_Comprehension,chef_four,NA,NA,,nork ti,correct,NA,,NA,138,Thu Apr 26 13:46:45 2018
518,extrapolation,unmarked,initial,ti,gu,SimplePhrase_Comprehension,burglar_four,NA,NA,,negid ti,correct,NA,,NA,139,Thu Apr 26 13:46:50 2018
518,extrapolation,unmarked,initial,ti,gu,SimplePhrase_Comprehension,punch_burglar_sg_chef_sg,NA,NA,,straikim negid nork gu,correct,NA,,NA,140,Thu Apr 26 13:46:57 2018
518,extrapolation,unmarked,initial,ti,gu,SimplePhrase_Comprehension,point_waitress_sg_chef_sg,NA,NA,,poinim tumbat nork gu,correct,NA,,NA,141,Thu Apr 26 13:47:03 2018
518,extrapolation,unmarked,initial,ti,gu,SimplePhrase_Comprehension,chef_two,NA,NA,,nork ti,correct,NA,,NA,142,Thu Apr 26 13:47:08 2018
518,extrapolation,unmarked,initial,ti,gu,SimplePhrase_Comprehension,kick_burglar_pl_waitress_sg,NA,NA,,kikim negid ti tumbat gu,correct,NA,,NA,143,Thu Apr 26 13:47:13 2018
518,extrapolation,unmarked,initial,ti,gu,SimplePhrase_Comprehension,point_waitress_pl_burglar_sg,NA,NA,,poinim tumbat ti negid gu,correct,NA,,NA,144,Thu Apr 26 13:47:19 2018
518,extrapolation,unmarked,initial,ti,gu,SimplePhrase_Typing,point_burglar_pl_chef_sg,NA,NA,,poinim negid ti nork gu,NA,poinim negid ti nork gu,,NA,145,Thu Apr 26 13:48:07 2018
518,extrapolation,unmarked,initial,ti,gu,SimplePhrase_Typing,kick_burglar_pl_chef_sg,NA,NA,,kikim negid ti nork gu,NA,kikim negid ti nork gu,,NA,146,Thu Apr 26 13:48:21 2018
518,extrapolation,unmarked,initial,ti,gu,SimplePhrase_Typing,waitress_two,NA,NA,,tumbat ti,NA,tumbat ti,,NA,147,Thu Apr 26 13:48:32 2018
518,extrapolation,unmarked,initial,ti,gu,SimplePhrase_Typing,point_waitress_sg_cowboy_sg,NA,NA,,poinim tumbat vaem gu,NA,poinim tumbat vaem gu,,NA,148,Thu Apr 26 13:48:46 2018
518,extrapolation,unmarked,initial,ti,gu,SimplePhrase_Typing,point_chef_sg_cowboy_sg,NA,NA,,poinim nork vaem gu,NA,poinim nork vaem gu,,NA,149,Thu Apr 26 13:48:57 2018
518,extrapolation,unmarked,initial,ti,gu,SimplePhrase_Typing,cowboy_four,NA,NA,,vaem ti,NA,vaem ti,,NA,150,Thu Apr 26 13:49:04 2018
518,extrapolation,unmarked,initial,ti,gu,SimplePhrase_Typing,punch_cowboy_pl_waitress_sg,NA,NA,,straikim vaem ti tumbat gu,NA,straikim vaem ti tumbat gu,,NA,151,Thu Apr 26 13:49:18 2018
518,extrapolation,unmarked,initial,ti,gu,SimplePhrase_Typing,cowboy,NA,NA,,vaem,NA,vaem,,NA,152,Thu Apr 26 13:49:24 2018
518,extrapolation,unmarked,initial,ti,gu,SimplePhrase_Typing,kick_cowboy_sg_chef_sg,NA,NA,,kikim vaem nork gu,NA,kikim vaem nork gu,,NA,153,Thu Apr 26 13:49:35 2018
518,extrapolation,unmarked,initial,ti,gu,SimplePhrase_Typing,punch_cowboy_sg_burglar_sg,NA,NA,,straikim vaem negid gu,NA,straikim vaem negid gu,,NA,154,Thu Apr 26 13:49:47 2018
518,extrapolation,unmarked,initial,ti,gu,SimplePhrase_Typing,burglar,NA,NA,,negid,NA,negid,,NA,155,Thu Apr 26 13:49:53 2018
518,extrapolation,unmarked,initial,ti,gu,SimplePhrase_Typing,chef,NA,NA,,nork,NA,nork,,NA,156,Thu Apr 26 13:49:59 2018
518,extrapolation,unmarked,initial,ti,gu,SimplePhrase_Typing,kick_waitress_pl_cowboy_sg,NA,NA,,kikim tumbat ti vaem gu,NA,kikim tumbat ti vaem gu,,NA,157,Thu Apr 26 13:50:11 2018
518,extrapolation,unmarked,initial,ti,gu,SimplePhrase_Typing,waitress_four,NA,NA,,tumbat ti,NA,tumbat ti,,NA,158,Thu Apr 26 13:50:19 2018
518,extrapolation,unmarked,initial,ti,gu,SimplePhrase_Typing,burglar_two,NA,NA,,negid ti,NA,negid ti,,NA,159,Thu Apr 26 13:50:27 2018
518,extrapolation,unmarked,initial,ti,gu,SimplePhrase_Typing,waitress,NA,NA,,tumbat,NA,tumbat,,NA,160,Thu Apr 26 13:50:36 2018
518,extrapolation,unmarked,initial,ti,gu,ComplexPhrase_Typing,punch_cowboy_sg_chef_pl,chef,nork,1,straikim vaem nork ti gu,NA,straikim vaem nork ti gu,,NA,161,Thu Apr 26 13:51:23 2018
518,extrapolation,unmarked,initial,ti,gu,ComplexPhrase_Typing,kick_chef_sg_waitress_pl,waitress,tumbat,1,kikim nork tumbat ti gu,NA,kikim nork tumbat ti gu,,NA,162,Thu Apr 26 13:51:40 2018
518,extrapolation,unmarked,initial,ti,gu,ComplexPhrase_Typing,point_cowboy_sg_chef_pl,chef,nork,1,poinim vaem nork ti gu,NA,poinim vaem nork ti gu,,NA,163,Thu Apr 26 13:52:05 2018
518,extrapolation,unmarked,initial,ti,gu,ComplexPhrase_Typing,kick_waitress_sg_chef_pl,chef,nork,1,kikim tumbat nork ti gu,NA,kikim tumbat nork gu ti,,NA,164,Thu Apr 26 13:52:36 2018
518,extrapolation,unmarked,initial,ti,gu,ComplexPhrase_Typing,kick_waitress_sg_chef_pl,chef,nork,1,kikim tumbat nork ti gu,NA,kikim tumbat nork ti gu,,NA,165,Thu Apr 26 13:52:48 2018
518,extrapolation,unmarked,initial,ti,gu,ComplexPhrase_Typing,kick_chef_sg_waitress_pl,waitress,tumbat,1,kikim nork tumbat ti gu,NA,kikim nork tumbat ti gu,,NA,166,Thu Apr 26 13:53:05 2018
518,extrapolation,unmarked,initial,ti,gu,ComplexPhrase_Typing,point_cowboy_sg_chef_pl,chef,nork,1,poinim vaem nork ti gu,NA,poinim vaem nork ti gu,,NA,167,Thu Apr 26 13:53:15 2018
518,extrapolation,unmarked,initial,ti,gu,ComplexPhrase_Typing,punch_cowboy_sg_chef_pl,chef,nork,1,straikim vaem nork ti gu,NA,straikim vaem nork ti gu,,NA,168,Thu Apr 26 13:53:24 2018
518,extrapolation,unmarked,initial,ti,gu,ComplexPhrase_Typing,kick_waitress_sg_chef_pl,chef,nork,1,kikim tumbat nork ti gu,NA,kikim tumbat nork ti gu,,NA,169,Thu Apr 26 13:53:33 2018
518,extrapolation,unmarked,initial,ti,gu,ComplexPhrase_Typing,point_cowboy_sg_chef_pl,chef,nork,1,poinim vaem nork ti gu,NA,poinim vaem nork ti gu,,NA,170,Thu Apr 26 13:53:40 2018
518,extrapolation,unmarked,initial,ti,gu,ComplexPhrase_Typing,punch_cowboy_sg_chef_pl,chef,nork,1,straikim vaem nork ti gu,NA,straikim vaem nork ti gu,,NA,171,Thu Apr 26 13:53:48 2018
518,extrapolation,unmarked,initial,ti,gu,ComplexPhrase_Typing,kick_chef_sg_waitress_pl,waitress,tumbat,1,kikim nork tumbat ti gu,NA,kikim nork tumbat ti gu,,NA,172,Thu Apr 26 13:53:57 2018
518,extrapolation,unmarked,initial,ti,gu,ComplexPhrase_Testing,punch_cowboy_sg_waitress_pl,waitress,tumbat,1,straikim vaem tumbat ti gu,NA,NA,straikim vaem tumbat ti gu,NA,173,Thu Apr 26 13:54:38 2018
518,extrapolation,unmarked,initial,ti,gu,ComplexPhrase_Testing,kick_waitress_sg_chef_pl,chef,nork,1,kikim tumbat nork ti gu,NA,NA,kikim tumbat nork ti gu,NA,174,Thu Apr 26 13:54:46 2018
518,extrapolation,unmarked,initial,ti,gu,ComplexPhrase_Testing,kick_chef_sg_burglar_sg,NA,NA,,kikim nork negid gu,NA,NA,kikim nork negid gu,NA,175,Thu Apr 26 13:54:53 2018
518,extrapolation,unmarked,initial,ti,gu,ComplexPhrase_Testing,burglar,NA,NA,,negid,NA,NA,negid,NA,176,Thu Apr 26 13:54:59 2018
518,extrapolation,unmarked,initial,ti,gu,ComplexPhrase_Testing,punch_cowboy_sg_burglar_sg,NA,NA,,straikim vaem negid gu,NA,NA,straikim vaem negid gu,NA,177,Thu Apr 26 13:55:06 2018
518,extrapolation,unmarked,initial,ti,gu,ComplexPhrase_Testing,point_cowboy_pl_burglar_sg,NA,NA,,poinim vaem ti negid gu,NA,NA,poinim vaem ti negid gu,NA,178,Thu Apr 26 13:55:15 2018
518,extrapolation,unmarked,initial,ti,gu,ComplexPhrase_Testing,point_chef_pl_waitress_sg,NA,NA,,poinim nork ti tumbat gu,NA,NA,poinim nork ti tumbat gu,NA,179,Thu Apr 26 13:55:25 2018
518,extrapolation,unmarked,initial,ti,gu,ComplexPhrase_Testing,chef_three,NA,NA,,nork ti,NA,NA,nork ti,NA,180,Thu Apr 26 13:55:32 2018
518,extrapolation,unmarked,initial,ti,gu,ComplexPhrase_Testing,point_burglar_sg_cowboy_pl,cowboy,vaem,1,poinim negid vaem ti gu,NA,NA,poinim negid vaem ti gu,NA,181,Thu Apr 26 13:55:45 2018
518,extrapolation,unmarked,initial,ti,gu,ComplexPhrase_Testing,kick_chef_sg_waitress_pl,waitress,tumbat,1,kikim nork tumbat ti gu,NA,NA,kikim nork tumbat ti gu,NA,182,Thu Apr 26 13:55:53 2018
518,extrapolation,unmarked,initial,ti,gu,ComplexPhrase_Testing,point_cowboy_sg_chef_pl,chef,nork,1,poinim vaem nork ti gu,NA,NA,poinim vaem nork ti gu,NA,183,Thu Apr 26 13:55:59 2018
518,extrapolation,unmarked,initial,ti,gu,ComplexPhrase_Testing,point_waitress_sg_chef_pl,chef,nork,1,poinim tumbat nork ti gu,NA,NA,poinim tumbat nork ti gu,NA,184,Thu Apr 26 13:56:06 2018
518,extrapolation,unmarked,initial,ti,gu,ComplexPhrase_Testing,kick_chef_pl_cowboy_sg,NA,NA,,kikim nork ti vaem gu,NA,NA,kikim nork ti vaem gu,NA,185,Thu Apr 26 13:56:14 2018
518,extrapolation,unmarked,initial,ti,gu,ComplexPhrase_Testing,kick_cowboy_sg_burglar_pl,burglar,negid,1,kikim vaem negid ti gu,NA,NA,kikim vaem negid ti gu,NA,186,Thu Apr 26 13:56:27 2018
518,extrapolation,unmarked,initial,ti,gu,ComplexPhrase_Testing,chef_two,NA,NA,,nork ti,NA,NA,nork ti,NA,187,Thu Apr 26 13:56:30 2018
518,extrapolation,unmarked,initial,ti,gu,ComplexPhrase_Testing,kick_burglar_sg_waitress_pl,waitress,tumbat,1,kikim negid tumbat ti gu,NA,NA,kikim negid tumbat ti gu,NA,188,Thu Apr 26 13:56:38 2018
518,extrapolation,unmarked,initial,ti,gu,ComplexPhrase_Testing,waitress,NA,NA,,tumbat,NA,NA,tumbat,NA,189,Thu Apr 26 13:56:40 2018
518,extrapolation,unmarked,initial,ti,gu,ComplexPhrase_Testing,point_waitress_sg_chef_pl,chef,nork,1,poinim tumbat nork ti gu,NA,NA,poinim tumbat nork ti gu,NA,190,Thu Apr 26 13:56:49 2018
518,extrapolation,unmarked,initial,ti,gu,ComplexPhrase_Testing,point_waitress_sg_burglar_pl,burglar,negid,1,poinim tumbat negid ti gu,NA,NA,poinim tumbat negid ti gu,NA,191,Thu Apr 26 13:56:54 2018
518,extrapolation,unmarked,initial,ti,gu,ComplexPhrase_Testing,kick_burglar_sg_waitress_pl,waitress,tumbat,1,kikim negid tumbat ti gu,NA,NA,kikim negid tumbat ti gu,NA,192,Thu Apr 26 13:57:01 2018
518,extrapolation,unmarked,initial,ti,gu,ComplexPhrase_Testing,point_burglar_sg_cowboy_pl,cowboy,vaem,1,poinim negid vaem ti gu,NA,NA,poinim negid vaem ti gu,NA,193,Thu Apr 26 13:57:09 2018
518,extrapolation,unmarked,initial,ti,gu,ComplexPhrase_Testing,kick_burglar_sg_cowboy_pl,cowboy,vaem,1,kikim negid vaem ti gu,NA,NA,kikim negid vaem ti gu,NA,194,Thu Apr 26 13:57:14 2018
518,extrapolation,unmarked,initial,ti,gu,ComplexPhrase_Testing,kick_burglar_sg_waitress_pl,waitress,tumbat,1,kikim negid tumbat ti gu,NA,NA,kikim … tumbat ti gu,NA,195,Thu Apr 26 13:57:21 2018
518,extrapolation,unmarked,initial,ti,gu,ComplexPhrase_Testing,punch_waitress_pl_burglar_sg,NA,NA,,straikim tumbat ti negid gu,NA,NA,straikim tumbat ti negid gu,NA,196,Thu Apr 26 13:57:26 2018
518,extrapolation,unmarked,initial,ti,gu,ComplexPhrase_Testing,point_chef_pl_cowboy_sg,NA,NA,,poinim nork ti vaem gu,NA,NA,poinim nork ti vaem gu,NA,197,Thu Apr 26 13:57:36 2018
518,extrapolation,unmarked,initial,ti,gu,ComplexPhrase_Testing,point_waitress_sg_burglar_pl,burglar,negid,1,poinim tumbat negid ti gu,NA,NA,poinim tumbat negid ti gu,NA,198,Thu Apr 26 13:57:46 2018
518,extrapolation,unmarked,initial,ti,gu,ComplexPhrase_Testing,kick_chef_sg_waitress_pl,waitress,tumbat,1,kikim nork tumbat ti gu,NA,NA,kikim nork tumbat ti gu,NA,199,Thu Apr 26 13:57:54 2018
518,extrapolation,unmarked,initial,ti,gu,ComplexPhrase_Testing,kick_waitress_sg_burglar_sg,NA,NA,,kikim tumbat negid gu,NA,NA,kikim tumbat negid gu,NA,200,Thu Apr 26 13:58:06 2018
518,extrapolation,unmarked,initial,ti,gu,ComplexPhrase_Testing,kick_waitress_sg_chef_pl,chef,nork,1,kikim tumbat nork ti gu,NA,NA,kikim tumbat nork ti gu,NA,201,Thu Apr 26 13:58:17 2018
518,extrapolation,unmarked,initial,ti,gu,ComplexPhrase_Testing,punch_cowboy_sg_waitress_pl,waitress,tumbat,1,straikim vaem tumbat ti gu,NA,NA,straikim vaem tumbat ti gu,NA,202,Thu Apr 26 13:58:22 2018
518,extrapolation,unmarked,initial,ti,gu,ComplexPhrase_Testing,kick_chef_sg_waitress_pl,waitress,tumbat,1,kikim nork tumbat ti gu,NA,NA,kikim nork tumbat ti gu,NA,203,Thu Apr 26 13:58:26 2018
518,extrapolation,unmarked,initial,ti,gu,ComplexPhrase_Testing,point_waitress_sg_chef_pl,chef,nork,1,poinim tumbat nork ti gu,NA,NA,poinim tumbat nork ti gu,NA,204,Thu Apr 26 13:58:30 2018
518,extrapolation,unmarked,initial,ti,gu,ComplexPhrase_Testing,point_burglar_sg_chef_sg,NA,NA,,poinim negid nork gu,NA,NA,poinim negid nork gu,NA,205,Thu Apr 26 13:58:34 2018
518,extrapolation,unmarked,initial,ti,gu,ComplexPhrase_Testing,cowboy_three,NA,NA,,vaem ti,NA,NA,vaem ti,NA,206,Thu Apr 26 13:58:41 2018
518,extrapolation,unmarked,initial,ti,gu,ComplexPhrase_Testing,kick_burglar_sg_cowboy_pl,cowboy,vaem,1,kikim negid vaem ti gu,NA,NA,kikim negid vaem ti gu,NA,207,Thu Apr 26 13:58:47 2018
518,extrapolation,unmarked,initial,ti,gu,ComplexPhrase_Testing,point_cowboy_sg_waitress_pl,waitress,tumbat,1,poinim vaem tumbat ti gu,NA,NA,poinim vaem tumbat ti gu,NA,208,Thu Apr 26 13:58:58 2018
518,extrapolation,unmarked,initial,ti,gu,ComplexPhrase_Testing,punch_cowboy_sg_waitress_pl,waitress,tumbat,1,straikim vaem tumbat ti gu,NA,NA,straikim vaem tumbat ti gu,NA,209,Thu Apr 26 13:59:04 2018
518,extrapolation,unmarked,initial,ti,gu,ComplexPhrase_Testing,punch_cowboy_sg_chef_pl,chef,nork,1,straikim vaem nork ti gu,NA,NA,straikim vaem nork ti gu,NA,210,Thu Apr 26 13:59:10 2018
518,extrapolation,unmarked,initial,ti,gu,ComplexPhrase_Testing,point_cowboy_sg_chef_pl,chef,nork,1,poinim vaem nork ti gu,NA,NA,poinim vaem nork ti gu,NA,211,Thu Apr 26 13:59:14 2018
518,extrapolation,unmarked,initial,ti,gu,ComplexPhrase_Testing,kick_burglar_sg_cowboy_pl,cowboy,vaem,1,kikim negid vaem ti gu,NA,NA,kikim negid vaem ti gu,NA,212,Thu Apr 26 13:59:19 2018
518,extrapolation,unmarked,initial,ti,gu,ComplexPhrase_Testing,burglar_three,NA,NA,,negid ti,NA,NA,negid ti,NA,213,Thu Apr 26 13:59:23 2018
518,extrapolation,unmarked,initial,ti,gu,ComplexPhrase_Testing,punch_cowboy_sg_chef_pl,chef,nork,1,straikim vaem nork ti gu,NA,NA,straikim vaem nork ti gu,NA,214,Thu Apr 26 13:59:29 2018
518,extrapolation,unmarked,initial,ti,gu,ComplexPhrase_Testing,kick_cowboy_sg_burglar_pl,burglar,negid,1,kikim vaem negid ti gu,NA,NA,kikim vaem negid ti gu,NA,215,Thu Apr 26 13:59:35 2018
518,extrapolation,unmarked,initial,ti,gu,ComplexPhrase_Testing,punch_cowboy_sg_chef_pl,chef,nork,1,straikim vaem nork ti gu,NA,NA,straikim vaem nork ti gu,NA,216,Thu Apr 26 13:59:39 2018
518,extrapolation,unmarked,initial,ti,gu,ComplexPhrase_Testing,point_burglar_pl_waitress_sg,NA,NA,,poinim negid ti tumbat gu,NA,NA,poinim negid ti tumbat gu,NA,217,Thu Apr 26 13:59:46 2018
518,extrapolation,unmarked,initial,ti,gu,ComplexPhrase_Testing,waitress_two,NA,NA,,tumbat ti,NA,NA,tumbat ti,NA,218,Thu Apr 26 13:59:52 2018
518,extrapolation,unmarked,initial,ti,gu,ComplexPhrase_Testing,kick_waitress_sg_chef_pl,chef,nork,1,kikim tumbat nork ti gu,NA,NA,kikim tumbat nork ti gu,NA,219,Thu Apr 26 14:00:01 2018
518,extrapolation,unmarked,initial,ti,gu,ComplexPhrase_Testing,point_burglar_sg_cowboy_pl,cowboy,vaem,1,poinim negid vaem ti gu,NA,NA,poinim negid nork ti gu,NA,220,Thu Apr 26 14:00:09 2018
518,extrapolation,unmarked,initial,ti,gu,ComplexPhrase_Testing,point_cowboy_sg_chef_pl,chef,nork,1,poinim vaem nork ti gu,NA,NA,poinim vaem nork ti gu,NA,221,Thu Apr 26 14:00:13 2018
518,extrapolation,unmarked,initial,ti,gu,ComplexPhrase_Testing,waitress_three,NA,NA,,tumbat ti,NA,NA,tumbat ti,NA,222,Thu Apr 26 14:00:15 2018
518,extrapolation,unmarked,initial,ti,gu,ComplexPhrase_Testing,kick_cowboy_sg_burglar_pl,burglar,negid,1,kikim vaem negid ti gu,NA,NA,kikim vaem negid ti gu,NA,223,Thu Apr 26 14:00:27 2018
518,extrapolation,unmarked,initial,ti,gu,ComplexPhrase_Testing,cowboy,NA,NA,,vaem,NA,NA,vaem,NA,224,Thu Apr 26 14:00:29 2018
518,extrapolation,unmarked,initial,ti,gu,ComplexPhrase_Testing,chef,NA,NA,,nork,NA,NA,nork,NA,225,Thu Apr 26 14:00:34 2018
518,extrapolation,unmarked,initial,ti,gu,ComplexPhrase_Testing,point_cowboy_sg_waitress_pl,waitress,tumbat,1,poinim vaem tumbat ti gu,NA,NA,poinim vaem tumbat ti gu,NA,226,Thu Apr 26 14:00:41 2018
518,extrapolation,unmarked,initial,ti,gu,ComplexPhrase_Testing,kick_waitress_sg_cowboy_sg,NA,NA,,kikim tumbat vaem gu,NA,NA,kikim tumbat vaem gu,NA,227,Thu Apr 26 14:00:47 2018
518,extrapolation,unmarked,initial,ti,gu,ComplexPhrase_Testing,point_cowboy_sg_waitress_pl,waitress,tumbat,1,poinim vaem tumbat ti gu,NA,NA,poinim vaem tumbat ti gu,NA,228,Thu Apr 26 14:00:55 2018
518,extrapolation,unmarked,initial,ti,gu,ComplexPhrase_Testing,point_waitress_sg_burglar_pl,burglar,negid,1,poinim tumbat negid ti gu,NA,NA,poinim tumbat negid ti gu,NA,229,Thu Apr 26 14:01:01 2018
518,extrapolation,unmarked,initial,ti,gu,ComplexPhrase_Testing,kick_cowboy_sg_waitress_sg,NA,NA,,kikim vaem tumbat gu,NA,NA,kikim vaem tumbat gu,NA,230,Thu Apr 26 14:01:11 2018
518,extrapolation,unmarked,initial,ti,gu,Questionnaire,NA,NA,NA,,NA,NA,NA,,plural,MeaningNum,Thu Apr 26 14:01:56 2018
518,extrapolation,unmarked,initial,ti,gu,Questionnaire,NA,NA,NA,,NA,NA,NA,,object,MeaningCase,Thu Apr 26 14:01:56 2018
518,extrapolation,unmarked,initial,ti,gu,Questionnaire,NA,NA,NA,,NA,NA,NA,,after,OrderNumNoun,Thu Apr 26 14:01:56 2018
518,extrapolation,unmarked,initial,ti,gu,Questionnaire,NA,NA,NA,,NA,NA,NA,,after,OrderCaseNoun,Thu Apr 26 14:01:56 2018
518,extrapolation,unmarked,initial,ti,gu,Questionnaire,NA,NA,NA,,NA,NA,NA,,none,Languages,Thu Apr 26 14:01:56 2018