ID,Condition,MajorityOrder,NounPosition,markerNum,markerCase,Phase,Meaning,NounItem,Noun,binaryResp,InputSentence,Selection,TypedResponse,SpokenResponse,AnswerQuest,Trial,date&time
520,extrapolation,unmarked,initial,ti,sa,Noun_Training,chef,NA,NA,,vaem,NA,NA,,NA,1,Tue Apr 24 16:26:08 2018
520,extrapolation,unmarked,initial,ti,sa,Noun_Training,chef,NA,NA,,vaem,NA,NA,,NA,2,Tue Apr 24 16:26:13 2018
520,extrapolation,unmarked,initial,ti,sa,Noun_Training,cowboy,NA,NA,,negid,NA,NA,,NA,3,Tue Apr 24 16:26:18 2018
520,extrapolation,unmarked,initial,ti,sa,Noun_Training,chef,NA,NA,,vaem,NA,NA,,NA,4,Tue Apr 24 16:26:23 2018
520,extrapolation,unmarked,initial,ti,sa,Noun_Training,cowboy,NA,NA,,negid,NA,NA,,NA,5,Tue Apr 24 16:26:27 2018
520,extrapolation,unmarked,initial,ti,sa,Noun_Training,chef,NA,NA,,vaem,NA,NA,,NA,6,Tue Apr 24 16:26:32 2018
520,extrapolation,unmarked,initial,ti,sa,Noun_Training,burglar,NA,NA,,nork,NA,NA,,NA,7,Tue Apr 24 16:26:37 2018
520,extrapolation,unmarked,initial,ti,sa,Noun_Training,cowboy,NA,NA,,negid,NA,NA,,NA,8,Tue Apr 24 16:26:42 2018
520,extrapolation,unmarked,initial,ti,sa,Noun_Training,burglar,NA,NA,,nork,NA,NA,,NA,9,Tue Apr 24 16:26:47 2018
520,extrapolation,unmarked,initial,ti,sa,Noun_Training,cowboy,NA,NA,,negid,NA,NA,,NA,10,Tue Apr 24 16:26:52 2018
520,extrapolation,unmarked,initial,ti,sa,Noun_Training,waitress,NA,NA,,tumbat,NA,NA,,NA,11,Tue Apr 24 16:26:57 2018
520,extrapolation,unmarked,initial,ti,sa,Noun_Training,waitress,NA,NA,,tumbat,NA,NA,,NA,12,Tue Apr 24 16:27:01 2018
520,extrapolation,unmarked,initial,ti,sa,Noun_Training,waitress,NA,NA,,tumbat,NA,NA,,NA,13,Tue Apr 24 16:27:06 2018
520,extrapolation,unmarked,initial,ti,sa,Noun_Training,chef,NA,NA,,vaem,NA,NA,,NA,14,Tue Apr 24 16:27:11 2018
520,extrapolation,unmarked,initial,ti,sa,Noun_Training,burglar,NA,NA,,nork,NA,NA,,NA,15,Tue Apr 24 16:27:16 2018
520,extrapolation,unmarked,initial,ti,sa,Noun_Training,burglar,NA,NA,,nork,NA,NA,,NA,16,Tue Apr 24 16:27:21 2018
520,extrapolation,unmarked,initial,ti,sa,Noun_Training,burglar,NA,NA,,nork,NA,NA,,NA,17,Tue Apr 24 16:27:26 2018
520,extrapolation,unmarked,initial,ti,sa,Noun_Training,waitress,NA,NA,,tumbat,NA,NA,,NA,18,Tue Apr 24 16:27:31 2018
520,extrapolation,unmarked,initial,ti,sa,Noun_Training,cowboy,NA,NA,,negid,NA,NA,,NA,19,Tue Apr 24 16:27:35 2018
520,extrapolation,unmarked,initial,ti,sa,Noun_Training,chef,NA,NA,,vaem,NA,NA,,NA,20,Tue Apr 24 16:27:40 2018
520,extrapolation,unmarked,initial,ti,sa,Noun_Training,burglar,NA,NA,,nork,NA,NA,,NA,21,Tue Apr 24 16:27:45 2018
520,extrapolation,unmarked,initial,ti,sa,Noun_Training,waitress,NA,NA,,tumbat,NA,NA,,NA,22,Tue Apr 24 16:27:50 2018
520,extrapolation,unmarked,initial,ti,sa,Noun_Training,cowboy,NA,NA,,negid,NA,NA,,NA,23,Tue Apr 24 16:27:55 2018
520,extrapolation,unmarked,initial,ti,sa,Noun_Training,waitress,NA,NA,,tumbat,NA,NA,,NA,24,Tue Apr 24 16:28:00 2018
520,extrapolation,unmarked,initial,ti,sa,Noun_Selection,burglar,NA,NA,,nork,correct,NA,,NA,25,Tue Apr 24 16:28:23 2018
520,extrapolation,unmarked,initial,ti,sa,Noun_Selection,waitress,NA,NA,,tumbat,correct,NA,,NA,26,Tue Apr 24 16:28:28 2018
520,extrapolation,unmarked,initial,ti,sa,Noun_Selection,cowboy,NA,NA,,negid,correct,NA,,NA,27,Tue Apr 24 16:28:34 2018
520,extrapolation,unmarked,initial,ti,sa,Noun_Selection,cowboy,NA,NA,,negid,correct,NA,,NA,28,Tue Apr 24 16:28:39 2018
520,extrapolation,unmarked,initial,ti,sa,Noun_Selection,cowboy,NA,NA,,negid,correct,NA,,NA,29,Tue Apr 24 16:28:42 2018
520,extrapolation,unmarked,initial,ti,sa,Noun_Selection,waitress,NA,NA,,tumbat,correct,NA,,NA,30,Tue Apr 24 16:28:45 2018
520,extrapolation,unmarked,initial,ti,sa,Noun_Selection,burglar,NA,NA,,nork,correct,NA,,NA,31,Tue Apr 24 16:28:49 2018
520,extrapolation,unmarked,initial,ti,sa,Noun_Selection,chef,NA,NA,,vaem,correct,NA,,NA,32,Tue Apr 24 16:28:53 2018
520,extrapolation,unmarked,initial,ti,sa,Noun_Selection,chef,NA,NA,,vaem,correct,NA,,NA,33,Tue Apr 24 16:28:58 2018
520,extrapolation,unmarked,initial,ti,sa,Noun_Selection,waitress,NA,NA,,tumbat,correct,NA,,NA,34,Tue Apr 24 16:29:01 2018
520,extrapolation,unmarked,initial,ti,sa,Noun_Selection,chef,NA,NA,,vaem,correct,NA,,NA,35,Tue Apr 24 16:29:04 2018
520,extrapolation,unmarked,initial,ti,sa,Noun_Selection,burglar,NA,NA,,nork,correct,NA,,NA,36,Tue Apr 24 16:29:07 2018
520,extrapolation,unmarked,initial,ti,sa,Noun_Testing,chef,NA,NA,,vaem,NA,NA,vaem,NA,37,Tue Apr 24 16:29:35 2018
520,extrapolation,unmarked,initial,ti,sa,Noun_Testing,burglar,NA,NA,,nork,NA,NA,nork,NA,38,Tue Apr 24 16:29:39 2018
520,extrapolation,unmarked,initial,ti,sa,Noun_Testing,burglar,NA,NA,,nork,NA,NA,nork,NA,39,Tue Apr 24 16:29:43 2018
520,extrapolation,unmarked,initial,ti,sa,Noun_Testing,waitress,NA,NA,,tumbat,NA,NA,tumbat,NA,40,Tue Apr 24 16:29:48 2018
520,extrapolation,unmarked,initial,ti,sa,Noun_Testing,waitress,NA,NA,,tumbat,NA,NA,tumbat,NA,41,Tue Apr 24 16:29:51 2018
520,extrapolation,unmarked,initial,ti,sa,Noun_Testing,waitress,NA,NA,,tumbat,NA,NA,tumbat,NA,42,Tue Apr 24 16:29:55 2018
520,extrapolation,unmarked,initial,ti,sa,Noun_Testing,cowboy,NA,NA,,negid,NA,NA,vaem,NA,43,Tue Apr 24 16:30:03 2018
520,extrapolation,unmarked,initial,ti,sa,Noun_Testing,cowboy,NA,NA,,negid,NA,NA,negid,NA,44,Tue Apr 24 16:30:07 2018
520,extrapolation,unmarked,initial,ti,sa,Noun_Testing,cowboy,NA,NA,,negid,NA,NA,negid,NA,45,Tue Apr 24 16:30:10 2018
520,extrapolation,unmarked,initial,ti,sa,Noun_Testing,burglar,NA,NA,,nork,NA,NA,nork,NA,46,Tue Apr 24 16:30:14 2018
520,extrapolation,unmarked,initial,ti,sa,Noun_Testing,chef,NA,NA,,vaem,NA,NA,vaem,NA,47,Tue Apr 24 16:30:17 2018
520,extrapolation,unmarked,initial,ti,sa,Noun_Testing,chef,NA,NA,,vaem,NA,NA,vaem,NA,48,Tue Apr 24 16:30:21 2018
520,extrapolation,unmarked,initial,ti,sa,SimplePhrase_Training,burglar_three,NA,NA,,nork ti,NA,NA,,NA,49,Tue Apr 24 16:30:55 2018
520,extrapolation,unmarked,initial,ti,sa,SimplePhrase_Training,kick_cowboy_pl_waitress_sg,NA,NA,,kikim negid ti tumbat sa,NA,NA,,NA,50,Tue Apr 24 16:31:03 2018
520,extrapolation,unmarked,initial,ti,sa,SimplePhrase_Training,point_cowboy_sg_waitress_sg,NA,NA,,poinim negid tumbat sa,NA,NA,,NA,51,Tue Apr 24 16:31:10 2018
520,extrapolation,unmarked,initial,ti,sa,SimplePhrase_Training,waitress_three,NA,NA,,tumbat ti,NA,NA,,NA,52,Tue Apr 24 16:31:15 2018
520,extrapolation,unmarked,initial,ti,sa,SimplePhrase_Training,waitress_two,NA,NA,,tumbat ti,NA,NA,,NA,53,Tue Apr 24 16:31:20 2018
520,extrapolation,unmarked,initial,ti,sa,SimplePhrase_Training,point_waitress_sg_burglar_sg,NA,NA,,poinim tumbat nork sa,NA,NA,,NA,54,Tue Apr 24 16:31:27 2018
520,extrapolation,unmarked,initial,ti,sa,SimplePhrase_Training,waitress,NA,NA,,tumbat,NA,NA,,NA,55,Tue Apr 24 16:31:32 2018
520,extrapolation,unmarked,initial,ti,sa,SimplePhrase_Training,chef,NA,NA,,vaem,NA,NA,,NA,56,Tue Apr 24 16:31:37 2018
520,extrapolation,unmarked,initial,ti,sa,SimplePhrase_Training,chef_four,NA,NA,,vaem ti,NA,NA,,NA,57,Tue Apr 24 16:31:42 2018
520,extrapolation,unmarked,initial,ti,sa,SimplePhrase_Training,point_waitress_pl_chef_sg,NA,NA,,poinim tumbat ti vaem sa,NA,NA,,NA,58,Tue Apr 24 16:31:50 2018
520,extrapolation,unmarked,initial,ti,sa,SimplePhrase_Training,kick_chef_sg_burglar_sg,NA,NA,,kikim vaem nork sa,NA,NA,,NA,59,Tue Apr 24 16:31:57 2018
520,extrapolation,unmarked,initial,ti,sa,SimplePhrase_Training,punch_chef_pl_waitress_sg,NA,NA,,straikim vaem ti tumbat sa,NA,NA,,NA,60,Tue Apr 24 16:32:04 2018
520,extrapolation,unmarked,initial,ti,sa,SimplePhrase_Training,chef_two,NA,NA,,vaem ti,NA,NA,,NA,61,Tue Apr 24 16:32:10 2018
520,extrapolation,unmarked,initial,ti,sa,SimplePhrase_Training,point_cowboy_sg_chef_sg,NA,NA,,poinim negid vaem sa,NA,NA,,NA,62,Tue Apr 24 16:32:17 2018
520,extrapolation,unmarked,initial,ti,sa,SimplePhrase_Training,point_burglar_sg_waitress_sg,NA,NA,,poinim nork tumbat sa,NA,NA,,NA,63,Tue Apr 24 16:32:24 2018
520,extrapolation,unmarked,initial,ti,sa,SimplePhrase_Training,cowboy_two,NA,NA,,negid ti,NA,NA,,NA,64,Tue Apr 24 16:32:29 2018
520,extrapolation,unmarked,initial,ti,sa,SimplePhrase_Training,point_waitress_pl_cowboy_sg,NA,NA,,poinim tumbat ti negid sa,NA,NA,,NA,65,Tue Apr 24 16:32:37 2018
520,extrapolation,unmarked,initial,ti,sa,SimplePhrase_Training,burglar_four,NA,NA,,nork ti,NA,NA,,NA,66,Tue Apr 24 16:32:42 2018
520,extrapolation,unmarked,initial,ti,sa,SimplePhrase_Training,cowboy_four,NA,NA,,negid ti,NA,NA,,NA,67,Tue Apr 24 16:32:47 2018
520,extrapolation,unmarked,initial,ti,sa,SimplePhrase_Training,chef_three,NA,NA,,vaem ti,NA,NA,,NA,68,Tue Apr 24 16:32:52 2018
520,extrapolation,unmarked,initial,ti,sa,SimplePhrase_Training,kick_waitress_pl_burglar_sg,NA,NA,,kikim tumbat ti nork sa,NA,NA,,NA,69,Tue Apr 24 16:33:00 2018
520,extrapolation,unmarked,initial,ti,sa,SimplePhrase_Training,punch_burglar_sg_chef_sg,NA,NA,,straikim nork vaem sa,NA,NA,,NA,70,Tue Apr 24 16:33:07 2018
520,extrapolation,unmarked,initial,ti,sa,SimplePhrase_Training,point_chef_sg_waitress_sg,NA,NA,,poinim vaem tumbat sa,NA,NA,,NA,71,Tue Apr 24 16:33:15 2018
520,extrapolation,unmarked,initial,ti,sa,SimplePhrase_Training,burglar_two,NA,NA,,nork ti,NA,NA,,NA,72,Tue Apr 24 16:33:20 2018
520,extrapolation,unmarked,initial,ti,sa,SimplePhrase_Training,burglar_three,NA,NA,,nork ti,NA,NA,,NA,73,Tue Apr 24 16:33:25 2018
520,extrapolation,unmarked,initial,ti,sa,SimplePhrase_Training,point_chef_pl_burglar_sg,NA,NA,,poinim vaem ti nork sa,NA,NA,,NA,74,Tue Apr 24 16:33:32 2018
520,extrapolation,unmarked,initial,ti,sa,SimplePhrase_Training,burglar_two,NA,NA,,nork ti,NA,NA,,NA,75,Tue Apr 24 16:33:38 2018
520,extrapolation,unmarked,initial,ti,sa,SimplePhrase_Training,chef,NA,NA,,vaem,NA,NA,,NA,76,Tue Apr 24 16:33:42 2018
520,extrapolation,unmarked,initial,ti,sa,SimplePhrase_Training,punch_chef_sg_cowboy_sg,NA,NA,,straikim vaem negid sa,NA,NA,,NA,77,Tue Apr 24 16:33:50 2018
520,extrapolation,unmarked,initial,ti,sa,SimplePhrase_Training,punch_waitress_pl_cowboy_sg,NA,NA,,straikim tumbat ti negid sa,NA,NA,,NA,78,Tue Apr 24 16:33:57 2018
520,extrapolation,unmarked,initial,ti,sa,SimplePhrase_Training,chef_two,NA,NA,,vaem ti,NA,NA,,NA,79,Tue Apr 24 16:34:02 2018
520,extrapolation,unmarked,initial,ti,sa,SimplePhrase_Training,punch_waitress_pl_chef_sg,NA,NA,,straikim tumbat ti vaem sa,NA,NA,,NA,80,Tue Apr 24 16:34:10 2018
520,extrapolation,unmarked,initial,ti,sa,SimplePhrase_Training,point_burglar_sg_cowboy_sg,NA,NA,,poinim nork negid sa,NA,NA,,NA,81,Tue Apr 24 16:34:18 2018
520,extrapolation,unmarked,initial,ti,sa,SimplePhrase_Training,waitress_four,NA,NA,,tumbat ti,NA,NA,,NA,82,Tue Apr 24 16:34:23 2018
520,extrapolation,unmarked,initial,ti,sa,SimplePhrase_Training,punch_burglar_pl_cowboy_sg,NA,NA,,straikim nork ti negid sa,NA,NA,,NA,83,Tue Apr 24 16:34:30 2018
520,extrapolation,unmarked,initial,ti,sa,SimplePhrase_Training,burglar,NA,NA,,nork,NA,NA,,NA,84,Tue Apr 24 16:34:35 2018
520,extrapolation,unmarked,initial,ti,sa,SimplePhrase_Training,cowboy_three,NA,NA,,negid ti,NA,NA,,NA,85,Tue Apr 24 16:34:40 2018
520,extrapolation,unmarked,initial,ti,sa,SimplePhrase_Training,cowboy_two,NA,NA,,negid ti,NA,NA,,NA,86,Tue Apr 24 16:34:46 2018
520,extrapolation,unmarked,initial,ti,sa,SimplePhrase_Training,cowboy,NA,NA,,negid,NA,NA,,NA,87,Tue Apr 24 16:34:50 2018
520,extrapolation,unmarked,initial,ti,sa,SimplePhrase_Training,cowboy_four,NA,NA,,negid ti,NA,NA,,NA,88,Tue Apr 24 16:34:55 2018
520,extrapolation,unmarked,initial,ti,sa,SimplePhrase_Training,cowboy,NA,NA,,negid,NA,NA,,NA,89,Tue Apr 24 16:35:00 2018
520,extrapolation,unmarked,initial,ti,sa,SimplePhrase_Training,punch_cowboy_sg_waitress_sg,NA,NA,,straikim negid tumbat sa,NA,NA,,NA,90,Tue Apr 24 16:35:08 2018
520,extrapolation,unmarked,initial,ti,sa,SimplePhrase_Training,punch_burglar_sg_waitress_sg,NA,NA,,straikim nork tumbat sa,NA,NA,,NA,91,Tue Apr 24 16:35:15 2018
520,extrapolation,unmarked,initial,ti,sa,SimplePhrase_Training,kick_waitress_pl_cowboy_sg,NA,NA,,kikim tumbat ti negid sa,NA,NA,,NA,92,Tue Apr 24 16:35:23 2018
520,extrapolation,unmarked,initial,ti,sa,SimplePhrase_Training,waitress,NA,NA,,tumbat,NA,NA,,NA,93,Tue Apr 24 16:35:28 2018
520,extrapolation,unmarked,initial,ti,sa,SimplePhrase_Training,punch_chef_pl_burglar_sg,NA,NA,,straikim vaem ti nork sa,NA,NA,,NA,94,Tue Apr 24 16:35:35 2018
520,extrapolation,unmarked,initial,ti,sa,SimplePhrase_Training,kick_waitress_sg_chef_sg,NA,NA,,kikim tumbat vaem sa,NA,NA,,NA,95,Tue Apr 24 16:35:43 2018
520,extrapolation,unmarked,initial,ti,sa,SimplePhrase_Training,burglar,NA,NA,,nork,NA,NA,,NA,96,Tue Apr 24 16:35:48 2018
520,extrapolation,unmarked,initial,ti,sa,SimplePhrase_Training,kick_cowboy_sg_burglar_sg,NA,NA,,kikim negid nork sa,NA,NA,,NA,97,Tue Apr 24 16:35:55 2018
520,extrapolation,unmarked,initial,ti,sa,SimplePhrase_Training,kick_burglar_sg_chef_sg,NA,NA,,kikim nork vaem sa,NA,NA,,NA,98,Tue Apr 24 16:36:02 2018
520,extrapolation,unmarked,initial,ti,sa,SimplePhrase_Training,kick_chef_sg_waitress_sg,NA,NA,,kikim vaem tumbat sa,NA,NA,,NA,99,Tue Apr 24 16:36:09 2018
520,extrapolation,unmarked,initial,ti,sa,SimplePhrase_Training,cowboy_three,NA,NA,,negid ti,NA,NA,,NA,100,Tue Apr 24 16:36:14 2018
520,extrapolation,unmarked,initial,ti,sa,SimplePhrase_Training,kick_burglar_pl_cowboy_sg,NA,NA,,kikim nork ti negid sa,NA,NA,,NA,101,Tue Apr 24 16:36:22 2018
520,extrapolation,unmarked,initial,ti,sa,SimplePhrase_Training,point_chef_pl_cowboy_sg,NA,NA,,poinim vaem ti negid sa,NA,NA,,NA,102,Tue Apr 24 16:36:30 2018
520,extrapolation,unmarked,initial,ti,sa,SimplePhrase_Training,kick_cowboy_pl_chef_sg,NA,NA,,kikim negid ti vaem sa,NA,NA,,NA,103,Tue Apr 24 16:36:37 2018
520,extrapolation,unmarked,initial,ti,sa,SimplePhrase_Training,point_cowboy_sg_burglar_sg,NA,NA,,poinim negid nork sa,NA,NA,,NA,104,Tue Apr 24 16:36:44 2018
520,extrapolation,unmarked,initial,ti,sa,SimplePhrase_Training,punch_cowboy_pl_chef_sg,NA,NA,,straikim negid ti vaem sa,NA,NA,,NA,105,Tue Apr 24 16:36:52 2018
520,extrapolation,unmarked,initial,ti,sa,SimplePhrase_Training,punch_waitress_pl_burglar_sg,NA,NA,,straikim tumbat ti nork sa,NA,NA,,NA,106,Tue Apr 24 16:37:00 2018
520,extrapolation,unmarked,initial,ti,sa,SimplePhrase_Training,punch_cowboy_pl_burglar_sg,NA,NA,,straikim negid ti nork sa,NA,NA,,NA,107,Tue Apr 24 16:37:08 2018
520,extrapolation,unmarked,initial,ti,sa,SimplePhrase_Training,kick_burglar_sg_waitress_sg,NA,NA,,kikim nork tumbat sa,NA,NA,,NA,108,Tue Apr 24 16:37:15 2018
520,extrapolation,unmarked,initial,ti,sa,SimplePhrase_Training,kick_chef_sg_cowboy_sg,NA,NA,,kikim vaem negid sa,NA,NA,,NA,109,Tue Apr 24 16:37:22 2018
520,extrapolation,unmarked,initial,ti,sa,SimplePhrase_Training,point_burglar_pl_chef_sg,NA,NA,,poinim nork ti vaem sa,NA,NA,,NA,110,Tue Apr 24 16:37:30 2018
520,extrapolation,unmarked,initial,ti,sa,SimplePhrase_Comprehension,burglar_two,NA,NA,,nork ti,correct,NA,,NA,111,Tue Apr 24 16:37:51 2018
520,extrapolation,unmarked,initial,ti,sa,SimplePhrase_Comprehension,punch_burglar_pl_chef_sg,NA,NA,,straikim nork ti vaem sa,correct,NA,,NA,112,Tue Apr 24 16:37:57 2018
520,extrapolation,unmarked,initial,ti,sa,SimplePhrase_Comprehension,kick_burglar_pl_waitress_sg,NA,NA,,kikim nork ti tumbat sa,correct,NA,,NA,113,Tue Apr 24 16:38:02 2018
520,extrapolation,unmarked,initial,ti,sa,SimplePhrase_Comprehension,point_chef_sg_burglar_sg,NA,NA,,poinim vaem nork sa,correct,NA,,NA,114,Tue Apr 24 16:38:08 2018
520,extrapolation,unmarked,initial,ti,sa,SimplePhrase_Comprehension,punch_chef_pl_cowboy_sg,NA,NA,,straikim vaem ti negid sa,wrong,NA,,NA,115,Tue Apr 24 16:38:20 2018
520,extrapolation,unmarked,initial,ti,sa,SimplePhrase_Comprehension,waitress_four,NA,NA,,tumbat ti,correct,NA,,NA,116,Tue Apr 24 16:38:25 2018
520,extrapolation,unmarked,initial,ti,sa,SimplePhrase_Comprehension,point_cowboy_pl_waitress_sg,NA,NA,,poinim negid ti tumbat sa,correct,NA,,NA,117,Tue Apr 24 16:38:30 2018
520,extrapolation,unmarked,initial,ti,sa,SimplePhrase_Comprehension,waitress_two,NA,NA,,tumbat ti,correct,NA,,NA,118,Tue Apr 24 16:38:35 2018
520,extrapolation,unmarked,initial,ti,sa,SimplePhrase_Comprehension,chef_three,NA,NA,,vaem ti,correct,NA,,NA,119,Tue Apr 24 16:38:39 2018
520,extrapolation,unmarked,initial,ti,sa,SimplePhrase_Comprehension,point_chef_sg_cowboy_sg,NA,NA,,poinim vaem negid sa,wrong,NA,,NA,120,Tue Apr 24 16:38:47 2018
520,extrapolation,unmarked,initial,ti,sa,SimplePhrase_Comprehension,point_cowboy_pl_burglar_sg,NA,NA,,poinim negid ti nork sa,correct,NA,,NA,121,Tue Apr 24 16:38:54 2018
520,extrapolation,unmarked,initial,ti,sa,SimplePhrase_Comprehension,chef_two,NA,NA,,vaem ti,correct,NA,,NA,122,Tue Apr 24 16:38:59 2018
520,extrapolation,unmarked,initial,ti,sa,SimplePhrase_Comprehension,kick_waitress_pl_chef_sg,NA,NA,,kikim tumbat ti vaem sa,correct,NA,,NA,123,Tue Apr 24 16:39:05 2018
520,extrapolation,unmarked,initial,ti,sa,SimplePhrase_Comprehension,kick_waitress_sg_cowboy_sg,NA,NA,,kikim tumbat negid sa,correct,NA,,NA,124,Tue Apr 24 16:39:11 2018
520,extrapolation,unmarked,initial,ti,sa,SimplePhrase_Comprehension,kick_burglar_pl_chef_sg,NA,NA,,kikim nork ti vaem sa,correct,NA,,NA,125,Tue Apr 24 16:39:16 2018
520,extrapolation,unmarked,initial,ti,sa,SimplePhrase_Comprehension,burglar_three,NA,NA,,nork ti,correct,NA,,NA,126,Tue Apr 24 16:39:21 2018
520,extrapolation,unmarked,initial,ti,sa,SimplePhrase_Comprehension,point_chef_pl_waitress_sg,NA,NA,,poinim vaem ti tumbat sa,correct,NA,,NA,127,Tue Apr 24 16:39:26 2018
520,extrapolation,unmarked,initial,ti,sa,SimplePhrase_Comprehension,punch_cowboy_sg_burglar_sg,NA,NA,,straikim negid nork sa,correct,NA,,NA,128,Tue Apr 24 16:39:33 2018
520,extrapolation,unmarked,initial,ti,sa,SimplePhrase_Comprehension,burglar_four,NA,NA,,nork ti,correct,NA,,NA,129,Tue Apr 24 16:39:37 2018
520,extrapolation,unmarked,initial,ti,sa,SimplePhrase_Comprehension,punch_cowboy_sg_chef_sg,NA,NA,,straikim negid vaem sa,wrong,NA,,NA,130,Tue Apr 24 16:39:48 2018
520,extrapolation,unmarked,initial,ti,sa,SimplePhrase_Comprehension,cowboy,NA,NA,,negid,correct,NA,,NA,131,Tue Apr 24 16:39:53 2018
520,extrapolation,unmarked,initial,ti,sa,SimplePhrase_Comprehension,point_burglar_pl_waitress_sg,NA,NA,,poinim nork ti tumbat sa,correct,NA,,NA,132,Tue Apr 24 16:39:59 2018
520,extrapolation,unmarked,initial,ti,sa,SimplePhrase_Comprehension,punch_burglar_sg_cowboy_sg,NA,NA,,straikim nork negid sa,correct,NA,,NA,133,Tue Apr 24 16:40:05 2018
520,extrapolation,unmarked,initial,ti,sa,SimplePhrase_Comprehension,cowboy_three,NA,NA,,negid ti,correct,NA,,NA,134,Tue Apr 24 16:40:10 2018
520,extrapolation,unmarked,initial,ti,sa,SimplePhrase_Comprehension,chef,NA,NA,,vaem,correct,NA,,NA,135,Tue Apr 24 16:40:13 2018
520,extrapolation,unmarked,initial,ti,sa,SimplePhrase_Comprehension,point_waitress_sg_chef_sg,NA,NA,,poinim tumbat vaem sa,correct,NA,,NA,136,Tue Apr 24 16:40:19 2018
520,extrapolation,unmarked,initial,ti,sa,SimplePhrase_Comprehension,punch_chef_sg_waitress_sg,NA,NA,,straikim vaem tumbat sa,correct,NA,,NA,137,Tue Apr 24 16:40:25 2018
520,extrapolation,unmarked,initial,ti,sa,SimplePhrase_Comprehension,burglar,NA,NA,,nork,correct,NA,,NA,138,Tue Apr 24 16:40:29 2018
520,extrapolation,unmarked,initial,ti,sa,SimplePhrase_Comprehension,point_waitress_pl_burglar_sg,NA,NA,,poinim tumbat ti nork sa,correct,NA,,NA,139,Tue Apr 24 16:40:35 2018
520,extrapolation,unmarked,initial,ti,sa,SimplePhrase_Comprehension,waitress_three,NA,NA,,tumbat ti,correct,NA,,NA,140,Tue Apr 24 16:40:39 2018
520,extrapolation,unmarked,initial,ti,sa,SimplePhrase_Comprehension,cowboy_two,NA,NA,,negid ti,correct,NA,,NA,141,Tue Apr 24 16:40:43 2018
520,extrapolation,unmarked,initial,ti,sa,SimplePhrase_Comprehension,waitress,NA,NA,,tumbat,correct,NA,,NA,142,Tue Apr 24 16:40:47 2018
520,extrapolation,unmarked,initial,ti,sa,SimplePhrase_Comprehension,punch_waitress_sg_cowboy_sg,NA,NA,,straikim tumbat negid sa,wrong,NA,,NA,143,Tue Apr 24 16:40:56 2018
520,extrapolation,unmarked,initial,ti,sa,SimplePhrase_Comprehension,point_burglar_sg_chef_sg,NA,NA,,poinim nork vaem sa,correct,NA,,NA,144,Tue Apr 24 16:41:02 2018
520,extrapolation,unmarked,initial,ti,sa,SimplePhrase_Typing,burglar,NA,NA,,nork,NA,nork,,NA,145,Tue Apr 24 16:41:34 2018
520,extrapolation,unmarked,initial,ti,sa,SimplePhrase_Typing,punch_chef_sg_cowboy_sg,NA,NA,,straikim vaem negid sa,NA,straikim vaem negid sa,,NA,146,Tue Apr 24 16:41:56 2018
520,extrapolation,unmarked,initial,ti,sa,SimplePhrase_Typing,chef_four,NA,NA,,vaem ti,NA,vaem ti,,NA,147,Tue Apr 24 16:42:06 2018
520,extrapolation,unmarked,initial,ti,sa,SimplePhrase_Typing,point_burglar_pl_chef_sg,NA,NA,,poinim nork ti vaem sa,NA,poinim nork ti vaem sa,,NA,148,Tue Apr 24 16:42:54 2018
520,extrapolation,unmarked,initial,ti,sa,SimplePhrase_Typing,punch_waitress_pl_burglar_sg,NA,NA,,straikim tumbat ti nork sa,NA,straikim tumbat ti nork sa,,NA,149,Tue Apr 24 16:43:08 2018
520,extrapolation,unmarked,initial,ti,sa,SimplePhrase_Typing,punch_chef_pl_waitress_sg,NA,NA,,straikim vaem ti tumbat sa,NA,straikim vaem ti tumbat sa,,NA,150,Tue Apr 24 16:43:19 2018
520,extrapolation,unmarked,initial,ti,sa,SimplePhrase_Typing,cowboy,NA,NA,,negid,NA,negid,,NA,151,Tue Apr 24 16:43:27 2018
520,extrapolation,unmarked,initial,ti,sa,SimplePhrase_Typing,chef,NA,NA,,vaem,NA,vaem,,NA,152,Tue Apr 24 16:43:33 2018
520,extrapolation,unmarked,initial,ti,sa,SimplePhrase_Typing,punch_chef_pl_burglar_sg,NA,NA,,straikim vaem ti nork sa,NA,straikim vaem ti nork sa,,NA,153,Tue Apr 24 16:43:46 2018
520,extrapolation,unmarked,initial,ti,sa,SimplePhrase_Typing,kick_chef_sg_burglar_sg,NA,NA,,kikim vaem nork sa,NA,kikim vaem nork sa,,NA,154,Tue Apr 24 16:44:04 2018
520,extrapolation,unmarked,initial,ti,sa,SimplePhrase_Typing,chef_three,NA,NA,,vaem ti,NA,vaem ti,,NA,155,Tue Apr 24 16:44:11 2018
520,extrapolation,unmarked,initial,ti,sa,SimplePhrase_Typing,punch_burglar_sg_chef_sg,NA,NA,,straikim nork vaem sa,NA,straikim nork vaem sa,,NA,156,Tue Apr 24 16:44:22 2018
520,extrapolation,unmarked,initial,ti,sa,SimplePhrase_Typing,waitress_three,NA,NA,,tumbat ti,NA,tumbat ti,,NA,157,Tue Apr 24 16:44:29 2018
520,extrapolation,unmarked,initial,ti,sa,SimplePhrase_Typing,waitress,NA,NA,,tumbat,NA,tumbat,,NA,158,Tue Apr 24 16:44:35 2018
520,extrapolation,unmarked,initial,ti,sa,SimplePhrase_Typing,point_burglar_sg_waitress_sg,NA,NA,,poinim nork tumbat sa,NA,poinim nork tumbat ti,,NA,159,Tue Apr 24 16:44:52 2018
520,extrapolation,unmarked,initial,ti,sa,SimplePhrase_Typing,chef_two,NA,NA,,vaem ti,NA,vaem ti,,NA,160,Tue Apr 24 16:45:01 2018
520,extrapolation,unmarked,initial,ti,sa,ComplexPhrase_Typing,kick_waitress_sg_burglar_pl,burglar,nork,1,kikim tumbat nork ti sa,NA,kikim tumbat nork ti sa,,NA,161,Tue Apr 24 16:45:36 2018
520,extrapolation,unmarked,initial,ti,sa,ComplexPhrase_Typing,point_burglar_sg_cowboy_pl,cowboy,negid,1,poinim nork negid ti sa,NA,poinim nork negit ti sa,,NA,162,Tue Apr 24 16:45:51 2018
520,extrapolation,unmarked,initial,ti,sa,ComplexPhrase_Typing,punch_chef_sg_waitress_pl,waitress,tumbat,1,straikim vaem tumbat ti sa,NA,straikim vaem tumbat ti sa,,NA,163,Tue Apr 24 16:46:00 2018
520,extrapolation,unmarked,initial,ti,sa,ComplexPhrase_Typing,point_chef_sg_waitress_pl,waitress,tumbat,1,poinim vaem tumbat ti sa,NA,poinim vaem tumbat ti sa,,NA,164,Tue Apr 24 16:46:08 2018
520,extrapolation,unmarked,initial,ti,sa,ComplexPhrase_Typing,punch_chef_sg_waitress_pl,waitress,tumbat,1,straikim vaem tumbat ti sa,NA,straikim vaem tumbat ti sa,,NA,165,Tue Apr 24 16:46:16 2018
520,extrapolation,unmarked,initial,ti,sa,ComplexPhrase_Typing,point_chef_sg_waitress_pl,waitress,tumbat,1,poinim vaem tumbat ti sa,NA,poinim vaem tumbat ti sa,,NA,166,Tue Apr 24 16:46:22 2018
520,extrapolation,unmarked,initial,ti,sa,ComplexPhrase_Typing,kick_waitress_sg_burglar_pl,burglar,nork,1,kikim tumbat nork ti sa,NA,kikim tumbat nork ti sa,,NA,167,Tue Apr 24 16:46:30 2018
520,extrapolation,unmarked,initial,ti,sa,ComplexPhrase_Typing,point_burglar_sg_cowboy_pl,cowboy,negid,1,poinim nork negid ti sa,NA,poinim nork niget ti sa,,NA,168,Tue Apr 24 16:46:50 2018
520,extrapolation,unmarked,initial,ti,sa,ComplexPhrase_Typing,punch_chef_sg_waitress_pl,waitress,tumbat,1,straikim vaem tumbat ti sa,NA,straikim vaem tumbat ti sa,,NA,169,Tue Apr 24 16:46:59 2018
520,extrapolation,unmarked,initial,ti,sa,ComplexPhrase_Typing,kick_waitress_sg_burglar_pl,burglar,nork,1,kikim tumbat nork ti sa,NA,kikim tumbat nork ti sa,,NA,170,Tue Apr 24 16:47:07 2018
520,extrapolation,unmarked,initial,ti,sa,ComplexPhrase_Typing,point_chef_sg_waitress_pl,waitress,tumbat,1,poinim vaem tumbat ti sa,NA,poinim vaem tumbat ti sa,,NA,171,Tue Apr 24 16:47:15 2018
520,extrapolation,unmarked,initial,ti,sa,ComplexPhrase_Typing,point_burglar_sg_cowboy_pl,cowboy,negid,1,poinim nork negid ti sa,NA,poinim nork vaem ti sa,,NA,172,Tue Apr 24 16:47:27 2018
520,extrapolation,unmarked,initial,ti,sa,ComplexPhrase_Testing,point_chef_sg_burglar_pl,burglar,nork,1,poinim vaem nork ti sa,NA,NA,poinim vaem nork ti sa,NA,173,Tue Apr 24 16:48:05 2018
520,extrapolation,unmarked,initial,ti,sa,ComplexPhrase_Testing,waitress_two,NA,NA,,tumbat ti,NA,NA,tumbat ti,NA,174,Tue Apr 24 16:48:09 2018
520,extrapolation,unmarked,initial,ti,sa,ComplexPhrase_Testing,point_burglar_sg_chef_pl,chef,vaem,1,poinim nork vaem ti sa,NA,NA,poinim nork vaem ti sa,NA,175,Tue Apr 24 16:48:15 2018
520,extrapolation,unmarked,initial,ti,sa,ComplexPhrase_Testing,point_chef_sg_waitress_sg,NA,NA,,poinim vaem tumbat sa,NA,NA,poinim vaem tumbat sa,NA,176,Tue Apr 24 16:48:20 2018
520,extrapolation,unmarked,initial,ti,sa,ComplexPhrase_Testing,burglar_two,NA,NA,,nork ti,NA,NA,nork ti,NA,177,Tue Apr 24 16:48:25 2018
520,extrapolation,unmarked,initial,ti,sa,ComplexPhrase_Testing,point_cowboy_sg_burglar_pl,burglar,nork,1,poinim negid nork ti sa,NA,NA,poinim vaem nork ti sa,NA,178,Tue Apr 24 16:48:32 2018
520,extrapolation,unmarked,initial,ti,sa,ComplexPhrase_Testing,cowboy_two,NA,NA,,negid ti,NA,NA,negid ti,NA,179,Tue Apr 24 16:48:36 2018
520,extrapolation,unmarked,initial,ti,sa,ComplexPhrase_Testing,punch_waitress_sg_chef_pl,chef,vaem,1,straikim tumbat vaem ti sa,NA,NA,straikim tumbat vaem ti sa,NA,180,Tue Apr 24 16:48:42 2018
520,extrapolation,unmarked,initial,ti,sa,ComplexPhrase_Testing,point_burglar_sg_chef_pl,chef,vaem,1,poinim nork vaem ti sa,NA,NA,poinim nork vaem ti sa,NA,181,Tue Apr 24 16:48:47 2018
520,extrapolation,unmarked,initial,ti,sa,ComplexPhrase_Testing,point_cowboy_sg_chef_pl,chef,vaem,1,poinim negid vaem ti sa,NA,NA,poinim negid vaem ti sa,NA,182,Tue Apr 24 16:48:51 2018
520,extrapolation,unmarked,initial,ti,sa,ComplexPhrase_Testing,kick_burglar_sg_chef_pl,chef,vaem,1,kikim nork vaem ti sa,NA,NA,kikim nork vaem ti sa,NA,183,Tue Apr 24 16:48:59 2018
520,extrapolation,unmarked,initial,ti,sa,ComplexPhrase_Testing,point_cowboy_sg_chef_pl,chef,vaem,1,poinim negid vaem ti sa,NA,NA,poinim negid vaem ti sa,NA,184,Tue Apr 24 16:49:05 2018
520,extrapolation,unmarked,initial,ti,sa,ComplexPhrase_Testing,chef_two,NA,NA,,vaem ti,NA,NA,vaem ti,NA,185,Tue Apr 24 16:49:07 2018
520,extrapolation,unmarked,initial,ti,sa,ComplexPhrase_Testing,kick_chef_sg_burglar_pl,burglar,nork,1,kikim vaem nork ti sa,NA,NA,kikim vaem nork ti sa,NA,186,Tue Apr 24 16:49:14 2018
520,extrapolation,unmarked,initial,ti,sa,ComplexPhrase_Testing,kick_burglar_sg_chef_pl,chef,vaem,1,kikim nork vaem ti sa,NA,NA,kikim nork vaem ti sa,NA,187,Tue Apr 24 16:49:19 2018
520,extrapolation,unmarked,initial,ti,sa,ComplexPhrase_Testing,point_cowboy_sg_burglar_pl,burglar,nork,1,poinim negid nork ti sa,NA,NA,poinim negid nork ti sa,NA,188,Tue Apr 24 16:49:23 2018
520,extrapolation,unmarked,initial,ti,sa,ComplexPhrase_Testing,punch_waitress_sg_burglar_sg,NA,NA,,straikim tumbat nork sa,NA,NA,straikim tumbat nork sa,NA,189,Tue Apr 24 16:49:30 2018
520,extrapolation,unmarked,initial,ti,sa,ComplexPhrase_Testing,point_burglar_pl_chef_sg,NA,NA,,poinim nork ti vaem sa,NA,NA,poinim nork ti vaem sa,NA,190,Tue Apr 24 16:49:42 2018
520,extrapolation,unmarked,initial,ti,sa,ComplexPhrase_Testing,point_burglar_sg_cowboy_pl,cowboy,negid,1,poinim nork negid ti sa,NA,NA,poinim nork negid ti sa,NA,191,Tue Apr 24 16:49:53 2018
520,extrapolation,unmarked,initial,ti,sa,ComplexPhrase_Testing,point_chef_sg_burglar_pl,burglar,nork,1,poinim vaem nork ti sa,NA,NA,poinim vaem nork ti sa,NA,192,Tue Apr 24 16:49:59 2018
520,extrapolation,unmarked,initial,ti,sa,ComplexPhrase_Testing,punch_waitress_sg_cowboy_pl,cowboy,negid,1,straikim tumbat negid ti sa,NA,NA,straikim tumbat negid ti sa,NA,193,Tue Apr 24 16:50:04 2018
520,extrapolation,unmarked,initial,ti,sa,ComplexPhrase_Testing,point_chef_sg_burglar_pl,burglar,nork,1,poinim vaem nork ti sa,NA,NA,poinim vaem nork ti sa,NA,194,Tue Apr 24 16:50:08 2018
520,extrapolation,unmarked,initial,ti,sa,ComplexPhrase_Testing,kick_cowboy_sg_chef_sg,NA,NA,,kikim negid vaem sa,NA,NA,kikim negid vaem sa,NA,195,Tue Apr 24 16:50:16 2018
520,extrapolation,unmarked,initial,ti,sa,ComplexPhrase_Testing,point_burglar_sg_cowboy_pl,cowboy,negid,1,poinim nork negid ti sa,NA,NA,poinim nork negid ti sa,NA,196,Tue Apr 24 16:50:27 2018
520,extrapolation,unmarked,initial,ti,sa,ComplexPhrase_Testing,kick_chef_sg_burglar_pl,burglar,nork,1,kikim vaem nork ti sa,NA,NA,kikim vaem negid ti sa,NA,197,Tue Apr 24 16:50:32 2018
520,extrapolation,unmarked,initial,ti,sa,ComplexPhrase_Testing,chef_four,NA,NA,,vaem ti,NA,NA,vaem ti,NA,198,Tue Apr 24 16:50:35 2018
520,extrapolation,unmarked,initial,ti,sa,ComplexPhrase_Testing,kick_cowboy_sg_burglar_sg,NA,NA,,kikim negid nork sa,NA,NA,kikim negid nork ti,NA,199,Tue Apr 24 16:50:44 2018
520,extrapolation,unmarked,initial,ti,sa,ComplexPhrase_Testing,point_cowboy_sg_chef_pl,chef,NA,,poinim negid vaem ti sa,NA,NA,poinim negid vaem ti ,NA,200,Tue Apr 24 16:50:53 2018
520,extrapolation,unmarked,initial,ti,sa,ComplexPhrase_Testing,point_cowboy_sg_waitress_pl,waitress,NA,,poinim negid tumbat ti sa,NA,NA,poinim negid tumbat ti,NA,201,Tue Apr 24 16:50:56 2018
520,extrapolation,unmarked,initial,ti,sa,ComplexPhrase_Testing,punch_cowboy_sg_burglar_pl,burglar,NA,,straikim negid nork ti sa,NA,NA,straikim negid nork ti,NA,202,Tue Apr 24 16:51:00 2018
520,extrapolation,unmarked,initial,ti,sa,ComplexPhrase_Testing,kick_chef_sg_burglar_pl,burglar,nork,1,kikim vaem nork ti sa,NA,NA,kikim vaem nork ti sa,NA,203,Tue Apr 24 16:51:08 2018
520,extrapolation,unmarked,initial,ti,sa,ComplexPhrase_Testing,punch_chef_pl_burglar_sg,NA,NA,,straikim vaem ti nork sa,NA,NA,straikim vaem ti nork sa,NA,204,Tue Apr 24 16:51:16 2018
520,extrapolation,unmarked,initial,ti,sa,ComplexPhrase_Testing,chef,NA,NA,,vaem,NA,NA,vaem,NA,205,Tue Apr 24 16:51:21 2018
520,extrapolation,unmarked,initial,ti,sa,ComplexPhrase_Testing,waitress,NA,NA,,tumbat,NA,NA,tumbat,NA,206,Tue Apr 24 16:51:25 2018
520,extrapolation,unmarked,initial,ti,sa,ComplexPhrase_Testing,kick_burglar_sg_chef_pl,chef,vaem,1,kikim nork vaem ti sa,NA,NA,kikim nork vaem ti sa,NA,207,Tue Apr 24 16:51:33 2018
520,extrapolation,unmarked,initial,ti,sa,ComplexPhrase_Testing,punch_waitress_sg_cowboy_pl,cowboy,negid,1,straikim tumbat negid ti sa,NA,NA,straikim tumbat negid ti sa,NA,208,Tue Apr 24 16:51:38 2018
520,extrapolation,unmarked,initial,ti,sa,ComplexPhrase_Testing,point_burglar_sg_chef_pl,chef,vaem,1,poinim nork vaem ti sa,NA,NA,poinim nork vaem ti sa,NA,209,Tue Apr 24 16:51:43 2018
520,extrapolation,unmarked,initial,ti,sa,ComplexPhrase_Testing,punch_waitress_sg_chef_pl,chef,vaem,1,straikim tumbat vaem ti sa,NA,NA,straikim tumbat vaem ti sa,NA,210,Tue Apr 24 16:51:49 2018
520,extrapolation,unmarked,initial,ti,sa,ComplexPhrase_Testing,point_chef_sg_waitress_pl,waitress,tumbat,1,poinim vaem tumbat ti sa,NA,NA,poinim vaem tumbat ti sa,NA,211,Tue Apr 24 16:51:53 2018
520,extrapolation,unmarked,initial,ti,sa,ComplexPhrase_Testing,punch_cowboy_sg_burglar_pl,burglar,nork,1,straikim negid nork ti sa,NA,NA,straikim negid nork ti sa,NA,212,Tue Apr 24 16:51:58 2018
520,extrapolation,unmarked,initial,ti,sa,ComplexPhrase_Testing,chef_three,NA,NA,,vaem ti,NA,NA,vaem ti,NA,213,Tue Apr 24 16:52:01 2018
520,extrapolation,unmarked,initial,ti,sa,ComplexPhrase_Testing,point_burglar_sg_cowboy_pl,cowboy,negid,1,poinim nork negid ti sa,NA,NA,poinim nork negid ti sa,NA,214,Tue Apr 24 16:52:08 2018
520,extrapolation,unmarked,initial,ti,sa,ComplexPhrase_Testing,point_chef_pl_cowboy_sg,NA,NA,,poinim vaem ti negid sa,NA,NA,poinim vaem ti negid sa,NA,215,Tue Apr 24 16:52:15 2018
520,extrapolation,unmarked,initial,ti,sa,ComplexPhrase_Testing,punch_cowboy_sg_burglar_pl,burglar,nork,1,straikim negid nork ti sa,NA,NA,straikim negid nork ti sa,NA,216,Tue Apr 24 16:52:24 2018
520,extrapolation,unmarked,initial,ti,sa,ComplexPhrase_Testing,point_cowboy_sg_burglar_pl,burglar,nork,1,poinim negid nork ti sa,NA,NA,poinim negid nork ti sa,NA,217,Tue Apr 24 16:52:28 2018
520,extrapolation,unmarked,initial,ti,sa,ComplexPhrase_Testing,punch_burglar_sg_chef_sg,NA,NA,,straikim nork vaem sa,NA,NA,straikim nork vaem sa,NA,218,Tue Apr 24 16:52:32 2018
520,extrapolation,unmarked,initial,ti,sa,ComplexPhrase_Testing,punch_chef_pl_waitress_sg,NA,NA,,straikim vaem ti tumbat sa,NA,NA,straikim vaem ti tumbat sa,NA,219,Tue Apr 24 16:52:39 2018
520,extrapolation,unmarked,initial,ti,sa,ComplexPhrase_Testing,cowboy,NA,NA,,negid,NA,NA,negid,NA,220,Tue Apr 24 16:52:45 2018
520,extrapolation,unmarked,initial,ti,sa,ComplexPhrase_Testing,kick_chef_pl_burglar_sg,NA,NA,,kikim vaem ti nork sa,NA,NA,kikim vaem ti nork sa,NA,221,Tue Apr 24 16:52:51 2018
520,extrapolation,unmarked,initial,ti,sa,ComplexPhrase_Testing,point_cowboy_sg_waitress_pl,waitress,tumbat,1,poinim negid tumbat ti sa,NA,NA,poinim negid tumbat ti sa,NA,222,Tue Apr 24 16:53:01 2018
520,extrapolation,unmarked,initial,ti,sa,ComplexPhrase_Testing,burglar,NA,NA,,nork,NA,NA,nork,NA,223,Tue Apr 24 16:53:03 2018
520,extrapolation,unmarked,initial,ti,sa,ComplexPhrase_Testing,point_waitress_sg_cowboy_sg,NA,NA,,poinim tumbat negid sa,NA,NA,poinim tumbat negid sa,NA,224,Tue Apr 24 16:53:10 2018
520,extrapolation,unmarked,initial,ti,sa,ComplexPhrase_Testing,punch_waitress_sg_cowboy_pl,cowboy,negid,1,straikim tumbat negid ti sa,NA,NA,straikim tumbat negid ti sa,NA,225,Tue Apr 24 16:53:18 2018
520,extrapolation,unmarked,initial,ti,sa,ComplexPhrase_Testing,point_chef_sg_waitress_pl,waitress,tumbat,1,poinim vaem tumbat ti sa,NA,NA,poinim vaem tumbat ti sa,NA,226,Tue Apr 24 16:53:24 2018
520,extrapolation,unmarked,initial,ti,sa,ComplexPhrase_Testing,point_cowboy_sg_waitress_pl,waitress,tumbat,1,poinim negid tumbat ti sa,NA,NA,poinim negid tumbat ti sa,NA,227,Tue Apr 24 16:53:30 2018
520,extrapolation,unmarked,initial,ti,sa,ComplexPhrase_Testing,punch_waitress_sg_chef_pl,chef,vaem,1,straikim tumbat vaem ti sa,NA,NA,straikim tumbat vaem ti sa,NA,228,Tue Apr 24 16:53:34 2018
520,extrapolation,unmarked,initial,ti,sa,ComplexPhrase_Testing,point_chef_sg_waitress_pl,waitress,tumbat,1,poinim vaem tumbat ti sa,NA,NA,poinim vaem tumbat ti sa,NA,229,Tue Apr 24 16:53:39 2018
520,extrapolation,unmarked,initial,ti,sa,ComplexPhrase_Testing,point_chef_pl_waitress_sg,NA,NA,,poinim vaem ti tumbat sa,NA,NA,poinim vaem sa tumbat ti,NA,230,Tue Apr 24 16:53:45 2018
520,extrapolation,unmarked,initial,ti,sa,Questionnaire,NA,NA,NA,,NA,NA,NA,,.,MeaningCase,Tue Apr 24 16:55:02 2018
520,extrapolation,unmarked,initial,ti,sa,Questionnaire,NA,NA,NA,,NA,NA,NA,,the,MeaningNum,Tue Apr 24 16:55:02 2018
520,extrapolation,unmarked,initial,ti,sa,Questionnaire,NA,NA,NA,,NA,NA,NA,,after,OrderCaseNoun,Tue Apr 24 16:55:02 2018
520,extrapolation,unmarked,initial,ti,sa,Questionnaire,NA,NA,NA,,NA,NA,NA,,before,OrderNumNoun,Tue Apr 24 16:55:02 2018
520,extrapolation,unmarked,initial,ti,sa,Questionnaire,NA,NA,NA,,NA,NA,NA,,english,Languages,Tue Apr 24 16:55:02 2018