ID,Condition,MajorityOrder,NounPosition,markerNum,markerCase,Phase,Meaning,NounItem,Noun,binaryResp,InputSentence,Selection,TypedResponse,SpokenResponse,AnswerQuest,Trial,date&time
606,extrapolation,unmarked,final,sa,gu,Noun_Training,waitress,NA,NA,,negid,NA,NA,,NA,1,Tue Apr 17 09:34:06 2018
606,extrapolation,unmarked,final,sa,gu,Noun_Training,waitress,NA,NA,,negid,NA,NA,,NA,2,Tue Apr 17 09:34:10 2018
606,extrapolation,unmarked,final,sa,gu,Noun_Training,burglar,NA,NA,,vaem,NA,NA,,NA,3,Tue Apr 17 09:34:15 2018
606,extrapolation,unmarked,final,sa,gu,Noun_Training,burglar,NA,NA,,vaem,NA,NA,,NA,4,Tue Apr 17 09:34:20 2018
606,extrapolation,unmarked,final,sa,gu,Noun_Training,cowboy,NA,NA,,nork,NA,NA,,NA,5,Tue Apr 17 09:34:25 2018
606,extrapolation,unmarked,final,sa,gu,Noun_Training,burglar,NA,NA,,vaem,NA,NA,,NA,6,Tue Apr 17 09:34:30 2018
606,extrapolation,unmarked,final,sa,gu,Noun_Training,cowboy,NA,NA,,nork,NA,NA,,NA,7,Tue Apr 17 09:34:35 2018
606,extrapolation,unmarked,final,sa,gu,Noun_Training,waitress,NA,NA,,negid,NA,NA,,NA,8,Tue Apr 17 09:34:39 2018
606,extrapolation,unmarked,final,sa,gu,Noun_Training,chef,NA,NA,,tumbat,NA,NA,,NA,9,Tue Apr 17 09:34:44 2018
606,extrapolation,unmarked,final,sa,gu,Noun_Training,burglar,NA,NA,,vaem,NA,NA,,NA,10,Tue Apr 17 09:34:49 2018
606,extrapolation,unmarked,final,sa,gu,Noun_Training,chef,NA,NA,,tumbat,NA,NA,,NA,11,Tue Apr 17 09:34:54 2018
606,extrapolation,unmarked,final,sa,gu,Noun_Training,chef,NA,NA,,tumbat,NA,NA,,NA,12,Tue Apr 17 09:34:59 2018
606,extrapolation,unmarked,final,sa,gu,Noun_Training,chef,NA,NA,,tumbat,NA,NA,,NA,13,Tue Apr 17 09:35:04 2018
606,extrapolation,unmarked,final,sa,gu,Noun_Training,cowboy,NA,NA,,nork,NA,NA,,NA,14,Tue Apr 17 09:35:09 2018
606,extrapolation,unmarked,final,sa,gu,Noun_Training,cowboy,NA,NA,,nork,NA,NA,,NA,15,Tue Apr 17 09:35:14 2018
606,extrapolation,unmarked,final,sa,gu,Noun_Training,chef,NA,NA,,tumbat,NA,NA,,NA,16,Tue Apr 17 09:35:18 2018
606,extrapolation,unmarked,final,sa,gu,Noun_Training,waitress,NA,NA,,negid,NA,NA,,NA,17,Tue Apr 17 09:35:23 2018
606,extrapolation,unmarked,final,sa,gu,Noun_Training,waitress,NA,NA,,negid,NA,NA,,NA,18,Tue Apr 17 09:35:28 2018
606,extrapolation,unmarked,final,sa,gu,Noun_Training,cowboy,NA,NA,,nork,NA,NA,,NA,19,Tue Apr 17 09:35:33 2018
606,extrapolation,unmarked,final,sa,gu,Noun_Training,burglar,NA,NA,,vaem,NA,NA,,NA,20,Tue Apr 17 09:35:38 2018
606,extrapolation,unmarked,final,sa,gu,Noun_Training,burglar,NA,NA,,vaem,NA,NA,,NA,21,Tue Apr 17 09:35:42 2018
606,extrapolation,unmarked,final,sa,gu,Noun_Training,chef,NA,NA,,tumbat,NA,NA,,NA,22,Tue Apr 17 09:35:47 2018
606,extrapolation,unmarked,final,sa,gu,Noun_Training,waitress,NA,NA,,negid,NA,NA,,NA,23,Tue Apr 17 09:35:52 2018
606,extrapolation,unmarked,final,sa,gu,Noun_Training,cowboy,NA,NA,,nork,NA,NA,,NA,24,Tue Apr 17 09:35:57 2018
606,extrapolation,unmarked,final,sa,gu,Noun_Selection,cowboy,NA,NA,,nork,correct,NA,,NA,25,Tue Apr 17 09:36:22 2018
606,extrapolation,unmarked,final,sa,gu,Noun_Selection,burglar,NA,NA,,vaem,correct,NA,,NA,26,Tue Apr 17 09:36:26 2018
606,extrapolation,unmarked,final,sa,gu,Noun_Selection,waitress,NA,NA,,negid,correct,NA,,NA,27,Tue Apr 17 09:36:30 2018
606,extrapolation,unmarked,final,sa,gu,Noun_Selection,chef,NA,NA,,tumbat,correct,NA,,NA,28,Tue Apr 17 09:36:34 2018
606,extrapolation,unmarked,final,sa,gu,Noun_Selection,burglar,NA,NA,,vaem,correct,NA,,NA,29,Tue Apr 17 09:36:38 2018
606,extrapolation,unmarked,final,sa,gu,Noun_Selection,cowboy,NA,NA,,nork,wrong,NA,,NA,30,Tue Apr 17 09:36:45 2018
606,extrapolation,unmarked,final,sa,gu,Noun_Selection,chef,NA,NA,,tumbat,correct,NA,,NA,31,Tue Apr 17 09:36:51 2018
606,extrapolation,unmarked,final,sa,gu,Noun_Selection,waitress,NA,NA,,negid,correct,NA,,NA,32,Tue Apr 17 09:36:55 2018
606,extrapolation,unmarked,final,sa,gu,Noun_Selection,burglar,NA,NA,,vaem,correct,NA,,NA,33,Tue Apr 17 09:36:58 2018
606,extrapolation,unmarked,final,sa,gu,Noun_Selection,cowboy,NA,NA,,nork,correct,NA,,NA,34,Tue Apr 17 09:37:01 2018
606,extrapolation,unmarked,final,sa,gu,Noun_Selection,chef,NA,NA,,tumbat,correct,NA,,NA,35,Tue Apr 17 09:37:06 2018
606,extrapolation,unmarked,final,sa,gu,Noun_Selection,waitress,NA,NA,,negid,correct,NA,,NA,36,Tue Apr 17 09:37:09 2018
606,extrapolation,unmarked,final,sa,gu,Noun_Testing,burglar,NA,NA,,vaem,NA,NA,vaem,NA,37,Tue Apr 17 09:37:35 2018
606,extrapolation,unmarked,final,sa,gu,Noun_Testing,chef,NA,NA,,tumbat,NA,NA,tumbat,NA,38,Tue Apr 17 09:37:42 2018
606,extrapolation,unmarked,final,sa,gu,Noun_Testing,cowboy,NA,NA,,nork,NA,NA,nork,NA,39,Tue Apr 17 09:37:48 2018
606,extrapolation,unmarked,final,sa,gu,Noun_Testing,waitress,NA,NA,,negid,NA,NA,negid,NA,40,Tue Apr 17 09:37:53 2018
606,extrapolation,unmarked,final,sa,gu,Noun_Testing,waitress,NA,NA,,negid,NA,NA,negid,NA,41,Tue Apr 17 09:37:57 2018
606,extrapolation,unmarked,final,sa,gu,Noun_Testing,waitress,NA,NA,,negid,NA,NA,negid,NA,42,Tue Apr 17 09:38:01 2018
606,extrapolation,unmarked,final,sa,gu,Noun_Testing,burglar,NA,NA,,vaem,NA,NA,vaem,NA,43,Tue Apr 17 09:38:06 2018
606,extrapolation,unmarked,final,sa,gu,Noun_Testing,cowboy,NA,NA,,nork,NA,NA,nork,NA,44,Tue Apr 17 09:38:11 2018
606,extrapolation,unmarked,final,sa,gu,Noun_Testing,burglar,NA,NA,,vaem,NA,NA,vaem,NA,45,Tue Apr 17 09:38:15 2018
606,extrapolation,unmarked,final,sa,gu,Noun_Testing,chef,NA,NA,,tumbat,NA,NA,tumbat,NA,46,Tue Apr 17 09:38:21 2018
606,extrapolation,unmarked,final,sa,gu,Noun_Testing,chef,NA,NA,,tumbat,NA,NA,tumbat,NA,47,Tue Apr 17 09:38:25 2018
606,extrapolation,unmarked,final,sa,gu,Noun_Testing,cowboy,NA,NA,,nork,NA,NA,nork,NA,48,Tue Apr 17 09:38:30 2018
606,extrapolation,unmarked,final,sa,gu,SimplePhrase_Training,punch_cowboy_pl_waitress_sg,NA,NA,,straikim sa nork gu negid,NA,NA,,NA,49,Tue Apr 17 09:39:06 2018
606,extrapolation,unmarked,final,sa,gu,SimplePhrase_Training,punch_cowboy_pl_burglar_sg,NA,NA,,straikim sa nork gu vaem,NA,NA,,NA,50,Tue Apr 17 09:39:14 2018
606,extrapolation,unmarked,final,sa,gu,SimplePhrase_Training,point_chef_sg_burglar_sg,NA,NA,,poinim tumbat gu vaem,NA,NA,,NA,51,Tue Apr 17 09:39:21 2018
606,extrapolation,unmarked,final,sa,gu,SimplePhrase_Training,burglar_four,NA,NA,,sa vaem,NA,NA,,NA,52,Tue Apr 17 09:39:26 2018
606,extrapolation,unmarked,final,sa,gu,SimplePhrase_Training,burglar,NA,NA,,vaem,NA,NA,,NA,53,Tue Apr 17 09:39:31 2018
606,extrapolation,unmarked,final,sa,gu,SimplePhrase_Training,kick_burglar_pl_cowboy_sg,NA,NA,,kikim sa vaem gu nork,NA,NA,,NA,54,Tue Apr 17 09:39:38 2018
606,extrapolation,unmarked,final,sa,gu,SimplePhrase_Training,cowboy_four,NA,NA,,sa nork,NA,NA,,NA,55,Tue Apr 17 09:39:43 2018
606,extrapolation,unmarked,final,sa,gu,SimplePhrase_Training,punch_waitress_pl_burglar_sg,NA,NA,,straikim sa negid gu vaem,NA,NA,,NA,56,Tue Apr 17 09:39:51 2018
606,extrapolation,unmarked,final,sa,gu,SimplePhrase_Training,cowboy_three,NA,NA,,sa nork,NA,NA,,NA,57,Tue Apr 17 09:39:56 2018
606,extrapolation,unmarked,final,sa,gu,SimplePhrase_Training,punch_waitress_sg_cowboy_sg,NA,NA,,straikim negid gu nork,NA,NA,,NA,58,Tue Apr 17 09:40:03 2018
606,extrapolation,unmarked,final,sa,gu,SimplePhrase_Training,kick_cowboy_sg_burglar_sg,NA,NA,,kikim nork gu vaem,NA,NA,,NA,59,Tue Apr 17 09:40:10 2018
606,extrapolation,unmarked,final,sa,gu,SimplePhrase_Training,kick_chef_sg_waitress_sg,NA,NA,,kikim tumbat gu negid,NA,NA,,NA,60,Tue Apr 17 09:40:17 2018
606,extrapolation,unmarked,final,sa,gu,SimplePhrase_Training,chef_four,NA,NA,,sa tumbat,NA,NA,,NA,61,Tue Apr 17 09:40:23 2018
606,extrapolation,unmarked,final,sa,gu,SimplePhrase_Training,kick_burglar_sg_chef_sg,NA,NA,,kikim vaem gu tumbat,NA,NA,,NA,62,Tue Apr 17 09:40:30 2018
606,extrapolation,unmarked,final,sa,gu,SimplePhrase_Training,punch_burglar_sg_waitress_sg,NA,NA,,straikim vaem gu negid,NA,NA,,NA,63,Tue Apr 17 09:40:37 2018
606,extrapolation,unmarked,final,sa,gu,SimplePhrase_Training,point_burglar_sg_waitress_sg,NA,NA,,poinim vaem gu negid,NA,NA,,NA,64,Tue Apr 17 09:40:44 2018
606,extrapolation,unmarked,final,sa,gu,SimplePhrase_Training,point_waitress_sg_burglar_sg,NA,NA,,poinim negid gu vaem,NA,NA,,NA,65,Tue Apr 17 09:40:51 2018
606,extrapolation,unmarked,final,sa,gu,SimplePhrase_Training,punch_chef_pl_burglar_sg,NA,NA,,straikim sa tumbat gu vaem,NA,NA,,NA,66,Tue Apr 17 09:40:59 2018
606,extrapolation,unmarked,final,sa,gu,SimplePhrase_Training,punch_cowboy_sg_chef_sg,NA,NA,,straikim nork gu tumbat,NA,NA,,NA,67,Tue Apr 17 09:41:07 2018
606,extrapolation,unmarked,final,sa,gu,SimplePhrase_Training,point_chef_pl_cowboy_sg,NA,NA,,poinim sa tumbat gu nork,NA,NA,,NA,68,Tue Apr 17 09:41:14 2018
606,extrapolation,unmarked,final,sa,gu,SimplePhrase_Training,chef,NA,NA,,tumbat,NA,NA,,NA,69,Tue Apr 17 09:41:19 2018
606,extrapolation,unmarked,final,sa,gu,SimplePhrase_Training,point_waitress_pl_cowboy_sg,NA,NA,,poinim sa negid gu nork,NA,NA,,NA,70,Tue Apr 17 09:41:26 2018
606,extrapolation,unmarked,final,sa,gu,SimplePhrase_Training,kick_waitress_sg_chef_sg,NA,NA,,kikim negid gu tumbat,NA,NA,,NA,71,Tue Apr 17 09:41:34 2018
606,extrapolation,unmarked,final,sa,gu,SimplePhrase_Training,cowboy,NA,NA,,nork,NA,NA,,NA,72,Tue Apr 17 09:41:39 2018
606,extrapolation,unmarked,final,sa,gu,SimplePhrase_Training,kick_cowboy_pl_waitress_sg,NA,NA,,kikim sa nork gu negid,NA,NA,,NA,73,Tue Apr 17 09:41:46 2018
606,extrapolation,unmarked,final,sa,gu,SimplePhrase_Training,waitress_three,NA,NA,,sa negid,NA,NA,,NA,74,Tue Apr 17 09:41:51 2018
606,extrapolation,unmarked,final,sa,gu,SimplePhrase_Training,waitress_two,NA,NA,,sa negid,NA,NA,,NA,75,Tue Apr 17 09:41:56 2018
606,extrapolation,unmarked,final,sa,gu,SimplePhrase_Training,chef,NA,NA,,tumbat,NA,NA,,NA,76,Tue Apr 17 09:42:01 2018
606,extrapolation,unmarked,final,sa,gu,SimplePhrase_Training,kick_waitress_sg_cowboy_sg,NA,NA,,kikim negid gu nork,NA,NA,,NA,77,Tue Apr 17 09:42:08 2018
606,extrapolation,unmarked,final,sa,gu,SimplePhrase_Training,kick_burglar_sg_waitress_sg,NA,NA,,kikim vaem gu negid,NA,NA,,NA,78,Tue Apr 17 09:42:15 2018
606,extrapolation,unmarked,final,sa,gu,SimplePhrase_Training,cowboy_two,NA,NA,,sa nork,NA,NA,,NA,79,Tue Apr 17 09:42:20 2018
606,extrapolation,unmarked,final,sa,gu,SimplePhrase_Training,kick_waitress_pl_burglar_sg,NA,NA,,kikim sa negid gu vaem,NA,NA,,NA,80,Tue Apr 17 09:42:27 2018
606,extrapolation,unmarked,final,sa,gu,SimplePhrase_Training,waitress_three,NA,NA,,sa negid,NA,NA,,NA,81,Tue Apr 17 09:42:32 2018
606,extrapolation,unmarked,final,sa,gu,SimplePhrase_Training,punch_chef_pl_waitress_sg,NA,NA,,straikim sa tumbat gu negid,NA,NA,,NA,82,Tue Apr 17 09:42:40 2018
606,extrapolation,unmarked,final,sa,gu,SimplePhrase_Training,kick_chef_pl_burglar_sg,NA,NA,,kikim sa tumbat gu vaem,NA,NA,,NA,83,Tue Apr 17 09:42:47 2018
606,extrapolation,unmarked,final,sa,gu,SimplePhrase_Training,point_cowboy_pl_burglar_sg,NA,NA,,poinim sa nork gu vaem,NA,NA,,NA,84,Tue Apr 17 09:42:55 2018
606,extrapolation,unmarked,final,sa,gu,SimplePhrase_Training,waitress_four,NA,NA,,sa negid,NA,NA,,NA,85,Tue Apr 17 09:43:00 2018
606,extrapolation,unmarked,final,sa,gu,SimplePhrase_Training,chef_two,NA,NA,,sa tumbat,NA,NA,,NA,86,Tue Apr 17 09:43:05 2018
606,extrapolation,unmarked,final,sa,gu,SimplePhrase_Training,waitress,NA,NA,,negid,NA,NA,,NA,87,Tue Apr 17 09:43:10 2018
606,extrapolation,unmarked,final,sa,gu,SimplePhrase_Training,punch_burglar_pl_cowboy_sg,NA,NA,,straikim sa vaem gu nork,NA,NA,,NA,88,Tue Apr 17 09:43:17 2018
606,extrapolation,unmarked,final,sa,gu,SimplePhrase_Training,point_waitress_sg_chef_sg,NA,NA,,poinim negid gu tumbat,NA,NA,,NA,89,Tue Apr 17 09:43:25 2018
606,extrapolation,unmarked,final,sa,gu,SimplePhrase_Training,point_chef_sg_waitress_sg,NA,NA,,poinim tumbat gu negid,NA,NA,,NA,90,Tue Apr 17 09:43:32 2018
606,extrapolation,unmarked,final,sa,gu,SimplePhrase_Training,chef_three,NA,NA,,sa tumbat,NA,NA,,NA,91,Tue Apr 17 09:43:37 2018
606,extrapolation,unmarked,final,sa,gu,SimplePhrase_Training,cowboy_two,NA,NA,,sa nork,NA,NA,,NA,92,Tue Apr 17 09:43:42 2018
606,extrapolation,unmarked,final,sa,gu,SimplePhrase_Training,kick_chef_sg_cowboy_sg,NA,NA,,kikim tumbat gu nork,NA,NA,,NA,93,Tue Apr 17 09:43:49 2018
606,extrapolation,unmarked,final,sa,gu,SimplePhrase_Training,punch_waitress_sg_chef_sg,NA,NA,,straikim negid gu tumbat,NA,NA,,NA,94,Tue Apr 17 09:43:57 2018
606,extrapolation,unmarked,final,sa,gu,SimplePhrase_Training,point_burglar_pl_cowboy_sg,NA,NA,,poinim sa vaem gu nork,NA,NA,,NA,95,Tue Apr 17 09:44:04 2018
606,extrapolation,unmarked,final,sa,gu,SimplePhrase_Training,punch_chef_pl_cowboy_sg,NA,NA,,straikim sa tumbat gu nork,NA,NA,,NA,96,Tue Apr 17 09:44:12 2018
606,extrapolation,unmarked,final,sa,gu,SimplePhrase_Training,burglar_two,NA,NA,,sa vaem,NA,NA,,NA,97,Tue Apr 17 09:44:17 2018
606,extrapolation,unmarked,final,sa,gu,SimplePhrase_Training,point_cowboy_pl_waitress_sg,NA,NA,,poinim sa nork gu negid,NA,NA,,NA,98,Tue Apr 17 09:44:24 2018
606,extrapolation,unmarked,final,sa,gu,SimplePhrase_Training,cowboy,NA,NA,,nork,NA,NA,,NA,99,Tue Apr 17 09:44:29 2018
606,extrapolation,unmarked,final,sa,gu,SimplePhrase_Training,chef_three,NA,NA,,sa tumbat,NA,NA,,NA,100,Tue Apr 17 09:44:34 2018
606,extrapolation,unmarked,final,sa,gu,SimplePhrase_Training,point_cowboy_pl_chef_sg,NA,NA,,poinim sa nork gu tumbat,NA,NA,,NA,101,Tue Apr 17 09:44:42 2018
606,extrapolation,unmarked,final,sa,gu,SimplePhrase_Training,kick_cowboy_pl_chef_sg,NA,NA,,kikim sa nork gu tumbat,NA,NA,,NA,102,Tue Apr 17 09:44:49 2018
606,extrapolation,unmarked,final,sa,gu,SimplePhrase_Training,burglar_three,NA,NA,,sa vaem,NA,NA,,NA,103,Tue Apr 17 09:44:54 2018
606,extrapolation,unmarked,final,sa,gu,SimplePhrase_Training,burglar,NA,NA,,vaem,NA,NA,,NA,104,Tue Apr 17 09:44:59 2018
606,extrapolation,unmarked,final,sa,gu,SimplePhrase_Training,point_burglar_sg_chef_sg,NA,NA,,poinim vaem gu tumbat,NA,NA,,NA,105,Tue Apr 17 09:45:07 2018
606,extrapolation,unmarked,final,sa,gu,SimplePhrase_Training,burglar_two,NA,NA,,sa vaem,NA,NA,,NA,106,Tue Apr 17 09:45:12 2018
606,extrapolation,unmarked,final,sa,gu,SimplePhrase_Training,cowboy_three,NA,NA,,sa nork,NA,NA,,NA,107,Tue Apr 17 09:45:17 2018
606,extrapolation,unmarked,final,sa,gu,SimplePhrase_Training,punch_burglar_sg_chef_sg,NA,NA,,straikim vaem gu tumbat,NA,NA,,NA,108,Tue Apr 17 09:45:24 2018
606,extrapolation,unmarked,final,sa,gu,SimplePhrase_Training,burglar_four,NA,NA,,sa vaem,NA,NA,,NA,109,Tue Apr 17 09:45:29 2018
606,extrapolation,unmarked,final,sa,gu,SimplePhrase_Training,waitress,NA,NA,,negid,NA,NA,,NA,110,Tue Apr 17 09:45:34 2018
606,extrapolation,unmarked,final,sa,gu,SimplePhrase_Comprehension,kick_waitress_sg_burglar_sg,NA,NA,,kikim negid gu vaem,correct,NA,,NA,111,Tue Apr 17 09:45:55 2018
606,extrapolation,unmarked,final,sa,gu,SimplePhrase_Comprehension,cowboy_two,NA,NA,,sa nork,correct,NA,,NA,112,Tue Apr 17 09:45:59 2018
606,extrapolation,unmarked,final,sa,gu,SimplePhrase_Comprehension,cowboy_four,NA,NA,,sa nork,correct,NA,,NA,113,Tue Apr 17 09:46:03 2018
606,extrapolation,unmarked,final,sa,gu,SimplePhrase_Comprehension,point_burglar_pl_waitress_sg,NA,NA,,poinim sa vaem gu negid,correct,NA,,NA,114,Tue Apr 17 09:46:09 2018
606,extrapolation,unmarked,final,sa,gu,SimplePhrase_Comprehension,waitress_two,NA,NA,,sa negid,correct,NA,,NA,115,Tue Apr 17 09:46:13 2018
606,extrapolation,unmarked,final,sa,gu,SimplePhrase_Comprehension,chef_three,NA,NA,,sa tumbat,correct,NA,,NA,116,Tue Apr 17 09:46:17 2018
606,extrapolation,unmarked,final,sa,gu,SimplePhrase_Comprehension,punch_chef_sg_cowboy_sg,NA,NA,,straikim tumbat gu nork,correct,NA,,NA,117,Tue Apr 17 09:46:23 2018
606,extrapolation,unmarked,final,sa,gu,SimplePhrase_Comprehension,point_chef_pl_burglar_sg,NA,NA,,poinim sa tumbat gu vaem,correct,NA,,NA,118,Tue Apr 17 09:46:29 2018
606,extrapolation,unmarked,final,sa,gu,SimplePhrase_Comprehension,kick_cowboy_sg_waitress_sg,NA,NA,,kikim nork gu negid,correct,NA,,NA,119,Tue Apr 17 09:46:34 2018
606,extrapolation,unmarked,final,sa,gu,SimplePhrase_Comprehension,point_waitress_pl_chef_sg,NA,NA,,poinim sa negid gu tumbat,correct,NA,,NA,120,Tue Apr 17 09:46:40 2018
606,extrapolation,unmarked,final,sa,gu,SimplePhrase_Comprehension,burglar_two,NA,NA,,sa vaem,correct,NA,,NA,121,Tue Apr 17 09:46:44 2018
606,extrapolation,unmarked,final,sa,gu,SimplePhrase_Comprehension,punch_cowboy_sg_waitress_sg,NA,NA,,straikim nork gu negid,correct,NA,,NA,122,Tue Apr 17 09:46:50 2018
606,extrapolation,unmarked,final,sa,gu,SimplePhrase_Comprehension,waitress_four,NA,NA,,sa negid,correct,NA,,NA,123,Tue Apr 17 09:46:54 2018
606,extrapolation,unmarked,final,sa,gu,SimplePhrase_Comprehension,punch_burglar_pl_chef_sg,NA,NA,,straikim sa vaem gu tumbat,correct,NA,,NA,124,Tue Apr 17 09:47:00 2018
606,extrapolation,unmarked,final,sa,gu,SimplePhrase_Comprehension,chef_four,NA,NA,,sa tumbat,correct,NA,,NA,125,Tue Apr 17 09:47:04 2018
606,extrapolation,unmarked,final,sa,gu,SimplePhrase_Comprehension,point_cowboy_sg_burglar_sg,NA,NA,,poinim nork gu vaem,correct,NA,,NA,126,Tue Apr 17 09:47:10 2018
606,extrapolation,unmarked,final,sa,gu,SimplePhrase_Comprehension,point_waitress_pl_burglar_sg,NA,NA,,poinim sa negid gu vaem,correct,NA,,NA,127,Tue Apr 17 09:47:15 2018
606,extrapolation,unmarked,final,sa,gu,SimplePhrase_Comprehension,waitress_three,NA,NA,,sa negid,correct,NA,,NA,128,Tue Apr 17 09:47:20 2018
606,extrapolation,unmarked,final,sa,gu,SimplePhrase_Comprehension,chef,NA,NA,,tumbat,correct,NA,,NA,129,Tue Apr 17 09:47:24 2018
606,extrapolation,unmarked,final,sa,gu,SimplePhrase_Comprehension,point_chef_pl_waitress_sg,NA,NA,,poinim sa tumbat gu negid,correct,NA,,NA,130,Tue Apr 17 09:47:29 2018
606,extrapolation,unmarked,final,sa,gu,SimplePhrase_Comprehension,punch_waitress_pl_cowboy_sg,NA,NA,,straikim sa negid gu nork,correct,NA,,NA,131,Tue Apr 17 09:47:35 2018
606,extrapolation,unmarked,final,sa,gu,SimplePhrase_Comprehension,punch_waitress_sg_burglar_sg,NA,NA,,straikim negid gu vaem,correct,NA,,NA,132,Tue Apr 17 09:47:41 2018
606,extrapolation,unmarked,final,sa,gu,SimplePhrase_Comprehension,kick_burglar_sg_cowboy_sg,NA,NA,,kikim vaem gu nork,correct,NA,,NA,133,Tue Apr 17 09:47:46 2018
606,extrapolation,unmarked,final,sa,gu,SimplePhrase_Comprehension,burglar,NA,NA,,vaem,correct,NA,,NA,134,Tue Apr 17 09:47:50 2018
606,extrapolation,unmarked,final,sa,gu,SimplePhrase_Comprehension,kick_waitress_pl_chef_sg,NA,NA,,kikim sa negid gu tumbat,correct,NA,,NA,135,Tue Apr 17 09:47:56 2018
606,extrapolation,unmarked,final,sa,gu,SimplePhrase_Comprehension,waitress,NA,NA,,negid,correct,NA,,NA,136,Tue Apr 17 09:48:00 2018
606,extrapolation,unmarked,final,sa,gu,SimplePhrase_Comprehension,kick_chef_pl_cowboy_sg,NA,NA,,kikim sa tumbat gu nork,wrong,NA,,NA,137,Tue Apr 17 09:48:09 2018
606,extrapolation,unmarked,final,sa,gu,SimplePhrase_Comprehension,point_waitress_sg_cowboy_sg,NA,NA,,poinim negid gu nork,correct,NA,,NA,138,Tue Apr 17 09:48:14 2018
606,extrapolation,unmarked,final,sa,gu,SimplePhrase_Comprehension,cowboy,NA,NA,,nork,correct,NA,,NA,139,Tue Apr 17 09:48:19 2018
606,extrapolation,unmarked,final,sa,gu,SimplePhrase_Comprehension,chef_two,NA,NA,,sa tumbat,correct,NA,,NA,140,Tue Apr 17 09:48:24 2018
606,extrapolation,unmarked,final,sa,gu,SimplePhrase_Comprehension,punch_chef_sg_burglar_sg,NA,NA,,straikim tumbat gu vaem,correct,NA,,NA,141,Tue Apr 17 09:48:30 2018
606,extrapolation,unmarked,final,sa,gu,SimplePhrase_Comprehension,point_cowboy_sg_chef_sg,NA,NA,,poinim nork gu tumbat,correct,NA,,NA,142,Tue Apr 17 09:48:36 2018
606,extrapolation,unmarked,final,sa,gu,SimplePhrase_Comprehension,cowboy_three,NA,NA,,sa nork,correct,NA,,NA,143,Tue Apr 17 09:48:40 2018
606,extrapolation,unmarked,final,sa,gu,SimplePhrase_Comprehension,kick_waitress_pl_cowboy_sg,NA,NA,,kikim sa negid gu nork,correct,NA,,NA,144,Tue Apr 17 09:48:45 2018
606,extrapolation,unmarked,final,sa,gu,SimplePhrase_Typing,point_burglar_pl_cowboy_sg,NA,NA,,poinim sa vaem gu nork,NA,poinim sa vaem gu nork,,NA,145,Tue Apr 17 09:49:27 2018
606,extrapolation,unmarked,final,sa,gu,SimplePhrase_Typing,point_chef_sg_waitress_sg,NA,NA,,poinim tumbat gu negid,NA,poinim tumbat gu negid,,NA,146,Tue Apr 17 09:49:42 2018
606,extrapolation,unmarked,final,sa,gu,SimplePhrase_Typing,waitress,NA,NA,,negid,NA,negid,,NA,147,Tue Apr 17 09:49:48 2018
606,extrapolation,unmarked,final,sa,gu,SimplePhrase_Typing,punch_burglar_sg_chef_sg,NA,NA,,straikim vaem gu tumbat,NA,straikim vaem gu tumbat,,NA,148,Tue Apr 17 09:50:04 2018
606,extrapolation,unmarked,final,sa,gu,SimplePhrase_Typing,cowboy_two,NA,NA,,sa nork,NA,sa nork,,NA,149,Tue Apr 17 09:50:13 2018
606,extrapolation,unmarked,final,sa,gu,SimplePhrase_Typing,point_burglar_sg_chef_sg,NA,NA,,poinim vaem gu tumbat,NA,poinim vaem gu tumbat,,NA,150,Tue Apr 17 09:50:24 2018
606,extrapolation,unmarked,final,sa,gu,SimplePhrase_Typing,punch_chef_pl_burglar_sg,NA,NA,,straikim sa tumbat gu vaem,NA,straikim sa tumbat gu vaem,,NA,151,Tue Apr 17 09:50:39 2018
606,extrapolation,unmarked,final,sa,gu,SimplePhrase_Typing,cowboy,NA,NA,,nork,NA,nork,,NA,152,Tue Apr 17 09:50:46 2018
606,extrapolation,unmarked,final,sa,gu,SimplePhrase_Typing,waitress_three,NA,NA,,sa negid,NA,sa negid,,NA,153,Tue Apr 17 09:50:53 2018
606,extrapolation,unmarked,final,sa,gu,SimplePhrase_Typing,cowboy_four,NA,NA,,sa nork,NA,sa nork,,NA,154,Tue Apr 17 09:51:00 2018
606,extrapolation,unmarked,final,sa,gu,SimplePhrase_Typing,point_waitress_pl_cowboy_sg,NA,NA,,poinim sa negid gu nork,NA,poinim sa negid gu nork,,NA,155,Tue Apr 17 09:51:11 2018
606,extrapolation,unmarked,final,sa,gu,SimplePhrase_Typing,point_burglar_sg_waitress_sg,NA,NA,,poinim vaem gu negid,NA,poinim vaem gu negid,,NA,156,Tue Apr 17 09:51:21 2018
606,extrapolation,unmarked,final,sa,gu,SimplePhrase_Typing,point_chef_pl_cowboy_sg,NA,NA,,poinim sa tumbat gu nork,NA,poinim sa tumbat gu nork,,NA,157,Tue Apr 17 09:51:33 2018
606,extrapolation,unmarked,final,sa,gu,SimplePhrase_Typing,chef_four,NA,NA,,sa tumbat,NA,sa tumbat,,NA,158,Tue Apr 17 09:51:40 2018
606,extrapolation,unmarked,final,sa,gu,SimplePhrase_Typing,burglar,NA,NA,,vaem,NA,vaem,,NA,159,Tue Apr 17 09:51:45 2018
606,extrapolation,unmarked,final,sa,gu,SimplePhrase_Typing,chef,NA,NA,,tumbat,NA,tumbat,,NA,160,Tue Apr 17 09:51:51 2018
606,extrapolation,unmarked,final,sa,gu,ComplexPhrase_Typing,point_chef_sg_waitress_pl,waitress,negid,1,poinim tumbat gu sa negid,NA,poinim tumbat gu sa negid,,NA,161,Tue Apr 17 09:52:26 2018
606,extrapolation,unmarked,final,sa,gu,ComplexPhrase_Typing,point_cowboy_sg_burglar_pl,burglar,vaem,1,poinim nork gu sa vaem,NA,poinim nork gu sa vaem,,NA,162,Tue Apr 17 09:52:37 2018
606,extrapolation,unmarked,final,sa,gu,ComplexPhrase_Typing,kick_waitress_sg_chef_pl,chef,tumbat,1,kikim negid gu sa tumbat,NA,kikim negid gu sa tumbat,,NA,163,Tue Apr 17 09:52:43 2018
606,extrapolation,unmarked,final,sa,gu,ComplexPhrase_Typing,point_cowboy_sg_waitress_pl,waitress,negid,1,poinim nork gu sa negid,NA,poinim nork gu sa negid,,NA,164,Tue Apr 17 09:52:49 2018
606,extrapolation,unmarked,final,sa,gu,ComplexPhrase_Typing,point_chef_sg_waitress_pl,waitress,negid,1,poinim tumbat gu sa negid,NA,poinim tumbat gu sa negid,,NA,165,Tue Apr 17 09:52:54 2018
606,extrapolation,unmarked,final,sa,gu,ComplexPhrase_Typing,point_cowboy_sg_waitress_pl,waitress,negid,1,poinim nork gu sa negid,NA,poinim nork gu sa negid,,NA,166,Tue Apr 17 09:52:58 2018
606,extrapolation,unmarked,final,sa,gu,ComplexPhrase_Typing,point_cowboy_sg_burglar_pl,burglar,vaem,1,poinim nork gu sa vaem,NA,poinim nork gu sa vaem,,NA,167,Tue Apr 17 09:53:02 2018
606,extrapolation,unmarked,final,sa,gu,ComplexPhrase_Typing,kick_waitress_sg_chef_pl,chef,tumbat,1,kikim negid gu sa tumbat,NA,kikim negid gu sa tumbat,,NA,168,Tue Apr 17 09:53:08 2018
606,extrapolation,unmarked,final,sa,gu,ComplexPhrase_Typing,point_chef_sg_waitress_pl,waitress,negid,1,poinim tumbat gu sa negid,NA,poinim tumbat gu sa negid,,NA,169,Tue Apr 17 09:53:13 2018
606,extrapolation,unmarked,final,sa,gu,ComplexPhrase_Typing,point_cowboy_sg_waitress_pl,waitress,negid,1,poinim nork gu sa negid,NA,poinim nork gu sa negid,,NA,170,Tue Apr 17 09:53:17 2018
606,extrapolation,unmarked,final,sa,gu,ComplexPhrase_Typing,kick_waitress_sg_chef_pl,chef,tumbat,1,kikim negid gu sa tumbat,NA,kikim negid gu sa tumbat,,NA,171,Tue Apr 17 09:53:23 2018
606,extrapolation,unmarked,final,sa,gu,ComplexPhrase_Typing,point_cowboy_sg_burglar_pl,burglar,vaem,1,poinim nork gu sa vaem,NA,poinim nork gu sa vaem,,NA,172,Tue Apr 17 09:53:27 2018
606,extrapolation,unmarked,final,sa,gu,ComplexPhrase_Testing,point_chef_sg_burglar_pl,burglar,vaem,1,poinim tumbat gu sa vaem,NA,NA,poinim tumbat gu sa vaem,NA,173,Tue Apr 17 09:54:11 2018
606,extrapolation,unmarked,final,sa,gu,ComplexPhrase_Testing,punch_waitress_sg_chef_sg,NA,NA,,straikim negid gu tumbat,NA,NA,straikim negid gu tumbat,NA,174,Tue Apr 17 09:54:17 2018
606,extrapolation,unmarked,final,sa,gu,ComplexPhrase_Testing,punch_waitress_sg_chef_pl,chef,tumbat,1,straikim negid gu sa tumbat,NA,NA,straikim negid gu sa tumbat,NA,175,Tue Apr 17 09:54:26 2018
606,extrapolation,unmarked,final,sa,gu,ComplexPhrase_Testing,chef,NA,NA,,tumbat,NA,NA,tumbat,NA,176,Tue Apr 17 09:54:29 2018
606,extrapolation,unmarked,final,sa,gu,ComplexPhrase_Testing,kick_chef_sg_cowboy_pl,cowboy,nork,1,kikim tumbat gu sa nork,NA,NA,kikim tumbat gu sa nork,NA,177,Tue Apr 17 09:54:37 2018
606,extrapolation,unmarked,final,sa,gu,ComplexPhrase_Testing,point_waitress_sg_chef_pl,chef,tumbat,1,poinim negid gu sa tumbat,NA,NA,poinim negid gu sa tumbat,NA,178,Tue Apr 17 09:54:44 2018
606,extrapolation,unmarked,final,sa,gu,ComplexPhrase_Testing,point_waitress_sg_chef_pl,chef,tumbat,1,poinim negid gu sa tumbat,NA,NA,poinim negid gu sa tumbat,NA,179,Tue Apr 17 09:54:48 2018
606,extrapolation,unmarked,final,sa,gu,ComplexPhrase_Testing,punch_burglar_pl_waitress_sg,NA,NA,,straikim sa vaem gu negid,NA,NA,straikim sa vaem gu negid,NA,180,Tue Apr 17 09:54:56 2018
606,extrapolation,unmarked,final,sa,gu,ComplexPhrase_Testing,point_waitress_sg_cowboy_pl,cowboy,nork,1,poinim negid gu sa nork,NA,NA,poinim negid gu sa nork,NA,181,Tue Apr 17 09:55:05 2018
606,extrapolation,unmarked,final,sa,gu,ComplexPhrase_Testing,point_cowboy_sg_waitress_pl,waitress,negid,1,poinim nork gu sa negid,NA,NA,poinim nork gu sa negid,NA,182,Tue Apr 17 09:55:10 2018
606,extrapolation,unmarked,final,sa,gu,ComplexPhrase_Testing,kick_burglar_sg_waitress_pl,waitress,negid,1,kikim vaem gu sa negid,NA,NA,kikim vaem gu sa negid,NA,183,Tue Apr 17 09:55:14 2018
606,extrapolation,unmarked,final,sa,gu,ComplexPhrase_Testing,kick_burglar_sg_waitress_pl,waitress,negid,1,kikim vaem gu sa negid,NA,NA,kikim vaem gu sa negid,NA,184,Tue Apr 17 09:55:18 2018
606,extrapolation,unmarked,final,sa,gu,ComplexPhrase_Testing,point_waitress_sg_chef_pl,chef,tumbat,1,poinim negid gu sa tumbat,NA,NA,poinim negid gu sa tumbat,NA,185,Tue Apr 17 09:55:23 2018
606,extrapolation,unmarked,final,sa,gu,ComplexPhrase_Testing,punch_burglar_sg_waitress_pl,waitress,negid,1,straikim vaem gu sa negid,NA,NA,straikim vaem gu sa negid,NA,186,Tue Apr 17 09:55:27 2018
606,extrapolation,unmarked,final,sa,gu,ComplexPhrase_Testing,point_cowboy_sg_waitress_pl,waitress,negid,1,poinim nork gu sa negid,NA,NA,poinim nork gu sa negid,NA,187,Tue Apr 17 09:55:32 2018
606,extrapolation,unmarked,final,sa,gu,ComplexPhrase_Testing,point_waitress_pl_cowboy_sg,NA,NA,,poinim sa negid gu nork,NA,NA,poinim sa negid gu nork,NA,188,Tue Apr 17 09:55:39 2018
606,extrapolation,unmarked,final,sa,gu,ComplexPhrase_Testing,punch_burglar_sg_waitress_pl,waitress,negid,1,straikim vaem gu sa negid,NA,NA,straikim vaem gu sa negid,NA,189,Tue Apr 17 09:55:48 2018
606,extrapolation,unmarked,final,sa,gu,ComplexPhrase_Testing,point_chef_sg_burglar_pl,burglar,vaem,1,poinim tumbat gu sa vaem,NA,NA,poinim tumbat gu sa vaem,NA,190,Tue Apr 17 09:55:53 2018
606,extrapolation,unmarked,final,sa,gu,ComplexPhrase_Testing,waitress,NA,NA,,negid,NA,NA,negid,NA,191,Tue Apr 17 09:55:55 2018
606,extrapolation,unmarked,final,sa,gu,ComplexPhrase_Testing,punch_chef_sg_cowboy_pl,cowboy,nork,1,straikim tumbat gu sa nork,NA,NA,straikim tumbat gu sa nork,NA,192,Tue Apr 17 09:56:01 2018
606,extrapolation,unmarked,final,sa,gu,ComplexPhrase_Testing,kick_cowboy_pl_chef_sg,NA,NA,,kikim sa nork gu tumbat,NA,NA,kikim sa nork gu tumbat,NA,193,Tue Apr 17 09:56:11 2018
606,extrapolation,unmarked,final,sa,gu,ComplexPhrase_Testing,point_chef_sg_waitress_pl,waitress,negid,1,poinim tumbat gu sa negid,NA,NA,poinim tumbat gu sa negid,NA,194,Tue Apr 17 09:56:20 2018
606,extrapolation,unmarked,final,sa,gu,ComplexPhrase_Testing,point_chef_sg_waitress_pl,waitress,negid,1,poinim tumbat gu sa negid,NA,NA,poinim tumbat gu sa negid,NA,195,Tue Apr 17 09:56:24 2018
606,extrapolation,unmarked,final,sa,gu,ComplexPhrase_Testing,chef_three,NA,NA,,sa tumbat,NA,NA,sa tumbat,NA,196,Tue Apr 17 09:56:27 2018
606,extrapolation,unmarked,final,sa,gu,ComplexPhrase_Testing,punch_waitress_sg_burglar_pl,burglar,vaem,1,straikim negid gu sa vaem,NA,NA,straikim negid gu sa vaem,NA,197,Tue Apr 17 09:56:34 2018
606,extrapolation,unmarked,final,sa,gu,ComplexPhrase_Testing,point_burglar_pl_waitress_sg,NA,NA,,poinim sa vaem gu negid,NA,NA,poinim sa vaem gu negid,NA,198,Tue Apr 17 09:56:37 2018
606,extrapolation,unmarked,final,sa,gu,ComplexPhrase_Testing,burglar_two,NA,NA,,sa vaem,NA,NA,sa vaem,NA,199,Tue Apr 17 09:56:42 2018
606,extrapolation,unmarked,final,sa,gu,ComplexPhrase_Testing,waitress_three,NA,NA,,sa negid,NA,NA,sa negid,NA,200,Tue Apr 17 09:56:47 2018
606,extrapolation,unmarked,final,sa,gu,ComplexPhrase_Testing,punch_waitress_sg_burglar_pl,burglar,vaem,1,straikim negid gu sa vaem,NA,NA,straikim negid gu sa vaem,NA,201,Tue Apr 17 09:56:53 2018
606,extrapolation,unmarked,final,sa,gu,ComplexPhrase_Testing,burglar,NA,NA,,vaem,NA,NA,vaem,NA,202,Tue Apr 17 09:56:55 2018
606,extrapolation,unmarked,final,sa,gu,ComplexPhrase_Testing,point_chef_sg_waitress_pl,waitress,negid,1,poinim tumbat gu sa negid,NA,NA,poinim tumbat gu sa negid,NA,203,Tue Apr 17 09:57:01 2018
606,extrapolation,unmarked,final,sa,gu,ComplexPhrase_Testing,point_waitress_sg_cowboy_pl,cowboy,nork,1,poinim negid gu sa nork,NA,NA,poinim negid gu sa nork,NA,204,Tue Apr 17 09:57:07 2018
606,extrapolation,unmarked,final,sa,gu,ComplexPhrase_Testing,kick_cowboy_sg_burglar_sg,NA,NA,,kikim nork gu vaem,NA,NA,kikim nork gu vaem,NA,205,Tue Apr 17 09:57:15 2018
606,extrapolation,unmarked,final,sa,gu,ComplexPhrase_Testing,punch_chef_sg_cowboy_pl,cowboy,nork,1,straikim tumbat gu sa nork,NA,NA,straikim tumbat gu sa nork,NA,206,Tue Apr 17 09:57:23 2018
606,extrapolation,unmarked,final,sa,gu,ComplexPhrase_Testing,point_burglar_sg_cowboy_pl,cowboy,nork,1,poinim vaem gu sa nork,NA,NA,poinim vaem gu sa nork,NA,207,Tue Apr 17 09:57:27 2018
606,extrapolation,unmarked,final,sa,gu,ComplexPhrase_Testing,punch_burglar_sg_waitress_pl,waitress,negid,1,straikim vaem gu sa negid,NA,NA,straikim vaem gu sa negid,NA,208,Tue Apr 17 09:57:32 2018
606,extrapolation,unmarked,final,sa,gu,ComplexPhrase_Testing,punch_waitress_pl_cowboy_sg,NA,NA,,straikim sa negid gu nork,NA,NA,straikim sa negid gu nork,NA,209,Tue Apr 17 09:57:36 2018
606,extrapolation,unmarked,final,sa,gu,ComplexPhrase_Testing,punch_waitress_sg_chef_pl,chef,tumbat,1,straikim negid gu sa tumbat,NA,NA,straikim negid gu sa tumbat,NA,210,Tue Apr 17 09:57:45 2018
606,extrapolation,unmarked,final,sa,gu,ComplexPhrase_Testing,point_burglar_sg_waitress_sg,NA,NA,,poinim vaem gu negid,NA,NA,poinim vaem gu negid,NA,211,Tue Apr 17 09:57:49 2018
606,extrapolation,unmarked,final,sa,gu,ComplexPhrase_Testing,kick_chef_sg_cowboy_pl,cowboy,nork,1,kikim tumbat gu sa nork,NA,NA,kikim tumbat gu sa nork,NA,212,Tue Apr 17 09:57:58 2018
606,extrapolation,unmarked,final,sa,gu,ComplexPhrase_Testing,punch_waitress_sg_chef_pl,chef,tumbat,1,straikim negid gu sa tumbat,NA,NA,straikim negid gu sa tumbat,NA,213,Tue Apr 17 09:58:03 2018
606,extrapolation,unmarked,final,sa,gu,ComplexPhrase_Testing,waitress_two,NA,NA,,sa negid,NA,NA,sa negid,NA,214,Tue Apr 17 09:58:06 2018
606,extrapolation,unmarked,final,sa,gu,ComplexPhrase_Testing,punch_waitress_sg_burglar_pl,burglar,vaem,1,straikim negid gu sa vaem,NA,NA,straikim negid gu sa vaem,NA,215,Tue Apr 17 09:58:12 2018
606,extrapolation,unmarked,final,sa,gu,ComplexPhrase_Testing,kick_burglar_sg_chef_sg,NA,NA,,kikim vaem gu tumbat,NA,NA,kikim vaem gu tumbat,NA,216,Tue Apr 17 09:58:16 2018
606,extrapolation,unmarked,final,sa,gu,ComplexPhrase_Testing,point_cowboy_sg_waitress_pl,waitress,negid,1,poinim nork gu sa negid,NA,NA,poinim nork gu sa negid,NA,217,Tue Apr 17 09:58:24 2018
606,extrapolation,unmarked,final,sa,gu,ComplexPhrase_Testing,cowboy_two,NA,NA,,sa nork,NA,NA,sa nork,NA,218,Tue Apr 17 09:58:28 2018
606,extrapolation,unmarked,final,sa,gu,ComplexPhrase_Testing,kick_chef_sg_waitress_sg,NA,NA,,kikim tumbat gu negid,NA,NA,kikim tumbat gu negid,NA,219,Tue Apr 17 09:58:33 2018
606,extrapolation,unmarked,final,sa,gu,ComplexPhrase_Testing,punch_chef_sg_cowboy_sg,NA,NA,,straikim tumbat gu nork,NA,NA,straikim tumbat gu nork,NA,220,Tue Apr 17 09:58:41 2018
606,extrapolation,unmarked,final,sa,gu,ComplexPhrase_Testing,cowboy,NA,NA,,nork,NA,NA,nork,NA,221,Tue Apr 17 09:58:47 2018
606,extrapolation,unmarked,final,sa,gu,ComplexPhrase_Testing,cowboy_four,NA,NA,,sa nork,NA,NA,sa nork,NA,222,Tue Apr 17 09:58:51 2018
606,extrapolation,unmarked,final,sa,gu,ComplexPhrase_Testing,punch_chef_pl_waitress_sg,NA,NA,,straikim sa tumbat gu negid,NA,NA,straikim sa tumbat gu negid,NA,223,Tue Apr 17 09:58:58 2018
606,extrapolation,unmarked,final,sa,gu,ComplexPhrase_Testing,point_waitress_sg_cowboy_pl,cowboy,nork,1,poinim negid gu sa nork,NA,NA,poinim negid gu sa nork,NA,224,Tue Apr 17 09:59:06 2018
606,extrapolation,unmarked,final,sa,gu,ComplexPhrase_Testing,kick_chef_sg_cowboy_pl,cowboy,nork,1,kikim tumbat gu sa nork,NA,NA,kikim tumbat gu sa nork,NA,225,Tue Apr 17 09:59:11 2018
606,extrapolation,unmarked,final,sa,gu,ComplexPhrase_Testing,punch_chef_sg_cowboy_pl,cowboy,nork,1,straikim tumbat gu sa nork,NA,NA,straikim tumbat gu sa nork,NA,226,Tue Apr 17 09:59:15 2018
606,extrapolation,unmarked,final,sa,gu,ComplexPhrase_Testing,point_chef_sg_burglar_pl,burglar,vaem,1,poinim tumbat gu sa vaem,NA,NA,poinim tumbat gu sa vaem,NA,227,Tue Apr 17 09:59:19 2018
606,extrapolation,unmarked,final,sa,gu,ComplexPhrase_Testing,point_burglar_sg_cowboy_pl,cowboy,nork,1,poinim vaem gu sa nork,NA,NA,poinim vaem gu sa nork,NA,228,Tue Apr 17 09:59:23 2018
606,extrapolation,unmarked,final,sa,gu,ComplexPhrase_Testing,point_burglar_sg_cowboy_pl,cowboy,nork,1,poinim vaem gu sa nork,NA,NA,poinim vaem gu sa nork,NA,229,Tue Apr 17 09:59:28 2018
606,extrapolation,unmarked,final,sa,gu,ComplexPhrase_Testing,kick_burglar_sg_waitress_pl,waitress,negid,1,kikim vaem gu sa negid,NA,NA,kikim vaem gu sa negid,NA,230,Tue Apr 17 09:59:31 2018
606,extrapolation,unmarked,final,sa,gu,Questionnaire,NA,NA,NA,,NA,NA,NA,,to,MeaningCase,Tue Apr 17 10:00:36 2018
606,extrapolation,unmarked,final,sa,gu,Questionnaire,NA,NA,NA,,NA,NA,NA,,the Plural,MeaningNum,Tue Apr 17 10:00:36 2018
606,extrapolation,unmarked,final,sa,gu,Questionnaire,NA,NA,NA,,NA,NA,NA,,before,OrderCaseNoun,Tue Apr 17 10:00:36 2018
606,extrapolation,unmarked,final,sa,gu,Questionnaire,NA,NA,NA,,NA,NA,NA,,before,OrderNumNoun,Tue Apr 17 10:00:36 2018
606,extrapolation,unmarked,final,sa,gu,Questionnaire,NA,NA,NA,,NA,NA,NA,,"English, French, Spanish",Languages,Tue Apr 17 10:00:36 2018