ID,Condition,MajorityOrder,NounPosition,markerNum,markerCase,Phase,Meaning,NounItem,Noun,binaryResp,InputSentence,Selection,TypedResponse,SpokenResponse,AnswerQuest,Trial,date&time
609,extrapolation,unmarked,final,sa,ti,Noun_Training,burglar,NA,NA,,vaem,NA,NA,,NA,1,Thu Apr 19 10:36:04 2018
609,extrapolation,unmarked,final,sa,ti,Noun_Training,burglar,NA,NA,,vaem,NA,NA,,NA,2,Thu Apr 19 10:36:08 2018
609,extrapolation,unmarked,final,sa,ti,Noun_Training,waitress,NA,NA,,nork,NA,NA,,NA,3,Thu Apr 19 10:36:13 2018
609,extrapolation,unmarked,final,sa,ti,Noun_Training,waitress,NA,NA,,nork,NA,NA,,NA,4,Thu Apr 19 10:36:18 2018
609,extrapolation,unmarked,final,sa,ti,Noun_Training,chef,NA,NA,,negid,NA,NA,,NA,5,Thu Apr 19 10:36:23 2018
609,extrapolation,unmarked,final,sa,ti,Noun_Training,chef,NA,NA,,negid,NA,NA,,NA,6,Thu Apr 19 10:36:28 2018
609,extrapolation,unmarked,final,sa,ti,Noun_Training,chef,NA,NA,,negid,NA,NA,,NA,7,Thu Apr 19 10:36:32 2018
609,extrapolation,unmarked,final,sa,ti,Noun_Training,chef,NA,NA,,negid,NA,NA,,NA,8,Thu Apr 19 10:36:37 2018
609,extrapolation,unmarked,final,sa,ti,Noun_Training,chef,NA,NA,,negid,NA,NA,,NA,9,Thu Apr 19 10:36:42 2018
609,extrapolation,unmarked,final,sa,ti,Noun_Training,cowboy,NA,NA,,tumbat,NA,NA,,NA,10,Thu Apr 19 10:36:47 2018
609,extrapolation,unmarked,final,sa,ti,Noun_Training,cowboy,NA,NA,,tumbat,NA,NA,,NA,11,Thu Apr 19 10:36:52 2018
609,extrapolation,unmarked,final,sa,ti,Noun_Training,waitress,NA,NA,,nork,NA,NA,,NA,12,Thu Apr 19 10:36:57 2018
609,extrapolation,unmarked,final,sa,ti,Noun_Training,waitress,NA,NA,,nork,NA,NA,,NA,13,Thu Apr 19 10:37:02 2018
609,extrapolation,unmarked,final,sa,ti,Noun_Training,chef,NA,NA,,negid,NA,NA,,NA,14,Thu Apr 19 10:37:06 2018
609,extrapolation,unmarked,final,sa,ti,Noun_Training,burglar,NA,NA,,vaem,NA,NA,,NA,15,Thu Apr 19 10:37:11 2018
609,extrapolation,unmarked,final,sa,ti,Noun_Training,waitress,NA,NA,,nork,NA,NA,,NA,16,Thu Apr 19 10:37:16 2018
609,extrapolation,unmarked,final,sa,ti,Noun_Training,cowboy,NA,NA,,tumbat,NA,NA,,NA,17,Thu Apr 19 10:37:21 2018
609,extrapolation,unmarked,final,sa,ti,Noun_Training,waitress,NA,NA,,nork,NA,NA,,NA,18,Thu Apr 19 10:37:26 2018
609,extrapolation,unmarked,final,sa,ti,Noun_Training,burglar,NA,NA,,vaem,NA,NA,,NA,19,Thu Apr 19 10:37:31 2018
609,extrapolation,unmarked,final,sa,ti,Noun_Training,cowboy,NA,NA,,tumbat,NA,NA,,NA,20,Thu Apr 19 10:37:36 2018
609,extrapolation,unmarked,final,sa,ti,Noun_Training,burglar,NA,NA,,vaem,NA,NA,,NA,21,Thu Apr 19 10:37:40 2018
609,extrapolation,unmarked,final,sa,ti,Noun_Training,cowboy,NA,NA,,tumbat,NA,NA,,NA,22,Thu Apr 19 10:37:45 2018
609,extrapolation,unmarked,final,sa,ti,Noun_Training,cowboy,NA,NA,,tumbat,NA,NA,,NA,23,Thu Apr 19 10:37:50 2018
609,extrapolation,unmarked,final,sa,ti,Noun_Training,burglar,NA,NA,,vaem,NA,NA,,NA,24,Thu Apr 19 10:37:55 2018
609,extrapolation,unmarked,final,sa,ti,Noun_Selection,cowboy,NA,NA,,tumbat,correct,NA,,NA,25,Thu Apr 19 10:38:20 2018
609,extrapolation,unmarked,final,sa,ti,Noun_Selection,waitress,NA,NA,,nork,correct,NA,,NA,26,Thu Apr 19 10:38:23 2018
609,extrapolation,unmarked,final,sa,ti,Noun_Selection,chef,NA,NA,,negid,correct,NA,,NA,27,Thu Apr 19 10:38:26 2018
609,extrapolation,unmarked,final,sa,ti,Noun_Selection,chef,NA,NA,,negid,correct,NA,,NA,28,Thu Apr 19 10:38:31 2018
609,extrapolation,unmarked,final,sa,ti,Noun_Selection,burglar,NA,NA,,vaem,correct,NA,,NA,29,Thu Apr 19 10:38:35 2018
609,extrapolation,unmarked,final,sa,ti,Noun_Selection,chef,NA,NA,,negid,correct,NA,,NA,30,Thu Apr 19 10:38:38 2018
609,extrapolation,unmarked,final,sa,ti,Noun_Selection,waitress,NA,NA,,nork,correct,NA,,NA,31,Thu Apr 19 10:38:42 2018
609,extrapolation,unmarked,final,sa,ti,Noun_Selection,waitress,NA,NA,,nork,correct,NA,,NA,32,Thu Apr 19 10:38:45 2018
609,extrapolation,unmarked,final,sa,ti,Noun_Selection,burglar,NA,NA,,vaem,correct,NA,,NA,33,Thu Apr 19 10:38:49 2018
609,extrapolation,unmarked,final,sa,ti,Noun_Selection,cowboy,NA,NA,,tumbat,correct,NA,,NA,34,Thu Apr 19 10:38:52 2018
609,extrapolation,unmarked,final,sa,ti,Noun_Selection,cowboy,NA,NA,,tumbat,correct,NA,,NA,35,Thu Apr 19 10:38:56 2018
609,extrapolation,unmarked,final,sa,ti,Noun_Selection,burglar,NA,NA,,vaem,correct,NA,,NA,36,Thu Apr 19 10:38:59 2018
609,extrapolation,unmarked,final,sa,ti,Noun_Testing,waitress,NA,NA,,nork,NA,NA,nork,NA,37,Thu Apr 19 10:39:21 2018
609,extrapolation,unmarked,final,sa,ti,Noun_Testing,chef,NA,NA,,negid,NA,NA,negid,NA,38,Thu Apr 19 10:39:27 2018
609,extrapolation,unmarked,final,sa,ti,Noun_Testing,cowboy,NA,NA,,tumbat,NA,NA,tumbat,NA,39,Thu Apr 19 10:39:33 2018
609,extrapolation,unmarked,final,sa,ti,Noun_Testing,cowboy,NA,NA,,tumbat,NA,NA,tumbat,NA,40,Thu Apr 19 10:39:38 2018
609,extrapolation,unmarked,final,sa,ti,Noun_Testing,waitress,NA,NA,,nork,NA,NA,nork,NA,41,Thu Apr 19 10:39:43 2018
609,extrapolation,unmarked,final,sa,ti,Noun_Testing,cowboy,NA,NA,,tumbat,NA,NA,tumbat,NA,42,Thu Apr 19 10:39:48 2018
609,extrapolation,unmarked,final,sa,ti,Noun_Testing,burglar,NA,NA,,vaem,NA,NA,vaem,NA,43,Thu Apr 19 10:39:53 2018
609,extrapolation,unmarked,final,sa,ti,Noun_Testing,chef,NA,NA,,negid,NA,NA,negid,NA,44,Thu Apr 19 10:39:58 2018
609,extrapolation,unmarked,final,sa,ti,Noun_Testing,burglar,NA,NA,,vaem,NA,NA,vaem,NA,45,Thu Apr 19 10:40:03 2018
609,extrapolation,unmarked,final,sa,ti,Noun_Testing,burglar,NA,NA,,vaem,NA,NA,vaem,NA,46,Thu Apr 19 10:40:08 2018
609,extrapolation,unmarked,final,sa,ti,Noun_Testing,chef,NA,NA,,negid,NA,NA,negid,NA,47,Thu Apr 19 10:40:12 2018
609,extrapolation,unmarked,final,sa,ti,Noun_Testing,waitress,NA,NA,,nork,NA,NA,nork,NA,48,Thu Apr 19 10:40:17 2018
609,extrapolation,unmarked,final,sa,ti,SimplePhrase_Training,punch_cowboy_pl_burglar_sg,NA,NA,,straikim sa tumbat ti vaem,NA,NA,,NA,49,Thu Apr 19 10:40:55 2018
609,extrapolation,unmarked,final,sa,ti,SimplePhrase_Training,punch_cowboy_pl_waitress_sg,NA,NA,,straikim sa tumbat ti nork,NA,NA,,NA,50,Thu Apr 19 10:41:03 2018
609,extrapolation,unmarked,final,sa,ti,SimplePhrase_Training,kick_cowboy_sg_chef_sg,NA,NA,,kikim tumbat ti negid,NA,NA,,NA,51,Thu Apr 19 10:41:10 2018
609,extrapolation,unmarked,final,sa,ti,SimplePhrase_Training,point_waitress_sg_cowboy_sg,NA,NA,,poinim nork ti tumbat,NA,NA,,NA,52,Thu Apr 19 10:41:18 2018
609,extrapolation,unmarked,final,sa,ti,SimplePhrase_Training,chef_two,NA,NA,,sa negid,NA,NA,,NA,53,Thu Apr 19 10:41:23 2018
609,extrapolation,unmarked,final,sa,ti,SimplePhrase_Training,burglar_two,NA,NA,,sa vaem,NA,NA,,NA,54,Thu Apr 19 10:41:28 2018
609,extrapolation,unmarked,final,sa,ti,SimplePhrase_Training,kick_chef_pl_cowboy_sg,NA,NA,,kikim sa negid ti tumbat,NA,NA,,NA,55,Thu Apr 19 10:41:35 2018
609,extrapolation,unmarked,final,sa,ti,SimplePhrase_Training,chef_three,NA,NA,,sa negid,NA,NA,,NA,56,Thu Apr 19 10:41:40 2018
609,extrapolation,unmarked,final,sa,ti,SimplePhrase_Training,point_burglar_sg_waitress_sg,NA,NA,,poinim vaem ti nork,NA,NA,,NA,57,Thu Apr 19 10:41:48 2018
609,extrapolation,unmarked,final,sa,ti,SimplePhrase_Training,cowboy_two,NA,NA,,sa tumbat,NA,NA,,NA,58,Thu Apr 19 10:41:53 2018
609,extrapolation,unmarked,final,sa,ti,SimplePhrase_Training,kick_chef_pl_waitress_sg,NA,NA,,kikim sa negid ti nork,NA,NA,,NA,59,Thu Apr 19 10:42:00 2018
609,extrapolation,unmarked,final,sa,ti,SimplePhrase_Training,waitress_three,NA,NA,,sa nork,NA,NA,,NA,60,Thu Apr 19 10:42:05 2018
609,extrapolation,unmarked,final,sa,ti,SimplePhrase_Training,kick_burglar_pl_waitress_sg,NA,NA,,kikim sa vaem ti nork,NA,NA,,NA,61,Thu Apr 19 10:42:13 2018
609,extrapolation,unmarked,final,sa,ti,SimplePhrase_Training,point_waitress_sg_chef_sg,NA,NA,,poinim nork ti negid,NA,NA,,NA,62,Thu Apr 19 10:42:20 2018
609,extrapolation,unmarked,final,sa,ti,SimplePhrase_Training,waitress_four,NA,NA,,sa nork,NA,NA,,NA,63,Thu Apr 19 10:42:25 2018
609,extrapolation,unmarked,final,sa,ti,SimplePhrase_Training,chef,NA,NA,,negid,NA,NA,,NA,64,Thu Apr 19 10:42:30 2018
609,extrapolation,unmarked,final,sa,ti,SimplePhrase_Training,kick_cowboy_sg_waitress_sg,NA,NA,,kikim tumbat ti nork,NA,NA,,NA,65,Thu Apr 19 10:42:37 2018
609,extrapolation,unmarked,final,sa,ti,SimplePhrase_Training,cowboy,NA,NA,,tumbat,NA,NA,,NA,66,Thu Apr 19 10:42:42 2018
609,extrapolation,unmarked,final,sa,ti,SimplePhrase_Training,waitress_three,NA,NA,,sa nork,NA,NA,,NA,67,Thu Apr 19 10:42:47 2018
609,extrapolation,unmarked,final,sa,ti,SimplePhrase_Training,kick_waitress_sg_chef_sg,NA,NA,,kikim nork ti negid,NA,NA,,NA,68,Thu Apr 19 10:42:54 2018
609,extrapolation,unmarked,final,sa,ti,SimplePhrase_Training,punch_chef_pl_waitress_sg,NA,NA,,straikim sa negid ti nork,NA,NA,,NA,69,Thu Apr 19 10:43:02 2018
609,extrapolation,unmarked,final,sa,ti,SimplePhrase_Training,waitress_four,NA,NA,,sa nork,NA,NA,,NA,70,Thu Apr 19 10:43:07 2018
609,extrapolation,unmarked,final,sa,ti,SimplePhrase_Training,point_burglar_pl_cowboy_sg,NA,NA,,poinim sa vaem ti tumbat,NA,NA,,NA,71,Thu Apr 19 10:43:15 2018
609,extrapolation,unmarked,final,sa,ti,SimplePhrase_Training,kick_chef_sg_burglar_sg,NA,NA,,kikim negid ti vaem,NA,NA,,NA,72,Thu Apr 19 10:43:22 2018
609,extrapolation,unmarked,final,sa,ti,SimplePhrase_Training,point_cowboy_pl_waitress_sg,NA,NA,,poinim sa tumbat ti nork,NA,NA,,NA,73,Thu Apr 19 10:43:29 2018
609,extrapolation,unmarked,final,sa,ti,SimplePhrase_Training,punch_waitress_pl_cowboy_sg,NA,NA,,straikim sa nork ti tumbat,NA,NA,,NA,74,Thu Apr 19 10:43:37 2018
609,extrapolation,unmarked,final,sa,ti,SimplePhrase_Training,punch_chef_sg_cowboy_sg,NA,NA,,straikim negid ti tumbat,NA,NA,,NA,75,Thu Apr 19 10:43:44 2018
609,extrapolation,unmarked,final,sa,ti,SimplePhrase_Training,waitress_two,NA,NA,,sa nork,NA,NA,,NA,76,Thu Apr 19 10:43:50 2018
609,extrapolation,unmarked,final,sa,ti,SimplePhrase_Training,chef_four,NA,NA,,sa negid,NA,NA,,NA,77,Thu Apr 19 10:43:55 2018
609,extrapolation,unmarked,final,sa,ti,SimplePhrase_Training,punch_burglar_sg_waitress_sg,NA,NA,,straikim vaem ti nork,NA,NA,,NA,78,Thu Apr 19 10:44:02 2018
609,extrapolation,unmarked,final,sa,ti,SimplePhrase_Training,chef_four,NA,NA,,sa negid,NA,NA,,NA,79,Thu Apr 19 10:44:07 2018
609,extrapolation,unmarked,final,sa,ti,SimplePhrase_Training,chef_three,NA,NA,,sa negid,NA,NA,,NA,80,Thu Apr 19 10:44:12 2018
609,extrapolation,unmarked,final,sa,ti,SimplePhrase_Training,burglar,NA,NA,,vaem,NA,NA,,NA,81,Thu Apr 19 10:44:17 2018
609,extrapolation,unmarked,final,sa,ti,SimplePhrase_Training,kick_waitress_pl_cowboy_sg,NA,NA,,kikim sa nork ti tumbat,NA,NA,,NA,82,Thu Apr 19 10:44:24 2018
609,extrapolation,unmarked,final,sa,ti,SimplePhrase_Training,cowboy_four,NA,NA,,sa tumbat,NA,NA,,NA,83,Thu Apr 19 10:44:29 2018
609,extrapolation,unmarked,final,sa,ti,SimplePhrase_Training,cowboy_four,NA,NA,,sa tumbat,NA,NA,,NA,84,Thu Apr 19 10:44:35 2018
609,extrapolation,unmarked,final,sa,ti,SimplePhrase_Training,kick_cowboy_sg_burglar_sg,NA,NA,,kikim tumbat ti vaem,NA,NA,,NA,85,Thu Apr 19 10:44:42 2018
609,extrapolation,unmarked,final,sa,ti,SimplePhrase_Training,cowboy,NA,NA,,tumbat,NA,NA,,NA,86,Thu Apr 19 10:44:47 2018
609,extrapolation,unmarked,final,sa,ti,SimplePhrase_Training,kick_burglar_pl_cowboy_sg,NA,NA,,kikim sa vaem ti tumbat,NA,NA,,NA,87,Thu Apr 19 10:44:54 2018
609,extrapolation,unmarked,final,sa,ti,SimplePhrase_Training,kick_burglar_sg_chef_sg,NA,NA,,kikim vaem ti negid,NA,NA,,NA,88,Thu Apr 19 10:45:01 2018
609,extrapolation,unmarked,final,sa,ti,SimplePhrase_Training,point_cowboy_sg_chef_sg,NA,NA,,poinim tumbat ti negid,NA,NA,,NA,89,Thu Apr 19 10:45:08 2018
609,extrapolation,unmarked,final,sa,ti,SimplePhrase_Training,point_cowboy_pl_burglar_sg,NA,NA,,poinim sa tumbat ti vaem,NA,NA,,NA,90,Thu Apr 19 10:45:16 2018
609,extrapolation,unmarked,final,sa,ti,SimplePhrase_Training,cowboy_three,NA,NA,,sa tumbat,NA,NA,,NA,91,Thu Apr 19 10:45:21 2018
609,extrapolation,unmarked,final,sa,ti,SimplePhrase_Training,point_waitress_pl_burglar_sg,NA,NA,,poinim sa nork ti vaem,NA,NA,,NA,92,Thu Apr 19 10:45:28 2018
609,extrapolation,unmarked,final,sa,ti,SimplePhrase_Training,punch_waitress_sg_burglar_sg,NA,NA,,straikim nork ti vaem,NA,NA,,NA,93,Thu Apr 19 10:45:36 2018
609,extrapolation,unmarked,final,sa,ti,SimplePhrase_Training,punch_waitress_pl_chef_sg,NA,NA,,straikim sa nork ti negid,NA,NA,,NA,94,Thu Apr 19 10:45:43 2018
609,extrapolation,unmarked,final,sa,ti,SimplePhrase_Training,point_chef_pl_waitress_sg,NA,NA,,poinim sa negid ti nork,NA,NA,,NA,95,Thu Apr 19 10:45:51 2018
609,extrapolation,unmarked,final,sa,ti,SimplePhrase_Training,burglar,NA,NA,,vaem,NA,NA,,NA,96,Thu Apr 19 10:45:56 2018
609,extrapolation,unmarked,final,sa,ti,SimplePhrase_Training,point_chef_pl_cowboy_sg,NA,NA,,poinim sa negid ti tumbat,NA,NA,,NA,97,Thu Apr 19 10:46:03 2018
609,extrapolation,unmarked,final,sa,ti,SimplePhrase_Training,waitress,NA,NA,,nork,NA,NA,,NA,98,Thu Apr 19 10:46:08 2018
609,extrapolation,unmarked,final,sa,ti,SimplePhrase_Training,kick_waitress_sg_burglar_sg,NA,NA,,kikim nork ti vaem,NA,NA,,NA,99,Thu Apr 19 10:46:15 2018
609,extrapolation,unmarked,final,sa,ti,SimplePhrase_Training,punch_cowboy_sg_chef_sg,NA,NA,,straikim tumbat ti negid,NA,NA,,NA,100,Thu Apr 19 10:46:23 2018
609,extrapolation,unmarked,final,sa,ti,SimplePhrase_Training,point_chef_pl_burglar_sg,NA,NA,,poinim sa negid ti vaem,NA,NA,,NA,101,Thu Apr 19 10:46:30 2018
609,extrapolation,unmarked,final,sa,ti,SimplePhrase_Training,point_burglar_sg_chef_sg,NA,NA,,poinim vaem ti negid,NA,NA,,NA,102,Thu Apr 19 10:46:37 2018
609,extrapolation,unmarked,final,sa,ti,SimplePhrase_Training,burglar_three,NA,NA,,sa vaem,NA,NA,,NA,103,Thu Apr 19 10:46:42 2018
609,extrapolation,unmarked,final,sa,ti,SimplePhrase_Training,punch_burglar_sg_cowboy_sg,NA,NA,,straikim vaem ti tumbat,NA,NA,,NA,104,Thu Apr 19 10:46:50 2018
609,extrapolation,unmarked,final,sa,ti,SimplePhrase_Training,punch_chef_sg_burglar_sg,NA,NA,,straikim negid ti vaem,NA,NA,,NA,105,Thu Apr 19 10:46:57 2018
609,extrapolation,unmarked,final,sa,ti,SimplePhrase_Training,chef,NA,NA,,negid,NA,NA,,NA,106,Thu Apr 19 10:47:02 2018
609,extrapolation,unmarked,final,sa,ti,SimplePhrase_Training,burglar_four,NA,NA,,sa vaem,NA,NA,,NA,107,Thu Apr 19 10:47:07 2018
609,extrapolation,unmarked,final,sa,ti,SimplePhrase_Training,chef_two,NA,NA,,sa negid,NA,NA,,NA,108,Thu Apr 19 10:47:12 2018
609,extrapolation,unmarked,final,sa,ti,SimplePhrase_Training,waitress,NA,NA,,nork,NA,NA,,NA,109,Thu Apr 19 10:47:17 2018
609,extrapolation,unmarked,final,sa,ti,SimplePhrase_Training,punch_burglar_pl_chef_sg,NA,NA,,straikim sa vaem ti negid,NA,NA,,NA,110,Thu Apr 19 10:47:24 2018
609,extrapolation,unmarked,final,sa,ti,SimplePhrase_Comprehension,chef,NA,NA,,negid,correct,NA,,NA,111,Thu Apr 19 10:47:46 2018
609,extrapolation,unmarked,final,sa,ti,SimplePhrase_Comprehension,burglar_four,NA,NA,,sa vaem,correct,NA,,NA,112,Thu Apr 19 10:47:50 2018
609,extrapolation,unmarked,final,sa,ti,SimplePhrase_Comprehension,kick_waitress_pl_burglar_sg,NA,NA,,kikim sa nork ti vaem,correct,NA,,NA,113,Thu Apr 19 10:47:57 2018
609,extrapolation,unmarked,final,sa,ti,SimplePhrase_Comprehension,waitress_four,NA,NA,,sa nork,correct,NA,,NA,114,Thu Apr 19 10:48:01 2018
609,extrapolation,unmarked,final,sa,ti,SimplePhrase_Comprehension,point_waitress_pl_chef_sg,NA,NA,,poinim sa nork ti negid,correct,NA,,NA,115,Thu Apr 19 10:48:07 2018
609,extrapolation,unmarked,final,sa,ti,SimplePhrase_Comprehension,waitress,NA,NA,,nork,correct,NA,,NA,116,Thu Apr 19 10:48:11 2018
609,extrapolation,unmarked,final,sa,ti,SimplePhrase_Comprehension,punch_burglar_sg_chef_sg,NA,NA,,straikim vaem ti negid,correct,NA,,NA,117,Thu Apr 19 10:48:16 2018
609,extrapolation,unmarked,final,sa,ti,SimplePhrase_Comprehension,chef_two,NA,NA,,sa negid,correct,NA,,NA,118,Thu Apr 19 10:48:21 2018
609,extrapolation,unmarked,final,sa,ti,SimplePhrase_Comprehension,kick_waitress_pl_chef_sg,NA,NA,,kikim sa nork ti negid,correct,NA,,NA,119,Thu Apr 19 10:48:26 2018
609,extrapolation,unmarked,final,sa,ti,SimplePhrase_Comprehension,point_chef_sg_waitress_sg,NA,NA,,poinim negid ti nork,correct,NA,,NA,120,Thu Apr 19 10:48:34 2018
609,extrapolation,unmarked,final,sa,ti,SimplePhrase_Comprehension,punch_chef_sg_waitress_sg,NA,NA,,straikim negid ti nork,correct,NA,,NA,121,Thu Apr 19 10:48:42 2018
609,extrapolation,unmarked,final,sa,ti,SimplePhrase_Comprehension,burglar_three,NA,NA,,sa vaem,correct,NA,,NA,122,Thu Apr 19 10:48:46 2018
609,extrapolation,unmarked,final,sa,ti,SimplePhrase_Comprehension,point_burglar_sg_cowboy_sg,NA,NA,,poinim vaem ti tumbat,correct,NA,,NA,123,Thu Apr 19 10:48:52 2018
609,extrapolation,unmarked,final,sa,ti,SimplePhrase_Comprehension,burglar_two,NA,NA,,sa vaem,correct,NA,,NA,124,Thu Apr 19 10:48:56 2018
609,extrapolation,unmarked,final,sa,ti,SimplePhrase_Comprehension,punch_cowboy_sg_waitress_sg,NA,NA,,straikim tumbat ti nork,correct,NA,,NA,125,Thu Apr 19 10:49:02 2018
609,extrapolation,unmarked,final,sa,ti,SimplePhrase_Comprehension,kick_burglar_sg_cowboy_sg,NA,NA,,kikim vaem ti tumbat,correct,NA,,NA,126,Thu Apr 19 10:49:08 2018
609,extrapolation,unmarked,final,sa,ti,SimplePhrase_Comprehension,waitress_two,NA,NA,,sa nork,correct,NA,,NA,127,Thu Apr 19 10:49:12 2018
609,extrapolation,unmarked,final,sa,ti,SimplePhrase_Comprehension,cowboy,NA,NA,,tumbat,correct,NA,,NA,128,Thu Apr 19 10:49:16 2018
609,extrapolation,unmarked,final,sa,ti,SimplePhrase_Comprehension,kick_chef_pl_burglar_sg,NA,NA,,kikim sa negid ti vaem,correct,NA,,NA,129,Thu Apr 19 10:49:22 2018
609,extrapolation,unmarked,final,sa,ti,SimplePhrase_Comprehension,point_waitress_sg_burglar_sg,NA,NA,,poinim nork ti vaem,correct,NA,,NA,130,Thu Apr 19 10:49:28 2018
609,extrapolation,unmarked,final,sa,ti,SimplePhrase_Comprehension,punch_burglar_pl_cowboy_sg,NA,NA,,straikim sa vaem ti tumbat,correct,NA,,NA,131,Thu Apr 19 10:49:34 2018
609,extrapolation,unmarked,final,sa,ti,SimplePhrase_Comprehension,point_chef_sg_cowboy_sg,NA,NA,,poinim negid ti tumbat,correct,NA,,NA,132,Thu Apr 19 10:49:43 2018
609,extrapolation,unmarked,final,sa,ti,SimplePhrase_Comprehension,point_cowboy_sg_burglar_sg,NA,NA,,poinim tumbat ti vaem,correct,NA,,NA,133,Thu Apr 19 10:49:48 2018
609,extrapolation,unmarked,final,sa,ti,SimplePhrase_Comprehension,point_cowboy_pl_chef_sg,NA,NA,,poinim sa tumbat ti negid,correct,NA,,NA,134,Thu Apr 19 10:49:55 2018
609,extrapolation,unmarked,final,sa,ti,SimplePhrase_Comprehension,cowboy_two,NA,NA,,sa tumbat,correct,NA,,NA,135,Thu Apr 19 10:50:00 2018
609,extrapolation,unmarked,final,sa,ti,SimplePhrase_Comprehension,punch_chef_pl_burglar_sg,NA,NA,,straikim sa negid ti vaem,correct,NA,,NA,136,Thu Apr 19 10:50:06 2018
609,extrapolation,unmarked,final,sa,ti,SimplePhrase_Comprehension,kick_burglar_pl_chef_sg,NA,NA,,kikim sa vaem ti negid,correct,NA,,NA,137,Thu Apr 19 10:50:13 2018
609,extrapolation,unmarked,final,sa,ti,SimplePhrase_Comprehension,point_burglar_pl_waitress_sg,NA,NA,,poinim sa vaem ti nork,correct,NA,,NA,138,Thu Apr 19 10:50:18 2018
609,extrapolation,unmarked,final,sa,ti,SimplePhrase_Comprehension,cowboy_four,NA,NA,,sa tumbat,correct,NA,,NA,139,Thu Apr 19 10:50:23 2018
609,extrapolation,unmarked,final,sa,ti,SimplePhrase_Comprehension,punch_waitress_sg_chef_sg,NA,NA,,straikim nork ti negid,correct,NA,,NA,140,Thu Apr 19 10:50:30 2018
609,extrapolation,unmarked,final,sa,ti,SimplePhrase_Comprehension,chef_three,NA,NA,,sa negid,correct,NA,,NA,141,Thu Apr 19 10:50:35 2018
609,extrapolation,unmarked,final,sa,ti,SimplePhrase_Comprehension,punch_chef_pl_cowboy_sg,NA,NA,,straikim sa negid ti tumbat,correct,NA,,NA,142,Thu Apr 19 10:50:41 2018
609,extrapolation,unmarked,final,sa,ti,SimplePhrase_Comprehension,burglar,NA,NA,,vaem,correct,NA,,NA,143,Thu Apr 19 10:50:45 2018
609,extrapolation,unmarked,final,sa,ti,SimplePhrase_Comprehension,chef_four,NA,NA,,sa negid,correct,NA,,NA,144,Thu Apr 19 10:50:49 2018
609,extrapolation,unmarked,final,sa,ti,SimplePhrase_Typing,kick_burglar_pl_waitress_sg,NA,NA,,kikim sa vaem ti nork,NA,kikim sa vaem ti nork,,NA,145,Thu Apr 19 10:51:30 2018
609,extrapolation,unmarked,final,sa,ti,SimplePhrase_Typing,chef_four,NA,NA,,sa negid,NA,sa negid,,NA,146,Thu Apr 19 10:51:38 2018
609,extrapolation,unmarked,final,sa,ti,SimplePhrase_Typing,cowboy,NA,NA,,tumbat,NA,tumbat,,NA,147,Thu Apr 19 10:51:46 2018
609,extrapolation,unmarked,final,sa,ti,SimplePhrase_Typing,punch_waitress_sg_burglar_sg,NA,NA,,straikim nork ti vaem,NA,straikim nork ti vaem,,NA,148,Thu Apr 19 10:51:57 2018
609,extrapolation,unmarked,final,sa,ti,SimplePhrase_Typing,kick_cowboy_sg_waitress_sg,NA,NA,,kikim tumbat ti nork,NA,kikim tumbat ti nork,,NA,149,Thu Apr 19 10:52:08 2018
609,extrapolation,unmarked,final,sa,ti,SimplePhrase_Typing,point_chef_pl_burglar_sg,NA,NA,,poinim sa negid ti vaem,NA,poinim sa negid ti vaem,,NA,150,Thu Apr 19 10:52:21 2018
609,extrapolation,unmarked,final,sa,ti,SimplePhrase_Typing,burglar_two,NA,NA,,sa vaem,NA,sa vaem,,NA,151,Thu Apr 19 10:52:29 2018
609,extrapolation,unmarked,final,sa,ti,SimplePhrase_Typing,burglar,NA,NA,,vaem,NA,vaem,,NA,152,Thu Apr 19 10:52:34 2018
609,extrapolation,unmarked,final,sa,ti,SimplePhrase_Typing,cowboy_three,NA,NA,,sa tumbat,NA,sa tumbat,,NA,153,Thu Apr 19 10:52:42 2018
609,extrapolation,unmarked,final,sa,ti,SimplePhrase_Typing,waitress_three,NA,NA,,sa nork,NA,sa nork,,NA,154,Thu Apr 19 10:52:49 2018
609,extrapolation,unmarked,final,sa,ti,SimplePhrase_Typing,waitress,NA,NA,,nork,NA,nork,,NA,155,Thu Apr 19 10:52:55 2018
609,extrapolation,unmarked,final,sa,ti,SimplePhrase_Typing,punch_chef_sg_burglar_sg,NA,NA,,straikim negid ti vaem,NA,straikim negid ti vaem,,NA,156,Thu Apr 19 10:53:10 2018
609,extrapolation,unmarked,final,sa,ti,SimplePhrase_Typing,chef,NA,NA,,negid,NA,negid,,NA,157,Thu Apr 19 10:53:18 2018
609,extrapolation,unmarked,final,sa,ti,SimplePhrase_Typing,punch_burglar_pl_chef_sg,NA,NA,,straikim sa vaem ti negid,NA,straikim sa vaem ti negid,,NA,158,Thu Apr 19 10:53:28 2018
609,extrapolation,unmarked,final,sa,ti,SimplePhrase_Typing,punch_waitress_pl_cowboy_sg,NA,NA,,straikim sa nork ti tumbat,NA,straikim sa nork ti tumbat,,NA,159,Thu Apr 19 10:53:40 2018
609,extrapolation,unmarked,final,sa,ti,SimplePhrase_Typing,kick_waitress_sg_chef_sg,NA,NA,,kikim nork ti negid,NA,kikim nork ti negid,,NA,160,Thu Apr 19 10:53:49 2018
609,extrapolation,unmarked,final,sa,ti,ComplexPhrase_Typing,punch_cowboy_sg_chef_pl,chef,negid,1,straikim tumbat ti sa negid,NA,straikim tumbat ti sa negid,,NA,161,Thu Apr 19 10:54:31 2018
609,extrapolation,unmarked,final,sa,ti,ComplexPhrase_Typing,punch_burglar_sg_cowboy_pl,cowboy,tumbat,1,straikim vaem ti sa tumbat,NA,straikim vaem ti sa tumbat,,NA,162,Thu Apr 19 10:54:37 2018
609,extrapolation,unmarked,final,sa,ti,ComplexPhrase_Typing,punch_burglar_sg_chef_pl,chef,negid,1,straikim vaem ti sa negid,NA,straikim vaem ti sa negid,,NA,163,Thu Apr 19 10:54:44 2018
609,extrapolation,unmarked,final,sa,ti,ComplexPhrase_Typing,point_waitress_sg_chef_pl,chef,negid,1,poinim nork ti sa negid,NA,poinim nork ti sa negid,,NA,164,Thu Apr 19 10:54:53 2018
609,extrapolation,unmarked,final,sa,ti,ComplexPhrase_Typing,punch_burglar_sg_chef_pl,chef,negid,1,straikim vaem ti sa negid,NA,straikim vaem ti sa negid,,NA,165,Thu Apr 19 10:54:58 2018
609,extrapolation,unmarked,final,sa,ti,ComplexPhrase_Typing,punch_cowboy_sg_chef_pl,chef,negid,1,straikim tumbat ti sa negid,NA,straikim tumbat ti sa negid,,NA,166,Thu Apr 19 10:55:02 2018
609,extrapolation,unmarked,final,sa,ti,ComplexPhrase_Typing,point_waitress_sg_chef_pl,chef,negid,1,poinim nork ti sa negid,NA,poinim nork ti sa negid,,NA,167,Thu Apr 19 10:55:07 2018
609,extrapolation,unmarked,final,sa,ti,ComplexPhrase_Typing,punch_burglar_sg_cowboy_pl,cowboy,tumbat,1,straikim vaem ti sa tumbat,NA,straikim vaem ti sa tumbat,,NA,168,Thu Apr 19 10:55:12 2018
609,extrapolation,unmarked,final,sa,ti,ComplexPhrase_Typing,point_waitress_sg_chef_pl,chef,negid,1,poinim nork ti sa negid,NA,poinim nork ti sa negid,,NA,169,Thu Apr 19 10:55:16 2018
609,extrapolation,unmarked,final,sa,ti,ComplexPhrase_Typing,punch_cowboy_sg_chef_pl,chef,negid,1,straikim tumbat ti sa negid,NA,straikim tumbat ti sa negid,,NA,170,Thu Apr 19 10:55:20 2018
609,extrapolation,unmarked,final,sa,ti,ComplexPhrase_Typing,punch_burglar_sg_cowboy_pl,cowboy,tumbat,1,straikim vaem ti sa tumbat,NA,straikim vaem ti sa tumbat,,NA,171,Thu Apr 19 10:55:25 2018
609,extrapolation,unmarked,final,sa,ti,ComplexPhrase_Typing,punch_burglar_sg_chef_pl,chef,negid,1,straikim vaem ti sa negid,NA,straikim vaem ti sa negid,,NA,172,Thu Apr 19 10:55:29 2018
609,extrapolation,unmarked,final,sa,ti,ComplexPhrase_Testing,kick_cowboy_sg_burglar_pl,burglar,vaem,1,kikim tumbat ti sa vaem,NA,NA,kikim tumbat ti sa vaem,NA,173,Thu Apr 19 10:56:11 2018
609,extrapolation,unmarked,final,sa,ti,ComplexPhrase_Testing,punch_waitress_sg_cowboy_sg,NA,NA,,straikim nork ti tumbat,NA,NA,straikim nork ti tumbat,NA,174,Thu Apr 19 10:56:18 2018
609,extrapolation,unmarked,final,sa,ti,ComplexPhrase_Testing,punch_burglar_sg_cowboy_pl,cowboy,tumbat,1,straikim vaem ti sa tumbat,NA,NA,straikim vaem ti sa tumbat,NA,175,Thu Apr 19 10:56:29 2018
609,extrapolation,unmarked,final,sa,ti,ComplexPhrase_Testing,point_waitress_sg_chef_pl,chef,negid,1,poinim nork ti sa negid,NA,NA,poinim nork ti sa negid,NA,176,Thu Apr 19 10:56:36 2018
609,extrapolation,unmarked,final,sa,ti,ComplexPhrase_Testing,waitress_three,NA,NA,,sa nork,NA,NA,sa nork,NA,177,Thu Apr 19 10:56:40 2018
609,extrapolation,unmarked,final,sa,ti,ComplexPhrase_Testing,point_cowboy_pl_burglar_sg,NA,NA,,poinim sa tumbat ti vaem,NA,NA,poinim sa tumbat ti vaem,NA,178,Thu Apr 19 10:56:49 2018
609,extrapolation,unmarked,final,sa,ti,ComplexPhrase_Testing,point_chef_sg_waitress_pl,waitress,nork,1,poinim negid ti sa nork,NA,NA,poinim negid ti sa nork,NA,179,Thu Apr 19 10:56:59 2018
609,extrapolation,unmarked,final,sa,ti,ComplexPhrase_Testing,kick_chef_sg_cowboy_pl,cowboy,tumbat,1,kikim negid ti sa tumbat,NA,NA,kikim negid ti sa tumbat,NA,180,Thu Apr 19 10:57:05 2018
609,extrapolation,unmarked,final,sa,ti,ComplexPhrase_Testing,punch_burglar_sg_cowboy_pl,cowboy,tumbat,1,straikim vaem ti sa tumbat,NA,NA,straikim vaem ti sa tumbat,NA,181,Thu Apr 19 10:57:10 2018
609,extrapolation,unmarked,final,sa,ti,ComplexPhrase_Testing,point_cowboy_pl_chef_sg,NA,NA,,poinim sa tumbat ti negid,NA,NA,poinim sa tumbat ti negid,NA,182,Thu Apr 19 10:57:16 2018
609,extrapolation,unmarked,final,sa,ti,ComplexPhrase_Testing,punch_burglar_sg_cowboy_pl,cowboy,tumbat,1,straikim vaem ti sa tumbat,NA,NA,straikim vaem ti sa tumbat,NA,183,Thu Apr 19 10:57:26 2018
609,extrapolation,unmarked,final,sa,ti,ComplexPhrase_Testing,kick_waitress_sg_burglar_pl,burglar,vaem,1,kikim nork ti sa vaem,NA,NA,kikim nork ti sa vaem,NA,184,Thu Apr 19 10:57:31 2018
609,extrapolation,unmarked,final,sa,ti,ComplexPhrase_Testing,punch_chef_sg_cowboy_pl,cowboy,tumbat,1,straikim negid ti sa tumbat,NA,NA,straikim negid ti sa tumbat,NA,185,Thu Apr 19 10:57:38 2018
609,extrapolation,unmarked,final,sa,ti,ComplexPhrase_Testing,point_chef_sg_burglar_pl,burglar,vaem,1,poinim negid ti sa vaem,NA,NA,poinim negid ti sa vaem,NA,186,Thu Apr 19 10:57:45 2018
609,extrapolation,unmarked,final,sa,ti,ComplexPhrase_Testing,punch_cowboy_pl_chef_sg,NA,NA,,straikim sa tumbat ti negid,NA,NA,straikim sa tumbat ti negid,NA,187,Thu Apr 19 10:57:50 2018
609,extrapolation,unmarked,final,sa,ti,ComplexPhrase_Testing,kick_cowboy_sg_burglar_pl,burglar,vaem,1,kikim tumbat ti sa vaem,NA,NA,kikim tumbat ti sa vaem,NA,188,Thu Apr 19 10:57:59 2018
609,extrapolation,unmarked,final,sa,ti,ComplexPhrase_Testing,chef_four,NA,NA,,sa negid,NA,NA,sa negid,NA,189,Thu Apr 19 10:58:03 2018
609,extrapolation,unmarked,final,sa,ti,ComplexPhrase_Testing,kick_cowboy_sg_burglar_pl,burglar,vaem,1,kikim tumbat ti sa vaem,NA,NA,kikim tumbat ti sa vaem,NA,190,Thu Apr 19 10:58:09 2018
609,extrapolation,unmarked,final,sa,ti,ComplexPhrase_Testing,punch_burglar_sg_chef_pl,chef,negid,1,straikim vaem ti sa negid,NA,NA,straikim vaem ti sa negid,NA,191,Thu Apr 19 10:58:13 2018
609,extrapolation,unmarked,final,sa,ti,ComplexPhrase_Testing,cowboy_three,NA,NA,,sa tumbat,NA,NA,sa tumbat,NA,192,Thu Apr 19 10:58:16 2018
609,extrapolation,unmarked,final,sa,ti,ComplexPhrase_Testing,chef,NA,NA,,negid,NA,NA,negid,NA,193,Thu Apr 19 10:58:22 2018
609,extrapolation,unmarked,final,sa,ti,ComplexPhrase_Testing,punch_burglar_pl_chef_sg,NA,NA,,straikim sa vaem ti negid,NA,NA,straikim sa vaem ti negid,NA,194,Thu Apr 19 10:58:30 2018
609,extrapolation,unmarked,final,sa,ti,ComplexPhrase_Testing,burglar_three,NA,NA,,sa vaem,NA,NA,sa vaem,NA,195,Thu Apr 19 10:58:36 2018
609,extrapolation,unmarked,final,sa,ti,ComplexPhrase_Testing,burglar,NA,NA,,vaem,NA,NA,vaem,NA,196,Thu Apr 19 10:58:41 2018
609,extrapolation,unmarked,final,sa,ti,ComplexPhrase_Testing,waitress,NA,NA,,nork,NA,NA,nork,NA,197,Thu Apr 19 10:58:45 2018
609,extrapolation,unmarked,final,sa,ti,ComplexPhrase_Testing,point_burglar_pl_waitress_sg,NA,NA,,poinim sa vaem ti nork,NA,NA,poinim sa vaem ti nork,NA,198,Thu Apr 19 10:58:52 2018
609,extrapolation,unmarked,final,sa,ti,ComplexPhrase_Testing,kick_burglar_sg_cowboy_sg,NA,NA,,kikim vaem ti tumbat,NA,NA,kikim vaem ti tumbat,NA,199,Thu Apr 19 10:59:00 2018
609,extrapolation,unmarked,final,sa,ti,ComplexPhrase_Testing,kick_chef_sg_burglar_pl,burglar,vaem,1,kikim negid ti sa vaem,NA,NA,kikim negid ti sa vaem,NA,200,Thu Apr 19 10:59:08 2018
609,extrapolation,unmarked,final,sa,ti,ComplexPhrase_Testing,punch_cowboy_sg_chef_pl,chef,negid,1,straikim tumbat ti sa negid,NA,NA,straikim tumbat ti sa negid,NA,201,Thu Apr 19 10:59:13 2018
609,extrapolation,unmarked,final,sa,ti,ComplexPhrase_Testing,punch_chef_sg_cowboy_pl,cowboy,tumbat,1,straikim negid ti sa tumbat,NA,NA,straikim negid ti sa tumbat,NA,202,Thu Apr 19 10:59:17 2018
609,extrapolation,unmarked,final,sa,ti,ComplexPhrase_Testing,point_chef_sg_burglar_pl,burglar,vaem,1,poinim negid ti sa vaem,NA,NA,poinim negid ti sa vaem,NA,203,Thu Apr 19 10:59:23 2018
609,extrapolation,unmarked,final,sa,ti,ComplexPhrase_Testing,punch_cowboy_sg_chef_pl,chef,negid,1,straikim tumbat ti sa negid,NA,NA,straikim tumbat ti sa negid,NA,204,Thu Apr 19 10:59:28 2018
609,extrapolation,unmarked,final,sa,ti,ComplexPhrase_Testing,punch_cowboy_sg_chef_pl,chef,negid,1,straikim tumbat ti sa negid,NA,NA,straikim tumbat ti sa negid,NA,205,Thu Apr 19 10:59:34 2018
609,extrapolation,unmarked,final,sa,ti,ComplexPhrase_Testing,point_waitress_sg_chef_pl,chef,negid,1,poinim nork ti sa negid,NA,NA,poinim nork ti sa negid,NA,206,Thu Apr 19 10:59:39 2018
609,extrapolation,unmarked,final,sa,ti,ComplexPhrase_Testing,cowboy_two,NA,NA,,sa tumbat,NA,NA,sa tumbat,NA,207,Thu Apr 19 10:59:43 2018
609,extrapolation,unmarked,final,sa,ti,ComplexPhrase_Testing,cowboy,NA,NA,,tumbat,NA,NA,tumbat,NA,208,Thu Apr 19 10:59:47 2018
609,extrapolation,unmarked,final,sa,ti,ComplexPhrase_Testing,point_chef_sg_waitress_pl,waitress,nork,1,poinim negid ti sa nork,NA,NA,poinim negid ti sa nork,NA,209,Thu Apr 19 10:59:54 2018
609,extrapolation,unmarked,final,sa,ti,ComplexPhrase_Testing,point_chef_sg_burglar_pl,burglar,vaem,1,poinim negid ti sa vaem,NA,NA,poinim negid ti sa vaem,NA,210,Thu Apr 19 10:59:59 2018
609,extrapolation,unmarked,final,sa,ti,ComplexPhrase_Testing,punch_chef_sg_waitress_pl,waitress,nork,1,straikim negid ti sa nork,NA,NA,straikim negid ti sa nork,NA,211,Thu Apr 19 11:00:05 2018
609,extrapolation,unmarked,final,sa,ti,ComplexPhrase_Testing,punch_burglar_sg_chef_pl,chef,negid,1,straikim vaem ti sa negid,NA,NA,straikim vaem ti sa negid,NA,212,Thu Apr 19 11:00:10 2018
609,extrapolation,unmarked,final,sa,ti,ComplexPhrase_Testing,punch_chef_sg_waitress_pl,waitress,nork,1,straikim negid ti sa nork,NA,NA,straikim negid ti sa nork,NA,213,Thu Apr 19 11:00:16 2018
609,extrapolation,unmarked,final,sa,ti,ComplexPhrase_Testing,punch_chef_sg_cowboy_pl,cowboy,tumbat,1,straikim negid ti sa tumbat,NA,NA,straikim negid ti sa tumbat,NA,214,Thu Apr 19 11:00:21 2018
609,extrapolation,unmarked,final,sa,ti,ComplexPhrase_Testing,kick_chef_sg_cowboy_pl,cowboy,tumbat,1,kikim negid ti sa tumbat,NA,NA,kikim negid ti sa tumbat,NA,215,Thu Apr 19 11:00:26 2018
609,extrapolation,unmarked,final,sa,ti,ComplexPhrase_Testing,kick_chef_pl_cowboy_sg,NA,NA,,kikim sa negid ti tumbat,NA,NA,kikim sa negid ti tumbat,NA,216,Thu Apr 19 11:00:31 2018
609,extrapolation,unmarked,final,sa,ti,ComplexPhrase_Testing,punch_chef_sg_waitress_pl,waitress,nork,1,straikim negid ti sa nork,NA,NA,straikim negid ti sa nork,NA,217,Thu Apr 19 11:00:40 2018
609,extrapolation,unmarked,final,sa,ti,ComplexPhrase_Testing,kick_chef_sg_burglar_pl,burglar,vaem,1,kikim negid ti sa vaem,NA,NA,kikim negid ti sa vaem,NA,218,Thu Apr 19 11:00:45 2018
609,extrapolation,unmarked,final,sa,ti,ComplexPhrase_Testing,point_burglar_sg_cowboy_sg,NA,NA,,poinim vaem ti tumbat,NA,NA,poinim vaem ti tumbat,NA,219,Thu Apr 19 11:00:50 2018
609,extrapolation,unmarked,final,sa,ti,ComplexPhrase_Testing,chef_two,NA,NA,,sa negid,NA,NA,sa negid,NA,220,Thu Apr 19 11:00:57 2018
609,extrapolation,unmarked,final,sa,ti,ComplexPhrase_Testing,point_chef_sg_waitress_pl,waitress,nork,1,poinim negid ti sa nork,NA,NA,poinim negid ti sa nork,NA,221,Thu Apr 19 11:01:04 2018
609,extrapolation,unmarked,final,sa,ti,ComplexPhrase_Testing,kick_chef_sg_cowboy_pl,cowboy,tumbat,1,kikim negid ti sa tumbat,NA,NA,kikim negid ti sa tumbat,NA,222,Thu Apr 19 11:01:11 2018
609,extrapolation,unmarked,final,sa,ti,ComplexPhrase_Testing,point_waitress_sg_chef_pl,chef,negid,1,poinim nork ti sa negid,NA,NA,poinim nork ti sa negid,NA,223,Thu Apr 19 11:01:16 2018
609,extrapolation,unmarked,final,sa,ti,ComplexPhrase_Testing,punch_burglar_sg_chef_pl,chef,negid,1,straikim vaem ti sa negid,NA,NA,straikim vaem ti sa negid,NA,224,Thu Apr 19 11:01:22 2018
609,extrapolation,unmarked,final,sa,ti,ComplexPhrase_Testing,punch_burglar_sg_chef_sg,NA,NA,,straikim vaem ti negid,NA,NA,straikim vaem ti negid,NA,225,Thu Apr 19 11:01:27 2018
609,extrapolation,unmarked,final,sa,ti,ComplexPhrase_Testing,point_cowboy_sg_burglar_sg,NA,NA,,poinim tumbat ti vaem,NA,NA,poinim tumbat ti vaem,NA,226,Thu Apr 19 11:01:35 2018
609,extrapolation,unmarked,final,sa,ti,ComplexPhrase_Testing,point_waitress_sg_burglar_sg,NA,NA,,poinim nork ti vaem,NA,NA,poinim nork ti vaem,NA,227,Thu Apr 19 11:01:42 2018
609,extrapolation,unmarked,final,sa,ti,ComplexPhrase_Testing,kick_chef_sg_burglar_pl,burglar,vaem,1,kikim negid ti sa vaem,NA,NA,kikim negid ti sa vaem,NA,228,Thu Apr 19 11:01:51 2018
609,extrapolation,unmarked,final,sa,ti,ComplexPhrase_Testing,kick_waitress_sg_burglar_pl,burglar,vaem,1,kikim nork ti sa vaem,NA,NA,kikim nork ti sa vaem,NA,229,Thu Apr 19 11:01:59 2018
609,extrapolation,unmarked,final,sa,ti,ComplexPhrase_Testing,kick_waitress_sg_burglar_pl,burglar,vaem,1,kikim nork ti sa vaem,NA,NA,kikim nork ti sa vaem,NA,230,Thu Apr 19 11:02:04 2018
609,extrapolation,unmarked,final,sa,ti,Questionnaire,NA,NA,NA,,NA,NA,NA,,the person that an action is being done to,MeaningCase,Thu Apr 19 11:03:13 2018
609,extrapolation,unmarked,final,sa,ti,Questionnaire,NA,NA,NA,,NA,NA,NA,,the plural of the word about to follow,MeaningNum,Thu Apr 19 11:03:13 2018
609,extrapolation,unmarked,final,sa,ti,Questionnaire,NA,NA,NA,,NA,NA,NA,,before,OrderCaseNoun,Thu Apr 19 11:03:13 2018
609,extrapolation,unmarked,final,sa,ti,Questionnaire,NA,NA,NA,,NA,NA,NA,,before,OrderNumNoun,Thu Apr 19 11:03:13 2018
609,extrapolation,unmarked,final,sa,ti,Questionnaire,NA,NA,NA,,NA,NA,NA,,"english, romanian",Languages,Thu Apr 19 11:03:13 2018