ID,Condition,MajorityOrder,NounPosition,markerNum,markerCase,Phase,Meaning,NounItem,Noun,binaryResp,InputSentence,Selection,TypedResponse,SpokenResponse,AnswerQuest,Trial,date&time
5ja09,extrapolation,unmarked,initial,セヒ,ヨザ,Noun_Training,chef,NA,NA,,ダクメ,NA,NA,,NA,1,Wed Oct 10 10:49:47 2018
5ja09,extrapolation,unmarked,initial,セヒ,ヨザ,Noun_Training,burglar,NA,NA,,タソヌ,NA,NA,,NA,2,Wed Oct 10 10:49:52 2018
5ja09,extrapolation,unmarked,initial,セヒ,ヨザ,Noun_Training,burglar,NA,NA,,タソヌ,NA,NA,,NA,3,Wed Oct 10 10:49:56 2018
5ja09,extrapolation,unmarked,initial,セヒ,ヨザ,Noun_Training,burglar,NA,NA,,タソヌ,NA,NA,,NA,4,Wed Oct 10 10:50:01 2018
5ja09,extrapolation,unmarked,initial,セヒ,ヨザ,Noun_Training,cowboy,NA,NA,,ソギナ,NA,NA,,NA,5,Wed Oct 10 10:50:06 2018
5ja09,extrapolation,unmarked,initial,セヒ,ヨザ,Noun_Training,cowboy,NA,NA,,ソギナ,NA,NA,,NA,6,Wed Oct 10 10:50:11 2018
5ja09,extrapolation,unmarked,initial,セヒ,ヨザ,Noun_Training,burglar,NA,NA,,タソヌ,NA,NA,,NA,7,Wed Oct 10 10:50:16 2018
5ja09,extrapolation,unmarked,initial,セヒ,ヨザ,Noun_Training,waitress,NA,NA,,ネチビ,NA,NA,,NA,8,Wed Oct 10 10:50:21 2018
5ja09,extrapolation,unmarked,initial,セヒ,ヨザ,Noun_Training,burglar,NA,NA,,タソヌ,NA,NA,,NA,9,Wed Oct 10 10:50:26 2018
5ja09,extrapolation,unmarked,initial,セヒ,ヨザ,Noun_Training,chef,NA,NA,,ダクメ,NA,NA,,NA,10,Wed Oct 10 10:50:31 2018
5ja09,extrapolation,unmarked,initial,セヒ,ヨザ,Noun_Training,waitress,NA,NA,,ネチビ,NA,NA,,NA,11,Wed Oct 10 10:50:35 2018
5ja09,extrapolation,unmarked,initial,セヒ,ヨザ,Noun_Training,chef,NA,NA,,ダクメ,NA,NA,,NA,12,Wed Oct 10 10:50:40 2018
5ja09,extrapolation,unmarked,initial,セヒ,ヨザ,Noun_Training,waitress,NA,NA,,ネチビ,NA,NA,,NA,13,Wed Oct 10 10:50:45 2018
5ja09,extrapolation,unmarked,initial,セヒ,ヨザ,Noun_Training,waitress,NA,NA,,ネチビ,NA,NA,,NA,14,Wed Oct 10 10:50:50 2018
5ja09,extrapolation,unmarked,initial,セヒ,ヨザ,Noun_Training,cowboy,NA,NA,,ソギナ,NA,NA,,NA,15,Wed Oct 10 10:50:55 2018
5ja09,extrapolation,unmarked,initial,セヒ,ヨザ,Noun_Training,chef,NA,NA,,ダクメ,NA,NA,,NA,16,Wed Oct 10 10:51:00 2018
5ja09,extrapolation,unmarked,initial,セヒ,ヨザ,Noun_Training,burglar,NA,NA,,タソヌ,NA,NA,,NA,17,Wed Oct 10 10:51:05 2018
5ja09,extrapolation,unmarked,initial,セヒ,ヨザ,Noun_Training,cowboy,NA,NA,,ソギナ,NA,NA,,NA,18,Wed Oct 10 10:51:10 2018
5ja09,extrapolation,unmarked,initial,セヒ,ヨザ,Noun_Training,waitress,NA,NA,,ネチビ,NA,NA,,NA,19,Wed Oct 10 10:51:14 2018
5ja09,extrapolation,unmarked,initial,セヒ,ヨザ,Noun_Training,cowboy,NA,NA,,ソギナ,NA,NA,,NA,20,Wed Oct 10 10:51:19 2018
5ja09,extrapolation,unmarked,initial,セヒ,ヨザ,Noun_Training,cowboy,NA,NA,,ソギナ,NA,NA,,NA,21,Wed Oct 10 10:51:24 2018
5ja09,extrapolation,unmarked,initial,セヒ,ヨザ,Noun_Training,chef,NA,NA,,ダクメ,NA,NA,,NA,22,Wed Oct 10 10:51:29 2018
5ja09,extrapolation,unmarked,initial,セヒ,ヨザ,Noun_Training,chef,NA,NA,,ダクメ,NA,NA,,NA,23,Wed Oct 10 10:51:34 2018
5ja09,extrapolation,unmarked,initial,セヒ,ヨザ,Noun_Training,waitress,NA,NA,,ネチビ,NA,NA,,NA,24,Wed Oct 10 10:51:39 2018
5ja09,extrapolation,unmarked,initial,セヒ,ヨザ,Noun_Selection,cowboy,NA,NA,,ソギナ,correct,NA,,NA,25,Wed Oct 10 10:52:09 2018
5ja09,extrapolation,unmarked,initial,セヒ,ヨザ,Noun_Selection,cowboy,NA,NA,,ソギナ,correct,NA,,NA,26,Wed Oct 10 10:52:12 2018
5ja09,extrapolation,unmarked,initial,セヒ,ヨザ,Noun_Selection,waitress,NA,NA,,ネチビ,correct,NA,,NA,27,Wed Oct 10 10:52:16 2018
5ja09,extrapolation,unmarked,initial,セヒ,ヨザ,Noun_Selection,waitress,NA,NA,,ネチビ,correct,NA,,NA,28,Wed Oct 10 10:52:19 2018
5ja09,extrapolation,unmarked,initial,セヒ,ヨザ,Noun_Selection,chef,NA,NA,,ダクメ,correct,NA,,NA,29,Wed Oct 10 10:52:23 2018
5ja09,extrapolation,unmarked,initial,セヒ,ヨザ,Noun_Selection,chef,NA,NA,,ダクメ,correct,NA,,NA,30,Wed Oct 10 10:52:26 2018
5ja09,extrapolation,unmarked,initial,セヒ,ヨザ,Noun_Selection,burglar,NA,NA,,タソヌ,correct,NA,,NA,31,Wed Oct 10 10:52:30 2018
5ja09,extrapolation,unmarked,initial,セヒ,ヨザ,Noun_Selection,waitress,NA,NA,,ネチビ,correct,NA,,NA,32,Wed Oct 10 10:52:35 2018
5ja09,extrapolation,unmarked,initial,セヒ,ヨザ,Noun_Selection,chef,NA,NA,,ダクメ,correct,NA,,NA,33,Wed Oct 10 10:52:38 2018
5ja09,extrapolation,unmarked,initial,セヒ,ヨザ,Noun_Selection,cowboy,NA,NA,,ソギナ,correct,NA,,NA,34,Wed Oct 10 10:52:44 2018
5ja09,extrapolation,unmarked,initial,セヒ,ヨザ,Noun_Selection,burglar,NA,NA,,タソヌ,correct,NA,,NA,35,Wed Oct 10 10:52:48 2018
5ja09,extrapolation,unmarked,initial,セヒ,ヨザ,Noun_Selection,burglar,NA,NA,,タソヌ,correct,NA,,NA,36,Wed Oct 10 10:52:54 2018
5ja09,extrapolation,unmarked,initial,セヒ,ヨザ,Noun_Testing,waitress,NA,NA,,ネチビ,NA,NA,,NA,37,Wed Oct 10 10:53:30 2018
5ja09,extrapolation,unmarked,initial,セヒ,ヨザ,Noun_Testing,chef,NA,NA,,ダクメ,NA,NA,,NA,38,Wed Oct 10 10:53:36 2018
5ja09,extrapolation,unmarked,initial,セヒ,ヨザ,Noun_Testing,waitress,NA,NA,,ネチビ,NA,NA,,NA,39,Wed Oct 10 10:53:41 2018
5ja09,extrapolation,unmarked,initial,セヒ,ヨザ,Noun_Testing,burglar,NA,NA,,タソヌ,NA,NA,,NA,40,Wed Oct 10 10:53:46 2018
5ja09,extrapolation,unmarked,initial,セヒ,ヨザ,Noun_Testing,burglar,NA,NA,,タソヌ,NA,NA,,NA,41,Wed Oct 10 10:53:50 2018
5ja09,extrapolation,unmarked,initial,セヒ,ヨザ,Noun_Testing,chef,NA,NA,,ダクメ,NA,NA,,NA,42,Wed Oct 10 10:53:56 2018
5ja09,extrapolation,unmarked,initial,セヒ,ヨザ,Noun_Testing,burglar,NA,NA,,タソヌ,NA,NA,,NA,43,Wed Oct 10 10:54:00 2018
5ja09,extrapolation,unmarked,initial,セヒ,ヨザ,Noun_Testing,cowboy,NA,NA,,ソギナ,NA,NA,,NA,44,Wed Oct 10 10:54:17 2018
5ja09,extrapolation,unmarked,initial,セヒ,ヨザ,Noun_Testing,cowboy,NA,NA,,ソギナ,NA,NA,,NA,45,Wed Oct 10 10:54:20 2018
5ja09,extrapolation,unmarked,initial,セヒ,ヨザ,Noun_Testing,waitress,NA,NA,,ネチビ,NA,NA,,NA,46,Wed Oct 10 10:54:24 2018
5ja09,extrapolation,unmarked,initial,セヒ,ヨザ,Noun_Testing,chef,NA,NA,,ダクメ,NA,NA,,NA,47,Wed Oct 10 10:54:30 2018
5ja09,extrapolation,unmarked,initial,セヒ,ヨザ,Noun_Testing,cowboy,NA,NA,,ソギナ,NA,NA,,NA,48,Wed Oct 10 10:54:36 2018
5ja09,extrapolation,unmarked,initial,セヒ,ヨザ,SimplePhrase_Training,chef_three,NA,NA,,ダクメ セヒ,NA,NA,,NA,49,Wed Oct 10 10:55:23 2018
5ja09,extrapolation,unmarked,initial,セヒ,ヨザ,SimplePhrase_Training,waitress,NA,NA,,ネチビ,NA,NA,,NA,50,Wed Oct 10 10:55:28 2018
5ja09,extrapolation,unmarked,initial,セヒ,ヨザ,SimplePhrase_Training,point_chef_sg_waitress_sg,NA,NA,,サスラ ダクメ ネチビ ヨザ,NA,NA,,NA,51,Wed Oct 10 10:55:35 2018
5ja09,extrapolation,unmarked,initial,セヒ,ヨザ,SimplePhrase_Training,point_cowboy_pl_chef_sg,NA,NA,,サスラ ソギナ セヒ ダクメ ヨザ,NA,NA,,NA,52,Wed Oct 10 10:55:43 2018
5ja09,extrapolation,unmarked,initial,セヒ,ヨザ,SimplePhrase_Training,cowboy_three,NA,NA,,ソギナ セヒ,NA,NA,,NA,53,Wed Oct 10 10:55:48 2018
5ja09,extrapolation,unmarked,initial,セヒ,ヨザ,SimplePhrase_Training,kick_burglar_pl_waitress_sg,NA,NA,,ケルラ タソヌ セヒ ネチビ ヨザ,NA,NA,,NA,54,Wed Oct 10 10:55:56 2018
5ja09,extrapolation,unmarked,initial,セヒ,ヨザ,SimplePhrase_Training,punch_waitress_sg_burglar_sg,NA,NA,,ナグラ ネチビ タソヌ ヨザ,NA,NA,,NA,55,Wed Oct 10 10:56:04 2018
5ja09,extrapolation,unmarked,initial,セヒ,ヨザ,SimplePhrase_Training,burglar_two,NA,NA,,タソヌ セヒ,NA,NA,,NA,56,Wed Oct 10 10:56:09 2018
5ja09,extrapolation,unmarked,initial,セヒ,ヨザ,SimplePhrase_Training,point_burglar_sg_cowboy_sg,NA,NA,,サスラ タソヌ ソギナ ヨザ,NA,NA,,NA,57,Wed Oct 10 10:56:17 2018
5ja09,extrapolation,unmarked,initial,セヒ,ヨザ,SimplePhrase_Training,punch_waitress_pl_cowboy_sg,NA,NA,,ナグラ ネチビ セヒ ソギナ ヨザ,NA,NA,,NA,58,Wed Oct 10 10:56:25 2018
5ja09,extrapolation,unmarked,initial,セヒ,ヨザ,SimplePhrase_Training,waitress_three,NA,NA,,ネチビ セヒ,NA,NA,,NA,59,Wed Oct 10 10:56:30 2018
5ja09,extrapolation,unmarked,initial,セヒ,ヨザ,SimplePhrase_Training,chef_two,NA,NA,,ダクメ セヒ,NA,NA,,NA,60,Wed Oct 10 10:56:35 2018
5ja09,extrapolation,unmarked,initial,セヒ,ヨザ,SimplePhrase_Training,punch_chef_pl_burglar_sg,NA,NA,,ナグラ ダクメ セヒ タソヌ ヨザ,NA,NA,,NA,61,Wed Oct 10 10:56:43 2018
5ja09,extrapolation,unmarked,initial,セヒ,ヨザ,SimplePhrase_Training,kick_cowboy_pl_chef_sg,NA,NA,,ケルラ ソギナ セヒ ダクメ ヨザ,NA,NA,,NA,62,Wed Oct 10 10:56:51 2018
5ja09,extrapolation,unmarked,initial,セヒ,ヨザ,SimplePhrase_Training,chef_four,NA,NA,,ダクメ セヒ,NA,NA,,NA,63,Wed Oct 10 10:56:56 2018
5ja09,extrapolation,unmarked,initial,セヒ,ヨザ,SimplePhrase_Training,point_waitress_sg_burglar_sg,NA,NA,,サスラ ネチビ タソヌ ヨザ,NA,NA,,NA,64,Wed Oct 10 10:57:04 2018
5ja09,extrapolation,unmarked,initial,セヒ,ヨザ,SimplePhrase_Training,burglar,NA,NA,,タソヌ,NA,NA,,NA,65,Wed Oct 10 10:57:09 2018
5ja09,extrapolation,unmarked,initial,セヒ,ヨザ,SimplePhrase_Training,punch_burglar_pl_waitress_sg,NA,NA,,ナグラ タソヌ セヒ ネチビ ヨザ,NA,NA,,NA,66,Wed Oct 10 10:57:17 2018
5ja09,extrapolation,unmarked,initial,セヒ,ヨザ,SimplePhrase_Training,punch_chef_sg_waitress_sg,NA,NA,,ナグラ ダクメ ネチビ ヨザ,NA,NA,,NA,67,Wed Oct 10 10:57:24 2018
5ja09,extrapolation,unmarked,initial,セヒ,ヨザ,SimplePhrase_Training,kick_chef_sg_waitress_sg,NA,NA,,ケルラ ダクメ ネチビ ヨザ,NA,NA,,NA,68,Wed Oct 10 10:57:32 2018
5ja09,extrapolation,unmarked,initial,セヒ,ヨザ,SimplePhrase_Training,burglar_four,NA,NA,,タソヌ セヒ,NA,NA,,NA,69,Wed Oct 10 10:57:37 2018
5ja09,extrapolation,unmarked,initial,セヒ,ヨザ,SimplePhrase_Training,point_chef_pl_burglar_sg,NA,NA,,サスラ ダクメ セヒ タソヌ ヨザ,NA,NA,,NA,70,Wed Oct 10 10:57:45 2018
5ja09,extrapolation,unmarked,initial,セヒ,ヨザ,SimplePhrase_Training,chef,NA,NA,,ダクメ,NA,NA,,NA,71,Wed Oct 10 10:57:50 2018
5ja09,extrapolation,unmarked,initial,セヒ,ヨザ,SimplePhrase_Training,point_burglar_sg_chef_sg,NA,NA,,サスラ タソヌ ダクメ ヨザ,NA,NA,,NA,72,Wed Oct 10 10:57:58 2018
5ja09,extrapolation,unmarked,initial,セヒ,ヨザ,SimplePhrase_Training,punch_cowboy_sg_burglar_sg,NA,NA,,ナグラ ソギナ タソヌ ヨザ,NA,NA,,NA,73,Wed Oct 10 10:58:05 2018
5ja09,extrapolation,unmarked,initial,セヒ,ヨザ,SimplePhrase_Training,punch_cowboy_sg_waitress_sg,NA,NA,,ナグラ ソギナ ネチビ ヨザ,NA,NA,,NA,74,Wed Oct 10 10:58:13 2018
5ja09,extrapolation,unmarked,initial,セヒ,ヨザ,SimplePhrase_Training,point_cowboy_pl_waitress_sg,NA,NA,,サスラ ソギナ セヒ ネチビ ヨザ,NA,NA,,NA,75,Wed Oct 10 10:58:21 2018
5ja09,extrapolation,unmarked,initial,セヒ,ヨザ,SimplePhrase_Training,cowboy_four,NA,NA,,ソギナ セヒ,NA,NA,,NA,76,Wed Oct 10 10:58:26 2018
5ja09,extrapolation,unmarked,initial,セヒ,ヨザ,SimplePhrase_Training,punch_chef_pl_cowboy_sg,NA,NA,,ナグラ ダクメ セヒ ソギナ ヨザ,NA,NA,,NA,77,Wed Oct 10 10:58:34 2018
5ja09,extrapolation,unmarked,initial,セヒ,ヨザ,SimplePhrase_Training,chef,NA,NA,,ダクメ,NA,NA,,NA,78,Wed Oct 10 10:58:39 2018
5ja09,extrapolation,unmarked,initial,セヒ,ヨザ,SimplePhrase_Training,cowboy_four,NA,NA,,ソギナ セヒ,NA,NA,,NA,79,Wed Oct 10 10:58:44 2018
5ja09,extrapolation,unmarked,initial,セヒ,ヨザ,SimplePhrase_Training,burglar_two,NA,NA,,タソヌ セヒ,NA,NA,,NA,80,Wed Oct 10 10:58:49 2018
5ja09,extrapolation,unmarked,initial,セヒ,ヨザ,SimplePhrase_Training,point_chef_sg_cowboy_sg,NA,NA,,サスラ ダクメ ソギナ ヨザ,NA,NA,,NA,81,Wed Oct 10 10:58:57 2018
5ja09,extrapolation,unmarked,initial,セヒ,ヨザ,SimplePhrase_Training,kick_chef_pl_cowboy_sg,NA,NA,,ケルラ ダクメ セヒ ソギナ ヨザ,NA,NA,,NA,82,Wed Oct 10 10:59:05 2018
5ja09,extrapolation,unmarked,initial,セヒ,ヨザ,SimplePhrase_Training,burglar,NA,NA,,タソヌ,NA,NA,,NA,83,Wed Oct 10 10:59:10 2018
5ja09,extrapolation,unmarked,initial,セヒ,ヨザ,SimplePhrase_Training,point_waitress_pl_chef_sg,NA,NA,,サスラ ネチビ セヒ ダクメ ヨザ,NA,NA,,NA,84,Wed Oct 10 10:59:18 2018
5ja09,extrapolation,unmarked,initial,セヒ,ヨザ,SimplePhrase_Training,punch_burglar_sg_chef_sg,NA,NA,,ナグラ タソヌ ダクメ ヨザ,NA,NA,,NA,85,Wed Oct 10 10:59:25 2018
5ja09,extrapolation,unmarked,initial,セヒ,ヨザ,SimplePhrase_Training,kick_waitress_pl_cowboy_sg,NA,NA,,ケルラ ネチビ セヒ ソギナ ヨザ,NA,NA,,NA,86,Wed Oct 10 10:59:33 2018
5ja09,extrapolation,unmarked,initial,セヒ,ヨザ,SimplePhrase_Training,kick_chef_sg_burglar_sg,NA,NA,,ケルラ ダクメ タソヌ ヨザ,NA,NA,,NA,87,Wed Oct 10 10:59:41 2018
5ja09,extrapolation,unmarked,initial,セヒ,ヨザ,SimplePhrase_Training,kick_waitress_sg_burglar_sg,NA,NA,,ケルラ ネチビ タソヌ ヨザ,NA,NA,,NA,88,Wed Oct 10 10:59:49 2018
5ja09,extrapolation,unmarked,initial,セヒ,ヨザ,SimplePhrase_Training,point_waitress_pl_cowboy_sg,NA,NA,,サスラ ネチビ セヒ ソギナ ヨザ,NA,NA,,NA,89,Wed Oct 10 10:59:57 2018
5ja09,extrapolation,unmarked,initial,セヒ,ヨザ,SimplePhrase_Training,cowboy,NA,NA,,ソギナ,NA,NA,,NA,90,Wed Oct 10 11:00:01 2018
5ja09,extrapolation,unmarked,initial,セヒ,ヨザ,SimplePhrase_Training,waitress_two,NA,NA,,ネチビ セヒ,NA,NA,,NA,91,Wed Oct 10 11:00:07 2018
5ja09,extrapolation,unmarked,initial,セヒ,ヨザ,SimplePhrase_Training,cowboy_two,NA,NA,,ソギナ セヒ,NA,NA,,NA,92,Wed Oct 10 11:00:12 2018
5ja09,extrapolation,unmarked,initial,セヒ,ヨザ,SimplePhrase_Training,waitress_three,NA,NA,,ネチビ セヒ,NA,NA,,NA,93,Wed Oct 10 11:00:17 2018
5ja09,extrapolation,unmarked,initial,セヒ,ヨザ,SimplePhrase_Training,punch_cowboy_pl_chef_sg,NA,NA,,ナグラ ソギナ セヒ ダクメ ヨザ,NA,NA,,NA,94,Wed Oct 10 11:00:25 2018
5ja09,extrapolation,unmarked,initial,セヒ,ヨザ,SimplePhrase_Training,kick_burglar_pl_chef_sg,NA,NA,,ケルラ タソヌ セヒ ダクメ ヨザ,NA,NA,,NA,95,Wed Oct 10 11:00:33 2018
5ja09,extrapolation,unmarked,initial,セヒ,ヨザ,SimplePhrase_Training,waitress_two,NA,NA,,ネチビ セヒ,NA,NA,,NA,96,Wed Oct 10 11:00:38 2018
5ja09,extrapolation,unmarked,initial,セヒ,ヨザ,SimplePhrase_Training,point_burglar_sg_waitress_sg,NA,NA,,サスラ タソヌ ネチビ ヨザ,NA,NA,,NA,97,Wed Oct 10 11:00:46 2018
5ja09,extrapolation,unmarked,initial,セヒ,ヨザ,SimplePhrase_Training,kick_burglar_sg_cowboy_sg,NA,NA,,ケルラ タソヌ ソギナ ヨザ,NA,NA,,NA,98,Wed Oct 10 11:00:53 2018
5ja09,extrapolation,unmarked,initial,セヒ,ヨザ,SimplePhrase_Training,waitress_four,NA,NA,,ネチビ セヒ,NA,NA,,NA,99,Wed Oct 10 11:00:59 2018
5ja09,extrapolation,unmarked,initial,セヒ,ヨザ,SimplePhrase_Training,punch_burglar_pl_cowboy_sg,NA,NA,,ナグラ タソヌ セヒ ソギナ ヨザ,NA,NA,,NA,100,Wed Oct 10 11:01:07 2018
5ja09,extrapolation,unmarked,initial,セヒ,ヨザ,SimplePhrase_Training,punch_waitress_pl_chef_sg,NA,NA,,ナグラ ネチビ セヒ ダクメ ヨザ,NA,NA,,NA,101,Wed Oct 10 11:01:15 2018
5ja09,extrapolation,unmarked,initial,セヒ,ヨザ,SimplePhrase_Training,cowboy,NA,NA,,ソギナ,NA,NA,,NA,102,Wed Oct 10 11:01:20 2018
5ja09,extrapolation,unmarked,initial,セヒ,ヨザ,SimplePhrase_Training,chef_four,NA,NA,,ダクメ セヒ,NA,NA,,NA,103,Wed Oct 10 11:01:25 2018
5ja09,extrapolation,unmarked,initial,セヒ,ヨザ,SimplePhrase_Training,burglar_three,NA,NA,,タソヌ セヒ,NA,NA,,NA,104,Wed Oct 10 11:01:30 2018
5ja09,extrapolation,unmarked,initial,セヒ,ヨザ,SimplePhrase_Training,chef_two,NA,NA,,ダクメ セヒ,NA,NA,,NA,105,Wed Oct 10 11:01:35 2018
5ja09,extrapolation,unmarked,initial,セヒ,ヨザ,SimplePhrase_Training,kick_cowboy_sg_waitress_sg,NA,NA,,ケルラ ソギナ ネチビ ヨザ,NA,NA,,NA,106,Wed Oct 10 11:01:43 2018
5ja09,extrapolation,unmarked,initial,セヒ,ヨザ,SimplePhrase_Training,point_cowboy_pl_burglar_sg,NA,NA,,サスラ ソギナ セヒ タソヌ ヨザ,NA,NA,,NA,107,Wed Oct 10 11:01:51 2018
5ja09,extrapolation,unmarked,initial,セヒ,ヨザ,SimplePhrase_Training,kick_waitress_sg_chef_sg,NA,NA,,ケルラ ネチビ ダクメ ヨザ,NA,NA,,NA,108,Wed Oct 10 11:01:58 2018
5ja09,extrapolation,unmarked,initial,セヒ,ヨザ,SimplePhrase_Training,kick_cowboy_sg_burglar_sg,NA,NA,,ケルラ ソギナ タソヌ ヨザ,NA,NA,,NA,109,Wed Oct 10 11:02:06 2018
5ja09,extrapolation,unmarked,initial,セヒ,ヨザ,SimplePhrase_Training,waitress,NA,NA,,ネチビ,NA,NA,,NA,110,Wed Oct 10 11:02:11 2018
5ja09,extrapolation,unmarked,initial,セヒ,ヨザ,SimplePhrase_Comprehension,punch_burglar_sg_cowboy_sg,NA,NA,,ナグラ タソヌ ソギナ ヨザ,correct,NA,,NA,111,Wed Oct 10 11:02:37 2018
5ja09,extrapolation,unmarked,initial,セヒ,ヨザ,SimplePhrase_Comprehension,punch_cowboy_pl_waitress_sg,NA,NA,,ナグラ ソギナ セヒ ネチビ ヨザ,correct,NA,,NA,112,Wed Oct 10 11:02:45 2018
5ja09,extrapolation,unmarked,initial,セヒ,ヨザ,SimplePhrase_Comprehension,chef,NA,NA,,ダクメ,correct,NA,,NA,113,Wed Oct 10 11:02:49 2018
5ja09,extrapolation,unmarked,initial,セヒ,ヨザ,SimplePhrase_Comprehension,chef_four,NA,NA,,ダクメ セヒ,correct,NA,,NA,114,Wed Oct 10 11:02:53 2018
5ja09,extrapolation,unmarked,initial,セヒ,ヨザ,SimplePhrase_Comprehension,kick_burglar_pl_cowboy_sg,NA,NA,,ケルラ タソヌ セヒ ソギナ ヨザ,correct,NA,,NA,115,Wed Oct 10 11:03:01 2018
5ja09,extrapolation,unmarked,initial,セヒ,ヨザ,SimplePhrase_Comprehension,kick_waitress_pl_chef_sg,NA,NA,,ケルラ ネチビ セヒ ダクメ ヨザ,correct,NA,,NA,116,Wed Oct 10 11:03:07 2018
5ja09,extrapolation,unmarked,initial,セヒ,ヨザ,SimplePhrase_Comprehension,kick_waitress_pl_burglar_sg,NA,NA,,ケルラ ネチビ セヒ タソヌ ヨザ,correct,NA,,NA,117,Wed Oct 10 11:03:14 2018
5ja09,extrapolation,unmarked,initial,セヒ,ヨザ,SimplePhrase_Comprehension,punch_cowboy_pl_burglar_sg,NA,NA,,ナグラ ソギナ セヒ タソヌ ヨザ,correct,NA,,NA,118,Wed Oct 10 11:03:22 2018
5ja09,extrapolation,unmarked,initial,セヒ,ヨザ,SimplePhrase_Comprehension,burglar_two,NA,NA,,タソヌ セヒ,correct,NA,,NA,119,Wed Oct 10 11:03:27 2018
5ja09,extrapolation,unmarked,initial,セヒ,ヨザ,SimplePhrase_Comprehension,waitress,NA,NA,,ネチビ,correct,NA,,NA,120,Wed Oct 10 11:03:31 2018
5ja09,extrapolation,unmarked,initial,セヒ,ヨザ,SimplePhrase_Comprehension,cowboy_four,NA,NA,,ソギナ セヒ,correct,NA,,NA,121,Wed Oct 10 11:03:35 2018
5ja09,extrapolation,unmarked,initial,セヒ,ヨザ,SimplePhrase_Comprehension,waitress_three,NA,NA,,ネチビ セヒ,correct,NA,,NA,122,Wed Oct 10 11:03:40 2018
5ja09,extrapolation,unmarked,initial,セヒ,ヨザ,SimplePhrase_Comprehension,point_chef_sg_burglar_sg,NA,NA,,サスラ ダクメ タソヌ ヨザ,correct,NA,,NA,123,Wed Oct 10 11:03:46 2018
5ja09,extrapolation,unmarked,initial,セヒ,ヨザ,SimplePhrase_Comprehension,punch_chef_sg_cowboy_sg,NA,NA,,ナグラ ダクメ ソギナ ヨザ,correct,NA,,NA,124,Wed Oct 10 11:03:56 2018
5ja09,extrapolation,unmarked,initial,セヒ,ヨザ,SimplePhrase_Comprehension,chef_two,NA,NA,,ダクメ セヒ,correct,NA,,NA,125,Wed Oct 10 11:04:00 2018
5ja09,extrapolation,unmarked,initial,セヒ,ヨザ,SimplePhrase_Comprehension,punch_burglar_pl_chef_sg,NA,NA,,ナグラ タソヌ セヒ ダクメ ヨザ,correct,NA,,NA,126,Wed Oct 10 11:04:08 2018
5ja09,extrapolation,unmarked,initial,セヒ,ヨザ,SimplePhrase_Comprehension,kick_burglar_sg_waitress_sg,NA,NA,,ケルラ タソヌ ネチビ ヨザ,correct,NA,,NA,127,Wed Oct 10 11:04:14 2018
5ja09,extrapolation,unmarked,initial,セヒ,ヨザ,SimplePhrase_Comprehension,punch_chef_sg_burglar_sg,NA,NA,,ナグラ ダクメ タソヌ ヨザ,correct,NA,,NA,128,Wed Oct 10 11:04:20 2018
5ja09,extrapolation,unmarked,initial,セヒ,ヨザ,SimplePhrase_Comprehension,kick_cowboy_pl_waitress_sg,NA,NA,,ケルラ ソギナ セヒ ネチビ ヨザ,correct,NA,,NA,129,Wed Oct 10 11:04:29 2018
5ja09,extrapolation,unmarked,initial,セヒ,ヨザ,SimplePhrase_Comprehension,point_chef_pl_waitress_sg,NA,NA,,サスラ ダクメ セヒ ネチビ ヨザ,correct,NA,,NA,130,Wed Oct 10 11:04:35 2018
5ja09,extrapolation,unmarked,initial,セヒ,ヨザ,SimplePhrase_Comprehension,punch_chef_pl_waitress_sg,NA,NA,,ナグラ ダクメ セヒ ネチビ ヨザ,correct,NA,,NA,131,Wed Oct 10 11:04:41 2018
5ja09,extrapolation,unmarked,initial,セヒ,ヨザ,SimplePhrase_Comprehension,point_waitress_sg_cowboy_sg,NA,NA,,サスラ ネチビ ソギナ ヨザ,correct,NA,,NA,132,Wed Oct 10 11:04:48 2018
5ja09,extrapolation,unmarked,initial,セヒ,ヨザ,SimplePhrase_Comprehension,point_waitress_sg_chef_sg,NA,NA,,サスラ ネチビ ダクメ ヨザ,correct,NA,,NA,133,Wed Oct 10 11:04:55 2018
5ja09,extrapolation,unmarked,initial,セヒ,ヨザ,SimplePhrase_Comprehension,punch_waitress_sg_chef_sg,NA,NA,,ナグラ ネチビ ダクメ ヨザ,correct,NA,,NA,134,Wed Oct 10 11:05:01 2018
5ja09,extrapolation,unmarked,initial,セヒ,ヨザ,SimplePhrase_Comprehension,waitress_two,NA,NA,,ネチビ セヒ,correct,NA,,NA,135,Wed Oct 10 11:05:06 2018
5ja09,extrapolation,unmarked,initial,セヒ,ヨザ,SimplePhrase_Comprehension,cowboy,NA,NA,,ソギナ,correct,NA,,NA,136,Wed Oct 10 11:05:11 2018
5ja09,extrapolation,unmarked,initial,セヒ,ヨザ,SimplePhrase_Comprehension,kick_burglar_sg_chef_sg,NA,NA,,ケルラ タソヌ ダクメ ヨザ,correct,NA,,NA,137,Wed Oct 10 11:05:16 2018
5ja09,extrapolation,unmarked,initial,セヒ,ヨザ,SimplePhrase_Comprehension,point_burglar_pl_chef_sg,NA,NA,,サスラ タソヌ セヒ ダクメ ヨザ,correct,NA,,NA,138,Wed Oct 10 11:05:23 2018
5ja09,extrapolation,unmarked,initial,セヒ,ヨザ,SimplePhrase_Comprehension,chef_three,NA,NA,,ダクメ セヒ,correct,NA,,NA,139,Wed Oct 10 11:05:27 2018
5ja09,extrapolation,unmarked,initial,セヒ,ヨザ,SimplePhrase_Comprehension,punch_burglar_sg_waitress_sg,NA,NA,,ナグラ タソヌ ネチビ ヨザ,correct,NA,,NA,140,Wed Oct 10 11:05:33 2018
5ja09,extrapolation,unmarked,initial,セヒ,ヨザ,SimplePhrase_Comprehension,cowboy_three,NA,NA,,ソギナ セヒ,correct,NA,,NA,141,Wed Oct 10 11:05:38 2018
5ja09,extrapolation,unmarked,initial,セヒ,ヨザ,SimplePhrase_Comprehension,waitress_four,NA,NA,,ネチビ セヒ,correct,NA,,NA,142,Wed Oct 10 11:05:43 2018
5ja09,extrapolation,unmarked,initial,セヒ,ヨザ,SimplePhrase_Comprehension,burglar,NA,NA,,タソヌ,correct,NA,,NA,143,Wed Oct 10 11:05:47 2018
5ja09,extrapolation,unmarked,initial,セヒ,ヨザ,SimplePhrase_Comprehension,burglar_four,NA,NA,,タソヌ セヒ,correct,NA,,NA,144,Wed Oct 10 11:05:51 2018
5ja09,extrapolation,unmarked,initial,セヒ,ヨザ,SimplePhrase_Typing,waitress,NA,NA,,ネチビ,NA,ネチビ,,NA,145,Wed Oct 10 11:06:34 2018
5ja09,extrapolation,unmarked,initial,セヒ,ヨザ,SimplePhrase_Typing,kick_burglar_pl_chef_sg,NA,NA,,ケルラ タソヌ セヒ ダクメ ヨザ,NA,ケルラ タソヌ ヨラ ダクメ ヨラ,,NA,146,Wed Oct 10 11:07:30 2018
5ja09,extrapolation,unmarked,initial,セヒ,ヨザ,SimplePhrase_Typing,point_waitress_sg_burglar_sg,NA,NA,,サスラ ネチビ タソヌ ヨザ,NA,サスラ ネチビ タソヌ ヨザ,,NA,147,Wed Oct 10 11:07:49 2018
5ja09,extrapolation,unmarked,initial,セヒ,ヨザ,SimplePhrase_Typing,point_waitress_pl_cowboy_sg,NA,NA,,サスラ ネチビ セヒ ソギナ ヨザ,NA,サスラ ネチビ ユザ タソヌ ユザ,,NA,148,Wed Oct 10 11:08:40 2018
5ja09,extrapolation,unmarked,initial,セヒ,ヨザ,SimplePhrase_Typing,punch_cowboy_sg_burglar_sg,NA,NA,,ナグラ ソギナ タソヌ ヨザ,NA,ナグラ ソギナ タソヌ ヨザ,,NA,149,Wed Oct 10 11:09:06 2018
5ja09,extrapolation,unmarked,initial,セヒ,ヨザ,SimplePhrase_Typing,point_cowboy_pl_waitress_sg,NA,NA,,サスラ ソギナ セヒ ネチビ ヨザ,NA,サスラ ソギナ セヒ ネチビ ヨザ,,NA,150,Wed Oct 10 11:09:36 2018
5ja09,extrapolation,unmarked,initial,セヒ,ヨザ,SimplePhrase_Typing,cowboy_three,NA,NA,,ソギナ セヒ,NA,ソギナ ヨザ,,NA,151,Wed Oct 10 11:09:47 2018
5ja09,extrapolation,unmarked,initial,セヒ,ヨザ,SimplePhrase_Typing,kick_burglar_sg_cowboy_sg,NA,NA,,ケルラ タソヌ ソギナ ヨザ,NA,ケルラ タソヌ ソギナ ヨザ,,NA,152,Wed Oct 10 11:10:10 2018
5ja09,extrapolation,unmarked,initial,セヒ,ヨザ,SimplePhrase_Typing,punch_cowboy_sg_waitress_sg,NA,NA,,ナグラ ソギナ ネチビ ヨザ,NA,ナグラ ソギナ ネチビ ヨザ,,NA,153,Wed Oct 10 11:10:38 2018
5ja09,extrapolation,unmarked,initial,セヒ,ヨザ,SimplePhrase_Typing,chef_four,NA,NA,,ダクメ セヒ,NA,ダクメ セヒ,,NA,154,Wed Oct 10 11:10:50 2018
5ja09,extrapolation,unmarked,initial,セヒ,ヨザ,SimplePhrase_Typing,burglar_two,NA,NA,,タソヌ セヒ,NA,タソヌ セヒ,,NA,155,Wed Oct 10 11:11:00 2018
5ja09,extrapolation,unmarked,initial,セヒ,ヨザ,SimplePhrase_Typing,chef,NA,NA,,ダクメ,NA,ダクメ,,NA,156,Wed Oct 10 11:11:07 2018
5ja09,extrapolation,unmarked,initial,セヒ,ヨザ,SimplePhrase_Typing,cowboy,NA,NA,,ソギナ,NA,ソギナ,,NA,157,Wed Oct 10 11:11:14 2018
5ja09,extrapolation,unmarked,initial,セヒ,ヨザ,SimplePhrase_Typing,burglar_three,NA,NA,,タソヌ セヒ,NA,タソヌ セヒ,,NA,158,Wed Oct 10 11:11:23 2018
5ja09,extrapolation,unmarked,initial,セヒ,ヨザ,SimplePhrase_Typing,punch_chef_pl_burglar_sg,NA,NA,,ナグラ ダクメ セヒ タソヌ ヨザ,NA,ナグラ ダクメ セヒ タソヌ ヨザ,,NA,159,Wed Oct 10 11:11:39 2018
5ja09,extrapolation,unmarked,initial,セヒ,ヨザ,SimplePhrase_Typing,burglar,NA,NA,,タソヌ,NA,タソヌ,,NA,160,Wed Oct 10 11:11:47 2018
5ja09,extrapolation,unmarked,initial,セヒ,ヨザ,ComplexPhrase_Typing,punch_chef_sg_burglar_pl,burglar,tasonu,,ナグラ ダクメ タソヌ セヒ ヨザ,NA,ナグラ ダクメ タソヌ セヒ ヨザ,,NA,161,Wed Oct 10 11:12:36 2018
5ja09,extrapolation,unmarked,initial,セヒ,ヨザ,ComplexPhrase_Typing,point_waitress_sg_burglar_pl,burglar,tasonu,,サスラ ネチビ タソヌ セヒ ヨザ,NA,サスラ ネチビ タソヌ セヒ ヨザ,,NA,162,Wed Oct 10 11:12:48 2018
5ja09,extrapolation,unmarked,initial,セヒ,ヨザ,ComplexPhrase_Typing,point_chef_sg_burglar_pl,burglar,tasonu,,サスラ ダクメ タソヌ セヒ ヨザ,NA,サスラ ダクメ タソヌ セヒ ヨザ,,NA,163,Wed Oct 10 11:13:02 2018
5ja09,extrapolation,unmarked,initial,セヒ,ヨザ,ComplexPhrase_Typing,punch_burglar_sg_cowboy_pl,cowboy,sogina,,ナグラ タソヌ ソギナ セヒ ヨザ,NA,ナグラ タソヌ ソギナ セヒ ヨザ,,NA,164,Wed Oct 10 11:13:14 2018
5ja09,extrapolation,unmarked,initial,セヒ,ヨザ,ComplexPhrase_Typing,point_chef_sg_burglar_pl,burglar,tasonu,,サスラ ダクメ タソヌ セヒ ヨザ,NA,サスラ ダクメ タソヌ セヒ ヨザ,,NA,165,Wed Oct 10 11:13:29 2018
5ja09,extrapolation,unmarked,initial,セヒ,ヨザ,ComplexPhrase_Typing,point_waitress_sg_burglar_pl,burglar,tasonu,,サスラ ネチビ タソヌ セヒ ヨザ,NA,サスラ ネチビ タソヌ セヒ ヨザ,,NA,166,Wed Oct 10 11:13:41 2018
5ja09,extrapolation,unmarked,initial,セヒ,ヨザ,ComplexPhrase_Typing,punch_burglar_sg_cowboy_pl,cowboy,sogina,,ナグラ タソヌ ソギナ セヒ ヨザ,NA,ナグラ タソヌソギナ セヒ ヨザ,,NA,167,Wed Oct 10 11:13:56 2018
5ja09,extrapolation,unmarked,initial,セヒ,ヨザ,ComplexPhrase_Typing,punch_chef_sg_burglar_pl,burglar,tasonu,,ナグラ ダクメ タソヌ セヒ ヨザ,NA,ナグラ ダクメ タソヌ セヒ ヨザ,,NA,168,Wed Oct 10 11:14:41 2018
5ja09,extrapolation,unmarked,initial,セヒ,ヨザ,ComplexPhrase_Typing,point_chef_sg_burglar_pl,burglar,tasonu,,サスラ ダクメ タソヌ セヒ ヨザ,NA,サスラ ダクメ タソヌ セヒ ヨザ,,NA,169,Wed Oct 10 11:14:51 2018
5ja09,extrapolation,unmarked,initial,セヒ,ヨザ,ComplexPhrase_Typing,point_waitress_sg_burglar_pl,burglar,tasonu,,サスラ ネチビ タソヌ セヒ ヨザ,NA,サスラ ネチビ タソヌ セヒ ヨザ,,NA,170,Wed Oct 10 11:15:06 2018
5ja09,extrapolation,unmarked,initial,セヒ,ヨザ,ComplexPhrase_Typing,punch_chef_sg_burglar_pl,burglar,tasonu,,ナグラ ダクメ タソヌ セヒ ヨザ,NA,ナグラ ダクメ タソヌ セヒ ヨザ,,NA,171,Wed Oct 10 11:15:14 2018
5ja09,extrapolation,unmarked,initial,セヒ,ヨザ,ComplexPhrase_Typing,punch_burglar_sg_cowboy_pl,cowboy,sogina,,ナグラ タソヌ ソギナ セヒ ヨザ,NA,ナグラ タソヌ ソギナ セヒ ヨザ,,NA,172,Wed Oct 10 11:15:26 2018
5ja09,extrapolation,unmarked,initial,セヒ,ヨザ,ComplexPhrase_Testing,point_waitress_pl_burglar_sg,NA,NA,,サスラ ネチビ セヒ タソヌ ヨザ,NA,NA,,NA,173,Wed Oct 10 11:16:29 2018
5ja09,extrapolation,unmarked,initial,セヒ,ヨザ,ComplexPhrase_Testing,burglar_four,NA,NA,,タソヌ セヒ,NA,NA,,NA,174,Wed Oct 10 11:16:37 2018
5ja09,extrapolation,unmarked,initial,セヒ,ヨザ,ComplexPhrase_Testing,punch_cowboy_pl_burglar_sg,NA,NA,,ナグラ ソギナ セヒ タソヌ ヨザ,NA,NA,,NA,175,Wed Oct 10 11:16:47 2018
5ja09,extrapolation,unmarked,initial,セヒ,ヨザ,ComplexPhrase_Testing,kick_chef_sg_cowboy_sg,NA,NA,,ケルラ ダクメ ソギナ ヨザ,NA,NA,,NA,176,Wed Oct 10 11:16:57 2018
5ja09,extrapolation,unmarked,initial,セヒ,ヨザ,ComplexPhrase_Testing,punch_cowboy_pl_chef_sg,NA,NA,,ナグラ ソギナ セヒ ダクメ ヨザ,NA,NA,,NA,177,Wed Oct 10 11:17:06 2018
5ja09,extrapolation,unmarked,initial,セヒ,ヨザ,ComplexPhrase_Testing,kick_chef_sg_cowboy_pl,cowboy,sogina,,ケルラ ダクメ ソギナ セヒ ヨザ,NA,NA,,NA,178,Wed Oct 10 11:17:17 2018
5ja09,extrapolation,unmarked,initial,セヒ,ヨザ,ComplexPhrase_Testing,point_burglar_sg_chef_pl,chef,dakume,,サスラ タソヌ ダクメ セヒ ヨザ,NA,NA,,NA,179,Wed Oct 10 11:17:31 2018
5ja09,extrapolation,unmarked,initial,セヒ,ヨザ,ComplexPhrase_Testing,point_burglar_sg_cowboy_pl,cowboy,sogina,,サスラ タソヌ ソギナ セヒ ヨザ,NA,NA,,NA,180,Wed Oct 10 11:17:39 2018
5ja09,extrapolation,unmarked,initial,セヒ,ヨザ,ComplexPhrase_Testing,point_burglar_sg_cowboy_sg,NA,NA,,サスラ タソヌ ソギナ ヨザ,NA,NA,,NA,181,Wed Oct 10 11:17:49 2018
5ja09,extrapolation,unmarked,initial,セヒ,ヨザ,ComplexPhrase_Testing,kick_chef_sg_burglar_pl,burglar,tasonu,,ケルラ ダクメ タソヌ セヒ ヨザ,NA,NA,,NA,182,Wed Oct 10 11:18:03 2018
5ja09,extrapolation,unmarked,initial,セヒ,ヨザ,ComplexPhrase_Testing,waitress,NA,NA,,ネチビ,NA,NA,,NA,183,Wed Oct 10 11:18:06 2018
5ja09,extrapolation,unmarked,initial,セヒ,ヨザ,ComplexPhrase_Testing,punch_waitress_sg_burglar_pl,burglar,tasonu,,ナグラ ネチビ タソヌ セヒ ヨザ,NA,NA,,NA,184,Wed Oct 10 11:18:13 2018
5ja09,extrapolation,unmarked,initial,セヒ,ヨザ,ComplexPhrase_Testing,point_burglar_sg_cowboy_pl,cowboy,sogina,,サスラ タソヌ ソギナ セヒ ヨザ,NA,NA,,NA,185,Wed Oct 10 11:18:20 2018
5ja09,extrapolation,unmarked,initial,セヒ,ヨザ,ComplexPhrase_Testing,kick_burglar_sg_cowboy_sg,NA,NA,,ケルラ タソヌ ソギナ ヨザ,NA,NA,,NA,186,Wed Oct 10 11:18:31 2018
5ja09,extrapolation,unmarked,initial,セヒ,ヨザ,ComplexPhrase_Testing,kick_chef_sg_burglar_pl,burglar,tasonu,,ケルラ ダクメ タソヌ セヒ ヨザ,NA,NA,,NA,187,Wed Oct 10 11:18:41 2018
5ja09,extrapolation,unmarked,initial,セヒ,ヨザ,ComplexPhrase_Testing,punch_chef_sg_waitress_pl,waitress,nechibi,,ナグラ ダクメ ネチビ セヒ ヨザ,NA,NA,,NA,188,Wed Oct 10 11:18:51 2018
5ja09,extrapolation,unmarked,initial,セヒ,ヨザ,ComplexPhrase_Testing,punch_waitress_sg_cowboy_pl,cowboy,sogina,,ナグラ ネチビ ソギナ セヒ ヨザ,NA,NA,,NA,189,Wed Oct 10 11:18:57 2018
5ja09,extrapolation,unmarked,initial,セヒ,ヨザ,ComplexPhrase_Testing,point_chef_sg_cowboy_pl,cowboy,sogina,,サスラ ダクメ ソギナ セヒ ヨザ,NA,NA,,NA,190,Wed Oct 10 11:19:02 2018
5ja09,extrapolation,unmarked,initial,セヒ,ヨザ,ComplexPhrase_Testing,punch_chef_sg_waitress_pl,waitress,nechibi,,ナグラ ダクメ ネチビ セヒ ヨザ,NA,NA,,NA,191,Wed Oct 10 11:19:09 2018
5ja09,extrapolation,unmarked,initial,セヒ,ヨザ,ComplexPhrase_Testing,kick_cowboy_sg_chef_pl,chef,dakume,,ケルラ ソギナ ダクメ セヒ ヨザ,NA,NA,,NA,192,Wed Oct 10 11:19:31 2018
5ja09,extrapolation,unmarked,initial,セヒ,ヨザ,ComplexPhrase_Testing,kick_burglar_sg_waitress_pl,waitress,nechibi,,ケルラ タソヌ ネチビ セヒ ヨザ,NA,NA,,NA,193,Wed Oct 10 11:19:37 2018
5ja09,extrapolation,unmarked,initial,セヒ,ヨザ,ComplexPhrase_Testing,punch_waitress_sg_burglar_pl,burglar,tasonu,,ナグラ ネチビ タソヌ セヒ ヨザ,NA,NA,,NA,194,Wed Oct 10 11:19:42 2018
5ja09,extrapolation,unmarked,initial,セヒ,ヨザ,ComplexPhrase_Testing,cowboy,NA,NA,,ソギナ,NA,NA,,NA,195,Wed Oct 10 11:19:49 2018
5ja09,extrapolation,unmarked,initial,セヒ,ヨザ,ComplexPhrase_Testing,kick_chef_sg_burglar_pl,burglar,tasonu,,ケルラ ダクメ タソヌ セヒ ヨザ,NA,NA,,NA,196,Wed Oct 10 11:19:59 2018
5ja09,extrapolation,unmarked,initial,セヒ,ヨザ,ComplexPhrase_Testing,chef,NA,NA,,ダクメ,NA,NA,,NA,197,Wed Oct 10 11:20:01 2018
5ja09,extrapolation,unmarked,initial,セヒ,ヨザ,ComplexPhrase_Testing,point_burglar_sg_chef_pl,chef,dakume,,サスラ タソヌ ダクメ セヒ ヨザ,NA,NA,,NA,198,Wed Oct 10 11:20:09 2018
5ja09,extrapolation,unmarked,initial,セヒ,ヨザ,ComplexPhrase_Testing,kick_burglar_sg_chef_pl,chef,dakume,,ケルラ タソヌ ダクメ セヒ ヨザ,NA,NA,,NA,199,Wed Oct 10 11:20:13 2018
5ja09,extrapolation,unmarked,initial,セヒ,ヨザ,ComplexPhrase_Testing,kick_chef_sg_cowboy_pl,cowboy,sogina,,ケルラ ダクメ ソギナ セヒ ヨザ,NA,NA,,NA,200,Wed Oct 10 11:20:19 2018
5ja09,extrapolation,unmarked,initial,セヒ,ヨザ,ComplexPhrase_Testing,point_chef_sg_cowboy_pl,cowboy,sogina,,サスラ ダクメ ソギナ セヒ ヨザ,NA,NA,,NA,201,Wed Oct 10 11:20:27 2018
5ja09,extrapolation,unmarked,initial,セヒ,ヨザ,ComplexPhrase_Testing,point_burglar_sg_cowboy_pl,cowboy,sogina,,サスラ タソヌ ソギナ セヒ ヨザ,NA,NA,,NA,202,Wed Oct 10 11:20:33 2018
5ja09,extrapolation,unmarked,initial,セヒ,ヨザ,ComplexPhrase_Testing,point_chef_sg_cowboy_pl,cowboy,sogina,,サスラ ダクメ ソギナ セヒ ヨザ,NA,NA,,NA,203,Wed Oct 10 11:20:41 2018
5ja09,extrapolation,unmarked,initial,セヒ,ヨザ,ComplexPhrase_Testing,kick_chef_sg_cowboy_pl,cowboy,sogina,,ケルラ ダクメ ソギナ セヒ ヨザ,NA,NA,,NA,204,Wed Oct 10 11:20:46 2018
5ja09,extrapolation,unmarked,initial,セヒ,ヨザ,ComplexPhrase_Testing,punch_chef_sg_waitress_pl,waitress,nechibi,,ナグラ ダクメ ネチビ セヒ ヨザ,NA,NA,,NA,205,Wed Oct 10 11:20:52 2018
5ja09,extrapolation,unmarked,initial,セヒ,ヨザ,ComplexPhrase_Testing,point_cowboy_sg_chef_sg,NA,NA,,サスラ ソギナ ダクメ ヨザ,NA,NA,,NA,206,Wed Oct 10 11:21:03 2018
5ja09,extrapolation,unmarked,initial,セヒ,ヨザ,ComplexPhrase_Testing,kick_burglar_pl_chef_sg,NA,NA,,ケルラ タソヌ セヒ ダクメ ヨザ,NA,NA,,NA,207,Wed Oct 10 11:21:17 2018
5ja09,extrapolation,unmarked,initial,セヒ,ヨザ,ComplexPhrase_Testing,punch_waitress_sg_cowboy_pl,cowboy,sogina,,ナグラ ネチビ ソギナ セヒ ヨザ,NA,NA,,NA,208,Wed Oct 10 11:21:29 2018
5ja09,extrapolation,unmarked,initial,セヒ,ヨザ,ComplexPhrase_Testing,burglar_two,NA,NA,,タソヌ セヒ,NA,NA,,NA,209,Wed Oct 10 11:21:34 2018
5ja09,extrapolation,unmarked,initial,セヒ,ヨザ,ComplexPhrase_Testing,kick_burglar_sg_waitress_pl,waitress,nechibi,,ケルラ タソヌ ネチビ セヒ ヨザ,NA,NA,,NA,210,Wed Oct 10 11:21:45 2018
5ja09,extrapolation,unmarked,initial,セヒ,ヨザ,ComplexPhrase_Testing,kick_burglar_sg_waitress_pl,waitress,nechibi,,ケルラ タソヌ ネチビ セヒ ヨザ,NA,NA,,NA,211,Wed Oct 10 11:21:49 2018
5ja09,extrapolation,unmarked,initial,セヒ,ヨザ,ComplexPhrase_Testing,punch_chef_pl_burglar_sg,NA,NA,,ナグラ ダクメ セヒ タソヌ ヨザ,NA,NA,,NA,212,Wed Oct 10 11:21:59 2018
5ja09,extrapolation,unmarked,initial,セヒ,ヨザ,ComplexPhrase_Testing,burglar,NA,NA,,タソヌ,NA,NA,,NA,213,Wed Oct 10 11:22:06 2018
5ja09,extrapolation,unmarked,initial,セヒ,ヨザ,ComplexPhrase_Testing,waitress_two,NA,NA,,ネチビ セヒ,NA,NA,,NA,214,Wed Oct 10 11:22:14 2018
5ja09,extrapolation,unmarked,initial,セヒ,ヨザ,ComplexPhrase_Testing,cowboy_two,NA,NA,,ソギナ セヒ,NA,NA,,NA,215,Wed Oct 10 11:22:21 2018
5ja09,extrapolation,unmarked,initial,セヒ,ヨザ,ComplexPhrase_Testing,point_burglar_sg_chef_pl,chef,dakume,,サスラ タソヌ ダクメ セヒ ヨザ,NA,NA,,NA,216,Wed Oct 10 11:22:31 2018
5ja09,extrapolation,unmarked,initial,セヒ,ヨザ,ComplexPhrase_Testing,point_cowboy_sg_chef_pl,chef,dakume,,サスラ ソギナ ダクメ セヒ ヨザ,NA,NA,,NA,217,Wed Oct 10 11:22:38 2018
5ja09,extrapolation,unmarked,initial,セヒ,ヨザ,ComplexPhrase_Testing,kick_cowboy_sg_chef_pl,chef,dakume,,ケルラ ソギナ ダクメ セヒ ヨザ,NA,NA,,NA,218,Wed Oct 10 11:22:47 2018
5ja09,extrapolation,unmarked,initial,セヒ,ヨザ,ComplexPhrase_Testing,waitress_three,NA,NA,,ネチビ セヒ,NA,NA,,NA,219,Wed Oct 10 11:22:52 2018
5ja09,extrapolation,unmarked,initial,セヒ,ヨザ,ComplexPhrase_Testing,kick_cowboy_pl_chef_sg,NA,NA,,ケルラ ソギナ セヒ ダクメ ヨザ,NA,NA,,NA,220,Wed Oct 10 11:23:00 2018
5ja09,extrapolation,unmarked,initial,セヒ,ヨザ,ComplexPhrase_Testing,point_cowboy_sg_chef_pl,chef,dakume,,サスラ ソギナ ダクメ セヒ ヨザ,NA,NA,,NA,221,Wed Oct 10 11:23:12 2018
5ja09,extrapolation,unmarked,initial,セヒ,ヨザ,ComplexPhrase_Testing,punch_waitress_sg_burglar_pl,burglar,tasonu,,ナグラ ネチビ タソヌ セヒ ヨザ,NA,NA,,NA,222,Wed Oct 10 11:23:21 2018
5ja09,extrapolation,unmarked,initial,セヒ,ヨザ,ComplexPhrase_Testing,kick_burglar_sg_chef_pl,chef,dakume,,ケルラ タソヌ ダクメ セヒ ヨザ,NA,NA,,NA,223,Wed Oct 10 11:23:29 2018
5ja09,extrapolation,unmarked,initial,セヒ,ヨザ,ComplexPhrase_Testing,kick_cowboy_sg_chef_pl,chef,dakume,,ケルラ ソギナ ダクメ セヒ ヨザ,NA,NA,,NA,224,Wed Oct 10 11:23:34 2018
5ja09,extrapolation,unmarked,initial,セヒ,ヨザ,ComplexPhrase_Testing,point_cowboy_sg_chef_pl,chef,dakume,,サスラ ソギナ ダクメ セヒ ヨザ,NA,NA,,NA,225,Wed Oct 10 11:23:45 2018
5ja09,extrapolation,unmarked,initial,セヒ,ヨザ,ComplexPhrase_Testing,punch_cowboy_sg_burglar_sg,NA,NA,,ナグラ ソギナ タソヌ ヨザ,NA,NA,,NA,226,Wed Oct 10 11:23:56 2018
5ja09,extrapolation,unmarked,initial,セヒ,ヨザ,ComplexPhrase_Testing,waitress_four,NA,NA,,ネチビ セヒ,NA,NA,,NA,227,Wed Oct 10 11:24:03 2018
5ja09,extrapolation,unmarked,initial,セヒ,ヨザ,ComplexPhrase_Testing,kick_burglar_sg_chef_pl,chef,dakume,,ケルラ タソヌ ダクメ セヒ ヨザ,NA,NA,,NA,228,Wed Oct 10 11:24:13 2018
5ja09,extrapolation,unmarked,initial,セヒ,ヨザ,ComplexPhrase_Testing,punch_waitress_sg_chef_sg,NA,NA,,ナグラ ネチビ ダクメ ヨザ,NA,NA,,NA,229,Wed Oct 10 11:24:24 2018
5ja09,extrapolation,unmarked,initial,セヒ,ヨザ,ComplexPhrase_Testing,punch_waitress_sg_cowboy_pl,cowboy,sogina,,ナグラ ネチビ ソギナ セヒ ヨザ,NA,NA,,NA,230,Wed Oct 10 11:24:34 2018
5ja09,extrapolation,unmarked,initial,セヒ,ヨザ,Questionnaire,NA,NA,NA,,NA,NA,NA,,スル,MeaningCase,Wed Oct 10 11:25:43 2018
5ja09,extrapolation,unmarked,initial,セヒ,ヨザ,Questionnaire,NA,NA,NA,,NA,NA,NA,,タチ,MeaningNum,Wed Oct 10 11:25:43 2018
5ja09,extrapolation,unmarked,initial,セヒ,ヨザ,Questionnaire,NA,NA,NA,,NA,NA,NA,,ウシロ,OrderCaseNoun,Wed Oct 10 11:25:43 2018
5ja09,extrapolation,unmarked,initial,セヒ,ヨザ,Questionnaire,NA,NA,NA,,NA,NA,NA,,ウシロ,OrderNumNoun,Wed Oct 10 11:25:43 2018
5ja09,extrapolation,unmarked,initial,セヒ,ヨザ,Questionnaire,NA,NA,NA,,NA,NA,NA,,ニホンゴ,Languages,Wed Oct 10 11:25:43 2018
