ID,Condition,MajorityOrder,NounPosition,markerNum,markerCase,Phase,Meaning,NounItem,Noun,binaryResp,InputSentence,Selection,TypedResponse,SpokenResponse,AnswerQuest,Trial,date&time
6ja03,extrapolation,unmarked,final,セヒ,ヨザ,Noun_Training,chef,NA,NA,,ダクメ,NA,NA,,NA,1,Thu Oct  4 12:26:20 2018
6ja03,extrapolation,unmarked,final,セヒ,ヨザ,Noun_Training,chef,NA,NA,,ダクメ,NA,NA,,NA,2,Thu Oct  4 12:26:25 2018
6ja03,extrapolation,unmarked,final,セヒ,ヨザ,Noun_Training,waitress,NA,NA,,タソヌ,NA,NA,,NA,3,Thu Oct  4 12:26:30 2018
6ja03,extrapolation,unmarked,final,セヒ,ヨザ,Noun_Training,burglar,NA,NA,,ネチビ,NA,NA,,NA,4,Thu Oct  4 12:26:35 2018
6ja03,extrapolation,unmarked,final,セヒ,ヨザ,Noun_Training,cowboy,NA,NA,,ソギナ,NA,NA,,NA,5,Thu Oct  4 12:26:40 2018
6ja03,extrapolation,unmarked,final,セヒ,ヨザ,Noun_Training,waitress,NA,NA,,タソヌ,NA,NA,,NA,6,Thu Oct  4 12:26:45 2018
6ja03,extrapolation,unmarked,final,セヒ,ヨザ,Noun_Training,burglar,NA,NA,,ネチビ,NA,NA,,NA,7,Thu Oct  4 12:26:50 2018
6ja03,extrapolation,unmarked,final,セヒ,ヨザ,Noun_Training,cowboy,NA,NA,,ソギナ,NA,NA,,NA,8,Thu Oct  4 12:26:54 2018
6ja03,extrapolation,unmarked,final,セヒ,ヨザ,Noun_Training,burglar,NA,NA,,ネチビ,NA,NA,,NA,9,Thu Oct  4 12:26:59 2018
6ja03,extrapolation,unmarked,final,セヒ,ヨザ,Noun_Training,waitress,NA,NA,,タソヌ,NA,NA,,NA,10,Thu Oct  4 12:27:04 2018
6ja03,extrapolation,unmarked,final,セヒ,ヨザ,Noun_Training,burglar,NA,NA,,ネチビ,NA,NA,,NA,11,Thu Oct  4 12:27:09 2018
6ja03,extrapolation,unmarked,final,セヒ,ヨザ,Noun_Training,burglar,NA,NA,,ネチビ,NA,NA,,NA,12,Thu Oct  4 12:27:14 2018
6ja03,extrapolation,unmarked,final,セヒ,ヨザ,Noun_Training,cowboy,NA,NA,,ソギナ,NA,NA,,NA,13,Thu Oct  4 12:27:19 2018
6ja03,extrapolation,unmarked,final,セヒ,ヨザ,Noun_Training,burglar,NA,NA,,ネチビ,NA,NA,,NA,14,Thu Oct  4 12:27:24 2018
6ja03,extrapolation,unmarked,final,セヒ,ヨザ,Noun_Training,cowboy,NA,NA,,ソギナ,NA,NA,,NA,15,Thu Oct  4 12:27:28 2018
6ja03,extrapolation,unmarked,final,セヒ,ヨザ,Noun_Training,cowboy,NA,NA,,ソギナ,NA,NA,,NA,16,Thu Oct  4 12:27:33 2018
6ja03,extrapolation,unmarked,final,セヒ,ヨザ,Noun_Training,chef,NA,NA,,ダクメ,NA,NA,,NA,17,Thu Oct  4 12:27:38 2018
6ja03,extrapolation,unmarked,final,セヒ,ヨザ,Noun_Training,chef,NA,NA,,ダクメ,NA,NA,,NA,18,Thu Oct  4 12:27:43 2018
6ja03,extrapolation,unmarked,final,セヒ,ヨザ,Noun_Training,chef,NA,NA,,ダクメ,NA,NA,,NA,19,Thu Oct  4 12:27:48 2018
6ja03,extrapolation,unmarked,final,セヒ,ヨザ,Noun_Training,waitress,NA,NA,,タソヌ,NA,NA,,NA,20,Thu Oct  4 12:27:53 2018
6ja03,extrapolation,unmarked,final,セヒ,ヨザ,Noun_Training,chef,NA,NA,,ダクメ,NA,NA,,NA,21,Thu Oct  4 12:27:58 2018
6ja03,extrapolation,unmarked,final,セヒ,ヨザ,Noun_Training,cowboy,NA,NA,,ソギナ,NA,NA,,NA,22,Thu Oct  4 12:28:03 2018
6ja03,extrapolation,unmarked,final,セヒ,ヨザ,Noun_Training,waitress,NA,NA,,タソヌ,NA,NA,,NA,23,Thu Oct  4 12:28:08 2018
6ja03,extrapolation,unmarked,final,セヒ,ヨザ,Noun_Training,waitress,NA,NA,,タソヌ,NA,NA,,NA,24,Thu Oct  4 12:28:12 2018
6ja03,extrapolation,unmarked,final,セヒ,ヨザ,Noun_Selection,burglar,NA,NA,,ネチビ,correct,NA,,NA,25,Thu Oct  4 12:28:38 2018
6ja03,extrapolation,unmarked,final,セヒ,ヨザ,Noun_Selection,burglar,NA,NA,,ネチビ,correct,NA,,NA,26,Thu Oct  4 12:28:42 2018
6ja03,extrapolation,unmarked,final,セヒ,ヨザ,Noun_Selection,chef,NA,NA,,ダクメ,correct,NA,,NA,27,Thu Oct  4 12:28:46 2018
6ja03,extrapolation,unmarked,final,セヒ,ヨザ,Noun_Selection,cowboy,NA,NA,,ソギナ,correct,NA,,NA,28,Thu Oct  4 12:28:50 2018
6ja03,extrapolation,unmarked,final,セヒ,ヨザ,Noun_Selection,burglar,NA,NA,,ネチビ,correct,NA,,NA,29,Thu Oct  4 12:28:54 2018
6ja03,extrapolation,unmarked,final,セヒ,ヨザ,Noun_Selection,chef,NA,NA,,ダクメ,correct,NA,,NA,30,Thu Oct  4 12:28:59 2018
6ja03,extrapolation,unmarked,final,セヒ,ヨザ,Noun_Selection,cowboy,NA,NA,,ソギナ,correct,NA,,NA,31,Thu Oct  4 12:29:02 2018
6ja03,extrapolation,unmarked,final,セヒ,ヨザ,Noun_Selection,waitress,NA,NA,,タソヌ,correct,NA,,NA,32,Thu Oct  4 12:29:06 2018
6ja03,extrapolation,unmarked,final,セヒ,ヨザ,Noun_Selection,cowboy,NA,NA,,ソギナ,correct,NA,,NA,33,Thu Oct  4 12:29:10 2018
6ja03,extrapolation,unmarked,final,セヒ,ヨザ,Noun_Selection,waitress,NA,NA,,タソヌ,correct,NA,,NA,34,Thu Oct  4 12:29:13 2018
6ja03,extrapolation,unmarked,final,セヒ,ヨザ,Noun_Selection,waitress,NA,NA,,タソヌ,correct,NA,,NA,35,Thu Oct  4 12:29:17 2018
6ja03,extrapolation,unmarked,final,セヒ,ヨザ,Noun_Selection,chef,NA,NA,,ダクメ,correct,NA,,NA,36,Thu Oct  4 12:29:20 2018
6ja03,extrapolation,unmarked,final,セヒ,ヨザ,Noun_Testing,cowboy,NA,NA,,ソギナ,NA,NA,,NA,37,Thu Oct  4 12:30:13 2018
6ja03,extrapolation,unmarked,final,セヒ,ヨザ,Noun_Testing,waitress,NA,NA,,タソヌ,NA,NA,,NA,38,Thu Oct  4 12:30:27 2018
6ja03,extrapolation,unmarked,final,セヒ,ヨザ,Noun_Testing,burglar,NA,NA,,ネチビ,NA,NA,,NA,39,Thu Oct  4 12:30:33 2018
6ja03,extrapolation,unmarked,final,セヒ,ヨザ,Noun_Testing,waitress,NA,NA,,タソヌ,NA,NA,,NA,40,Thu Oct  4 12:30:38 2018
6ja03,extrapolation,unmarked,final,セヒ,ヨザ,Noun_Testing,chef,NA,NA,,ダクメ,NA,NA,,NA,41,Thu Oct  4 12:30:43 2018
6ja03,extrapolation,unmarked,final,セヒ,ヨザ,Noun_Testing,burglar,NA,NA,,ネチビ,NA,NA,,NA,42,Thu Oct  4 12:30:48 2018
6ja03,extrapolation,unmarked,final,セヒ,ヨザ,Noun_Testing,chef,NA,NA,,ダクメ,NA,NA,,NA,43,Thu Oct  4 12:30:55 2018
6ja03,extrapolation,unmarked,final,セヒ,ヨザ,Noun_Testing,burglar,NA,NA,,ネチビ,NA,NA,,NA,44,Thu Oct  4 12:31:00 2018
6ja03,extrapolation,unmarked,final,セヒ,ヨザ,Noun_Testing,cowboy,NA,NA,,ソギナ,NA,NA,,NA,45,Thu Oct  4 12:31:05 2018
6ja03,extrapolation,unmarked,final,セヒ,ヨザ,Noun_Testing,chef,NA,NA,,ダクメ,NA,NA,,NA,46,Thu Oct  4 12:31:09 2018
6ja03,extrapolation,unmarked,final,セヒ,ヨザ,Noun_Testing,waitress,NA,NA,,タソヌ,NA,NA,,NA,47,Thu Oct  4 12:31:14 2018
6ja03,extrapolation,unmarked,final,セヒ,ヨザ,Noun_Testing,cowboy,NA,NA,,ソギナ,NA,NA,,NA,48,Thu Oct  4 12:31:19 2018
6ja03,extrapolation,unmarked,final,セヒ,ヨザ,SimplePhrase_Training,waitress,NA,NA,,タソヌ,NA,NA,,NA,49,Thu Oct  4 12:32:08 2018
6ja03,extrapolation,unmarked,final,セヒ,ヨザ,SimplePhrase_Training,cowboy,NA,NA,,ソギナ,NA,NA,,NA,50,Thu Oct  4 12:32:13 2018
6ja03,extrapolation,unmarked,final,セヒ,ヨザ,SimplePhrase_Training,point_chef_pl_burglar_sg,NA,NA,,サスラ セヒ ダクメ ヨザ ネチビ,NA,NA,,NA,51,Thu Oct  4 12:32:21 2018
6ja03,extrapolation,unmarked,final,セヒ,ヨザ,SimplePhrase_Training,waitress,NA,NA,,タソヌ,NA,NA,,NA,52,Thu Oct  4 12:32:26 2018
6ja03,extrapolation,unmarked,final,セヒ,ヨザ,SimplePhrase_Training,cowboy_two,NA,NA,,セヒ ソギナ,NA,NA,,NA,53,Thu Oct  4 12:32:31 2018
6ja03,extrapolation,unmarked,final,セヒ,ヨザ,SimplePhrase_Training,waitress_two,NA,NA,,セヒ タソヌ,NA,NA,,NA,54,Thu Oct  4 12:32:36 2018
6ja03,extrapolation,unmarked,final,セヒ,ヨザ,SimplePhrase_Training,punch_waitress_pl_cowboy_sg,NA,NA,,ナグラ セヒ タソヌ ヨザ ソギナ,NA,NA,,NA,55,Thu Oct  4 12:32:44 2018
6ja03,extrapolation,unmarked,final,セヒ,ヨザ,SimplePhrase_Training,kick_chef_pl_cowboy_sg,NA,NA,,ケルラ セヒ ダクメ ヨザ ソギナ,NA,NA,,NA,56,Thu Oct  4 12:32:52 2018
6ja03,extrapolation,unmarked,final,セヒ,ヨザ,SimplePhrase_Training,punch_cowboy_sg_burglar_sg,NA,NA,,ナグラ ソギナ ヨザ ネチビ,NA,NA,,NA,57,Thu Oct  4 12:33:00 2018
6ja03,extrapolation,unmarked,final,セヒ,ヨザ,SimplePhrase_Training,kick_cowboy_pl_burglar_sg,NA,NA,,ケルラ セヒ ソギナ ヨザ ネチビ,NA,NA,,NA,58,Thu Oct  4 12:33:08 2018
6ja03,extrapolation,unmarked,final,セヒ,ヨザ,SimplePhrase_Training,kick_chef_sg_waitress_sg,NA,NA,,ケルラ ダクメ ヨザ タソヌ,NA,NA,,NA,59,Thu Oct  4 12:33:16 2018
6ja03,extrapolation,unmarked,final,セヒ,ヨザ,SimplePhrase_Training,punch_burglar_pl_chef_sg,NA,NA,,ナグラ セヒ ネチビ ヨザ ダクメ,NA,NA,,NA,60,Thu Oct  4 12:33:24 2018
6ja03,extrapolation,unmarked,final,セヒ,ヨザ,SimplePhrase_Training,waitress_three,NA,NA,,セヒ タソヌ,NA,NA,,NA,61,Thu Oct  4 12:33:29 2018
6ja03,extrapolation,unmarked,final,セヒ,ヨザ,SimplePhrase_Training,burglar_four,NA,NA,,セヒ ネチビ,NA,NA,,NA,62,Thu Oct  4 12:33:34 2018
6ja03,extrapolation,unmarked,final,セヒ,ヨザ,SimplePhrase_Training,point_cowboy_sg_burglar_sg,NA,NA,,サスラ ソギナ ヨザ ネチビ,NA,NA,,NA,63,Thu Oct  4 12:33:42 2018
6ja03,extrapolation,unmarked,final,セヒ,ヨザ,SimplePhrase_Training,chef,NA,NA,,ダクメ,NA,NA,,NA,64,Thu Oct  4 12:33:47 2018
6ja03,extrapolation,unmarked,final,セヒ,ヨザ,SimplePhrase_Training,burglar_two,NA,NA,,セヒ ネチビ,NA,NA,,NA,65,Thu Oct  4 12:33:52 2018
6ja03,extrapolation,unmarked,final,セヒ,ヨザ,SimplePhrase_Training,point_chef_pl_cowboy_sg,NA,NA,,サスラ セヒ ダクメ ヨザ ソギナ,NA,NA,,NA,66,Thu Oct  4 12:34:00 2018
6ja03,extrapolation,unmarked,final,セヒ,ヨザ,SimplePhrase_Training,kick_waitress_sg_chef_sg,NA,NA,,ケルラ タソヌ ヨザ ダクメ,NA,NA,,NA,67,Thu Oct  4 12:34:07 2018
6ja03,extrapolation,unmarked,final,セヒ,ヨザ,SimplePhrase_Training,kick_cowboy_pl_chef_sg,NA,NA,,ケルラ セヒ ソギナ ヨザ ダクメ,NA,NA,,NA,68,Thu Oct  4 12:34:16 2018
6ja03,extrapolation,unmarked,final,セヒ,ヨザ,SimplePhrase_Training,punch_cowboy_pl_chef_sg,NA,NA,,ナグラ セヒ ソギナ ヨザ ダクメ,NA,NA,,NA,69,Thu Oct  4 12:34:24 2018
6ja03,extrapolation,unmarked,final,セヒ,ヨザ,SimplePhrase_Training,punch_chef_pl_waitress_sg,NA,NA,,ナグラ セヒ ダクメ ヨザ タソヌ,NA,NA,,NA,70,Thu Oct  4 12:34:32 2018
6ja03,extrapolation,unmarked,final,セヒ,ヨザ,SimplePhrase_Training,waitress_three,NA,NA,,セヒ タソヌ,NA,NA,,NA,71,Thu Oct  4 12:34:37 2018
6ja03,extrapolation,unmarked,final,セヒ,ヨザ,SimplePhrase_Training,kick_burglar_sg_waitress_sg,NA,NA,,ケルラ ネチビ ヨザ タソヌ,NA,NA,,NA,72,Thu Oct  4 12:34:44 2018
6ja03,extrapolation,unmarked,final,セヒ,ヨザ,SimplePhrase_Training,kick_waitress_pl_burglar_sg,NA,NA,,ケルラ セヒ タソヌ ヨザ ネチビ,NA,NA,,NA,73,Thu Oct  4 12:34:52 2018
6ja03,extrapolation,unmarked,final,セヒ,ヨザ,SimplePhrase_Training,punch_cowboy_sg_waitress_sg,NA,NA,,ナグラ ソギナ ヨザ タソヌ,NA,NA,,NA,74,Thu Oct  4 12:35:00 2018
6ja03,extrapolation,unmarked,final,セヒ,ヨザ,SimplePhrase_Training,point_chef_sg_waitress_sg,NA,NA,,サスラ ダクメ ヨザ タソヌ,NA,NA,,NA,75,Thu Oct  4 12:35:07 2018
6ja03,extrapolation,unmarked,final,セヒ,ヨザ,SimplePhrase_Training,chef_three,NA,NA,,セヒ ダクメ,NA,NA,,NA,76,Thu Oct  4 12:35:13 2018
6ja03,extrapolation,unmarked,final,セヒ,ヨザ,SimplePhrase_Training,point_burglar_sg_cowboy_sg,NA,NA,,サスラ ネチビ ヨザ ソギナ,NA,NA,,NA,77,Thu Oct  4 12:35:20 2018
6ja03,extrapolation,unmarked,final,セヒ,ヨザ,SimplePhrase_Training,kick_cowboy_sg_waitress_sg,NA,NA,,ケルラ ソギナ ヨザ タソヌ,NA,NA,,NA,78,Thu Oct  4 12:35:28 2018
6ja03,extrapolation,unmarked,final,セヒ,ヨザ,SimplePhrase_Training,waitress_four,NA,NA,,セヒ タソヌ,NA,NA,,NA,79,Thu Oct  4 12:35:33 2018
6ja03,extrapolation,unmarked,final,セヒ,ヨザ,SimplePhrase_Training,cowboy_three,NA,NA,,セヒ ソギナ,NA,NA,,NA,80,Thu Oct  4 12:35:38 2018
6ja03,extrapolation,unmarked,final,セヒ,ヨザ,SimplePhrase_Training,point_cowboy_sg_chef_sg,NA,NA,,サスラ ソギナ ヨザ ダクメ,NA,NA,,NA,81,Thu Oct  4 12:35:46 2018
6ja03,extrapolation,unmarked,final,セヒ,ヨザ,SimplePhrase_Training,chef_four,NA,NA,,セヒ ダクメ,NA,NA,,NA,82,Thu Oct  4 12:35:51 2018
6ja03,extrapolation,unmarked,final,セヒ,ヨザ,SimplePhrase_Training,burglar,NA,NA,,ネチビ,NA,NA,,NA,83,Thu Oct  4 12:35:56 2018
6ja03,extrapolation,unmarked,final,セヒ,ヨザ,SimplePhrase_Training,point_waitress_sg_chef_sg,NA,NA,,サスラ タソヌ ヨザ ダクメ,NA,NA,,NA,84,Thu Oct  4 12:36:04 2018
6ja03,extrapolation,unmarked,final,セヒ,ヨザ,SimplePhrase_Training,cowboy_four,NA,NA,,セヒ ソギナ,NA,NA,,NA,85,Thu Oct  4 12:36:09 2018
6ja03,extrapolation,unmarked,final,セヒ,ヨザ,SimplePhrase_Training,chef_four,NA,NA,,セヒ ダクメ,NA,NA,,NA,86,Thu Oct  4 12:36:14 2018
6ja03,extrapolation,unmarked,final,セヒ,ヨザ,SimplePhrase_Training,kick_waitress_sg_cowboy_sg,NA,NA,,ケルラ タソヌ ヨザ ソギナ,NA,NA,,NA,87,Thu Oct  4 12:36:22 2018
6ja03,extrapolation,unmarked,final,セヒ,ヨザ,SimplePhrase_Training,punch_chef_sg_burglar_sg,NA,NA,,ナグラ ダクメ ヨザ ネチビ,NA,NA,,NA,88,Thu Oct  4 12:36:29 2018
6ja03,extrapolation,unmarked,final,セヒ,ヨザ,SimplePhrase_Training,cowboy_three,NA,NA,,セヒ ソギナ,NA,NA,,NA,89,Thu Oct  4 12:36:35 2018
6ja03,extrapolation,unmarked,final,セヒ,ヨザ,SimplePhrase_Training,point_cowboy_pl_waitress_sg,NA,NA,,サスラ セヒ ソギナ ヨザ タソヌ,NA,NA,,NA,90,Thu Oct  4 12:36:43 2018
6ja03,extrapolation,unmarked,final,セヒ,ヨザ,SimplePhrase_Training,point_burglar_sg_waitress_sg,NA,NA,,サスラ ネチビ ヨザ タソヌ,NA,NA,,NA,91,Thu Oct  4 12:36:50 2018
6ja03,extrapolation,unmarked,final,セヒ,ヨザ,SimplePhrase_Training,kick_burglar_sg_chef_sg,NA,NA,,ケルラ ネチビ ヨザ ダクメ,NA,NA,,NA,92,Thu Oct  4 12:36:58 2018
6ja03,extrapolation,unmarked,final,セヒ,ヨザ,SimplePhrase_Training,kick_chef_pl_burglar_sg,NA,NA,,ケルラ セヒ ダクメ ヨザ ネチビ,NA,NA,,NA,93,Thu Oct  4 12:37:06 2018
6ja03,extrapolation,unmarked,final,セヒ,ヨザ,SimplePhrase_Training,punch_burglar_sg_waitress_sg,NA,NA,,ナグラ ネチビ ヨザ タソヌ,NA,NA,,NA,94,Thu Oct  4 12:37:13 2018
6ja03,extrapolation,unmarked,final,セヒ,ヨザ,SimplePhrase_Training,burglar,NA,NA,,ネチビ,NA,NA,,NA,95,Thu Oct  4 12:37:18 2018
6ja03,extrapolation,unmarked,final,セヒ,ヨザ,SimplePhrase_Training,punch_burglar_pl_cowboy_sg,NA,NA,,ナグラ セヒ ネチビ ヨザ ソギナ,NA,NA,,NA,96,Thu Oct  4 12:37:26 2018
6ja03,extrapolation,unmarked,final,セヒ,ヨザ,SimplePhrase_Training,cowboy_two,NA,NA,,セヒ ソギナ,NA,NA,,NA,97,Thu Oct  4 12:37:31 2018
6ja03,extrapolation,unmarked,final,セヒ,ヨザ,SimplePhrase_Training,punch_chef_pl_cowboy_sg,NA,NA,,ナグラ セヒ ダクメ ヨザ ソギナ,NA,NA,,NA,98,Thu Oct  4 12:37:39 2018
6ja03,extrapolation,unmarked,final,セヒ,ヨザ,SimplePhrase_Training,chef,NA,NA,,ダクメ,NA,NA,,NA,99,Thu Oct  4 12:37:44 2018
6ja03,extrapolation,unmarked,final,セヒ,ヨザ,SimplePhrase_Training,cowboy,NA,NA,,ソギナ,NA,NA,,NA,100,Thu Oct  4 12:37:49 2018
6ja03,extrapolation,unmarked,final,セヒ,ヨザ,SimplePhrase_Training,point_burglar_pl_chef_sg,NA,NA,,サスラ セヒ ネチビ ヨザ ダクメ,NA,NA,,NA,101,Thu Oct  4 12:37:57 2018
6ja03,extrapolation,unmarked,final,セヒ,ヨザ,SimplePhrase_Training,punch_waitress_pl_chef_sg,NA,NA,,ナグラ セヒ タソヌ ヨザ ダクメ,NA,NA,,NA,102,Thu Oct  4 12:38:05 2018
6ja03,extrapolation,unmarked,final,セヒ,ヨザ,SimplePhrase_Training,burglar_two,NA,NA,,セヒ ネチビ,NA,NA,,NA,103,Thu Oct  4 12:38:10 2018
6ja03,extrapolation,unmarked,final,セヒ,ヨザ,SimplePhrase_Training,burglar_three,NA,NA,,セヒ ネチビ,NA,NA,,NA,104,Thu Oct  4 12:38:16 2018
6ja03,extrapolation,unmarked,final,セヒ,ヨザ,SimplePhrase_Training,point_waitress_sg_cowboy_sg,NA,NA,,サスラ タソヌ ヨザ ソギナ,NA,NA,,NA,105,Thu Oct  4 12:38:23 2018
6ja03,extrapolation,unmarked,final,セヒ,ヨザ,SimplePhrase_Training,punch_waitress_pl_burglar_sg,NA,NA,,ナグラ セヒ タソヌ ヨザ ネチビ,NA,NA,,NA,106,Thu Oct  4 12:38:31 2018
6ja03,extrapolation,unmarked,final,セヒ,ヨザ,SimplePhrase_Training,kick_burglar_sg_cowboy_sg,NA,NA,,ケルラ ネチビ ヨザ ソギナ,NA,NA,,NA,107,Thu Oct  4 12:38:39 2018
6ja03,extrapolation,unmarked,final,セヒ,ヨザ,SimplePhrase_Training,point_waitress_pl_burglar_sg,NA,NA,,サスラ セヒ タソヌ ヨザ ネチビ,NA,NA,,NA,108,Thu Oct  4 12:38:47 2018
6ja03,extrapolation,unmarked,final,セヒ,ヨザ,SimplePhrase_Training,chef_two,NA,NA,,セヒ ダクメ,NA,NA,,NA,109,Thu Oct  4 12:38:52 2018
6ja03,extrapolation,unmarked,final,セヒ,ヨザ,SimplePhrase_Training,waitress_four,NA,NA,,セヒ タソヌ,NA,NA,,NA,110,Thu Oct  4 12:38:57 2018
6ja03,extrapolation,unmarked,final,セヒ,ヨザ,SimplePhrase_Comprehension,punch_burglar_sg_cowboy_sg,NA,NA,,ナグラ ネチビ ヨザ ソギナ,correct,NA,,NA,111,Thu Oct  4 12:39:27 2018
6ja03,extrapolation,unmarked,final,セヒ,ヨザ,SimplePhrase_Comprehension,kick_cowboy_sg_burglar_sg,NA,NA,,ケルラ ソギナ ヨザ ネチビ,correct,NA,,NA,112,Thu Oct  4 12:39:34 2018
6ja03,extrapolation,unmarked,final,セヒ,ヨザ,SimplePhrase_Comprehension,waitress,NA,NA,,タソヌ,correct,NA,,NA,113,Thu Oct  4 12:39:38 2018
6ja03,extrapolation,unmarked,final,セヒ,ヨザ,SimplePhrase_Comprehension,kick_waitress_pl_cowboy_sg,NA,NA,,ケルラ セヒ タソヌ ヨザ ソギナ,correct,NA,,NA,114,Thu Oct  4 12:39:46 2018
6ja03,extrapolation,unmarked,final,セヒ,ヨザ,SimplePhrase_Comprehension,kick_burglar_pl_waitress_sg,NA,NA,,ケルラ セヒ ネチビ ヨザ タソヌ,correct,NA,,NA,115,Thu Oct  4 12:39:53 2018
6ja03,extrapolation,unmarked,final,セヒ,ヨザ,SimplePhrase_Comprehension,punch_chef_pl_burglar_sg,NA,NA,,ナグラ セヒ ダクメ ヨザ ネチビ,correct,NA,,NA,116,Thu Oct  4 12:40:00 2018
6ja03,extrapolation,unmarked,final,セヒ,ヨザ,SimplePhrase_Comprehension,kick_burglar_pl_cowboy_sg,NA,NA,,ケルラ セヒ ネチビ ヨザ ソギナ,correct,NA,,NA,117,Thu Oct  4 12:40:07 2018
6ja03,extrapolation,unmarked,final,セヒ,ヨザ,SimplePhrase_Comprehension,point_waitress_pl_chef_sg,NA,NA,,サスラ セヒ タソヌ ヨザ ダクメ,correct,NA,,NA,118,Thu Oct  4 12:40:14 2018
6ja03,extrapolation,unmarked,final,セヒ,ヨザ,SimplePhrase_Comprehension,chef_three,NA,NA,,セヒ ダクメ,correct,NA,,NA,119,Thu Oct  4 12:40:19 2018
6ja03,extrapolation,unmarked,final,セヒ,ヨザ,SimplePhrase_Comprehension,chef_two,NA,NA,,セヒ ダクメ,correct,NA,,NA,120,Thu Oct  4 12:40:24 2018
6ja03,extrapolation,unmarked,final,セヒ,ヨザ,SimplePhrase_Comprehension,cowboy_three,NA,NA,,セヒ ソギナ,correct,NA,,NA,121,Thu Oct  4 12:40:31 2018
6ja03,extrapolation,unmarked,final,セヒ,ヨザ,SimplePhrase_Comprehension,waitress_two,NA,NA,,セヒ タソヌ,correct,NA,,NA,122,Thu Oct  4 12:40:36 2018
6ja03,extrapolation,unmarked,final,セヒ,ヨザ,SimplePhrase_Comprehension,kick_chef_pl_waitress_sg,NA,NA,,ケルラ セヒ ダクメ ヨザ タソヌ,correct,NA,,NA,123,Thu Oct  4 12:40:42 2018
6ja03,extrapolation,unmarked,final,セヒ,ヨザ,SimplePhrase_Comprehension,point_burglar_pl_cowboy_sg,NA,NA,,サスラ セヒ ネチビ ヨザ ソギナ,correct,NA,,NA,124,Thu Oct  4 12:40:49 2018
6ja03,extrapolation,unmarked,final,セヒ,ヨザ,SimplePhrase_Comprehension,punch_waitress_sg_cowboy_sg,NA,NA,,ナグラ タソヌ ヨザ ソギナ,correct,NA,,NA,125,Thu Oct  4 12:40:56 2018
6ja03,extrapolation,unmarked,final,セヒ,ヨザ,SimplePhrase_Comprehension,burglar_three,NA,NA,,セヒ ネチビ,correct,NA,,NA,126,Thu Oct  4 12:41:01 2018
6ja03,extrapolation,unmarked,final,セヒ,ヨザ,SimplePhrase_Comprehension,kick_chef_sg_cowboy_sg,NA,NA,,ケルラ ダクメ ヨザ ソギナ,correct,NA,,NA,127,Thu Oct  4 12:41:08 2018
6ja03,extrapolation,unmarked,final,セヒ,ヨザ,SimplePhrase_Comprehension,chef,NA,NA,,ダクメ,correct,NA,,NA,128,Thu Oct  4 12:41:12 2018
6ja03,extrapolation,unmarked,final,セヒ,ヨザ,SimplePhrase_Comprehension,point_waitress_sg_burglar_sg,NA,NA,,サスラ タソヌ ヨザ ネチビ,correct,NA,,NA,129,Thu Oct  4 12:41:18 2018
6ja03,extrapolation,unmarked,final,セヒ,ヨザ,SimplePhrase_Comprehension,point_burglar_sg_chef_sg,NA,NA,,サスラ ネチビ ヨザ ダクメ,correct,NA,,NA,130,Thu Oct  4 12:41:24 2018
6ja03,extrapolation,unmarked,final,セヒ,ヨザ,SimplePhrase_Comprehension,cowboy_four,NA,NA,,セヒ ソギナ,correct,NA,,NA,131,Thu Oct  4 12:41:28 2018
6ja03,extrapolation,unmarked,final,セヒ,ヨザ,SimplePhrase_Comprehension,waitress_three,NA,NA,,セヒ タソヌ,correct,NA,,NA,132,Thu Oct  4 12:41:33 2018
6ja03,extrapolation,unmarked,final,セヒ,ヨザ,SimplePhrase_Comprehension,waitress_four,NA,NA,,セヒ タソヌ,correct,NA,,NA,133,Thu Oct  4 12:41:37 2018
6ja03,extrapolation,unmarked,final,セヒ,ヨザ,SimplePhrase_Comprehension,burglar_two,NA,NA,,セヒ ネチビ,correct,NA,,NA,134,Thu Oct  4 12:41:42 2018
6ja03,extrapolation,unmarked,final,セヒ,ヨザ,SimplePhrase_Comprehension,kick_chef_sg_burglar_sg,NA,NA,,ケルラ ダクメ ヨザ ネチビ,correct,NA,,NA,135,Thu Oct  4 12:41:48 2018
6ja03,extrapolation,unmarked,final,セヒ,ヨザ,SimplePhrase_Comprehension,point_chef_pl_waitress_sg,NA,NA,,サスラ セヒ ダクメ ヨザ タソヌ,correct,NA,,NA,136,Thu Oct  4 12:41:54 2018
6ja03,extrapolation,unmarked,final,セヒ,ヨザ,SimplePhrase_Comprehension,cowboy,NA,NA,,ソギナ,correct,NA,,NA,137,Thu Oct  4 12:41:58 2018
6ja03,extrapolation,unmarked,final,セヒ,ヨザ,SimplePhrase_Comprehension,burglar_four,NA,NA,,セヒ ネチビ,correct,NA,,NA,138,Thu Oct  4 12:42:03 2018
6ja03,extrapolation,unmarked,final,セヒ,ヨザ,SimplePhrase_Comprehension,punch_chef_sg_cowboy_sg,NA,NA,,ナグラ ダクメ ヨザ ソギナ,correct,NA,,NA,139,Thu Oct  4 12:42:09 2018
6ja03,extrapolation,unmarked,final,セヒ,ヨザ,SimplePhrase_Comprehension,point_cowboy_pl_chef_sg,NA,NA,,サスラ セヒ ソギナ ヨザ ダクメ,correct,NA,,NA,140,Thu Oct  4 12:42:15 2018
6ja03,extrapolation,unmarked,final,セヒ,ヨザ,SimplePhrase_Comprehension,point_burglar_pl_waitress_sg,NA,NA,,サスラ セヒ ネチビ ヨザ タソヌ,correct,NA,,NA,141,Thu Oct  4 12:42:21 2018
6ja03,extrapolation,unmarked,final,セヒ,ヨザ,SimplePhrase_Comprehension,punch_chef_sg_waitress_sg,NA,NA,,ナグラ ダクメ ヨザ タソヌ,correct,NA,,NA,142,Thu Oct  4 12:42:27 2018
6ja03,extrapolation,unmarked,final,セヒ,ヨザ,SimplePhrase_Comprehension,burglar,NA,NA,,ネチビ,correct,NA,,NA,143,Thu Oct  4 12:42:31 2018
6ja03,extrapolation,unmarked,final,セヒ,ヨザ,SimplePhrase_Comprehension,punch_cowboy_sg_chef_sg,NA,NA,,ナグラ ソギナ ヨザ ダクメ,correct,NA,,NA,144,Thu Oct  4 12:42:37 2018
6ja03,extrapolation,unmarked,final,セヒ,ヨザ,SimplePhrase_Typing,burglar,NA,NA,,ネチビ,NA,ネチビ,,NA,145,Thu Oct  4 12:43:19 2018
6ja03,extrapolation,unmarked,final,セヒ,ヨザ,SimplePhrase_Typing,point_chef_pl_cowboy_sg,NA,NA,,サスラ セヒ ダクメ ヨザ ソギナ,NA,サスラ セヒ ダクメヨザソギナ,,NA,146,Thu Oct  4 12:43:54 2018
6ja03,extrapolation,unmarked,final,セヒ,ヨザ,SimplePhrase_Typing,punch_waitress_pl_burglar_sg,NA,NA,,ナグラ セヒ タソヌ ヨザ ネチビ,NA,ナグラ セヒ タソヌ ヨザ ネチビ,,NA,147,Thu Oct  4 12:44:25 2018
6ja03,extrapolation,unmarked,final,セヒ,ヨザ,SimplePhrase_Typing,cowboy_three,NA,NA,,セヒ ソギナ,NA,セヒ ソギナ,,NA,148,Thu Oct  4 12:44:40 2018
6ja03,extrapolation,unmarked,final,セヒ,ヨザ,SimplePhrase_Typing,chef,NA,NA,,ダクメ,NA,ダクメ,,NA,149,Thu Oct  4 12:44:51 2018
6ja03,extrapolation,unmarked,final,セヒ,ヨザ,SimplePhrase_Typing,kick_cowboy_pl_burglar_sg,NA,NA,,ケルラ セヒ ソギナ ヨザ ネチビ,NA,ケルラ セヒ ソギナ ヨザ ネチビ,,NA,150,Thu Oct  4 12:45:10 2018
6ja03,extrapolation,unmarked,final,セヒ,ヨザ,SimplePhrase_Typing,kick_chef_sg_waitress_sg,NA,NA,,ケルラ ダクメ ヨザ タソヌ,NA,ケルラ ダクメ ヨザ タソヌ,,NA,151,Thu Oct  4 12:45:28 2018
6ja03,extrapolation,unmarked,final,セヒ,ヨザ,SimplePhrase_Typing,cowboy,NA,NA,,ソギナ,NA,ソギナ,,NA,152,Thu Oct  4 12:45:35 2018
6ja03,extrapolation,unmarked,final,セヒ,ヨザ,SimplePhrase_Typing,waitress,NA,NA,,タソヌ,NA,タソヌ,,NA,153,Thu Oct  4 12:45:42 2018
6ja03,extrapolation,unmarked,final,セヒ,ヨザ,SimplePhrase_Typing,kick_cowboy_sg_waitress_sg,NA,NA,,ケルラ ソギナ ヨザ タソヌ,NA,ケルラ ソギナ ヨザ タソヌ,,NA,154,Thu Oct  4 12:45:56 2018
6ja03,extrapolation,unmarked,final,セヒ,ヨザ,SimplePhrase_Typing,burglar_three,NA,NA,,セヒ ネチビ,NA,セヒ ネチビ,,NA,155,Thu Oct  4 12:46:07 2018
6ja03,extrapolation,unmarked,final,セヒ,ヨザ,SimplePhrase_Typing,punch_cowboy_sg_waitress_sg,NA,NA,,ナグラ ソギナ ヨザ タソヌ,NA,ナグラ ソギナ ヨザ タソヌ,,NA,156,Thu Oct  4 12:46:23 2018
6ja03,extrapolation,unmarked,final,セヒ,ヨザ,SimplePhrase_Typing,burglar_two,NA,NA,,セヒ ネチビ,NA,セヒ ネチビ,,NA,157,Thu Oct  4 12:46:31 2018
6ja03,extrapolation,unmarked,final,セヒ,ヨザ,SimplePhrase_Typing,punch_waitress_pl_chef_sg,NA,NA,,ナグラ セヒ タソヌ ヨザ ダクメ,NA,ナグラ セヒ タソヌ ヨザ ダクメ,,NA,158,Thu Oct  4 12:46:46 2018
6ja03,extrapolation,unmarked,final,セヒ,ヨザ,SimplePhrase_Typing,kick_burglar_sg_cowboy_sg,NA,NA,,ケルラ ネチビ ヨザ ソギナ,NA,ケルラ ネチビ ヨザ ソギナ,,NA,159,Thu Oct  4 12:47:00 2018
6ja03,extrapolation,unmarked,final,セヒ,ヨザ,SimplePhrase_Typing,cowboy_two,NA,NA,,セヒ ソギナ,NA,セヒ ソギナ,,NA,160,Thu Oct  4 12:47:08 2018
6ja03,extrapolation,unmarked,final,セヒ,ヨザ,ComplexPhrase_Typing,point_cowboy_sg_burglar_pl,burglar,nechibi,,サスラ ソギナ ヨザ セヒ ネチビ,NA,サスラ ソギナ ヨザ セヒ ネチビ,,NA,161,Thu Oct  4 12:47:58 2018
6ja03,extrapolation,unmarked,final,セヒ,ヨザ,ComplexPhrase_Typing,punch_chef_sg_burglar_pl,burglar,nechibi,,ナグラ ダクメ ヨザ セヒ ネチビ,NA,ナグラ ダクメ ヨザ セヒ ネチビ,,NA,162,Thu Oct  4 12:48:15 2018
6ja03,extrapolation,unmarked,final,セヒ,ヨザ,ComplexPhrase_Typing,kick_burglar_sg_cowboy_pl,cowboy,sogina,,ケルラ ネチビ ヨザ セヒ ソギナ,NA,ケルラ ネチビ ヨザ セヒ ソギナ,,NA,163,Thu Oct  4 12:48:30 2018
6ja03,extrapolation,unmarked,final,セヒ,ヨザ,ComplexPhrase_Typing,point_cowboy_sg_chef_pl,chef,dakume,,サスラ ソギナ ヨザ セヒ ダクメ,NA,サスラ ソギナ ヨザ セヒ ダクメ,,NA,164,Thu Oct  4 12:48:43 2018
6ja03,extrapolation,unmarked,final,セヒ,ヨザ,ComplexPhrase_Typing,point_cowboy_sg_burglar_pl,burglar,nechibi,,サスラ ソギナ ヨザ セヒ ネチビ,NA,サスラ ソギナ ヨザ セヒ ネチビ,,NA,165,Thu Oct  4 12:48:54 2018
6ja03,extrapolation,unmarked,final,セヒ,ヨザ,ComplexPhrase_Typing,point_cowboy_sg_chef_pl,chef,dakume,,サスラ ソギナ ヨザ セヒ ダクメ,NA,サスラ ソギナ ヨザ セヒ ダクメ,,NA,166,Thu Oct  4 12:49:02 2018
6ja03,extrapolation,unmarked,final,セヒ,ヨザ,ComplexPhrase_Typing,kick_burglar_sg_cowboy_pl,cowboy,sogina,,ケルラ ネチビ ヨザ セヒ ソギナ,NA,ケルラ ネチビ ヨザ セヒ ソギナ,,NA,167,Thu Oct  4 12:49:13 2018
6ja03,extrapolation,unmarked,final,セヒ,ヨザ,ComplexPhrase_Typing,punch_chef_sg_burglar_pl,burglar,nechibi,,ナグラ ダクメ ヨザ セヒ ネチビ,NA,ナグラ ダクメ ヨザ セヒ ネチビ,,NA,168,Thu Oct  4 12:49:24 2018
6ja03,extrapolation,unmarked,final,セヒ,ヨザ,ComplexPhrase_Typing,punch_chef_sg_burglar_pl,burglar,nechibi,,ナグラ ダクメ ヨザ セヒ ネチビ,NA,ナグラ ダクメ ヨザ セヒ ネチビ,,NA,169,Thu Oct  4 12:49:34 2018
6ja03,extrapolation,unmarked,final,セヒ,ヨザ,ComplexPhrase_Typing,kick_burglar_sg_cowboy_pl,cowboy,sogina,,ケルラ ネチビ ヨザ セヒ ソギナ,NA,ケルラ ネチビ ヨザ セヒ ソギナ,,NA,170,Thu Oct  4 12:49:49 2018
6ja03,extrapolation,unmarked,final,セヒ,ヨザ,ComplexPhrase_Typing,point_cowboy_sg_chef_pl,chef,dakume,,サスラ ソギナ ヨザ セヒ ダクメ,NA,サスラ ソギナ ヨザ セヒ ダクメ,,NA,171,Thu Oct  4 12:50:01 2018
6ja03,extrapolation,unmarked,final,セヒ,ヨザ,ComplexPhrase_Typing,point_cowboy_sg_burglar_pl,burglar,nechibi,,サスラ ソギナ ヨザ セヒ ネチビ,NA,サスラ ソギナ ヨザ セヒ ネチビ,,NA,172,Thu Oct  4 12:50:12 2018
6ja03,extrapolation,unmarked,final,セヒ,ヨザ,ComplexPhrase_Testing,point_burglar_sg_waitress_pl,waitress,tasonu,,サスラ ネチビ ヨザ セヒ タソヌ,NA,NA,,NA,173,Thu Oct  4 12:51:07 2018
6ja03,extrapolation,unmarked,final,セヒ,ヨザ,ComplexPhrase_Testing,punch_burglar_sg_chef_pl,chef,dakume,,ナグラ ネチビ ヨザ セヒ ダクメ,NA,NA,,NA,174,Thu Oct  4 12:51:12 2018
6ja03,extrapolation,unmarked,final,セヒ,ヨザ,ComplexPhrase_Testing,punch_burglar_sg_chef_pl,chef,dakume,,ナグラ ネチビ ヨザ セヒ ダクメ,NA,NA,,NA,175,Thu Oct  4 12:51:18 2018
6ja03,extrapolation,unmarked,final,セヒ,ヨザ,ComplexPhrase_Testing,cowboy,NA,NA,,ソギナ,NA,NA,,NA,176,Thu Oct  4 12:51:21 2018
6ja03,extrapolation,unmarked,final,セヒ,ヨザ,ComplexPhrase_Testing,burglar_two,NA,NA,,セヒ ネチビ,NA,NA,,NA,177,Thu Oct  4 12:51:26 2018
6ja03,extrapolation,unmarked,final,セヒ,ヨザ,ComplexPhrase_Testing,point_chef_sg_cowboy_pl,cowboy,sogina,,サスラ ダクメ ヨザ セヒ ソギナ,NA,NA,,NA,178,Thu Oct  4 12:51:33 2018
6ja03,extrapolation,unmarked,final,セヒ,ヨザ,ComplexPhrase_Testing,waitress,NA,NA,,タソヌ,NA,NA,,NA,179,Thu Oct  4 12:51:35 2018
6ja03,extrapolation,unmarked,final,セヒ,ヨザ,ComplexPhrase_Testing,kick_cowboy_sg_chef_pl,chef,dakume,,ケルラ ソギナ ヨザ セヒ ダクメ,NA,NA,,NA,180,Thu Oct  4 12:51:43 2018
6ja03,extrapolation,unmarked,final,セヒ,ヨザ,ComplexPhrase_Testing,point_burglar_sg_waitress_pl,waitress,tasonu,,サスラ ネチビ ヨザ セヒ タソヌ,NA,NA,,NA,181,Thu Oct  4 12:51:47 2018
6ja03,extrapolation,unmarked,final,セヒ,ヨザ,ComplexPhrase_Testing,punch_burglar_sg_cowboy_pl,cowboy,sogina,,ナグラ ネチビ ヨザ セヒ ソギナ,NA,NA,,NA,182,Thu Oct  4 12:51:52 2018
6ja03,extrapolation,unmarked,final,セヒ,ヨザ,ComplexPhrase_Testing,waitress_three,NA,NA,,セヒ タソヌ,NA,NA,,NA,183,Thu Oct  4 12:51:54 2018
6ja03,extrapolation,unmarked,final,セヒ,ヨザ,ComplexPhrase_Testing,punch_waitress_sg_chef_sg,NA,NA,,ナグラ タソヌ ヨザ ダクメ,NA,NA,,NA,184,Thu Oct  4 12:52:01 2018
6ja03,extrapolation,unmarked,final,セヒ,ヨザ,ComplexPhrase_Testing,point_chef_sg_cowboy_pl,cowboy,sogina,,サスラ ダクメ ヨザ セヒ ソギナ,NA,NA,,NA,185,Thu Oct  4 12:52:10 2018
6ja03,extrapolation,unmarked,final,セヒ,ヨザ,ComplexPhrase_Testing,kick_cowboy_sg_chef_pl,chef,dakume,,ケルラ ソギナ ヨザ セヒ ダクメ,NA,NA,,NA,186,Thu Oct  4 12:52:15 2018
6ja03,extrapolation,unmarked,final,セヒ,ヨザ,ComplexPhrase_Testing,waitress_two,NA,NA,,セヒ タソヌ,NA,NA,,NA,187,Thu Oct  4 12:52:18 2018
6ja03,extrapolation,unmarked,final,セヒ,ヨザ,ComplexPhrase_Testing,punch_burglar_sg_waitress_pl,waitress,tasonu,,ナグラ ネチビ ヨザ セヒ タソヌ,NA,NA,,NA,188,Thu Oct  4 12:52:24 2018
6ja03,extrapolation,unmarked,final,セヒ,ヨザ,ComplexPhrase_Testing,point_waitress_sg_chef_pl,chef,dakume,,サスラ タソヌ ヨザ セヒ ダクメ,NA,NA,,NA,189,Thu Oct  4 12:52:29 2018
6ja03,extrapolation,unmarked,final,セヒ,ヨザ,ComplexPhrase_Testing,punch_burglar_sg_chef_pl,chef,dakume,,ナグラ ネチビ ヨザ セヒ ダクメ,NA,NA,,NA,190,Thu Oct  4 12:52:33 2018
6ja03,extrapolation,unmarked,final,セヒ,ヨザ,ComplexPhrase_Testing,kick_chef_sg_waitress_sg,NA,NA,,ケルラ ダクメ ヨザ タソヌ,NA,NA,,NA,191,Thu Oct  4 12:52:39 2018
6ja03,extrapolation,unmarked,final,セヒ,ヨザ,ComplexPhrase_Testing,kick_burglar_sg_chef_sg,NA,NA,,ケルラ ネチビ ヨザ ダクメ,NA,NA,,NA,192,Thu Oct  4 12:52:48 2018
6ja03,extrapolation,unmarked,final,セヒ,ヨザ,ComplexPhrase_Testing,punch_burglar_sg_cowboy_pl,cowboy,sogina,,ナグラ ネチビ ヨザ セヒ ソギナ,NA,NA,,NA,193,Thu Oct  4 12:52:56 2018
6ja03,extrapolation,unmarked,final,セヒ,ヨザ,ComplexPhrase_Testing,punch_cowboy_sg_chef_pl,chef,dakume,,ナグラ ソギナ ヨザ セヒ ダクメ,NA,NA,,NA,194,Thu Oct  4 12:53:00 2018
6ja03,extrapolation,unmarked,final,セヒ,ヨザ,ComplexPhrase_Testing,point_cowboy_sg_chef_pl,chef,dakume,,サスラ ソギナ ヨザ セヒ ダクメ,NA,NA,,NA,195,Thu Oct  4 12:53:05 2018
6ja03,extrapolation,unmarked,final,セヒ,ヨザ,ComplexPhrase_Testing,point_cowboy_pl_waitress_sg,NA,NA,,サスラ セヒ ソギナ ヨザ タソヌ,NA,NA,,NA,196,Thu Oct  4 12:53:10 2018
6ja03,extrapolation,unmarked,final,セヒ,ヨザ,ComplexPhrase_Testing,point_waitress_sg_burglar_sg,NA,NA,,サスラ タソヌ ヨザ ネチビ,NA,NA,,NA,197,Thu Oct  4 12:53:17 2018
6ja03,extrapolation,unmarked,final,セヒ,ヨザ,ComplexPhrase_Testing,burglar,NA,NA,,ネチビ,NA,NA,,NA,198,Thu Oct  4 12:53:23 2018
6ja03,extrapolation,unmarked,final,セヒ,ヨザ,ComplexPhrase_Testing,point_cowboy_sg_chef_pl,chef,dakume,,サスラ ソギナ ヨザ セヒ ダクメ,NA,NA,,NA,199,Thu Oct  4 12:53:29 2018
6ja03,extrapolation,unmarked,final,セヒ,ヨザ,ComplexPhrase_Testing,punch_cowboy_pl_waitress_sg,NA,NA,,ナグラ セヒ ソギナ ヨザ タソヌ,NA,NA,,NA,200,Thu Oct  4 12:53:34 2018
6ja03,extrapolation,unmarked,final,セヒ,ヨザ,ComplexPhrase_Testing,punch_cowboy_sg_waitress_pl,waitress,tasonu,,ナグラ ソギナ ヨザ セヒ タソヌ,NA,NA,,NA,201,Thu Oct  4 12:53:43 2018
6ja03,extrapolation,unmarked,final,セヒ,ヨザ,ComplexPhrase_Testing,kick_burglar_sg_waitress_pl,waitress,tasonu,,ケルラ ネチビ ヨザ セヒ タソヌ,NA,NA,,NA,202,Thu Oct  4 12:53:47 2018
6ja03,extrapolation,unmarked,final,セヒ,ヨザ,ComplexPhrase_Testing,punch_burglar_sg_waitress_pl,waitress,tasonu,,ナグラ ネチビ ヨザ セヒ タソヌ,NA,NA,,NA,203,Thu Oct  4 12:53:52 2018
6ja03,extrapolation,unmarked,final,セヒ,ヨザ,ComplexPhrase_Testing,point_cowboy_sg_burglar_pl,burglar,nechibi,,サスラ ソギナ ヨザ セヒ ネチビ,NA,NA,,NA,204,Thu Oct  4 12:53:56 2018
6ja03,extrapolation,unmarked,final,セヒ,ヨザ,ComplexPhrase_Testing,point_cowboy_sg_burglar_pl,burglar,nechibi,,サスラ ソギナ ヨザ セヒ ネチビ,NA,NA,,NA,205,Thu Oct  4 12:54:00 2018
6ja03,extrapolation,unmarked,final,セヒ,ヨザ,ComplexPhrase_Testing,punch_burglar_sg_cowboy_pl,cowboy,sogina,,ナグラ ネチビ ヨザ セヒ ソギナ,NA,NA,,NA,206,Thu Oct  4 12:54:05 2018
6ja03,extrapolation,unmarked,final,セヒ,ヨザ,ComplexPhrase_Testing,point_chef_sg_cowboy_pl,cowboy,sogina,,サスラ ダクメ ヨザ セヒ ソギナ,NA,NA,,NA,207,Thu Oct  4 12:54:08 2018
6ja03,extrapolation,unmarked,final,セヒ,ヨザ,ComplexPhrase_Testing,punch_cowboy_sg_waitress_pl,waitress,tasonu,,ナグラ ソギナ ヨザ セヒ タソヌ,NA,NA,,NA,208,Thu Oct  4 12:54:14 2018
6ja03,extrapolation,unmarked,final,セヒ,ヨザ,ComplexPhrase_Testing,punch_burglar_pl_chef_sg,NA,NA,,ナグラ セヒ ネチビ ヨザ ダクメ,NA,NA,,NA,209,Thu Oct  4 12:54:18 2018
6ja03,extrapolation,unmarked,final,セヒ,ヨザ,ComplexPhrase_Testing,kick_burglar_sg_waitress_pl,waitress,tasonu,,ケルラ ネチビ ヨザ セヒ タソヌ,NA,NA,,NA,210,Thu Oct  4 12:54:26 2018
6ja03,extrapolation,unmarked,final,セヒ,ヨザ,ComplexPhrase_Testing,punch_cowboy_sg_chef_pl,chef,dakume,,ナグラ ソギナ ヨザ セヒ ダクメ,NA,NA,,NA,211,Thu Oct  4 12:54:31 2018
6ja03,extrapolation,unmarked,final,セヒ,ヨザ,ComplexPhrase_Testing,punch_cowboy_sg_waitress_pl,waitress,tasonu,,ナグラ ソギナ ヨザ セヒ タソヌ,NA,NA,,NA,212,Thu Oct  4 12:54:34 2018
6ja03,extrapolation,unmarked,final,セヒ,ヨザ,ComplexPhrase_Testing,kick_burglar_sg_waitress_pl,waitress,tasonu,,ケルラ ネチビ ヨザ セヒ タソヌ,NA,NA,,NA,213,Thu Oct  4 12:54:38 2018
6ja03,extrapolation,unmarked,final,セヒ,ヨザ,ComplexPhrase_Testing,point_waitress_sg_chef_pl,chef,dakume,,サスラ タソヌ ヨザ セヒ ダクメ,NA,NA,,NA,214,Thu Oct  4 12:54:42 2018
6ja03,extrapolation,unmarked,final,セヒ,ヨザ,ComplexPhrase_Testing,punch_cowboy_sg_chef_pl,chef,dakume,,ナグラ ソギナ ヨザ セヒ ダクメ,NA,NA,,NA,215,Thu Oct  4 12:54:46 2018
6ja03,extrapolation,unmarked,final,セヒ,ヨザ,ComplexPhrase_Testing,cowboy_two,NA,NA,,セヒ ソギナ,NA,NA,,NA,216,Thu Oct  4 12:54:49 2018
6ja03,extrapolation,unmarked,final,セヒ,ヨザ,ComplexPhrase_Testing,point_cowboy_sg_chef_pl,chef,dakume,,サスラ ソギナ ヨザ セヒ ダクメ,NA,NA,,NA,217,Thu Oct  4 12:54:58 2018
6ja03,extrapolation,unmarked,final,セヒ,ヨザ,ComplexPhrase_Testing,cowboy_four,NA,NA,,セヒ ソギナ,NA,NA,,NA,218,Thu Oct  4 12:55:00 2018
6ja03,extrapolation,unmarked,final,セヒ,ヨザ,ComplexPhrase_Testing,point_chef_pl_waitress_sg,NA,NA,,サスラ セヒ ダクメ ヨザ タソヌ,NA,NA,,NA,219,Thu Oct  4 12:55:07 2018
6ja03,extrapolation,unmarked,final,セヒ,ヨザ,ComplexPhrase_Testing,punch_waitress_pl_burglar_sg,NA,NA,,ナグラ セヒ タソヌ ヨザ ネチビ,NA,NA,,NA,220,Thu Oct  4 12:55:15 2018
6ja03,extrapolation,unmarked,final,セヒ,ヨザ,ComplexPhrase_Testing,point_burglar_sg_waitress_pl,waitress,tasonu,,サスラ ネチビ ヨザ セヒ タソヌ,NA,NA,,NA,221,Thu Oct  4 12:55:22 2018
6ja03,extrapolation,unmarked,final,セヒ,ヨザ,ComplexPhrase_Testing,kick_cowboy_sg_chef_pl,chef,dakume,,ケルラ ソギナ ヨザ セヒ ダクメ,NA,NA,,NA,222,Thu Oct  4 12:55:28 2018
6ja03,extrapolation,unmarked,final,セヒ,ヨザ,ComplexPhrase_Testing,punch_cowboy_sg_waitress_sg,NA,NA,,ナグラ ソギナ ヨザ タソヌ,NA,NA,,NA,223,Thu Oct  4 12:55:32 2018
6ja03,extrapolation,unmarked,final,セヒ,ヨザ,ComplexPhrase_Testing,waitress_four,NA,NA,,セヒ タソヌ,NA,NA,,NA,224,Thu Oct  4 12:55:38 2018
6ja03,extrapolation,unmarked,final,セヒ,ヨザ,ComplexPhrase_Testing,punch_cowboy_pl_chef_sg,NA,NA,,ナグラ セヒ ソギナ ヨザ ダクメ,NA,NA,,NA,225,Thu Oct  4 12:55:44 2018
6ja03,extrapolation,unmarked,final,セヒ,ヨザ,ComplexPhrase_Testing,point_cowboy_sg_burglar_pl,burglar,nechibi,,サスラ ソギナ ヨザ セヒ ネチビ,NA,NA,,NA,226,Thu Oct  4 12:55:53 2018
6ja03,extrapolation,unmarked,final,セヒ,ヨザ,ComplexPhrase_Testing,point_waitress_sg_chef_pl,chef,dakume,,サスラ タソヌ ヨザ セヒ ダクメ,NA,NA,,NA,227,Thu Oct  4 12:55:57 2018
6ja03,extrapolation,unmarked,final,セヒ,ヨザ,ComplexPhrase_Testing,point_waitress_sg_cowboy_sg,NA,NA,,サスラ タソヌ ヨザ ソギナ,NA,NA,,NA,228,Thu Oct  4 12:56:02 2018
6ja03,extrapolation,unmarked,final,セヒ,ヨザ,ComplexPhrase_Testing,punch_burglar_sg_waitress_pl,waitress,tasonu,,ナグラ ネチビ ヨザ セヒ タソヌ,NA,NA,,NA,229,Thu Oct  4 12:56:10 2018
6ja03,extrapolation,unmarked,final,セヒ,ヨザ,ComplexPhrase_Testing,chef,NA,NA,,ダクメ,NA,NA,,NA,230,Thu Oct  4 12:56:12 2018
6ja03,extrapolation,unmarked,final,セヒ,ヨザ,Questionnaire,NA,NA,NA,,NA,NA,NA,,ヲ,MeaningCase,Thu Oct  4 12:57:29 2018
6ja03,extrapolation,unmarked,final,セヒ,ヨザ,Questionnaire,NA,NA,NA,,NA,NA,NA,,フクスウノ,MeaningNum,Thu Oct  4 12:57:29 2018
6ja03,extrapolation,unmarked,final,セヒ,ヨザ,Questionnaire,NA,NA,NA,,NA,NA,NA,,ウシロ,OrderCaseNoun,Thu Oct  4 12:57:29 2018
6ja03,extrapolation,unmarked,final,セヒ,ヨザ,Questionnaire,NA,NA,NA,,NA,NA,NA,,マエ,OrderNumNoun,Thu Oct  4 12:57:29 2018
6ja03,extrapolation,unmarked,final,セヒ,ヨザ,Questionnaire,NA,NA,NA,,NA,NA,NA,,ニホンゴ,Languages,Thu Oct  4 12:57:29 2018
