ID,Condition,MajorityOrder,NounPosition,markerNum,markerCase,Phase,Meaning,NounItem,Noun,binaryResp,InputSentence,Selection,TypedResponse,SpokenResponse,AnswerQuest,Trial,date&time
6ja14,extrapolation,unmarked,final,セヒ,ギト,Noun_Training,waitress,NA,NA,,ソギナ,NA,NA,,NA,1,Mon Oct 15 10:47:54 2018
6ja14,extrapolation,unmarked,final,セヒ,ギト,Noun_Training,burglar,NA,NA,,ネチビ,NA,NA,,NA,2,Mon Oct 15 10:47:59 2018
6ja14,extrapolation,unmarked,final,セヒ,ギト,Noun_Training,waitress,NA,NA,,ソギナ,NA,NA,,NA,3,Mon Oct 15 10:48:04 2018
6ja14,extrapolation,unmarked,final,セヒ,ギト,Noun_Training,cowboy,NA,NA,,タソヌ,NA,NA,,NA,4,Mon Oct 15 10:48:09 2018
6ja14,extrapolation,unmarked,final,セヒ,ギト,Noun_Training,cowboy,NA,NA,,タソヌ,NA,NA,,NA,5,Mon Oct 15 10:48:14 2018
6ja14,extrapolation,unmarked,final,セヒ,ギト,Noun_Training,chef,NA,NA,,ダクメ,NA,NA,,NA,6,Mon Oct 15 10:48:19 2018
6ja14,extrapolation,unmarked,final,セヒ,ギト,Noun_Training,chef,NA,NA,,ダクメ,NA,NA,,NA,7,Mon Oct 15 10:48:23 2018
6ja14,extrapolation,unmarked,final,セヒ,ギト,Noun_Training,chef,NA,NA,,ダクメ,NA,NA,,NA,8,Mon Oct 15 10:48:28 2018
6ja14,extrapolation,unmarked,final,セヒ,ギト,Noun_Training,cowboy,NA,NA,,タソヌ,NA,NA,,NA,9,Mon Oct 15 10:48:33 2018
6ja14,extrapolation,unmarked,final,セヒ,ギト,Noun_Training,waitress,NA,NA,,ソギナ,NA,NA,,NA,10,Mon Oct 15 10:48:38 2018
6ja14,extrapolation,unmarked,final,セヒ,ギト,Noun_Training,chef,NA,NA,,ダクメ,NA,NA,,NA,11,Mon Oct 15 10:48:43 2018
6ja14,extrapolation,unmarked,final,セヒ,ギト,Noun_Training,burglar,NA,NA,,ネチビ,NA,NA,,NA,12,Mon Oct 15 10:48:48 2018
6ja14,extrapolation,unmarked,final,セヒ,ギト,Noun_Training,cowboy,NA,NA,,タソヌ,NA,NA,,NA,13,Mon Oct 15 10:48:53 2018
6ja14,extrapolation,unmarked,final,セヒ,ギト,Noun_Training,waitress,NA,NA,,ソギナ,NA,NA,,NA,14,Mon Oct 15 10:48:58 2018
6ja14,extrapolation,unmarked,final,セヒ,ギト,Noun_Training,cowboy,NA,NA,,タソヌ,NA,NA,,NA,15,Mon Oct 15 10:49:03 2018
6ja14,extrapolation,unmarked,final,セヒ,ギト,Noun_Training,burglar,NA,NA,,ネチビ,NA,NA,,NA,16,Mon Oct 15 10:49:07 2018
6ja14,extrapolation,unmarked,final,セヒ,ギト,Noun_Training,burglar,NA,NA,,ネチビ,NA,NA,,NA,17,Mon Oct 15 10:49:12 2018
6ja14,extrapolation,unmarked,final,セヒ,ギト,Noun_Training,waitress,NA,NA,,ソギナ,NA,NA,,NA,18,Mon Oct 15 10:49:17 2018
6ja14,extrapolation,unmarked,final,セヒ,ギト,Noun_Training,waitress,NA,NA,,ソギナ,NA,NA,,NA,19,Mon Oct 15 10:49:22 2018
6ja14,extrapolation,unmarked,final,セヒ,ギト,Noun_Training,chef,NA,NA,,ダクメ,NA,NA,,NA,20,Mon Oct 15 10:49:27 2018
6ja14,extrapolation,unmarked,final,セヒ,ギト,Noun_Training,chef,NA,NA,,ダクメ,NA,NA,,NA,21,Mon Oct 15 10:49:32 2018
6ja14,extrapolation,unmarked,final,セヒ,ギト,Noun_Training,burglar,NA,NA,,ネチビ,NA,NA,,NA,22,Mon Oct 15 10:49:37 2018
6ja14,extrapolation,unmarked,final,セヒ,ギト,Noun_Training,cowboy,NA,NA,,タソヌ,NA,NA,,NA,23,Mon Oct 15 10:49:41 2018
6ja14,extrapolation,unmarked,final,セヒ,ギト,Noun_Training,burglar,NA,NA,,ネチビ,NA,NA,,NA,24,Mon Oct 15 10:49:46 2018
6ja14,extrapolation,unmarked,final,セヒ,ギト,Noun_Selection,cowboy,NA,NA,,タソヌ,correct,NA,,NA,25,Mon Oct 15 10:50:14 2018
6ja14,extrapolation,unmarked,final,セヒ,ギト,Noun_Selection,chef,NA,NA,,ダクメ,correct,NA,,NA,26,Mon Oct 15 10:50:18 2018
6ja14,extrapolation,unmarked,final,セヒ,ギト,Noun_Selection,waitress,NA,NA,,ソギナ,correct,NA,,NA,27,Mon Oct 15 10:50:21 2018
6ja14,extrapolation,unmarked,final,セヒ,ギト,Noun_Selection,chef,NA,NA,,ダクメ,correct,NA,,NA,28,Mon Oct 15 10:50:26 2018
6ja14,extrapolation,unmarked,final,セヒ,ギト,Noun_Selection,cowboy,NA,NA,,タソヌ,correct,NA,,NA,29,Mon Oct 15 10:50:29 2018
6ja14,extrapolation,unmarked,final,セヒ,ギト,Noun_Selection,waitress,NA,NA,,ソギナ,correct,NA,,NA,30,Mon Oct 15 10:50:33 2018
6ja14,extrapolation,unmarked,final,セヒ,ギト,Noun_Selection,cowboy,NA,NA,,タソヌ,correct,NA,,NA,31,Mon Oct 15 10:50:37 2018
6ja14,extrapolation,unmarked,final,セヒ,ギト,Noun_Selection,burglar,NA,NA,,ネチビ,correct,NA,,NA,32,Mon Oct 15 10:50:40 2018
6ja14,extrapolation,unmarked,final,セヒ,ギト,Noun_Selection,burglar,NA,NA,,ネチビ,correct,NA,,NA,33,Mon Oct 15 10:50:43 2018
6ja14,extrapolation,unmarked,final,セヒ,ギト,Noun_Selection,burglar,NA,NA,,ネチビ,correct,NA,,NA,34,Mon Oct 15 10:50:46 2018
6ja14,extrapolation,unmarked,final,セヒ,ギト,Noun_Selection,chef,NA,NA,,ダクメ,correct,NA,,NA,35,Mon Oct 15 10:50:50 2018
6ja14,extrapolation,unmarked,final,セヒ,ギト,Noun_Selection,waitress,NA,NA,,ソギナ,correct,NA,,NA,36,Mon Oct 15 10:50:54 2018
6ja14,extrapolation,unmarked,final,セヒ,ギト,Noun_Testing,chef,NA,NA,,ダクメ,NA,NA,,NA,37,Mon Oct 15 10:51:28 2018
6ja14,extrapolation,unmarked,final,セヒ,ギト,Noun_Testing,burglar,NA,NA,,ネチビ,NA,NA,,NA,38,Mon Oct 15 10:51:33 2018
6ja14,extrapolation,unmarked,final,セヒ,ギト,Noun_Testing,chef,NA,NA,,ダクメ,NA,NA,,NA,39,Mon Oct 15 10:51:35 2018
6ja14,extrapolation,unmarked,final,セヒ,ギト,Noun_Testing,chef,NA,NA,,ダクメ,NA,NA,,NA,40,Mon Oct 15 10:51:37 2018
6ja14,extrapolation,unmarked,final,セヒ,ギト,Noun_Testing,waitress,NA,NA,,ソギナ,NA,NA,,NA,41,Mon Oct 15 10:51:44 2018
6ja14,extrapolation,unmarked,final,セヒ,ギト,Noun_Testing,burglar,NA,NA,,ネチビ,NA,NA,,NA,42,Mon Oct 15 10:51:49 2018
6ja14,extrapolation,unmarked,final,セヒ,ギト,Noun_Testing,waitress,NA,NA,,ソギナ,NA,NA,,NA,43,Mon Oct 15 10:51:54 2018
6ja14,extrapolation,unmarked,final,セヒ,ギト,Noun_Testing,cowboy,NA,NA,,タソヌ,NA,NA,,NA,44,Mon Oct 15 10:51:59 2018
6ja14,extrapolation,unmarked,final,セヒ,ギト,Noun_Testing,cowboy,NA,NA,,タソヌ,NA,NA,,NA,45,Mon Oct 15 10:52:04 2018
6ja14,extrapolation,unmarked,final,セヒ,ギト,Noun_Testing,cowboy,NA,NA,,タソヌ,NA,NA,,NA,46,Mon Oct 15 10:52:09 2018
6ja14,extrapolation,unmarked,final,セヒ,ギト,Noun_Testing,waitress,NA,NA,,ソギナ,NA,NA,,NA,47,Mon Oct 15 10:52:16 2018
6ja14,extrapolation,unmarked,final,セヒ,ギト,Noun_Testing,burglar,NA,NA,,ネチビ,NA,NA,,NA,48,Mon Oct 15 10:52:21 2018
6ja14,extrapolation,unmarked,final,セヒ,ギト,SimplePhrase_Training,cowboy_two,NA,NA,,セヒ タソヌ,NA,NA,,NA,49,Mon Oct 15 10:53:07 2018
6ja14,extrapolation,unmarked,final,セヒ,ギト,SimplePhrase_Training,waitress,NA,NA,,ソギナ,NA,NA,,NA,50,Mon Oct 15 10:53:12 2018
6ja14,extrapolation,unmarked,final,セヒ,ギト,SimplePhrase_Training,waitress_two,NA,NA,,セヒ ソギナ,NA,NA,,NA,51,Mon Oct 15 10:53:17 2018
6ja14,extrapolation,unmarked,final,セヒ,ギト,SimplePhrase_Training,punch_chef_pl_waitress_sg,NA,NA,,ナグラ セヒ ダクメ ギト ソギナ,NA,NA,,NA,52,Mon Oct 15 10:53:25 2018
6ja14,extrapolation,unmarked,final,セヒ,ギト,SimplePhrase_Training,burglar_four,NA,NA,,セヒ ネチビ,NA,NA,,NA,53,Mon Oct 15 10:53:31 2018
6ja14,extrapolation,unmarked,final,セヒ,ギト,SimplePhrase_Training,burglar,NA,NA,,ネチビ,NA,NA,,NA,54,Mon Oct 15 10:53:35 2018
6ja14,extrapolation,unmarked,final,セヒ,ギト,SimplePhrase_Training,point_cowboy_sg_chef_sg,NA,NA,,サスラ タソヌ ギト ダクメ,NA,NA,,NA,55,Mon Oct 15 10:53:43 2018
6ja14,extrapolation,unmarked,final,セヒ,ギト,SimplePhrase_Training,point_burglar_pl_cowboy_sg,NA,NA,,サスラ セヒ ネチビ ギト タソヌ,NA,NA,,NA,56,Mon Oct 15 10:53:51 2018
6ja14,extrapolation,unmarked,final,セヒ,ギト,SimplePhrase_Training,burglar,NA,NA,,ネチビ,NA,NA,,NA,57,Mon Oct 15 10:53:56 2018
6ja14,extrapolation,unmarked,final,セヒ,ギト,SimplePhrase_Training,punch_cowboy_sg_chef_sg,NA,NA,,ナグラ タソヌ ギト ダクメ,NA,NA,,NA,58,Mon Oct 15 10:54:04 2018
6ja14,extrapolation,unmarked,final,セヒ,ギト,SimplePhrase_Training,burglar_three,NA,NA,,セヒ ネチビ,NA,NA,,NA,59,Mon Oct 15 10:54:09 2018
6ja14,extrapolation,unmarked,final,セヒ,ギト,SimplePhrase_Training,cowboy,NA,NA,,タソヌ,NA,NA,,NA,60,Mon Oct 15 10:54:14 2018
6ja14,extrapolation,unmarked,final,セヒ,ギト,SimplePhrase_Training,kick_waitress_pl_cowboy_sg,NA,NA,,ケルラ セヒ ソギナ ギト タソヌ,NA,NA,,NA,61,Mon Oct 15 10:54:22 2018
6ja14,extrapolation,unmarked,final,セヒ,ギト,SimplePhrase_Training,burglar_two,NA,NA,,セヒ ネチビ,NA,NA,,NA,62,Mon Oct 15 10:54:27 2018
6ja14,extrapolation,unmarked,final,セヒ,ギト,SimplePhrase_Training,kick_burglar_pl_chef_sg,NA,NA,,ケルラ セヒ ネチビ ギト ダクメ,NA,NA,,NA,63,Mon Oct 15 10:54:35 2018
6ja14,extrapolation,unmarked,final,セヒ,ギト,SimplePhrase_Training,kick_cowboy_sg_burglar_sg,NA,NA,,ケルラ タソヌ ギト ネチビ,NA,NA,,NA,64,Mon Oct 15 10:54:43 2018
6ja14,extrapolation,unmarked,final,セヒ,ギト,SimplePhrase_Training,burglar_three,NA,NA,,セヒ ネチビ,NA,NA,,NA,65,Mon Oct 15 10:54:48 2018
6ja14,extrapolation,unmarked,final,セヒ,ギト,SimplePhrase_Training,punch_burglar_sg_cowboy_sg,NA,NA,,ナグラ ネチビ ギト タソヌ,NA,NA,,NA,66,Mon Oct 15 10:54:56 2018
6ja14,extrapolation,unmarked,final,セヒ,ギト,SimplePhrase_Training,kick_waitress_sg_burglar_sg,NA,NA,,ケルラ ソギナ ギト ネチビ,NA,NA,,NA,67,Mon Oct 15 10:55:03 2018
6ja14,extrapolation,unmarked,final,セヒ,ギト,SimplePhrase_Training,kick_chef_pl_burglar_sg,NA,NA,,ケルラ セヒ ダクメ ギト ネチビ,NA,NA,,NA,68,Mon Oct 15 10:55:11 2018
6ja14,extrapolation,unmarked,final,セヒ,ギト,SimplePhrase_Training,punch_burglar_pl_waitress_sg,NA,NA,,ナグラ セヒ ネチビ ギト ソギナ,NA,NA,,NA,69,Mon Oct 15 10:55:19 2018
6ja14,extrapolation,unmarked,final,セヒ,ギト,SimplePhrase_Training,kick_chef_sg_waitress_sg,NA,NA,,ケルラ ダクメ ギト ソギナ,NA,NA,,NA,70,Mon Oct 15 10:55:27 2018
6ja14,extrapolation,unmarked,final,セヒ,ギト,SimplePhrase_Training,kick_cowboy_pl_waitress_sg,NA,NA,,ケルラ セヒ タソヌ ギト ソギナ,NA,NA,,NA,71,Mon Oct 15 10:55:35 2018
6ja14,extrapolation,unmarked,final,セヒ,ギト,SimplePhrase_Training,point_burglar_sg_chef_sg,NA,NA,,サスラ ネチビ ギト ダクメ,NA,NA,,NA,72,Mon Oct 15 10:55:43 2018
6ja14,extrapolation,unmarked,final,セヒ,ギト,SimplePhrase_Training,punch_burglar_sg_chef_sg,NA,NA,,ナグラ ネチビ ギト ダクメ,NA,NA,,NA,73,Mon Oct 15 10:55:50 2018
6ja14,extrapolation,unmarked,final,セヒ,ギト,SimplePhrase_Training,kick_chef_pl_cowboy_sg,NA,NA,,ケルラ セヒ ダクメ ギト タソヌ,NA,NA,,NA,74,Mon Oct 15 10:55:58 2018
6ja14,extrapolation,unmarked,final,セヒ,ギト,SimplePhrase_Training,chef_two,NA,NA,,セヒ ダクメ,NA,NA,,NA,75,Mon Oct 15 10:56:04 2018
6ja14,extrapolation,unmarked,final,セヒ,ギト,SimplePhrase_Training,punch_chef_pl_cowboy_sg,NA,NA,,ナグラ セヒ ダクメ ギト タソヌ,NA,NA,,NA,76,Mon Oct 15 10:56:12 2018
6ja14,extrapolation,unmarked,final,セヒ,ギト,SimplePhrase_Training,cowboy_four,NA,NA,,セヒ タソヌ,NA,NA,,NA,77,Mon Oct 15 10:56:17 2018
6ja14,extrapolation,unmarked,final,セヒ,ギト,SimplePhrase_Training,point_cowboy_pl_waitress_sg,NA,NA,,サスラ セヒ タソヌ ギト ソギナ,NA,NA,,NA,78,Mon Oct 15 10:56:25 2018
6ja14,extrapolation,unmarked,final,セヒ,ギト,SimplePhrase_Training,cowboy,NA,NA,,タソヌ,NA,NA,,NA,79,Mon Oct 15 10:56:30 2018
6ja14,extrapolation,unmarked,final,セヒ,ギト,SimplePhrase_Training,chef_three,NA,NA,,セヒ ダクメ,NA,NA,,NA,80,Mon Oct 15 10:56:35 2018
6ja14,extrapolation,unmarked,final,セヒ,ギト,SimplePhrase_Training,kick_burglar_sg_cowboy_sg,NA,NA,,ケルラ ネチビ ギト タソヌ,NA,NA,,NA,81,Mon Oct 15 10:56:43 2018
6ja14,extrapolation,unmarked,final,セヒ,ギト,SimplePhrase_Training,point_chef_pl_waitress_sg,NA,NA,,サスラ セヒ ダクメ ギト ソギナ,NA,NA,,NA,82,Mon Oct 15 10:56:51 2018
6ja14,extrapolation,unmarked,final,セヒ,ギト,SimplePhrase_Training,chef,NA,NA,,ダクメ,NA,NA,,NA,83,Mon Oct 15 10:56:56 2018
6ja14,extrapolation,unmarked,final,セヒ,ギト,SimplePhrase_Training,waitress_four,NA,NA,,セヒ ソギナ,NA,NA,,NA,84,Mon Oct 15 10:57:01 2018
6ja14,extrapolation,unmarked,final,セヒ,ギト,SimplePhrase_Training,kick_burglar_sg_waitress_sg,NA,NA,,ケルラ ネチビ ギト ソギナ,NA,NA,,NA,85,Mon Oct 15 10:57:09 2018
6ja14,extrapolation,unmarked,final,セヒ,ギト,SimplePhrase_Training,point_burglar_sg_waitress_sg,NA,NA,,サスラ ネチビ ギト ソギナ,NA,NA,,NA,86,Mon Oct 15 10:57:16 2018
6ja14,extrapolation,unmarked,final,セヒ,ギト,SimplePhrase_Training,waitress_four,NA,NA,,セヒ ソギナ,NA,NA,,NA,87,Mon Oct 15 10:57:21 2018
6ja14,extrapolation,unmarked,final,セヒ,ギト,SimplePhrase_Training,punch_cowboy_pl_burglar_sg,NA,NA,,ナグラ セヒ タソヌ ギト ネチビ,NA,NA,,NA,88,Mon Oct 15 10:57:29 2018
6ja14,extrapolation,unmarked,final,セヒ,ギト,SimplePhrase_Training,kick_waitress_pl_chef_sg,NA,NA,,ケルラ セヒ ソギナ ギト ダクメ,NA,NA,,NA,89,Mon Oct 15 10:57:37 2018
6ja14,extrapolation,unmarked,final,セヒ,ギト,SimplePhrase_Training,punch_chef_sg_burglar_sg,NA,NA,,ナグラ ダクメ ギト ネチビ,NA,NA,,NA,90,Mon Oct 15 10:57:45 2018
6ja14,extrapolation,unmarked,final,セヒ,ギト,SimplePhrase_Training,punch_waitress_sg_chef_sg,NA,NA,,ナグラ ソギナ ギト ダクメ,NA,NA,,NA,91,Mon Oct 15 10:57:53 2018
6ja14,extrapolation,unmarked,final,セヒ,ギト,SimplePhrase_Training,cowboy_three,NA,NA,,セヒ タソヌ,NA,NA,,NA,92,Mon Oct 15 10:57:58 2018
6ja14,extrapolation,unmarked,final,セヒ,ギト,SimplePhrase_Training,point_waitress_pl_burglar_sg,NA,NA,,サスラ セヒ ソギナ ギト ネチビ,NA,NA,,NA,93,Mon Oct 15 10:58:06 2018
6ja14,extrapolation,unmarked,final,セヒ,ギト,SimplePhrase_Training,punch_waitress_sg_burglar_sg,NA,NA,,ナグラ ソギナ ギト ネチビ,NA,NA,,NA,94,Mon Oct 15 10:58:14 2018
6ja14,extrapolation,unmarked,final,セヒ,ギト,SimplePhrase_Training,chef,NA,NA,,ダクメ,NA,NA,,NA,95,Mon Oct 15 10:58:19 2018
6ja14,extrapolation,unmarked,final,セヒ,ギト,SimplePhrase_Training,cowboy_two,NA,NA,,セヒ タソヌ,NA,NA,,NA,96,Mon Oct 15 10:58:24 2018
6ja14,extrapolation,unmarked,final,セヒ,ギト,SimplePhrase_Training,point_waitress_sg_cowboy_sg,NA,NA,,サスラ ソギナ ギト タソヌ,NA,NA,,NA,97,Mon Oct 15 10:58:31 2018
6ja14,extrapolation,unmarked,final,セヒ,ギト,SimplePhrase_Training,point_waitress_sg_chef_sg,NA,NA,,サスラ ソギナ ギト ダクメ,NA,NA,,NA,98,Mon Oct 15 10:58:39 2018
6ja14,extrapolation,unmarked,final,セヒ,ギト,SimplePhrase_Training,punch_cowboy_pl_waitress_sg,NA,NA,,ナグラ セヒ タソヌ ギト ソギナ,NA,NA,,NA,99,Mon Oct 15 10:58:47 2018
6ja14,extrapolation,unmarked,final,セヒ,ギト,SimplePhrase_Training,waitress_two,NA,NA,,セヒ ソギナ,NA,NA,,NA,100,Mon Oct 15 10:58:52 2018
6ja14,extrapolation,unmarked,final,セヒ,ギト,SimplePhrase_Training,punch_waitress_sg_cowboy_sg,NA,NA,,ナグラ ソギナ ギト タソヌ,NA,NA,,NA,101,Mon Oct 15 10:59:00 2018
6ja14,extrapolation,unmarked,final,セヒ,ギト,SimplePhrase_Training,point_chef_pl_burglar_sg,NA,NA,,サスラ セヒ ダクメ ギト ネチビ,NA,NA,,NA,102,Mon Oct 15 10:59:08 2018
6ja14,extrapolation,unmarked,final,セヒ,ギト,SimplePhrase_Training,chef_four,NA,NA,,セヒ ダクメ,NA,NA,,NA,103,Mon Oct 15 10:59:13 2018
6ja14,extrapolation,unmarked,final,セヒ,ギト,SimplePhrase_Training,waitress_three,NA,NA,,セヒ ソギナ,NA,NA,,NA,104,Mon Oct 15 10:59:19 2018
6ja14,extrapolation,unmarked,final,セヒ,ギト,SimplePhrase_Training,waitress,NA,NA,,ソギナ,NA,NA,,NA,105,Mon Oct 15 10:59:24 2018
6ja14,extrapolation,unmarked,final,セヒ,ギト,SimplePhrase_Training,chef_two,NA,NA,,セヒ ダクメ,NA,NA,,NA,106,Mon Oct 15 10:59:29 2018
6ja14,extrapolation,unmarked,final,セヒ,ギト,SimplePhrase_Training,kick_cowboy_sg_chef_sg,NA,NA,,ケルラ タソヌ ギト ダクメ,NA,NA,,NA,107,Mon Oct 15 10:59:36 2018
6ja14,extrapolation,unmarked,final,セヒ,ギト,SimplePhrase_Training,chef_four,NA,NA,,セヒ ダクメ,NA,NA,,NA,108,Mon Oct 15 10:59:42 2018
6ja14,extrapolation,unmarked,final,セヒ,ギト,SimplePhrase_Training,point_cowboy_pl_burglar_sg,NA,NA,,サスラ セヒ タソヌ ギト ネチビ,NA,NA,,NA,109,Mon Oct 15 10:59:50 2018
6ja14,extrapolation,unmarked,final,セヒ,ギト,SimplePhrase_Training,point_chef_pl_cowboy_sg,NA,NA,,サスラ セヒ ダクメ ギト タソヌ,NA,NA,,NA,110,Mon Oct 15 10:59:58 2018
6ja14,extrapolation,unmarked,final,セヒ,ギト,SimplePhrase_Comprehension,cowboy_four,NA,NA,,セヒ タソヌ,correct,NA,,NA,111,Mon Oct 15 11:00:23 2018
6ja14,extrapolation,unmarked,final,セヒ,ギト,SimplePhrase_Comprehension,point_burglar_pl_chef_sg,NA,NA,,サスラ セヒ ネチビ ギト ダクメ,correct,NA,,NA,112,Mon Oct 15 11:00:32 2018
6ja14,extrapolation,unmarked,final,セヒ,ギト,SimplePhrase_Comprehension,point_burglar_pl_waitress_sg,NA,NA,,サスラ セヒ ネチビ ギト ソギナ,correct,NA,,NA,113,Mon Oct 15 11:00:39 2018
6ja14,extrapolation,unmarked,final,セヒ,ギト,SimplePhrase_Comprehension,punch_burglar_pl_chef_sg,NA,NA,,ナグラ セヒ ネチビ ギト ダクメ,correct,NA,,NA,114,Mon Oct 15 11:00:45 2018
6ja14,extrapolation,unmarked,final,セヒ,ギト,SimplePhrase_Comprehension,waitress_three,NA,NA,,セヒ ソギナ,correct,NA,,NA,115,Mon Oct 15 11:00:49 2018
6ja14,extrapolation,unmarked,final,セヒ,ギト,SimplePhrase_Comprehension,punch_chef_pl_burglar_sg,NA,NA,,ナグラ セヒ ダクメ ギト ネチビ,correct,NA,,NA,116,Mon Oct 15 11:00:56 2018
6ja14,extrapolation,unmarked,final,セヒ,ギト,SimplePhrase_Comprehension,punch_burglar_pl_cowboy_sg,NA,NA,,ナグラ セヒ ネチビ ギト タソヌ,correct,NA,,NA,117,Mon Oct 15 11:01:02 2018
6ja14,extrapolation,unmarked,final,セヒ,ギト,SimplePhrase_Comprehension,waitress,NA,NA,,ソギナ,correct,NA,,NA,118,Mon Oct 15 11:01:06 2018
6ja14,extrapolation,unmarked,final,セヒ,ギト,SimplePhrase_Comprehension,chef_three,NA,NA,,セヒ ダクメ,correct,NA,,NA,119,Mon Oct 15 11:01:11 2018
6ja14,extrapolation,unmarked,final,セヒ,ギト,SimplePhrase_Comprehension,waitress_four,NA,NA,,セヒ ソギナ,correct,NA,,NA,120,Mon Oct 15 11:01:15 2018
6ja14,extrapolation,unmarked,final,セヒ,ギト,SimplePhrase_Comprehension,burglar_three,NA,NA,,セヒ ネチビ,correct,NA,,NA,121,Mon Oct 15 11:01:19 2018
6ja14,extrapolation,unmarked,final,セヒ,ギト,SimplePhrase_Comprehension,point_waitress_pl_chef_sg,NA,NA,,サスラ セヒ ソギナ ギト ダクメ,correct,NA,,NA,122,Mon Oct 15 11:01:26 2018
6ja14,extrapolation,unmarked,final,セヒ,ギト,SimplePhrase_Comprehension,punch_cowboy_sg_waitress_sg,NA,NA,,ナグラ タソヌ ギト ソギナ,correct,NA,,NA,123,Mon Oct 15 11:01:33 2018
6ja14,extrapolation,unmarked,final,セヒ,ギト,SimplePhrase_Comprehension,cowboy_three,NA,NA,,セヒ タソヌ,correct,NA,,NA,124,Mon Oct 15 11:01:37 2018
6ja14,extrapolation,unmarked,final,セヒ,ギト,SimplePhrase_Comprehension,kick_waitress_sg_cowboy_sg,NA,NA,,ケルラ ソギナ ギト タソヌ,correct,NA,,NA,125,Mon Oct 15 11:01:44 2018
6ja14,extrapolation,unmarked,final,セヒ,ギト,SimplePhrase_Comprehension,kick_waitress_pl_burglar_sg,NA,NA,,ケルラ セヒ ソギナ ギト ネチビ,correct,NA,,NA,126,Mon Oct 15 11:01:50 2018
6ja14,extrapolation,unmarked,final,セヒ,ギト,SimplePhrase_Comprehension,point_waitress_pl_cowboy_sg,NA,NA,,サスラ セヒ ソギナ ギト タソヌ,correct,NA,,NA,127,Mon Oct 15 11:01:57 2018
6ja14,extrapolation,unmarked,final,セヒ,ギト,SimplePhrase_Comprehension,kick_cowboy_sg_waitress_sg,NA,NA,,ケルラ タソヌ ギト ソギナ,correct,NA,,NA,128,Mon Oct 15 11:02:03 2018
6ja14,extrapolation,unmarked,final,セヒ,ギト,SimplePhrase_Comprehension,cowboy,NA,NA,,タソヌ,correct,NA,,NA,129,Mon Oct 15 11:02:07 2018
6ja14,extrapolation,unmarked,final,セヒ,ギト,SimplePhrase_Comprehension,waitress_two,NA,NA,,セヒ ソギナ,correct,NA,,NA,130,Mon Oct 15 11:02:12 2018
6ja14,extrapolation,unmarked,final,セヒ,ギト,SimplePhrase_Comprehension,burglar,NA,NA,,ネチビ,correct,NA,,NA,131,Mon Oct 15 11:02:16 2018
6ja14,extrapolation,unmarked,final,セヒ,ギト,SimplePhrase_Comprehension,punch_chef_sg_cowboy_sg,NA,NA,,ナグラ ダクメ ギト タソヌ,correct,NA,,NA,132,Mon Oct 15 11:02:23 2018
6ja14,extrapolation,unmarked,final,セヒ,ギト,SimplePhrase_Comprehension,punch_chef_sg_waitress_sg,NA,NA,,ナグラ ダクメ ギト ソギナ,correct,NA,,NA,133,Mon Oct 15 11:02:29 2018
6ja14,extrapolation,unmarked,final,セヒ,ギト,SimplePhrase_Comprehension,point_chef_sg_cowboy_sg,NA,NA,,サスラ ダクメ ギト タソヌ,correct,NA,,NA,134,Mon Oct 15 11:02:38 2018
6ja14,extrapolation,unmarked,final,セヒ,ギト,SimplePhrase_Comprehension,point_chef_sg_waitress_sg,NA,NA,,サスラ ダクメ ギト ソギナ,correct,NA,,NA,135,Mon Oct 15 11:02:44 2018
6ja14,extrapolation,unmarked,final,セヒ,ギト,SimplePhrase_Comprehension,point_waitress_sg_burglar_sg,NA,NA,,サスラ ソギナ ギト ネチビ,correct,NA,,NA,136,Mon Oct 15 11:02:50 2018
6ja14,extrapolation,unmarked,final,セヒ,ギト,SimplePhrase_Comprehension,kick_chef_sg_burglar_sg,NA,NA,,ケルラ ダクメ ギト ネチビ,correct,NA,,NA,137,Mon Oct 15 11:02:56 2018
6ja14,extrapolation,unmarked,final,セヒ,ギト,SimplePhrase_Comprehension,cowboy_two,NA,NA,,セヒ タソヌ,correct,NA,,NA,138,Mon Oct 15 11:03:00 2018
6ja14,extrapolation,unmarked,final,セヒ,ギト,SimplePhrase_Comprehension,kick_chef_pl_waitress_sg,NA,NA,,ケルラ セヒ ダクメ ギト ソギナ,correct,NA,,NA,139,Mon Oct 15 11:03:07 2018
6ja14,extrapolation,unmarked,final,セヒ,ギト,SimplePhrase_Comprehension,burglar_two,NA,NA,,セヒ ネチビ,correct,NA,,NA,140,Mon Oct 15 11:03:11 2018
6ja14,extrapolation,unmarked,final,セヒ,ギト,SimplePhrase_Comprehension,punch_waitress_pl_chef_sg,NA,NA,,ナグラ セヒ ソギナ ギト ダクメ,correct,NA,,NA,141,Mon Oct 15 11:03:17 2018
6ja14,extrapolation,unmarked,final,セヒ,ギト,SimplePhrase_Comprehension,punch_burglar_sg_waitress_sg,NA,NA,,ナグラ ネチビ ギト ソギナ,correct,NA,,NA,142,Mon Oct 15 11:03:25 2018
6ja14,extrapolation,unmarked,final,セヒ,ギト,SimplePhrase_Comprehension,chef_two,NA,NA,,セヒ ダクメ,correct,NA,,NA,143,Mon Oct 15 11:03:29 2018
6ja14,extrapolation,unmarked,final,セヒ,ギト,SimplePhrase_Comprehension,chef,NA,NA,,ダクメ,correct,NA,,NA,144,Mon Oct 15 11:03:33 2018
6ja14,extrapolation,unmarked,final,セヒ,ギト,SimplePhrase_Typing,waitress_three,NA,NA,,セヒ ソギナ,NA,セヒソギナ,,NA,145,Mon Oct 15 11:04:19 2018
6ja14,extrapolation,unmarked,final,セヒ,ギト,SimplePhrase_Typing,point_waitress_sg_chef_sg,NA,NA,,サスラ ソギナ ギト ダクメ,NA,サスラ ソギナ ギト ダクメ,,NA,146,Mon Oct 15 11:04:41 2018
6ja14,extrapolation,unmarked,final,セヒ,ギト,SimplePhrase_Typing,chef_two,NA,NA,,セヒ ダクメ,NA,セヒ ダクメ,,NA,147,Mon Oct 15 11:04:52 2018
6ja14,extrapolation,unmarked,final,セヒ,ギト,SimplePhrase_Typing,kick_waitress_pl_chef_sg,NA,NA,,ケルラ セヒ ソギナ ギト ダクメ,NA,ケルラ セヒ ソギナ ギト ダクメ,,NA,148,Mon Oct 15 11:05:12 2018
6ja14,extrapolation,unmarked,final,セヒ,ギト,SimplePhrase_Typing,kick_cowboy_pl_waitress_sg,NA,NA,,ケルラ セヒ タソヌ ギト ソギナ,NA,ケルラ セヒ タソヌ ギト ソギナ,,NA,149,Mon Oct 15 11:05:32 2018
6ja14,extrapolation,unmarked,final,セヒ,ギト,SimplePhrase_Typing,chef_four,NA,NA,,セヒ ダクメ,NA,セヒ,,NA,150,Mon Oct 15 11:06:44 2018
6ja14,extrapolation,unmarked,final,セヒ,ギト,SimplePhrase_Typing,waitress,NA,NA,,ソギナ,NA,ソギナ,,NA,151,Mon Oct 15 11:06:52 2018
6ja14,extrapolation,unmarked,final,セヒ,ギト,SimplePhrase_Typing,burglar,NA,NA,,ネチビ,NA,ネチビ,,NA,152,Mon Oct 15 11:07:02 2018
6ja14,extrapolation,unmarked,final,セヒ,ギト,SimplePhrase_Typing,kick_waitress_sg_burglar_sg,NA,NA,,ケルラ ソギナ ギト ネチビ,NA,ケルラ ソギナ ギト ネチビ,,NA,153,Mon Oct 15 11:07:19 2018
6ja14,extrapolation,unmarked,final,セヒ,ギト,SimplePhrase_Typing,punch_cowboy_pl_waitress_sg,NA,NA,,ナグラ セヒ タソヌ ギト ソギナ,NA,ナグラ セヒ タソヌ ギト ソギナ,,NA,154,Mon Oct 15 11:07:41 2018
6ja14,extrapolation,unmarked,final,セヒ,ギト,SimplePhrase_Typing,kick_burglar_sg_waitress_sg,NA,NA,,ケルラ ネチビ ギト ソギナ,NA,ケルラ ネチビ ギト ソギナ,,NA,155,Mon Oct 15 11:07:59 2018
6ja14,extrapolation,unmarked,final,セヒ,ギト,SimplePhrase_Typing,cowboy_four,NA,NA,,セヒ タソヌ,NA,セヒ ダクメ,,NA,156,Mon Oct 15 11:08:08 2018
6ja14,extrapolation,unmarked,final,セヒ,ギト,SimplePhrase_Typing,cowboy,NA,NA,,タソヌ,NA,タソヌ,,NA,157,Mon Oct 15 11:08:15 2018
6ja14,extrapolation,unmarked,final,セヒ,ギト,SimplePhrase_Typing,punch_waitress_sg_burglar_sg,NA,NA,,ナグラ ソギナ ギト ネチビ,NA,ナグラ ソギナ ギト ネチビ,,NA,158,Mon Oct 15 11:08:32 2018
6ja14,extrapolation,unmarked,final,セヒ,ギト,SimplePhrase_Typing,chef,NA,NA,,ダクメ,NA,ダクメ,,NA,159,Mon Oct 15 11:08:42 2018
6ja14,extrapolation,unmarked,final,セヒ,ギト,SimplePhrase_Typing,point_burglar_pl_cowboy_sg,NA,NA,,サスラ セヒ ネチビ ギト タソヌ,NA,サスラ セヒ ネチビ ギト タソヌ,,NA,160,Mon Oct 15 11:09:04 2018
6ja14,extrapolation,unmarked,final,セヒ,ギト,ComplexPhrase_Typing,kick_chef_sg_burglar_pl,burglar,nechibi,,ケルラ ダクメ ギト セヒ ネチビ,NA,ケルラ ダクメ ギト セヒ ネチビ,,NA,161,Mon Oct 15 11:09:57 2018
6ja14,extrapolation,unmarked,final,セヒ,ギト,ComplexPhrase_Typing,punch_waitress_sg_chef_pl,chef,dakume,,ナグラ ソギナ ギト セヒ ダクメ,NA,ナグラ ソギナ ギト セヒ ダクメ,,NA,162,Mon Oct 15 11:10:15 2018
6ja14,extrapolation,unmarked,final,セヒ,ギト,ComplexPhrase_Typing,punch_burglar_sg_waitress_pl,waitress,sogina,,ナグラ ネチビ ギト セヒ ソギナ,NA,ナグラ ネチビ ギト セヒ ソギナ,,NA,163,Mon Oct 15 11:10:28 2018
6ja14,extrapolation,unmarked,final,セヒ,ギト,ComplexPhrase_Typing,kick_burglar_sg_waitress_pl,waitress,sogina,,ケルラ ネチビ ギト セヒ ソギナ,NA,ケルラ ネチビ ギト セヒ ソギナ,,NA,164,Mon Oct 15 11:10:46 2018
6ja14,extrapolation,unmarked,final,セヒ,ギト,ComplexPhrase_Typing,punch_burglar_sg_waitress_pl,waitress,sogina,,ナグラ ネチビ ギト セヒ ソギナ,NA,ナグラ ネチビ ギト セヒ ソギナ,,NA,165,Mon Oct 15 11:11:04 2018
6ja14,extrapolation,unmarked,final,セヒ,ギト,ComplexPhrase_Typing,kick_burglar_sg_waitress_pl,waitress,sogina,,ケルラ ネチビ ギト セヒ ソギナ,NA,ケルラ ネチビ ギト セヒ ソギナ,,NA,166,Mon Oct 15 11:11:20 2018
6ja14,extrapolation,unmarked,final,セヒ,ギト,ComplexPhrase_Typing,punch_waitress_sg_chef_pl,chef,dakume,,ナグラ ソギナ ギト セヒ ダクメ,NA,ナグラ ソギナ ギト セヒ ダクメ,,NA,167,Mon Oct 15 11:11:38 2018
6ja14,extrapolation,unmarked,final,セヒ,ギト,ComplexPhrase_Typing,kick_chef_sg_burglar_pl,burglar,nechibi,,ケルラ ダクメ ギト セヒ ネチビ,NA,ケルラ ダクメ ギト セヒ ネチビ,,NA,168,Mon Oct 15 11:11:55 2018
6ja14,extrapolation,unmarked,final,セヒ,ギト,ComplexPhrase_Typing,punch_burglar_sg_waitress_pl,waitress,sogina,,ナグラ ネチビ ギト セヒ ソギナ,NA,ナグラ ネチビ ギト セヒ ソギナ,,NA,169,Mon Oct 15 11:12:13 2018
6ja14,extrapolation,unmarked,final,セヒ,ギト,ComplexPhrase_Typing,kick_burglar_sg_waitress_pl,waitress,sogina,,ケルラ ネチビ ギト セヒ ソギナ,NA,ケルラ ネチビ ギト セヒ ソギナ,,NA,170,Mon Oct 15 11:12:25 2018
6ja14,extrapolation,unmarked,final,セヒ,ギト,ComplexPhrase_Typing,kick_chef_sg_burglar_pl,burglar,nechibi,,ケルラ ダクメ ギト セヒ ネチビ,NA,ケルラ ダクメ ギト セヒ ネチビ,,NA,171,Mon Oct 15 11:12:41 2018
6ja14,extrapolation,unmarked,final,セヒ,ギト,ComplexPhrase_Typing,punch_waitress_sg_chef_pl,chef,dakume,,ナグラ ソギナ ギト セヒ ダクメ,NA,ナグラ ソギナ ギト セヒ ダクメ,,NA,172,Mon Oct 15 11:13:00 2018
6ja14,extrapolation,unmarked,final,セヒ,ギト,ComplexPhrase_Testing,point_waitress_pl_burglar_sg,NA,NA,,サスラ セヒ ソギナ ギト ネチビ,NA,NA,,NA,173,Mon Oct 15 11:14:01 2018
6ja14,extrapolation,unmarked,final,セヒ,ギト,ComplexPhrase_Testing,point_chef_pl_cowboy_sg,NA,NA,,サスラ セヒ ダクメ ギト タソヌ,NA,NA,,NA,174,Mon Oct 15 11:14:11 2018
6ja14,extrapolation,unmarked,final,セヒ,ギト,ComplexPhrase_Testing,chef_three,NA,NA,,セヒ ダクメ,NA,NA,,NA,175,Mon Oct 15 11:14:20 2018
6ja14,extrapolation,unmarked,final,セヒ,ギト,ComplexPhrase_Testing,punch_chef_sg_burglar_sg,NA,NA,,ナグラ ダクメ ギト ネチビ,NA,NA,,NA,176,Mon Oct 15 11:14:29 2018
6ja14,extrapolation,unmarked,final,セヒ,ギト,ComplexPhrase_Testing,chef_two,NA,NA,,セヒ ダクメ,NA,NA,,NA,177,Mon Oct 15 11:14:38 2018
6ja14,extrapolation,unmarked,final,セヒ,ギト,ComplexPhrase_Testing,punch_waitress_sg_chef_sg,NA,NA,,ナグラ ソギナ ギト ダクメ,NA,NA,,NA,178,Mon Oct 15 11:14:47 2018
6ja14,extrapolation,unmarked,final,セヒ,ギト,ComplexPhrase_Testing,kick_waitress_sg_burglar_pl,burglar,nechibi,,ケルラ ソギナ ギト セヒ ネチビ,NA,NA,,NA,179,Mon Oct 15 11:14:59 2018
6ja14,extrapolation,unmarked,final,セヒ,ギト,ComplexPhrase_Testing,kick_waitress_sg_burglar_pl,burglar,nechibi,,ケルラ ソギナ ギト セヒ ネチビ,NA,NA,,NA,180,Mon Oct 15 11:15:09 2018
6ja14,extrapolation,unmarked,final,セヒ,ギト,ComplexPhrase_Testing,punch_chef_sg_cowboy_pl,cowboy,tasonu,,ナグラ ダクメ ギト セヒ タソヌ,NA,NA,,NA,181,Mon Oct 15 11:15:17 2018
6ja14,extrapolation,unmarked,final,セヒ,ギト,ComplexPhrase_Testing,punch_cowboy_sg_chef_pl,chef,dakume,,ナグラ タソヌ ギト セヒ ダクメ,NA,NA,,NA,182,Mon Oct 15 11:15:25 2018
6ja14,extrapolation,unmarked,final,セヒ,ギト,ComplexPhrase_Testing,point_waitress_sg_cowboy_pl,cowboy,tasonu,,サスラ ソギナ ギト セヒ タソヌ,NA,NA,,NA,183,Mon Oct 15 11:15:33 2018
6ja14,extrapolation,unmarked,final,セヒ,ギト,ComplexPhrase_Testing,punch_waitress_sg_burglar_pl,burglar,nechibi,,ナグラ ソギナ ギト セヒ ネチビ,NA,NA,,NA,184,Mon Oct 15 11:15:42 2018
6ja14,extrapolation,unmarked,final,セヒ,ギト,ComplexPhrase_Testing,point_burglar_sg_chef_pl,chef,dakume,,サスラ ネチビ ギト セヒ ダクメ,NA,NA,,NA,185,Mon Oct 15 11:15:50 2018
6ja14,extrapolation,unmarked,final,セヒ,ギト,ComplexPhrase_Testing,burglar,NA,NA,,ネチビ,NA,NA,,NA,186,Mon Oct 15 11:15:52 2018
6ja14,extrapolation,unmarked,final,セヒ,ギト,ComplexPhrase_Testing,point_waitress_sg_chef_pl,chef,dakume,,サスラ ソギナ ギト セヒ ダクメ,NA,NA,,NA,187,Mon Oct 15 11:16:04 2018
6ja14,extrapolation,unmarked,final,セヒ,ギト,ComplexPhrase_Testing,kick_burglar_sg_waitress_pl,waitress,sogina,,ケルラ ネチビ ギト セヒ ソギナ,NA,NA,,NA,188,Mon Oct 15 11:16:10 2018
6ja14,extrapolation,unmarked,final,セヒ,ギト,ComplexPhrase_Testing,point_burglar_sg_chef_pl,chef,dakume,,サスラ ネチビ ギト セヒ ダクメ,NA,NA,,NA,189,Mon Oct 15 11:16:16 2018
6ja14,extrapolation,unmarked,final,セヒ,ギト,ComplexPhrase_Testing,point_chef_sg_burglar_pl,burglar,nechibi,,サスラ ダクメ ギト セヒ ネチビ,NA,NA,,NA,190,Mon Oct 15 11:16:22 2018
6ja14,extrapolation,unmarked,final,セヒ,ギト,ComplexPhrase_Testing,punch_burglar_sg_waitress_pl,waitress,sogina,,ナグラ ネチビ ギト セヒ ソギナ,NA,NA,,NA,191,Mon Oct 15 11:16:28 2018
6ja14,extrapolation,unmarked,final,セヒ,ギト,ComplexPhrase_Testing,point_chef_sg_burglar_pl,burglar,nechibi,,サスラ ダクメ ギト セヒ ネチビ,NA,NA,,NA,192,Mon Oct 15 11:16:33 2018
6ja14,extrapolation,unmarked,final,セヒ,ギト,ComplexPhrase_Testing,punch_burglar_sg_waitress_pl,waitress,sogina,,ナグラ ネチビ ギト セヒ ソギナ,NA,NA,,NA,193,Mon Oct 15 11:16:39 2018
6ja14,extrapolation,unmarked,final,セヒ,ギト,ComplexPhrase_Testing,punch_waitress_sg_burglar_pl,burglar,nechibi,,ナグラ ソギナ ギト セヒ ネチビ,NA,NA,,NA,194,Mon Oct 15 11:16:44 2018
6ja14,extrapolation,unmarked,final,セヒ,ギト,ComplexPhrase_Testing,kick_burglar_sg_waitress_pl,waitress,sogina,,ケルラ ネチビ ギト セヒ ソギナ,NA,NA,,NA,195,Mon Oct 15 11:16:50 2018
6ja14,extrapolation,unmarked,final,セヒ,ギト,ComplexPhrase_Testing,point_waitress_sg_chef_pl,chef,dakume,,サスラ ソギナ ギト セヒ ダクメ,NA,NA,,NA,196,Mon Oct 15 11:16:56 2018
6ja14,extrapolation,unmarked,final,セヒ,ギト,ComplexPhrase_Testing,kick_burglar_sg_chef_pl,chef,dakume,,ケルラ ネチビ ギト セヒ ダクメ,NA,NA,,NA,197,Mon Oct 15 11:17:03 2018
6ja14,extrapolation,unmarked,final,セヒ,ギト,ComplexPhrase_Testing,point_waitress_sg_cowboy_pl,cowboy,tasonu,,サスラ ソギナ ギト セヒ タソヌ,NA,NA,,NA,198,Mon Oct 15 11:17:08 2018
6ja14,extrapolation,unmarked,final,セヒ,ギト,ComplexPhrase_Testing,kick_waitress_pl_burglar_sg,NA,NA,,ケルラ セヒ ソギナ ギト ネチビ,NA,NA,,NA,199,Mon Oct 15 11:17:15 2018
6ja14,extrapolation,unmarked,final,セヒ,ギト,ComplexPhrase_Testing,punch_waitress_sg_burglar_pl,burglar,nechibi,,ナグラ ソギナ ギト セヒ ネチビ,NA,NA,,NA,200,Mon Oct 15 11:17:26 2018
6ja14,extrapolation,unmarked,final,セヒ,ギト,ComplexPhrase_Testing,point_waitress_sg_chef_pl,chef,dakume,,サスラ ソギナ ギト セヒ ダクメ,NA,NA,,NA,201,Mon Oct 15 11:17:33 2018
6ja14,extrapolation,unmarked,final,セヒ,ギト,ComplexPhrase_Testing,waitress,NA,NA,,ソギナ,NA,NA,,NA,202,Mon Oct 15 11:17:36 2018
6ja14,extrapolation,unmarked,final,セヒ,ギト,ComplexPhrase_Testing,punch_chef_sg_waitress_pl,waitress,sogina,,ナグラ ダクメ ギト セヒ ソギナ,NA,NA,,NA,203,Mon Oct 15 11:17:47 2018
6ja14,extrapolation,unmarked,final,セヒ,ギト,ComplexPhrase_Testing,kick_burglar_sg_chef_pl,chef,dakume,,ケルラ ネチビ ギト セヒ ダクメ,NA,NA,,NA,204,Mon Oct 15 11:17:54 2018
6ja14,extrapolation,unmarked,final,セヒ,ギト,ComplexPhrase_Testing,punch_chef_sg_cowboy_pl,cowboy,tasonu,,ナグラ ダクメ ギト セヒ タソヌ,NA,NA,,NA,205,Mon Oct 15 11:17:59 2018
6ja14,extrapolation,unmarked,final,セヒ,ギト,ComplexPhrase_Testing,cowboy_four,NA,NA,,セヒ タソヌ,NA,NA,,NA,206,Mon Oct 15 11:18:02 2018
6ja14,extrapolation,unmarked,final,セヒ,ギト,ComplexPhrase_Testing,punch_chef_sg_waitress_pl,waitress,sogina,,ナグラ ダクメ ギト セヒ ソギナ,NA,NA,,NA,207,Mon Oct 15 11:18:12 2018
6ja14,extrapolation,unmarked,final,セヒ,ギト,ComplexPhrase_Testing,chef,NA,NA,,ダクメ,NA,NA,,NA,208,Mon Oct 15 11:18:15 2018
6ja14,extrapolation,unmarked,final,セヒ,ギト,ComplexPhrase_Testing,waitress_three,NA,NA,,セヒ ソギナ,NA,NA,,NA,209,Mon Oct 15 11:18:20 2018
6ja14,extrapolation,unmarked,final,セヒ,ギト,ComplexPhrase_Testing,point_waitress_sg_chef_sg,NA,NA,,サスラ ソギナ ギト ダクメ,NA,NA,,NA,210,Mon Oct 15 11:18:27 2018
6ja14,extrapolation,unmarked,final,セヒ,ギト,ComplexPhrase_Testing,punch_chef_sg_waitress_pl,waitress,sogina,,ナグラ ダクメ ギト セヒ ソギナ,NA,NA,,NA,211,Mon Oct 15 11:18:38 2018
6ja14,extrapolation,unmarked,final,セヒ,ギト,ComplexPhrase_Testing,kick_burglar_sg_waitress_pl,waitress,sogina,,ケルラ ネチビ ギト セヒ ソギナ,NA,NA,,NA,212,Mon Oct 15 11:18:43 2018
6ja14,extrapolation,unmarked,final,セヒ,ギト,ComplexPhrase_Testing,point_cowboy_sg_chef_sg,NA,NA,,サスラ タソヌ ギト ダクメ,NA,NA,,NA,213,Mon Oct 15 11:18:48 2018
6ja14,extrapolation,unmarked,final,セヒ,ギト,ComplexPhrase_Testing,kick_waitress_sg_burglar_pl,burglar,nechibi,,ケルラ ソギナ ギト セヒ ネチビ,NA,NA,,NA,214,Mon Oct 15 11:18:58 2018
6ja14,extrapolation,unmarked,final,セヒ,ギト,ComplexPhrase_Testing,kick_burglar_sg_chef_pl,chef,dakume,,ケルラ ネチビ ギト セヒ ダクメ,NA,NA,,NA,215,Mon Oct 15 11:19:05 2018
6ja14,extrapolation,unmarked,final,セヒ,ギト,ComplexPhrase_Testing,punch_chef_sg_cowboy_pl,cowboy,tasonu,,ナグラ ダクメ ギト セヒ タソヌ,NA,NA,,NA,216,Mon Oct 15 11:19:10 2018
6ja14,extrapolation,unmarked,final,セヒ,ギト,ComplexPhrase_Testing,punch_cowboy_sg_chef_pl,chef,dakume,,ナグラ タソヌ ギト セヒ ダクメ,NA,NA,,NA,217,Mon Oct 15 11:19:16 2018
6ja14,extrapolation,unmarked,final,セヒ,ギト,ComplexPhrase_Testing,point_chef_sg_burglar_pl,burglar,nechibi,,サスラ ダクメ ギト セヒ ネチビ,NA,NA,,NA,218,Mon Oct 15 11:19:22 2018
6ja14,extrapolation,unmarked,final,セヒ,ギト,ComplexPhrase_Testing,punch_burglar_pl_cowboy_sg,NA,NA,,ナグラ セヒ ネチビ ギト タソヌ,NA,NA,,NA,219,Mon Oct 15 11:19:28 2018
6ja14,extrapolation,unmarked,final,セヒ,ギト,ComplexPhrase_Testing,punch_burglar_sg_cowboy_sg,NA,NA,,ナグラ ネチビ ギト タソヌ,NA,NA,,NA,220,Mon Oct 15 11:19:38 2018
6ja14,extrapolation,unmarked,final,セヒ,ギト,ComplexPhrase_Testing,point_cowboy_pl_waitress_sg,NA,NA,,サスラ セヒ タソヌ ギト ソギナ,NA,NA,,NA,221,Mon Oct 15 11:19:48 2018
6ja14,extrapolation,unmarked,final,セヒ,ギト,ComplexPhrase_Testing,point_waitress_sg_cowboy_pl,cowboy,tasonu,,サスラ ソギナ ギト セヒ タソヌ,NA,NA,,NA,222,Mon Oct 15 11:20:00 2018
6ja14,extrapolation,unmarked,final,セヒ,ギト,ComplexPhrase_Testing,punch_waitress_pl_cowboy_sg,NA,NA,,ナグラ セヒ ソギナ ギト タソヌ,NA,NA,,NA,223,Mon Oct 15 11:20:07 2018
6ja14,extrapolation,unmarked,final,セヒ,ギト,ComplexPhrase_Testing,burglar_four,NA,NA,,セヒ ネチビ,NA,NA,,NA,224,Mon Oct 15 11:20:14 2018
6ja14,extrapolation,unmarked,final,セヒ,ギト,ComplexPhrase_Testing,punch_cowboy_sg_chef_pl,chef,dakume,,ナグラ タソヌ ギト セヒ ダクメ,NA,NA,,NA,225,Mon Oct 15 11:20:26 2018
6ja14,extrapolation,unmarked,final,セヒ,ギト,ComplexPhrase_Testing,punch_burglar_sg_waitress_pl,waitress,sogina,,ナグラ ネチビ ギト セヒ ソギナ,NA,NA,,NA,226,Mon Oct 15 11:20:34 2018
6ja14,extrapolation,unmarked,final,セヒ,ギト,ComplexPhrase_Testing,cowboy,NA,NA,,タソヌ,NA,NA,,NA,227,Mon Oct 15 11:20:37 2018
6ja14,extrapolation,unmarked,final,セヒ,ギト,ComplexPhrase_Testing,point_burglar_sg_chef_pl,chef,dakume,,サスラ ネチビ ギト セヒ ダクメ,NA,NA,,NA,228,Mon Oct 15 11:20:47 2018
6ja14,extrapolation,unmarked,final,セヒ,ギト,ComplexPhrase_Testing,cowboy_three,NA,NA,,セヒ タソヌ,NA,NA,,NA,229,Mon Oct 15 11:20:52 2018
6ja14,extrapolation,unmarked,final,セヒ,ギト,ComplexPhrase_Testing,point_chef_sg_waitress_sg,NA,NA,,サスラ ダクメ ギト ソギナ,NA,NA,,NA,230,Mon Oct 15 11:20:59 2018
6ja14,extrapolation,unmarked,final,セヒ,ギト,Questionnaire,NA,NA,NA,,NA,NA,NA,,フクスウノ,MeaningNum,Mon Oct 15 11:22:15 2018
6ja14,extrapolation,unmarked,final,セヒ,ギト,Questionnaire,NA,NA,NA,,NA,NA,NA,,ムカウホウコウ,MeaningCase,Mon Oct 15 11:22:15 2018
6ja14,extrapolation,unmarked,final,セヒ,ギト,Questionnaire,NA,NA,NA,,NA,NA,NA,,マエ,OrderNumNoun,Mon Oct 15 11:22:15 2018
6ja14,extrapolation,unmarked,final,セヒ,ギト,Questionnaire,NA,NA,NA,,NA,NA,NA,,アト,OrderCaseNoun,Mon Oct 15 11:22:15 2018
6ja14,extrapolation,unmarked,final,セヒ,ギト,Questionnaire,NA,NA,NA,,NA,NA,NA,,ニホンゴ,Languages,Mon Oct 15 11:22:15 2018
