ID,Condition,MajorityOrder,NounPosition,markerNum,markerCase,Phase,Meaning,NounItem,Noun,InputSentence,Selection,TypedResponse,SpokenResponse,AnswerQuest,Trial,date&time
5sc07,extrapolation,unmarked,initial,sa,"['gu', 'ti']",Noun_Training,cowboy,NA,NA,nork,NA,NA,,NA,1,Tue Jun 12 14:30:09 2018
5sc07,extrapolation,unmarked,initial,sa,"['gu', 'ti']",Noun_Training,cowboy,NA,NA,nork,NA,NA,,NA,2,Tue Jun 12 14:30:14 2018
5sc07,extrapolation,unmarked,initial,sa,"['gu', 'ti']",Noun_Training,chef,NA,NA,negid,NA,NA,,NA,3,Tue Jun 12 14:30:19 2018
5sc07,extrapolation,unmarked,initial,sa,"['gu', 'ti']",Noun_Training,burglar,NA,NA,tumbat,NA,NA,,NA,4,Tue Jun 12 14:30:24 2018
5sc07,extrapolation,unmarked,initial,sa,"['gu', 'ti']",Noun_Training,burglar,NA,NA,tumbat,NA,NA,,NA,5,Tue Jun 12 14:30:28 2018
5sc07,extrapolation,unmarked,initial,sa,"['gu', 'ti']",Noun_Training,waitress,NA,NA,vaem,NA,NA,,NA,6,Tue Jun 12 14:30:33 2018
5sc07,extrapolation,unmarked,initial,sa,"['gu', 'ti']",Noun_Training,waitress,NA,NA,vaem,NA,NA,,NA,7,Tue Jun 12 14:30:38 2018
5sc07,extrapolation,unmarked,initial,sa,"['gu', 'ti']",Noun_Training,cowboy,NA,NA,nork,NA,NA,,NA,8,Tue Jun 12 14:30:43 2018
5sc07,extrapolation,unmarked,initial,sa,"['gu', 'ti']",Noun_Training,cowboy,NA,NA,nork,NA,NA,,NA,9,Tue Jun 12 14:30:48 2018
5sc07,extrapolation,unmarked,initial,sa,"['gu', 'ti']",Noun_Training,burglar,NA,NA,tumbat,NA,NA,,NA,10,Tue Jun 12 14:30:53 2018
5sc07,extrapolation,unmarked,initial,sa,"['gu', 'ti']",Noun_Training,burglar,NA,NA,tumbat,NA,NA,,NA,11,Tue Jun 12 14:30:58 2018
5sc07,extrapolation,unmarked,initial,sa,"['gu', 'ti']",Noun_Training,burglar,NA,NA,tumbat,NA,NA,,NA,12,Tue Jun 12 14:31:03 2018
5sc07,extrapolation,unmarked,initial,sa,"['gu', 'ti']",Noun_Training,chef,NA,NA,negid,NA,NA,,NA,13,Tue Jun 12 14:31:07 2018
5sc07,extrapolation,unmarked,initial,sa,"['gu', 'ti']",Noun_Training,cowboy,NA,NA,nork,NA,NA,,NA,14,Tue Jun 12 14:31:12 2018
5sc07,extrapolation,unmarked,initial,sa,"['gu', 'ti']",Noun_Training,chef,NA,NA,negid,NA,NA,,NA,15,Tue Jun 12 14:31:17 2018
5sc07,extrapolation,unmarked,initial,sa,"['gu', 'ti']",Noun_Training,chef,NA,NA,negid,NA,NA,,NA,16,Tue Jun 12 14:31:22 2018
5sc07,extrapolation,unmarked,initial,sa,"['gu', 'ti']",Noun_Training,waitress,NA,NA,vaem,NA,NA,,NA,17,Tue Jun 12 14:31:27 2018
5sc07,extrapolation,unmarked,initial,sa,"['gu', 'ti']",Noun_Training,burglar,NA,NA,tumbat,NA,NA,,NA,18,Tue Jun 12 14:31:31 2018
5sc07,extrapolation,unmarked,initial,sa,"['gu', 'ti']",Noun_Training,chef,NA,NA,negid,NA,NA,,NA,19,Tue Jun 12 14:31:36 2018
5sc07,extrapolation,unmarked,initial,sa,"['gu', 'ti']",Noun_Training,waitress,NA,NA,vaem,NA,NA,,NA,20,Tue Jun 12 14:31:41 2018
5sc07,extrapolation,unmarked,initial,sa,"['gu', 'ti']",Noun_Training,waitress,NA,NA,vaem,NA,NA,,NA,21,Tue Jun 12 14:31:46 2018
5sc07,extrapolation,unmarked,initial,sa,"['gu', 'ti']",Noun_Training,waitress,NA,NA,vaem,NA,NA,,NA,22,Tue Jun 12 14:31:51 2018
5sc07,extrapolation,unmarked,initial,sa,"['gu', 'ti']",Noun_Training,cowboy,NA,NA,nork,NA,NA,,NA,23,Tue Jun 12 14:31:55 2018
5sc07,extrapolation,unmarked,initial,sa,"['gu', 'ti']",Noun_Training,chef,NA,NA,negid,NA,NA,,NA,24,Tue Jun 12 14:32:00 2018
5sc07,extrapolation,unmarked,initial,sa,"['gu', 'ti']",Noun_Selection,chef,NA,NA,negid,correct,NA,,NA,25,Tue Jun 12 14:32:27 2018
5sc07,extrapolation,unmarked,initial,sa,"['gu', 'ti']",Noun_Selection,cowboy,NA,NA,nork,wrong,NA,,NA,26,Tue Jun 12 14:32:33 2018
5sc07,extrapolation,unmarked,initial,sa,"['gu', 'ti']",Noun_Selection,waitress,NA,NA,vaem,correct,NA,,NA,27,Tue Jun 12 14:32:38 2018
5sc07,extrapolation,unmarked,initial,sa,"['gu', 'ti']",Noun_Selection,burglar,NA,NA,tumbat,correct,NA,,NA,28,Tue Jun 12 14:32:41 2018
5sc07,extrapolation,unmarked,initial,sa,"['gu', 'ti']",Noun_Selection,waitress,NA,NA,vaem,correct,NA,,NA,29,Tue Jun 12 14:32:45 2018
5sc07,extrapolation,unmarked,initial,sa,"['gu', 'ti']",Noun_Selection,cowboy,NA,NA,nork,correct,NA,,NA,30,Tue Jun 12 14:32:48 2018
5sc07,extrapolation,unmarked,initial,sa,"['gu', 'ti']",Noun_Selection,waitress,NA,NA,vaem,correct,NA,,NA,31,Tue Jun 12 14:32:52 2018
5sc07,extrapolation,unmarked,initial,sa,"['gu', 'ti']",Noun_Selection,cowboy,NA,NA,nork,correct,NA,,NA,32,Tue Jun 12 14:32:55 2018
5sc07,extrapolation,unmarked,initial,sa,"['gu', 'ti']",Noun_Selection,chef,NA,NA,negid,correct,NA,,NA,33,Tue Jun 12 14:33:01 2018
5sc07,extrapolation,unmarked,initial,sa,"['gu', 'ti']",Noun_Selection,chef,NA,NA,negid,correct,NA,,NA,34,Tue Jun 12 14:33:06 2018
5sc07,extrapolation,unmarked,initial,sa,"['gu', 'ti']",Noun_Selection,burglar,NA,NA,tumbat,correct,NA,,NA,35,Tue Jun 12 14:33:09 2018
5sc07,extrapolation,unmarked,initial,sa,"['gu', 'ti']",Noun_Selection,burglar,NA,NA,tumbat,correct,NA,,NA,36,Tue Jun 12 14:33:13 2018
5sc07,extrapolation,unmarked,initial,sa,"['gu', 'ti']",Noun_Testing,cowboy,NA,NA,nork,NA,NA,,NA,37,Tue Jun 12 14:33:35 2018
5sc07,extrapolation,unmarked,initial,sa,"['gu', 'ti']",Noun_Testing,chef,NA,NA,negid,NA,NA,,NA,38,Tue Jun 12 14:33:41 2018
5sc07,extrapolation,unmarked,initial,sa,"['gu', 'ti']",Noun_Testing,waitress,NA,NA,vaem,NA,NA,,NA,39,Tue Jun 12 14:33:45 2018
5sc07,extrapolation,unmarked,initial,sa,"['gu', 'ti']",Noun_Testing,burglar,NA,NA,tumbat,NA,NA,,NA,40,Tue Jun 12 14:33:49 2018
5sc07,extrapolation,unmarked,initial,sa,"['gu', 'ti']",Noun_Testing,chef,NA,NA,negid,NA,NA,,NA,41,Tue Jun 12 14:33:54 2018
5sc07,extrapolation,unmarked,initial,sa,"['gu', 'ti']",Noun_Testing,burglar,NA,NA,tumbat,NA,NA,,NA,42,Tue Jun 12 14:33:57 2018
5sc07,extrapolation,unmarked,initial,sa,"['gu', 'ti']",Noun_Testing,burglar,NA,NA,tumbat,NA,NA,,NA,43,Tue Jun 12 14:34:01 2018
5sc07,extrapolation,unmarked,initial,sa,"['gu', 'ti']",Noun_Testing,cowboy,NA,NA,nork,NA,NA,,NA,44,Tue Jun 12 14:34:07 2018
5sc07,extrapolation,unmarked,initial,sa,"['gu', 'ti']",Noun_Testing,cowboy,NA,NA,nork,NA,NA,,NA,45,Tue Jun 12 14:34:11 2018
5sc07,extrapolation,unmarked,initial,sa,"['gu', 'ti']",Noun_Testing,chef,NA,NA,negid,NA,NA,,NA,46,Tue Jun 12 14:34:14 2018
5sc07,extrapolation,unmarked,initial,sa,"['gu', 'ti']",Noun_Testing,waitress,NA,NA,vaem,NA,NA,,NA,47,Tue Jun 12 14:34:17 2018
5sc07,extrapolation,unmarked,initial,sa,"['gu', 'ti']",Noun_Testing,waitress,NA,NA,vaem,NA,NA,,NA,48,Tue Jun 12 14:34:20 2018
5sc07,extrapolation,unmarked,initial,sa,"['gu', 'ti']",SimplePhrase_Training,waitress,NA,NA,vaem,NA,NA,,NA,49,Tue Jun 12 14:34:56 2018
5sc07,extrapolation,unmarked,initial,sa,"['gu', 'ti']",SimplePhrase_Training,point_chef_sg_waitress_sg,NA,NA,poinim negid vaemgu,NA,NA,,NA,50,Tue Jun 12 14:35:04 2018
5sc07,extrapolation,unmarked,initial,sa,"['gu', 'ti']",SimplePhrase_Training,burglar,NA,NA,tumbat,NA,NA,,NA,51,Tue Jun 12 14:35:08 2018
5sc07,extrapolation,unmarked,initial,sa,"['gu', 'ti']",SimplePhrase_Training,kick_chef_pl_cowboy_sg,NA,NA,kikim negidsa norkgu,NA,NA,,NA,52,Tue Jun 12 14:35:16 2018
5sc07,extrapolation,unmarked,initial,sa,"['gu', 'ti']",SimplePhrase_Training,chef,NA,NA,negid,NA,NA,,NA,53,Tue Jun 12 14:35:21 2018
5sc07,extrapolation,unmarked,initial,sa,"['gu', 'ti']",SimplePhrase_Training,point_waitress_sg_chef_sg,NA,NA,poinim vaem negidti,NA,NA,,NA,54,Tue Jun 12 14:35:28 2018
5sc07,extrapolation,unmarked,initial,sa,"['gu', 'ti']",SimplePhrase_Training,point_chef_sg_burglar_sg,NA,NA,poinim negid tumbatti,NA,NA,,NA,55,Tue Jun 12 14:35:35 2018
5sc07,extrapolation,unmarked,initial,sa,"['gu', 'ti']",SimplePhrase_Training,kick_waitress_sg_burglar_sg,NA,NA,kikim vaem tumbatti,NA,NA,,NA,56,Tue Jun 12 14:35:42 2018
5sc07,extrapolation,unmarked,initial,sa,"['gu', 'ti']",SimplePhrase_Training,punch_cowboy_pl_waitress_sg,NA,NA,straikim norksa vaemgu,NA,NA,,NA,57,Tue Jun 12 14:35:50 2018
5sc07,extrapolation,unmarked,initial,sa,"['gu', 'ti']",SimplePhrase_Training,point_waitress_pl_cowboy_sg,NA,NA,poinim vaemsa norkgu,NA,NA,,NA,58,Tue Jun 12 14:35:58 2018
5sc07,extrapolation,unmarked,initial,sa,"['gu', 'ti']",SimplePhrase_Training,kick_chef_pl_waitress_sg,NA,NA,kikim negidsa vaemgu,NA,NA,,NA,59,Tue Jun 12 14:36:05 2018
5sc07,extrapolation,unmarked,initial,sa,"['gu', 'ti']",SimplePhrase_Training,punch_burglar_sg_waitress_sg,NA,NA,straikim tumbat vaemgu,NA,NA,,NA,60,Tue Jun 12 14:36:13 2018
5sc07,extrapolation,unmarked,initial,sa,"['gu', 'ti']",SimplePhrase_Training,punch_burglar_pl_cowboy_sg,NA,NA,straikim tumbatsa norkgu,NA,NA,,NA,61,Tue Jun 12 14:36:20 2018
5sc07,extrapolation,unmarked,initial,sa,"['gu', 'ti']",SimplePhrase_Training,kick_cowboy_pl_burglar_sg,NA,NA,kikim norksa tumbatti,NA,NA,,NA,62,Tue Jun 12 14:36:28 2018
5sc07,extrapolation,unmarked,initial,sa,"['gu', 'ti']",SimplePhrase_Training,punch_chef_sg_cowboy_sg,NA,NA,straikim negid norkgu,NA,NA,,NA,63,Tue Jun 12 14:36:35 2018
5sc07,extrapolation,unmarked,initial,sa,"['gu', 'ti']",SimplePhrase_Training,point_burglar_pl_chef_sg,NA,NA,poinim tumbatsa negidti,NA,NA,,NA,64,Tue Jun 12 14:36:43 2018
5sc07,extrapolation,unmarked,initial,sa,"['gu', 'ti']",SimplePhrase_Training,chef,NA,NA,negid,NA,NA,,NA,65,Tue Jun 12 14:36:47 2018
5sc07,extrapolation,unmarked,initial,sa,"['gu', 'ti']",SimplePhrase_Training,kick_burglar_sg_chef_sg,NA,NA,kikim tumbat negidti,NA,NA,,NA,66,Tue Jun 12 14:36:55 2018
5sc07,extrapolation,unmarked,initial,sa,"['gu', 'ti']",SimplePhrase_Training,point_chef_pl_cowboy_sg,NA,NA,poinim negidsa norkgu,NA,NA,,NA,67,Tue Jun 12 14:37:02 2018
5sc07,extrapolation,unmarked,initial,sa,"['gu', 'ti']",SimplePhrase_Training,point_chef_sg_cowboy_sg,NA,NA,poinim negid norkgu,NA,NA,,NA,68,Tue Jun 12 14:37:09 2018
5sc07,extrapolation,unmarked,initial,sa,"['gu', 'ti']",SimplePhrase_Training,punch_cowboy_sg_burglar_sg,NA,NA,straikim nork tumbatti,NA,NA,,NA,69,Tue Jun 12 14:37:17 2018
5sc07,extrapolation,unmarked,initial,sa,"['gu', 'ti']",SimplePhrase_Training,point_burglar_pl_waitress_sg,NA,NA,poinim tumbatsa vaemgu,NA,NA,,NA,70,Tue Jun 12 14:37:25 2018
5sc07,extrapolation,unmarked,initial,sa,"['gu', 'ti']",SimplePhrase_Training,point_burglar_sg_waitress_sg,NA,NA,poinim tumbat vaemgu,NA,NA,,NA,71,Tue Jun 12 14:37:32 2018
5sc07,extrapolation,unmarked,initial,sa,"['gu', 'ti']",SimplePhrase_Training,punch_waitress_pl_cowboy_sg,NA,NA,straikim vaemsa norkgu,NA,NA,,NA,72,Tue Jun 12 14:37:40 2018
5sc07,extrapolation,unmarked,initial,sa,"['gu', 'ti']",SimplePhrase_Training,point_cowboy_sg_waitress_sg,NA,NA,poinim nork vaemgu,NA,NA,,NA,73,Tue Jun 12 14:37:47 2018
5sc07,extrapolation,unmarked,initial,sa,"['gu', 'ti']",SimplePhrase_Training,kick_cowboy_pl_chef_sg,NA,NA,kikim norksa negidti,NA,NA,,NA,74,Tue Jun 12 14:37:55 2018
5sc07,extrapolation,unmarked,initial,sa,"['gu', 'ti']",SimplePhrase_Training,punch_waitress_pl_chef_sg,NA,NA,straikim vaemsa negidti,NA,NA,,NA,75,Tue Jun 12 14:38:02 2018
5sc07,extrapolation,unmarked,initial,sa,"['gu', 'ti']",SimplePhrase_Training,punch_burglar_sg_cowboy_sg,NA,NA,straikim tumbat norkgu,NA,NA,,NA,76,Tue Jun 12 14:38:10 2018
5sc07,extrapolation,unmarked,initial,sa,"['gu', 'ti']",SimplePhrase_Training,waitress,NA,NA,vaem,NA,NA,,NA,77,Tue Jun 12 14:38:15 2018
5sc07,extrapolation,unmarked,initial,sa,"['gu', 'ti']",SimplePhrase_Training,kick_waitress_sg_cowboy_sg,NA,NA,kikim vaem norkgu,NA,NA,,NA,78,Tue Jun 12 14:38:22 2018
5sc07,extrapolation,unmarked,initial,sa,"['gu', 'ti']",SimplePhrase_Training,kick_burglar_sg_cowboy_sg,NA,NA,kikim tumbat norkgu,NA,NA,,NA,79,Tue Jun 12 14:38:29 2018
5sc07,extrapolation,unmarked,initial,sa,"['gu', 'ti']",SimplePhrase_Training,point_cowboy_sg_burglar_sg,NA,NA,poinim nork tumbatti,NA,NA,,NA,80,Tue Jun 12 14:38:37 2018
5sc07,extrapolation,unmarked,initial,sa,"['gu', 'ti']",SimplePhrase_Training,kick_waitress_pl_burglar_sg,NA,NA,kikim vaemsa tumbatti,NA,NA,,NA,81,Tue Jun 12 14:38:44 2018
5sc07,extrapolation,unmarked,initial,sa,"['gu', 'ti']",SimplePhrase_Training,kick_chef_sg_waitress_sg,NA,NA,kikim negid vaemgu,NA,NA,,NA,82,Tue Jun 12 14:38:51 2018
5sc07,extrapolation,unmarked,initial,sa,"['gu', 'ti']",SimplePhrase_Training,point_burglar_sg_chef_sg,NA,NA,poinim tumbat negidti,NA,NA,,NA,83,Tue Jun 12 14:38:59 2018
5sc07,extrapolation,unmarked,initial,sa,"['gu', 'ti']",SimplePhrase_Training,point_chef_pl_burglar_sg,NA,NA,poinim negidsa tumbatti,NA,NA,,NA,84,Tue Jun 12 14:39:06 2018
5sc07,extrapolation,unmarked,initial,sa,"['gu', 'ti']",SimplePhrase_Training,punch_cowboy_pl_burglar_sg,NA,NA,straikim norksa tumbatti,NA,NA,,NA,85,Tue Jun 12 14:39:14 2018
5sc07,extrapolation,unmarked,initial,sa,"['gu', 'ti']",SimplePhrase_Training,cowboy,NA,NA,nork,NA,NA,,NA,86,Tue Jun 12 14:39:19 2018
5sc07,extrapolation,unmarked,initial,sa,"['gu', 'ti']",SimplePhrase_Training,cowboy,NA,NA,nork,NA,NA,,NA,87,Tue Jun 12 14:39:24 2018
5sc07,extrapolation,unmarked,initial,sa,"['gu', 'ti']",SimplePhrase_Training,point_waitress_sg_burglar_sg,NA,NA,poinim vaem tumbatti,NA,NA,,NA,88,Tue Jun 12 14:39:31 2018
5sc07,extrapolation,unmarked,initial,sa,"['gu', 'ti']",SimplePhrase_Training,point_chef_pl_waitress_sg,NA,NA,poinim negidsa vaemgu,NA,NA,,NA,89,Tue Jun 12 14:39:39 2018
5sc07,extrapolation,unmarked,initial,sa,"['gu', 'ti']",SimplePhrase_Training,point_cowboy_sg_chef_sg,NA,NA,poinim nork negidti,NA,NA,,NA,90,Tue Jun 12 14:39:46 2018
5sc07,extrapolation,unmarked,initial,sa,"['gu', 'ti']",SimplePhrase_Training,point_waitress_pl_chef_sg,NA,NA,poinim vaemsa negidti,NA,NA,,NA,91,Tue Jun 12 14:39:54 2018
5sc07,extrapolation,unmarked,initial,sa,"['gu', 'ti']",SimplePhrase_Training,kick_burglar_pl_chef_sg,NA,NA,kikim tumbatsa negidti,NA,NA,,NA,92,Tue Jun 12 14:40:01 2018
5sc07,extrapolation,unmarked,initial,sa,"['gu', 'ti']",SimplePhrase_Training,point_cowboy_pl_burglar_sg,NA,NA,poinim norksa tumbatti,NA,NA,,NA,93,Tue Jun 12 14:40:09 2018
5sc07,extrapolation,unmarked,initial,sa,"['gu', 'ti']",SimplePhrase_Training,kick_waitress_pl_chef_sg,NA,NA,kikim vaemsa negidti,NA,NA,,NA,94,Tue Jun 12 14:40:16 2018
5sc07,extrapolation,unmarked,initial,sa,"['gu', 'ti']",SimplePhrase_Training,punch_waitress_pl_burglar_sg,NA,NA,straikim vaemsa tumbatti,NA,NA,,NA,95,Tue Jun 12 14:40:24 2018
5sc07,extrapolation,unmarked,initial,sa,"['gu', 'ti']",SimplePhrase_Training,burglar,NA,NA,tumbat,NA,NA,,NA,96,Tue Jun 12 14:40:29 2018
5sc07,extrapolation,unmarked,initial,sa,"['gu', 'ti']",SimplePhrase_Training,kick_cowboy_sg_burglar_sg,NA,NA,kikim nork tumbatti,NA,NA,,NA,97,Tue Jun 12 14:40:36 2018
5sc07,extrapolation,unmarked,initial,sa,"['gu', 'ti']",SimplePhrase_Training,punch_chef_pl_waitress_sg,NA,NA,straikim negidsa vaemgu,NA,NA,,NA,98,Tue Jun 12 14:40:44 2018
5sc07,extrapolation,unmarked,initial,sa,"['gu', 'ti']",SimplePhrase_Training,point_burglar_sg_cowboy_sg,NA,NA,poinim tumbat norkgu,NA,NA,,NA,99,Tue Jun 12 14:40:51 2018
5sc07,extrapolation,unmarked,initial,sa,"['gu', 'ti']",SimplePhrase_Training,point_cowboy_pl_waitress_sg,NA,NA,poinim norksa vaemgu,NA,NA,,NA,100,Tue Jun 12 14:40:59 2018
5sc07,extrapolation,unmarked,initial,sa,"['gu', 'ti']",SimplePhrase_Training,kick_waitress_pl_cowboy_sg,NA,NA,kikim vaemsa norkgu,NA,NA,,NA,101,Tue Jun 12 14:41:06 2018
5sc07,extrapolation,unmarked,initial,sa,"['gu', 'ti']",SimplePhrase_Training,punch_waitress_sg_chef_sg,NA,NA,straikim vaem negidti,NA,NA,,NA,102,Tue Jun 12 14:41:14 2018
5sc07,extrapolation,unmarked,initial,sa,"['gu', 'ti']",SimplePhrase_Training,kick_cowboy_sg_chef_sg,NA,NA,kikim nork negidti,NA,NA,,NA,103,Tue Jun 12 14:41:21 2018
5sc07,extrapolation,unmarked,initial,sa,"['gu', 'ti']",SimplePhrase_Training,punch_cowboy_sg_waitress_sg,NA,NA,straikim nork vaemgu,NA,NA,,NA,104,Tue Jun 12 14:41:29 2018
5sc07,extrapolation,unmarked,initial,sa,"['gu', 'ti']",SimplePhrase_Comprehension,punch_chef_pl_cowboy_sg,NA,NA,straikim negidsa norkgu,correct,NA,,NA,105,Tue Jun 12 14:41:54 2018
5sc07,extrapolation,unmarked,initial,sa,"['gu', 'ti']",SimplePhrase_Comprehension,punch_burglar_sg_chef_sg,NA,NA,straikim tumbat negidti,correct,NA,,NA,106,Tue Jun 12 14:42:00 2018
5sc07,extrapolation,unmarked,initial,sa,"['gu', 'ti']",SimplePhrase_Comprehension,point_burglar_pl_cowboy_sg,NA,NA,poinim tumbatsa norkgu,correct,NA,,NA,107,Tue Jun 12 14:42:06 2018
5sc07,extrapolation,unmarked,initial,sa,"['gu', 'ti']",SimplePhrase_Comprehension,punch_burglar_pl_waitress_sg,NA,NA,straikim tumbatsa vaemgu,correct,NA,,NA,108,Tue Jun 12 14:42:11 2018
5sc07,extrapolation,unmarked,initial,sa,"['gu', 'ti']",SimplePhrase_Comprehension,kick_waitress_sg_chef_sg,NA,NA,kikim vaem negidti,correct,NA,,NA,109,Tue Jun 12 14:42:17 2018
5sc07,extrapolation,unmarked,initial,sa,"['gu', 'ti']",SimplePhrase_Comprehension,punch_chef_sg_burglar_sg,NA,NA,straikim negid tumbatti,correct,NA,,NA,110,Tue Jun 12 14:42:24 2018
5sc07,extrapolation,unmarked,initial,sa,"['gu', 'ti']",SimplePhrase_Comprehension,kick_burglar_pl_waitress_sg,NA,NA,kikim tumbatsa vaemgu,correct,NA,,NA,111,Tue Jun 12 14:42:30 2018
5sc07,extrapolation,unmarked,initial,sa,"['gu', 'ti']",SimplePhrase_Comprehension,point_waitress_sg_burglar_sg,NA,NA,poinim vaem tumbatti,correct,NA,,NA,112,Tue Jun 12 14:42:35 2018
5sc07,extrapolation,unmarked,initial,sa,"['gu', 'ti']",SimplePhrase_Comprehension,kick_chef_sg_cowboy_sg,NA,NA,kikim negid norkgu,correct,NA,,NA,113,Tue Jun 12 14:42:42 2018
5sc07,extrapolation,unmarked,initial,sa,"['gu', 'ti']",SimplePhrase_Comprehension,kick_chef_pl_burglar_sg,NA,NA,kikim negidsa tumbatti,correct,NA,,NA,114,Tue Jun 12 14:42:48 2018
5sc07,extrapolation,unmarked,initial,sa,"['gu', 'ti']",SimplePhrase_Comprehension,punch_waitress_sg_chef_sg,NA,NA,straikim vaem negidti,correct,NA,,NA,115,Tue Jun 12 14:42:54 2018
5sc07,extrapolation,unmarked,initial,sa,"['gu', 'ti']",SimplePhrase_Comprehension,punch_chef_pl_burglar_sg,NA,NA,straikim negidsa tumbatti,correct,NA,,NA,116,Tue Jun 12 14:43:00 2018
5sc07,extrapolation,unmarked,initial,sa,"['gu', 'ti']",SimplePhrase_Comprehension,kick_cowboy_sg_waitress_sg,NA,NA,kikim nork vaemgu,correct,NA,,NA,117,Tue Jun 12 14:43:05 2018
5sc07,extrapolation,unmarked,initial,sa,"['gu', 'ti']",SimplePhrase_Comprehension,point_waitress_pl_burglar_sg,NA,NA,poinim vaemsa tumbatti,correct,NA,,NA,118,Tue Jun 12 14:43:11 2018
5sc07,extrapolation,unmarked,initial,sa,"['gu', 'ti']",SimplePhrase_Comprehension,punch_chef_sg_cowboy_sg,NA,NA,straikim negid norkgu,correct,NA,,NA,119,Tue Jun 12 14:43:17 2018
5sc07,extrapolation,unmarked,initial,sa,"['gu', 'ti']",SimplePhrase_Comprehension,point_cowboy_pl_chef_sg,NA,NA,poinim norksa negidti,correct,NA,,NA,120,Tue Jun 12 14:43:23 2018
5sc07,extrapolation,unmarked,initial,sa,"['gu', 'ti']",SimplePhrase_Comprehension,kick_burglar_pl_cowboy_sg,NA,NA,kikim tumbatsa norkgu,correct,NA,,NA,121,Tue Jun 12 14:43:29 2018
5sc07,extrapolation,unmarked,initial,sa,"['gu', 'ti']",SimplePhrase_Comprehension,kick_burglar_pl_chef_sg,NA,NA,kikim tumbatsa negidti,correct,NA,,NA,122,Tue Jun 12 14:43:36 2018
5sc07,extrapolation,unmarked,initial,sa,"['gu', 'ti']",SimplePhrase_Comprehension,kick_cowboy_sg_waitress_sg,NA,NA,kikim nork vaemgu,correct,NA,,NA,123,Tue Jun 12 14:43:41 2018
5sc07,extrapolation,unmarked,initial,sa,"['gu', 'ti']",SimplePhrase_Comprehension,point_waitress_sg_cowboy_sg,NA,NA,poinim vaem norkgu,correct,NA,,NA,124,Tue Jun 12 14:43:47 2018
5sc07,extrapolation,unmarked,initial,sa,"['gu', 'ti']",SimplePhrase_Comprehension,kick_burglar_sg_waitress_sg,NA,NA,kikim tumbat vaemgu,correct,NA,,NA,125,Tue Jun 12 14:43:52 2018
5sc07,extrapolation,unmarked,initial,sa,"['gu', 'ti']",SimplePhrase_Comprehension,kick_chef_sg_burglar_sg,NA,NA,kikim negid tumbatti,correct,NA,,NA,126,Tue Jun 12 14:43:59 2018
5sc07,extrapolation,unmarked,initial,sa,"['gu', 'ti']",SimplePhrase_Comprehension,punch_burglar_pl_chef_sg,NA,NA,straikim tumbatsa negidti,correct,NA,,NA,127,Tue Jun 12 14:44:05 2018
5sc07,extrapolation,unmarked,initial,sa,"['gu', 'ti']",SimplePhrase_Comprehension,kick_cowboy_pl_waitress_sg,NA,NA,kikim norksa vaemgu,correct,NA,,NA,128,Tue Jun 12 14:44:11 2018
5sc07,extrapolation,unmarked,initial,sa,"['gu', 'ti']",SimplePhrase_Typing,point_cowboy_sg_waitress_sg,NA,NA,poinim nork vaemgu,NA,poinim nork vaemgu,,NA,129,Tue Jun 12 14:44:57 2018
5sc07,extrapolation,unmarked,initial,sa,"['gu', 'ti']",SimplePhrase_Typing,point_cowboy_sg_burglar_sg,NA,NA,poinim nork tumbatti,NA,poinim nork tumbatti,,NA,130,Tue Jun 12 14:45:11 2018
5sc07,extrapolation,unmarked,initial,sa,"['gu', 'ti']",SimplePhrase_Typing,point_cowboy_pl_waitress_sg,NA,NA,poinim norksa vaemgu,NA,poinim norksa vaemgu,,NA,131,Tue Jun 12 14:45:25 2018
5sc07,extrapolation,unmarked,initial,sa,"['gu', 'ti']",SimplePhrase_Typing,punch_chef_sg_cowboy_sg,NA,NA,straikim negid norkgu,NA,straikim negid norkgu,,NA,132,Tue Jun 12 14:45:41 2018
5sc07,extrapolation,unmarked,initial,sa,"['gu', 'ti']",SimplePhrase_Typing,point_waitress_sg_chef_sg,NA,NA,poinim vaem negidti,NA,poinim vaem negidti,,NA,133,Tue Jun 12 14:45:58 2018
5sc07,extrapolation,unmarked,initial,sa,"['gu', 'ti']",SimplePhrase_Typing,punch_burglar_sg_waitress_sg,NA,NA,straikim tumbat vaemgu,NA,straikim tumbat vaemgu,,NA,134,Tue Jun 12 14:46:11 2018
5sc07,extrapolation,unmarked,initial,sa,"['gu', 'ti']",SimplePhrase_Typing,point_burglar_sg_chef_sg,NA,NA,poinim tumbat negidti,NA,poinim tumbat negitti,,NA,135,Tue Jun 12 14:46:28 2018
5sc07,extrapolation,unmarked,initial,sa,"['gu', 'ti']",SimplePhrase_Typing,burglar,NA,NA,tumbat,NA,tumbat,,NA,136,Tue Jun 12 14:46:34 2018
5sc07,extrapolation,unmarked,initial,sa,"['gu', 'ti']",SimplePhrase_Typing,point_burglar_pl_waitress_sg,NA,NA,poinim tumbatsa vaemgu,NA,poinim tumbatsa vaemgu,,NA,137,Tue Jun 12 14:46:47 2018
5sc07,extrapolation,unmarked,initial,sa,"['gu', 'ti']",SimplePhrase_Typing,point_chef_pl_cowboy_sg,NA,NA,poinim negidsa norkgu,NA,poinim negidsa norkgu,,NA,138,Tue Jun 12 14:46:59 2018
5sc07,extrapolation,unmarked,initial,sa,"['gu', 'ti']",SimplePhrase_Typing,point_waitress_sg_burglar_sg,NA,NA,poinim vaem tumbatti,NA,poinim vaem tumbatti,,NA,139,Tue Jun 12 14:47:12 2018
5sc07,extrapolation,unmarked,initial,sa,"['gu', 'ti']",SimplePhrase_Typing,cowboy,NA,NA,nork,NA,nork,,NA,140,Tue Jun 12 14:47:18 2018
5sc07,extrapolation,unmarked,initial,sa,"['gu', 'ti']",SimplePhrase_Typing,punch_cowboy_pl_burglar_sg,NA,NA,straikim norksa tumbatti,NA,straikim norksa tumbatti,,NA,141,Tue Jun 12 14:47:35 2018
5sc07,extrapolation,unmarked,initial,sa,"['gu', 'ti']",SimplePhrase_Typing,point_waitress_pl_chef_sg,NA,NA,poinim vaemsa negidti,NA,poinim vaemsa negidti,,NA,142,Tue Jun 12 14:47:49 2018
5sc07,extrapolation,unmarked,initial,sa,"['gu', 'ti']",SimplePhrase_Typing,chef,NA,NA,negid,NA,negid,,NA,143,Tue Jun 12 14:47:55 2018
5sc07,extrapolation,unmarked,initial,sa,"['gu', 'ti']",SimplePhrase_Typing,waitress,NA,NA,vaem,NA,vaem,,NA,144,Tue Jun 12 14:48:01 2018
5sc07,extrapolation,unmarked,initial,sa,"['gu', 'ti']",SimplePhrase_Typing,point_burglar_sg_cowboy_sg,NA,NA,poinim tumbat norkgu,NA,poinim tumbat norkgu,,NA,145,Tue Jun 12 14:48:11 2018
5sc07,extrapolation,unmarked,initial,sa,"['gu', 'ti']",SimplePhrase_Typing,kick_waitress_pl_chef_sg,NA,NA,kikim vaemsa negidti,NA,kikim vaemsa negidti,,NA,146,Tue Jun 12 14:48:26 2018
5sc07,extrapolation,unmarked,initial,sa,"['gu', 'ti']",SimplePhrase_Typing,kick_waitress_pl_cowboy_sg,NA,NA,kikim vaemsa norkgu,NA,kikim vaemsa norkgu,,NA,147,Tue Jun 12 14:48:35 2018
5sc07,extrapolation,unmarked,initial,sa,"['gu', 'ti']",SimplePhrase_Typing,punch_waitress_pl_burglar_sg,NA,NA,straikim vaemsa tumbatti,NA,straikim vaemsa tumbatti,,NA,148,Tue Jun 12 14:48:48 2018
5sc07,extrapolation,unmarked,initial,sa,"['gu', 'ti']",ComplexPhrase_Typing,kick_cowboy_sg_burglar_pl,burglar,tumbat,kikim nork tumbatsati,NA,kikim nork tumbattisa,,NA,149,Tue Jun 12 14:49:38 2018
5sc07,extrapolation,unmarked,initial,sa,"['gu', 'ti']",ComplexPhrase_Typing,kick_chef_sg_waitress_pl,waitress,vaem,kikim negid vaemsagu,NA,kikim negid vaemgusa,,NA,150,Tue Jun 12 14:50:16 2018
5sc07,extrapolation,unmarked,initial,sa,"['gu', 'ti']",ComplexPhrase_Typing,punch_cowboy_sg_chef_pl,chef,negid,straikim nork negidsati,NA,straikim nork negidtisa,,NA,151,Tue Jun 12 14:50:35 2018
5sc07,extrapolation,unmarked,initial,sa,"['gu', 'ti']",ComplexPhrase_Typing,kick_chef_sg_cowboy_pl,cowboy,nork,kikim negid norksagu,NA,kikim negid norkgusa,,NA,152,Tue Jun 12 14:50:46 2018
5sc07,extrapolation,unmarked,initial,sa,"['gu', 'ti']",ComplexPhrase_Typing,kick_chef_sg_waitress_pl,waitress,vaem,kikim negid vaemsagu,NA,kikim negid vaemgusa,,NA,153,Tue Jun 12 14:50:56 2018
5sc07,extrapolation,unmarked,initial,sa,"['gu', 'ti']",ComplexPhrase_Typing,punch_cowboy_sg_chef_pl,chef,negid,straikim nork negidsati,NA,straikim nork negidtisa,,NA,154,Tue Jun 12 14:51:03 2018
5sc07,extrapolation,unmarked,initial,sa,"['gu', 'ti']",ComplexPhrase_Typing,kick_cowboy_sg_burglar_pl,burglar,tumbat,kikim nork tumbatsati,NA,kikim nork tumbattisa,,NA,155,Tue Jun 12 14:51:10 2018
5sc07,extrapolation,unmarked,initial,sa,"['gu', 'ti']",ComplexPhrase_Typing,kick_chef_sg_cowboy_pl,cowboy,nork,kikim negid norksagu,NA,kikim negid norkgusa,,NA,156,Tue Jun 12 14:51:18 2018
5sc07,extrapolation,unmarked,initial,sa,"['gu', 'ti']",ComplexPhrase_Typing,kick_chef_sg_cowboy_pl,cowboy,nork,kikim negid norksagu,NA,kikim negid norkgusa,,NA,157,Tue Jun 12 14:51:27 2018
5sc07,extrapolation,unmarked,initial,sa,"['gu', 'ti']",ComplexPhrase_Typing,kick_chef_sg_waitress_pl,waitress,vaem,kikim negid vaemsagu,NA,kikim negid vaemgusa,,NA,158,Tue Jun 12 14:51:35 2018
5sc07,extrapolation,unmarked,initial,sa,"['gu', 'ti']",ComplexPhrase_Typing,kick_cowboy_sg_burglar_pl,burglar,tumbat,kikim nork tumbatsati,NA,kikim nork tumbattisa,,NA,159,Tue Jun 12 14:51:46 2018
5sc07,extrapolation,unmarked,initial,sa,"['gu', 'ti']",ComplexPhrase_Typing,punch_cowboy_sg_chef_pl,chef,negid,straikim nork negidsati,NA,straikim nork negidtisa,,NA,160,Tue Jun 12 14:51:54 2018
5sc07,extrapolation,unmarked,initial,sa,"['gu', 'ti']",ComplexPhrase_Testing,punch_chef_sg_waitress_pl,waitress,vaem,straikim negid vaemsagu,NA,NA,,NA,161,Tue Jun 12 14:52:34 2018
5sc07,extrapolation,unmarked,initial,sa,"['gu', 'ti']",ComplexPhrase_Testing,kick_burglar_pl_chef_sg,NA,NA,kikim tumbatsa negidti,NA,NA,,NA,162,Tue Jun 12 14:52:42 2018
5sc07,extrapolation,unmarked,initial,sa,"['gu', 'ti']",ComplexPhrase_Testing,point_chef_sg_burglar_pl,burglar,tumbat,poinim negid tumbatsati,NA,NA,,NA,163,Tue Jun 12 14:52:54 2018
5sc07,extrapolation,unmarked,initial,sa,"['gu', 'ti']",ComplexPhrase_Testing,kick_waitress_sg_burglar_pl,burglar,tumbat,kikim vaem tumbatsati,NA,NA,,NA,164,Tue Jun 12 14:52:59 2018
5sc07,extrapolation,unmarked,initial,sa,"['gu', 'ti']",ComplexPhrase_Testing,kick_cowboy_sg_chef_pl,chef,negid,kikim nork negidsati,NA,NA,,NA,165,Tue Jun 12 14:53:05 2018
5sc07,extrapolation,unmarked,initial,sa,"['gu', 'ti']",ComplexPhrase_Testing,waitress,NA,NA,vaem,NA,NA,,NA,166,Tue Jun 12 14:53:07 2018
5sc07,extrapolation,unmarked,initial,sa,"['gu', 'ti']",ComplexPhrase_Testing,punch_waitress_sg_cowboy_pl,cowboy,nork,straikim vaem norksagu,NA,NA,,NA,167,Tue Jun 12 14:53:15 2018
5sc07,extrapolation,unmarked,initial,sa,"['gu', 'ti']",ComplexPhrase_Testing,punch_chef_sg_cowboy_pl,cowboy,nork,straikim negid norksagu,NA,NA,,NA,168,Tue Jun 12 14:53:22 2018
5sc07,extrapolation,unmarked,initial,sa,"['gu', 'ti']",ComplexPhrase_Testing,point_waitress_sg_burglar_pl,burglar,tumbat,poinim vaem tumbatsati,NA,NA,,NA,169,Tue Jun 12 14:53:26 2018
5sc07,extrapolation,unmarked,initial,sa,"['gu', 'ti']",ComplexPhrase_Testing,kick_burglar_sg_waitress_pl,waitress,vaem,kikim tumbat vaemsagu,NA,NA,,NA,170,Tue Jun 12 14:53:32 2018
5sc07,extrapolation,unmarked,initial,sa,"['gu', 'ti']",ComplexPhrase_Testing,kick_waitress_sg_burglar_pl,burglar,tumbat,kikim vaem tumbatsati,NA,NA,,NA,171,Tue Jun 12 14:53:36 2018
5sc07,extrapolation,unmarked,initial,sa,"['gu', 'ti']",ComplexPhrase_Testing,punch_waitress_pl_cowboy_sg,NA,NA,straikim vaemsa norkgu,NA,NA,,NA,172,Tue Jun 12 14:53:43 2018
5sc07,extrapolation,unmarked,initial,sa,"['gu', 'ti']",ComplexPhrase_Testing,point_waitress_sg_burglar_pl,burglar,tumbat,poinim vaem tumbatsati,NA,NA,,NA,173,Tue Jun 12 14:53:49 2018
5sc07,extrapolation,unmarked,initial,sa,"['gu', 'ti']",ComplexPhrase_Testing,kick_burglar_sg_waitress_pl,waitress,vaem,kikim tumbat vaemsagu,NA,NA,,NA,174,Tue Jun 12 14:53:58 2018
5sc07,extrapolation,unmarked,initial,sa,"['gu', 'ti']",ComplexPhrase_Testing,point_burglar_sg_waitress_pl,waitress,vaem,poinim tumbat vaemsagu,NA,NA,,NA,175,Tue Jun 12 14:54:05 2018
5sc07,extrapolation,unmarked,initial,sa,"['gu', 'ti']",ComplexPhrase_Testing,punch_waitress_sg_cowboy_pl,cowboy,nork,straikim vaem norksagu,NA,NA,,NA,176,Tue Jun 12 14:54:13 2018
5sc07,extrapolation,unmarked,initial,sa,"['gu', 'ti']",ComplexPhrase_Testing,kick_waitress_sg_burglar_sg,NA,NA,kikim vaem tumbatti,NA,NA,,NA,177,Tue Jun 12 14:54:18 2018
5sc07,extrapolation,unmarked,initial,sa,"['gu', 'ti']",ComplexPhrase_Testing,point_chef_sg_burglar_pl,burglar,tumbat,poinim negid tumbatsati,NA,NA,,NA,178,Tue Jun 12 14:54:27 2018
5sc07,extrapolation,unmarked,initial,sa,"['gu', 'ti']",ComplexPhrase_Testing,punch_cowboy_pl_waitress_sg,NA,NA,straikim norksa vaemgu,NA,NA,,NA,179,Tue Jun 12 14:54:35 2018
5sc07,extrapolation,unmarked,initial,sa,"['gu', 'ti']",ComplexPhrase_Testing,punch_chef_sg_cowboy_pl,cowboy,nork,straikim negid norksagu,NA,NA,,NA,180,Tue Jun 12 14:54:45 2018
5sc07,extrapolation,unmarked,initial,sa,"['gu', 'ti']",ComplexPhrase_Testing,kick_burglar_sg_waitress_pl,waitress,vaem,kikim tumbat vaemsagu,NA,NA,,NA,181,Tue Jun 12 14:54:53 2018
5sc07,extrapolation,unmarked,initial,sa,"['gu', 'ti']",ComplexPhrase_Testing,punch_chef_sg_waitress_pl,waitress,vaem,straikim negid vaemsagu,NA,NA,,NA,182,Tue Jun 12 14:55:00 2018
5sc07,extrapolation,unmarked,initial,sa,"['gu', 'ti']",ComplexPhrase_Testing,cowboy,NA,NA,nork,NA,NA,,NA,183,Tue Jun 12 14:55:05 2018
5sc07,extrapolation,unmarked,initial,sa,"['gu', 'ti']",ComplexPhrase_Testing,punch_chef_sg_cowboy_sg,NA,NA,straikim negid norkgu,NA,NA,,NA,184,Tue Jun 12 14:55:14 2018
5sc07,extrapolation,unmarked,initial,sa,"['gu', 'ti']",ComplexPhrase_Testing,punch_cowboy_sg_chef_pl,chef,negid,straikim nork negidsati,NA,NA,,NA,185,Tue Jun 12 14:55:23 2018
5sc07,extrapolation,unmarked,initial,sa,"['gu', 'ti']",ComplexPhrase_Testing,chef,NA,NA,negid,NA,NA,,NA,186,Tue Jun 12 14:55:25 2018
5sc07,extrapolation,unmarked,initial,sa,"['gu', 'ti']",ComplexPhrase_Testing,point_waitress_sg_burglar_pl,burglar,tumbat,poinim vaem tumbatsati,NA,NA,,NA,187,Tue Jun 12 14:55:32 2018
5sc07,extrapolation,unmarked,initial,sa,"['gu', 'ti']",ComplexPhrase_Testing,punch_cowboy_sg_chef_pl,chef,negid,straikim nork negidsati,NA,NA,,NA,188,Tue Jun 12 14:55:37 2018
5sc07,extrapolation,unmarked,initial,sa,"['gu', 'ti']",ComplexPhrase_Testing,kick_waitress_sg_chef_sg,NA,NA,kikim vaem negidti,NA,NA,,NA,189,Tue Jun 12 14:55:43 2018
5sc07,extrapolation,unmarked,initial,sa,"['gu', 'ti']",ComplexPhrase_Testing,point_chef_sg_burglar_pl,burglar,tumbat,poinim negid tumbatsati,NA,NA,,NA,190,Tue Jun 12 14:55:51 2018
5sc07,extrapolation,unmarked,initial,sa,"['gu', 'ti']",ComplexPhrase_Testing,point_waitress_pl_burglar_sg,NA,NA,poinim vaemsa tumbatti,NA,NA,,NA,191,Tue Jun 12 14:55:56 2018
5sc07,extrapolation,unmarked,initial,sa,"['gu', 'ti']",ComplexPhrase_Testing,kick_waitress_sg_cowboy_sg,NA,NA,kikim vaem norkgu,NA,NA,,NA,192,Tue Jun 12 14:56:06 2018
5sc07,extrapolation,unmarked,initial,sa,"['gu', 'ti']",ComplexPhrase_Testing,punch_chef_sg_cowboy_pl,cowboy,nork,straikim negid norksagu,NA,NA,,NA,193,Tue Jun 12 14:56:14 2018
5sc07,extrapolation,unmarked,initial,sa,"['gu', 'ti']",ComplexPhrase_Testing,point_cowboy_sg_chef_pl,chef,negid,poinim nork negidsati,NA,NA,,NA,194,Tue Jun 12 14:56:19 2018
5sc07,extrapolation,unmarked,initial,sa,"['gu', 'ti']",ComplexPhrase_Testing,point_burglar_sg_waitress_pl,waitress,vaem,poinim tumbat vaemsagu,NA,NA,,NA,195,Tue Jun 12 14:56:24 2018
5sc07,extrapolation,unmarked,initial,sa,"['gu', 'ti']",ComplexPhrase_Testing,point_chef_sg_cowboy_pl,cowboy,nork,poinim negid norksagu,NA,NA,,NA,196,Tue Jun 12 14:56:30 2018
5sc07,extrapolation,unmarked,initial,sa,"['gu', 'ti']",ComplexPhrase_Testing,point_chef_sg_cowboy_pl,cowboy,nork,poinim negid norksagu,NA,NA,,NA,197,Tue Jun 12 14:56:35 2018
5sc07,extrapolation,unmarked,initial,sa,"['gu', 'ti']",ComplexPhrase_Testing,punch_waitress_sg_cowboy_pl,cowboy,nork,straikim vaem norksagu,NA,NA,,NA,198,Tue Jun 12 14:56:40 2018
5sc07,extrapolation,unmarked,initial,sa,"['gu', 'ti']",ComplexPhrase_Testing,punch_waitress_pl_chef_sg,NA,NA,straikim vaemsa negidti,NA,NA,,NA,199,Tue Jun 12 14:56:49 2018
5sc07,extrapolation,unmarked,initial,sa,"['gu', 'ti']",ComplexPhrase_Testing,point_chef_sg_cowboy_pl,cowboy,nork,poinim negid norksagu,NA,NA,,NA,200,Tue Jun 12 14:56:58 2018
5sc07,extrapolation,unmarked,initial,sa,"['gu', 'ti']",ComplexPhrase_Testing,kick_cowboy_sg_chef_pl,chef,negid,kikim nork negidsati,NA,NA,,NA,201,Tue Jun 12 14:57:02 2018
5sc07,extrapolation,unmarked,initial,sa,"['gu', 'ti']",ComplexPhrase_Testing,punch_chef_sg_waitress_sg,NA,NA,straikim negid vaemgu,NA,NA,,NA,202,Tue Jun 12 14:57:10 2018
5sc07,extrapolation,unmarked,initial,sa,"['gu', 'ti']",ComplexPhrase_Testing,point_cowboy_sg_chef_pl,chef,negid,poinim nork negidsati,NA,NA,,NA,203,Tue Jun 12 14:57:18 2018
5sc07,extrapolation,unmarked,initial,sa,"['gu', 'ti']",ComplexPhrase_Testing,point_cowboy_sg_chef_pl,chef,negid,poinim nork negidsati,NA,NA,,NA,204,Tue Jun 12 14:57:25 2018
5sc07,extrapolation,unmarked,initial,sa,"['gu', 'ti']",ComplexPhrase_Testing,burglar,NA,NA,tumbat,NA,NA,,NA,205,Tue Jun 12 14:57:27 2018
5sc07,extrapolation,unmarked,initial,sa,"['gu', 'ti']",ComplexPhrase_Testing,point_burglar_sg_chef_sg,NA,NA,poinim tumbat negidti,NA,NA,,NA,206,Tue Jun 12 14:57:34 2018
5sc07,extrapolation,unmarked,initial,sa,"['gu', 'ti']",ComplexPhrase_Testing,punch_chef_sg_waitress_pl,waitress,vaem,straikim negid vaemsagu,NA,NA,,NA,207,Tue Jun 12 14:57:43 2018
5sc07,extrapolation,unmarked,initial,sa,"['gu', 'ti']",ComplexPhrase_Testing,punch_cowboy_sg_chef_pl,chef,negid,straikim nork negidsati,NA,NA,,NA,208,Tue Jun 12 14:57:48 2018
5sc07,extrapolation,unmarked,initial,sa,"['gu', 'ti']",ComplexPhrase_Testing,kick_cowboy_sg_chef_pl,chef,negid,kikim nork negidsati,NA,NA,,NA,209,Tue Jun 12 14:57:55 2018
5sc07,extrapolation,unmarked,initial,sa,"['gu', 'ti']",ComplexPhrase_Testing,point_burglar_sg_waitress_pl,waitress,vaem,poinim tumbat vaemsagu,NA,NA,,NA,210,Tue Jun 12 14:58:00 2018
5sc07,extrapolation,unmarked,initial,sa,"['gu', 'ti']",ComplexPhrase_Testing,kick_waitress_sg_burglar_pl,burglar,tumbat,kikim vaem tumbatsati,NA,NA,,NA,211,Tue Jun 12 14:58:04 2018
5sc07,extrapolation,unmarked,initial,sa,"['gu', 'ti']",ComplexPhrase_Testing,point_waitress_pl_cowboy_sg,NA,NA,poinim vaemsa norkgu,NA,NA,,NA,212,Tue Jun 12 14:58:10 2018
5sc07,extrapolation,unmarked,initial,sa,"['gu', 'ti']",Questionnaire,NA,NA,NA,NA,NA,NA,,two,MeaningNum,Tue Jun 12 15:01:14 2018
5sc07,extrapolation,unmarked,initial,sa,"['gu', 'ti']",Questionnaire,NA,NA,NA,NA,NA,NA,,one,MeaningCase,Tue Jun 12 15:01:14 2018
5sc07,extrapolation,unmarked,initial,sa,"['gu', 'ti']",Questionnaire,NA,NA,NA,NA,NA,NA,,after,OrderNumNoun,Tue Jun 12 15:01:14 2018
5sc07,extrapolation,unmarked,initial,sa,"['gu', 'ti']",Questionnaire,NA,NA,NA,NA,NA,NA,,after,OrderCaseNoun,Tue Jun 12 15:01:14 2018
5sc07,extrapolation,unmarked,initial,sa,"['gu', 'ti']",Questionnaire,NA,NA,NA,NA,NA,NA,,gu/ti before sa. It felt that gu/ti should come right after the character,OrderNumCase,Tue Jun 12 15:01:14 2018
5sc07,extrapolation,unmarked,initial,sa,"['gu', 'ti']",Questionnaire,NA,NA,NA,NA,NA,NA,,English,Languages,Tue Jun 12 15:01:14 2018
