ID,Condition,MajorityOrder,NounPosition,markerNum,markerCase,Phase,Meaning,NounItem,Noun,InputSentence,Selection,TypedResponse,SpokenResponse,AnswerQuest,Trial,date&time
5c06,extrapolation,unmarked,initial,gu,"['sa', 'ti']",Noun_Training,cowboy,NA,NA,negid,NA,NA,,NA,1,Fri Jun  1 14:37:39 2018
5c06,extrapolation,unmarked,initial,gu,"['sa', 'ti']",Noun_Training,chef,NA,NA,vaem,NA,NA,,NA,2,Fri Jun  1 14:37:44 2018
5c06,extrapolation,unmarked,initial,gu,"['sa', 'ti']",Noun_Training,chef,NA,NA,vaem,NA,NA,,NA,3,Fri Jun  1 14:37:49 2018
5c06,extrapolation,unmarked,initial,gu,"['sa', 'ti']",Noun_Training,waitress,NA,NA,tumbat,NA,NA,,NA,4,Fri Jun  1 14:37:54 2018
5c06,extrapolation,unmarked,initial,gu,"['sa', 'ti']",Noun_Training,burglar,NA,NA,nork,NA,NA,,NA,5,Fri Jun  1 14:37:59 2018
5c06,extrapolation,unmarked,initial,gu,"['sa', 'ti']",Noun_Training,waitress,NA,NA,tumbat,NA,NA,,NA,6,Fri Jun  1 14:38:04 2018
5c06,extrapolation,unmarked,initial,gu,"['sa', 'ti']",Noun_Training,burglar,NA,NA,nork,NA,NA,,NA,7,Fri Jun  1 14:38:08 2018
5c06,extrapolation,unmarked,initial,gu,"['sa', 'ti']",Noun_Training,chef,NA,NA,vaem,NA,NA,,NA,8,Fri Jun  1 14:38:13 2018
5c06,extrapolation,unmarked,initial,gu,"['sa', 'ti']",Noun_Training,waitress,NA,NA,tumbat,NA,NA,,NA,9,Fri Jun  1 14:38:18 2018
5c06,extrapolation,unmarked,initial,gu,"['sa', 'ti']",Noun_Training,chef,NA,NA,vaem,NA,NA,,NA,10,Fri Jun  1 14:38:23 2018
5c06,extrapolation,unmarked,initial,gu,"['sa', 'ti']",Noun_Training,waitress,NA,NA,tumbat,NA,NA,,NA,11,Fri Jun  1 14:38:28 2018
5c06,extrapolation,unmarked,initial,gu,"['sa', 'ti']",Noun_Training,waitress,NA,NA,tumbat,NA,NA,,NA,12,Fri Jun  1 14:38:33 2018
5c06,extrapolation,unmarked,initial,gu,"['sa', 'ti']",Noun_Training,cowboy,NA,NA,negid,NA,NA,,NA,13,Fri Jun  1 14:38:37 2018
5c06,extrapolation,unmarked,initial,gu,"['sa', 'ti']",Noun_Training,chef,NA,NA,vaem,NA,NA,,NA,14,Fri Jun  1 14:38:42 2018
5c06,extrapolation,unmarked,initial,gu,"['sa', 'ti']",Noun_Training,burglar,NA,NA,nork,NA,NA,,NA,15,Fri Jun  1 14:38:47 2018
5c06,extrapolation,unmarked,initial,gu,"['sa', 'ti']",Noun_Training,cowboy,NA,NA,negid,NA,NA,,NA,16,Fri Jun  1 14:38:52 2018
5c06,extrapolation,unmarked,initial,gu,"['sa', 'ti']",Noun_Training,cowboy,NA,NA,negid,NA,NA,,NA,17,Fri Jun  1 14:38:57 2018
5c06,extrapolation,unmarked,initial,gu,"['sa', 'ti']",Noun_Training,cowboy,NA,NA,negid,NA,NA,,NA,18,Fri Jun  1 14:39:01 2018
5c06,extrapolation,unmarked,initial,gu,"['sa', 'ti']",Noun_Training,burglar,NA,NA,nork,NA,NA,,NA,19,Fri Jun  1 14:39:06 2018
5c06,extrapolation,unmarked,initial,gu,"['sa', 'ti']",Noun_Training,cowboy,NA,NA,negid,NA,NA,,NA,20,Fri Jun  1 14:39:11 2018
5c06,extrapolation,unmarked,initial,gu,"['sa', 'ti']",Noun_Training,chef,NA,NA,vaem,NA,NA,,NA,21,Fri Jun  1 14:39:16 2018
5c06,extrapolation,unmarked,initial,gu,"['sa', 'ti']",Noun_Training,waitress,NA,NA,tumbat,NA,NA,,NA,22,Fri Jun  1 14:39:21 2018
5c06,extrapolation,unmarked,initial,gu,"['sa', 'ti']",Noun_Training,burglar,NA,NA,nork,NA,NA,,NA,23,Fri Jun  1 14:39:26 2018
5c06,extrapolation,unmarked,initial,gu,"['sa', 'ti']",Noun_Training,burglar,NA,NA,nork,NA,NA,,NA,24,Fri Jun  1 14:39:31 2018
5c06,extrapolation,unmarked,initial,gu,"['sa', 'ti']",Noun_Selection,waitress,NA,NA,tumbat,correct,NA,,NA,25,Fri Jun  1 14:39:53 2018
5c06,extrapolation,unmarked,initial,gu,"['sa', 'ti']",Noun_Selection,cowboy,NA,NA,negid,correct,NA,,NA,26,Fri Jun  1 14:39:59 2018
5c06,extrapolation,unmarked,initial,gu,"['sa', 'ti']",Noun_Selection,burglar,NA,NA,nork,correct,NA,,NA,27,Fri Jun  1 14:40:04 2018
5c06,extrapolation,unmarked,initial,gu,"['sa', 'ti']",Noun_Selection,chef,NA,NA,vaem,correct,NA,,NA,28,Fri Jun  1 14:40:08 2018
5c06,extrapolation,unmarked,initial,gu,"['sa', 'ti']",Noun_Selection,chef,NA,NA,vaem,correct,NA,,NA,29,Fri Jun  1 14:40:12 2018
5c06,extrapolation,unmarked,initial,gu,"['sa', 'ti']",Noun_Selection,burglar,NA,NA,nork,correct,NA,,NA,30,Fri Jun  1 14:40:15 2018
5c06,extrapolation,unmarked,initial,gu,"['sa', 'ti']",Noun_Selection,waitress,NA,NA,tumbat,correct,NA,,NA,31,Fri Jun  1 14:40:18 2018
5c06,extrapolation,unmarked,initial,gu,"['sa', 'ti']",Noun_Selection,cowboy,NA,NA,negid,correct,NA,,NA,32,Fri Jun  1 14:40:23 2018
5c06,extrapolation,unmarked,initial,gu,"['sa', 'ti']",Noun_Selection,chef,NA,NA,vaem,correct,NA,,NA,33,Fri Jun  1 14:40:27 2018
5c06,extrapolation,unmarked,initial,gu,"['sa', 'ti']",Noun_Selection,burglar,NA,NA,nork,correct,NA,,NA,34,Fri Jun  1 14:40:30 2018
5c06,extrapolation,unmarked,initial,gu,"['sa', 'ti']",Noun_Selection,waitress,NA,NA,tumbat,correct,NA,,NA,35,Fri Jun  1 14:40:34 2018
5c06,extrapolation,unmarked,initial,gu,"['sa', 'ti']",Noun_Selection,cowboy,NA,NA,negid,correct,NA,,NA,36,Fri Jun  1 14:40:38 2018
5c06,extrapolation,unmarked,initial,gu,"['sa', 'ti']",Noun_Testing,chef,NA,NA,vaem,NA,NA,,NA,37,Fri Jun  1 14:41:17 2018
5c06,extrapolation,unmarked,initial,gu,"['sa', 'ti']",Noun_Testing,burglar,NA,NA,nork,NA,NA,,NA,38,Fri Jun  1 14:41:22 2018
5c06,extrapolation,unmarked,initial,gu,"['sa', 'ti']",Noun_Testing,waitress,NA,NA,tumbat,NA,NA,,NA,39,Fri Jun  1 14:41:29 2018
5c06,extrapolation,unmarked,initial,gu,"['sa', 'ti']",Noun_Testing,cowboy,NA,NA,negid,NA,NA,,NA,40,Fri Jun  1 14:41:37 2018
5c06,extrapolation,unmarked,initial,gu,"['sa', 'ti']",Noun_Testing,cowboy,NA,NA,negid,NA,NA,,NA,41,Fri Jun  1 14:41:41 2018
5c06,extrapolation,unmarked,initial,gu,"['sa', 'ti']",Noun_Testing,chef,NA,NA,vaem,NA,NA,,NA,42,Fri Jun  1 14:41:45 2018
5c06,extrapolation,unmarked,initial,gu,"['sa', 'ti']",Noun_Testing,chef,NA,NA,vaem,NA,NA,,NA,43,Fri Jun  1 14:41:49 2018
5c06,extrapolation,unmarked,initial,gu,"['sa', 'ti']",Noun_Testing,burglar,NA,NA,nork,NA,NA,,NA,44,Fri Jun  1 14:41:53 2018
5c06,extrapolation,unmarked,initial,gu,"['sa', 'ti']",Noun_Testing,burglar,NA,NA,nork,NA,NA,,NA,45,Fri Jun  1 14:41:57 2018
5c06,extrapolation,unmarked,initial,gu,"['sa', 'ti']",Noun_Testing,waitress,NA,NA,tumbat,NA,NA,,NA,46,Fri Jun  1 14:42:01 2018
5c06,extrapolation,unmarked,initial,gu,"['sa', 'ti']",Noun_Testing,cowboy,NA,NA,negid,NA,NA,,NA,47,Fri Jun  1 14:42:15 2018
5c06,extrapolation,unmarked,initial,gu,"['sa', 'ti']",Noun_Testing,waitress,NA,NA,tumbat,NA,NA,,NA,48,Fri Jun  1 14:42:21 2018
5c06,extrapolation,unmarked,initial,gu,"['sa', 'ti']",SimplePhrase_Training,point_waitress_sg_cowboy_sg,NA,NA,poinim tumbat negidti,NA,NA,,NA,49,Fri Jun  1 14:43:03 2018
5c06,extrapolation,unmarked,initial,gu,"['sa', 'ti']",SimplePhrase_Training,punch_waitress_sg_cowboy_sg,NA,NA,straikim tumbat negidti,NA,NA,,NA,50,Fri Jun  1 14:43:10 2018
5c06,extrapolation,unmarked,initial,gu,"['sa', 'ti']",SimplePhrase_Training,kick_burglar_pl_chef_sg,NA,NA,kikim norkgu vaemsa,NA,NA,,NA,51,Fri Jun  1 14:43:18 2018
5c06,extrapolation,unmarked,initial,gu,"['sa', 'ti']",SimplePhrase_Training,point_cowboy_sg_waitress_sg,NA,NA,poinim negid tumbatti,NA,NA,,NA,52,Fri Jun  1 14:43:25 2018
5c06,extrapolation,unmarked,initial,gu,"['sa', 'ti']",SimplePhrase_Training,chef,NA,NA,vaem,NA,NA,,NA,53,Fri Jun  1 14:43:30 2018
5c06,extrapolation,unmarked,initial,gu,"['sa', 'ti']",SimplePhrase_Training,punch_chef_sg_burglar_sg,NA,NA,straikim vaem norksa,NA,NA,,NA,54,Fri Jun  1 14:43:37 2018
5c06,extrapolation,unmarked,initial,gu,"['sa', 'ti']",SimplePhrase_Training,punch_chef_sg_cowboy_sg,NA,NA,straikim vaem negidti,NA,NA,,NA,55,Fri Jun  1 14:43:45 2018
5c06,extrapolation,unmarked,initial,gu,"['sa', 'ti']",SimplePhrase_Training,punch_chef_pl_burglar_sg,NA,NA,straikim vaemgu norksa,NA,NA,,NA,56,Fri Jun  1 14:43:52 2018
5c06,extrapolation,unmarked,initial,gu,"['sa', 'ti']",SimplePhrase_Training,kick_chef_sg_cowboy_sg,NA,NA,kikim vaem negidti,NA,NA,,NA,57,Fri Jun  1 14:44:00 2018
5c06,extrapolation,unmarked,initial,gu,"['sa', 'ti']",SimplePhrase_Training,punch_waitress_sg_chef_sg,NA,NA,straikim tumbat vaemsa,NA,NA,,NA,58,Fri Jun  1 14:44:07 2018
5c06,extrapolation,unmarked,initial,gu,"['sa', 'ti']",SimplePhrase_Training,kick_cowboy_sg_waitress_sg,NA,NA,kikim negid tumbatti,NA,NA,,NA,59,Fri Jun  1 14:44:14 2018
5c06,extrapolation,unmarked,initial,gu,"['sa', 'ti']",SimplePhrase_Training,point_burglar_pl_waitress_sg,NA,NA,poinim norkgu tumbatti,NA,NA,,NA,60,Fri Jun  1 14:44:22 2018
5c06,extrapolation,unmarked,initial,gu,"['sa', 'ti']",SimplePhrase_Training,point_cowboy_pl_waitress_sg,NA,NA,poinim negidgu tumbatti,NA,NA,,NA,61,Fri Jun  1 14:44:29 2018
5c06,extrapolation,unmarked,initial,gu,"['sa', 'ti']",SimplePhrase_Training,kick_cowboy_pl_burglar_sg,NA,NA,kikim negidgu norksa,NA,NA,,NA,62,Fri Jun  1 14:44:37 2018
5c06,extrapolation,unmarked,initial,gu,"['sa', 'ti']",SimplePhrase_Training,kick_waitress_sg_burglar_sg,NA,NA,kikim tumbat norksa,NA,NA,,NA,63,Fri Jun  1 14:44:44 2018
5c06,extrapolation,unmarked,initial,gu,"['sa', 'ti']",SimplePhrase_Training,punch_cowboy_pl_burglar_sg,NA,NA,straikim negidgu norksa,NA,NA,,NA,64,Fri Jun  1 14:44:52 2018
5c06,extrapolation,unmarked,initial,gu,"['sa', 'ti']",SimplePhrase_Training,punch_cowboy_pl_chef_sg,NA,NA,straikim negidgu vaemsa,NA,NA,,NA,65,Fri Jun  1 14:45:00 2018
5c06,extrapolation,unmarked,initial,gu,"['sa', 'ti']",SimplePhrase_Training,punch_chef_pl_cowboy_sg,NA,NA,straikim vaemgu negidti,NA,NA,,NA,66,Fri Jun  1 14:45:07 2018
5c06,extrapolation,unmarked,initial,gu,"['sa', 'ti']",SimplePhrase_Training,point_chef_pl_burglar_sg,NA,NA,poinim vaemgu norksa,NA,NA,,NA,67,Fri Jun  1 14:45:15 2018
5c06,extrapolation,unmarked,initial,gu,"['sa', 'ti']",SimplePhrase_Training,point_chef_sg_waitress_sg,NA,NA,poinim vaem tumbatti,NA,NA,,NA,68,Fri Jun  1 14:45:22 2018
5c06,extrapolation,unmarked,initial,gu,"['sa', 'ti']",SimplePhrase_Training,kick_chef_sg_waitress_sg,NA,NA,kikim vaem tumbatti,NA,NA,,NA,69,Fri Jun  1 14:45:29 2018
5c06,extrapolation,unmarked,initial,gu,"['sa', 'ti']",SimplePhrase_Training,point_waitress_pl_burglar_sg,NA,NA,poinim tumbatgu norksa,NA,NA,,NA,70,Fri Jun  1 14:45:37 2018
5c06,extrapolation,unmarked,initial,gu,"['sa', 'ti']",SimplePhrase_Training,chef,NA,NA,vaem,NA,NA,,NA,71,Fri Jun  1 14:45:42 2018
5c06,extrapolation,unmarked,initial,gu,"['sa', 'ti']",SimplePhrase_Training,punch_cowboy_pl_waitress_sg,NA,NA,straikim negidgu tumbatti,NA,NA,,NA,72,Fri Jun  1 14:45:49 2018
5c06,extrapolation,unmarked,initial,gu,"['sa', 'ti']",SimplePhrase_Training,kick_waitress_sg_cowboy_sg,NA,NA,kikim tumbat negidti,NA,NA,,NA,73,Fri Jun  1 14:45:57 2018
5c06,extrapolation,unmarked,initial,gu,"['sa', 'ti']",SimplePhrase_Training,point_cowboy_sg_chef_sg,NA,NA,poinim negid vaemsa,NA,NA,,NA,74,Fri Jun  1 14:46:04 2018
5c06,extrapolation,unmarked,initial,gu,"['sa', 'ti']",SimplePhrase_Training,point_burglar_pl_cowboy_sg,NA,NA,poinim norkgu negidti,NA,NA,,NA,75,Fri Jun  1 14:46:12 2018
5c06,extrapolation,unmarked,initial,gu,"['sa', 'ti']",SimplePhrase_Training,point_waitress_pl_cowboy_sg,NA,NA,poinim tumbatgu negidti,NA,NA,,NA,76,Fri Jun  1 14:46:19 2018
5c06,extrapolation,unmarked,initial,gu,"['sa', 'ti']",SimplePhrase_Training,punch_burglar_pl_cowboy_sg,NA,NA,straikim norkgu negidti,NA,NA,,NA,77,Fri Jun  1 14:46:27 2018
5c06,extrapolation,unmarked,initial,gu,"['sa', 'ti']",SimplePhrase_Training,cowboy,NA,NA,negid,NA,NA,,NA,78,Fri Jun  1 14:46:31 2018
5c06,extrapolation,unmarked,initial,gu,"['sa', 'ti']",SimplePhrase_Training,burglar,NA,NA,nork,NA,NA,,NA,79,Fri Jun  1 14:46:36 2018
5c06,extrapolation,unmarked,initial,gu,"['sa', 'ti']",SimplePhrase_Training,point_chef_pl_waitress_sg,NA,NA,poinim vaemgu tumbatti,NA,NA,,NA,80,Fri Jun  1 14:46:44 2018
5c06,extrapolation,unmarked,initial,gu,"['sa', 'ti']",SimplePhrase_Training,punch_waitress_sg_burglar_sg,NA,NA,straikim tumbat norksa,NA,NA,,NA,81,Fri Jun  1 14:46:51 2018
5c06,extrapolation,unmarked,initial,gu,"['sa', 'ti']",SimplePhrase_Training,kick_chef_sg_burglar_sg,NA,NA,kikim vaem norksa,NA,NA,,NA,82,Fri Jun  1 14:46:59 2018
5c06,extrapolation,unmarked,initial,gu,"['sa', 'ti']",SimplePhrase_Training,point_chef_sg_burglar_sg,NA,NA,poinim vaem norksa,NA,NA,,NA,83,Fri Jun  1 14:47:06 2018
5c06,extrapolation,unmarked,initial,gu,"['sa', 'ti']",SimplePhrase_Training,point_cowboy_pl_chef_sg,NA,NA,poinim negidgu vaemsa,NA,NA,,NA,84,Fri Jun  1 14:47:14 2018
5c06,extrapolation,unmarked,initial,gu,"['sa', 'ti']",SimplePhrase_Training,cowboy,NA,NA,negid,NA,NA,,NA,85,Fri Jun  1 14:47:18 2018
5c06,extrapolation,unmarked,initial,gu,"['sa', 'ti']",SimplePhrase_Training,kick_waitress_sg_chef_sg,NA,NA,kikim tumbat vaemsa,NA,NA,,NA,86,Fri Jun  1 14:47:26 2018
5c06,extrapolation,unmarked,initial,gu,"['sa', 'ti']",SimplePhrase_Training,kick_waitress_pl_chef_sg,NA,NA,kikim tumbatgu vaemsa,NA,NA,,NA,87,Fri Jun  1 14:47:33 2018
5c06,extrapolation,unmarked,initial,gu,"['sa', 'ti']",SimplePhrase_Training,waitress,NA,NA,tumbat,NA,NA,,NA,88,Fri Jun  1 14:47:38 2018
5c06,extrapolation,unmarked,initial,gu,"['sa', 'ti']",SimplePhrase_Training,kick_chef_pl_waitress_sg,NA,NA,kikim vaemgu tumbatti,NA,NA,,NA,89,Fri Jun  1 14:47:45 2018
5c06,extrapolation,unmarked,initial,gu,"['sa', 'ti']",SimplePhrase_Training,waitress,NA,NA,tumbat,NA,NA,,NA,90,Fri Jun  1 14:47:50 2018
5c06,extrapolation,unmarked,initial,gu,"['sa', 'ti']",SimplePhrase_Training,punch_cowboy_sg_waitress_sg,NA,NA,straikim negid tumbatti,NA,NA,,NA,91,Fri Jun  1 14:47:58 2018
5c06,extrapolation,unmarked,initial,gu,"['sa', 'ti']",SimplePhrase_Training,kick_cowboy_sg_chef_sg,NA,NA,kikim negid vaemsa,NA,NA,,NA,92,Fri Jun  1 14:48:05 2018
5c06,extrapolation,unmarked,initial,gu,"['sa', 'ti']",SimplePhrase_Training,kick_burglar_sg_chef_sg,NA,NA,kikim nork vaemsa,NA,NA,,NA,93,Fri Jun  1 14:48:12 2018
5c06,extrapolation,unmarked,initial,gu,"['sa', 'ti']",SimplePhrase_Training,kick_burglar_pl_waitress_sg,NA,NA,kikim norkgu tumbatti,NA,NA,,NA,94,Fri Jun  1 14:48:20 2018
5c06,extrapolation,unmarked,initial,gu,"['sa', 'ti']",SimplePhrase_Training,kick_waitress_pl_burglar_sg,NA,NA,kikim tumbatgu norksa,NA,NA,,NA,95,Fri Jun  1 14:48:27 2018
5c06,extrapolation,unmarked,initial,gu,"['sa', 'ti']",SimplePhrase_Training,point_burglar_pl_chef_sg,NA,NA,poinim norkgu vaemsa,NA,NA,,NA,96,Fri Jun  1 14:48:35 2018
5c06,extrapolation,unmarked,initial,gu,"['sa', 'ti']",SimplePhrase_Training,punch_waitress_pl_chef_sg,NA,NA,straikim tumbatgu vaemsa,NA,NA,,NA,97,Fri Jun  1 14:48:42 2018
5c06,extrapolation,unmarked,initial,gu,"['sa', 'ti']",SimplePhrase_Training,burglar,NA,NA,nork,NA,NA,,NA,98,Fri Jun  1 14:48:47 2018
5c06,extrapolation,unmarked,initial,gu,"['sa', 'ti']",SimplePhrase_Training,kick_chef_pl_cowboy_sg,NA,NA,kikim vaemgu negidti,NA,NA,,NA,99,Fri Jun  1 14:48:55 2018
5c06,extrapolation,unmarked,initial,gu,"['sa', 'ti']",SimplePhrase_Training,punch_cowboy_sg_chef_sg,NA,NA,straikim negid vaemsa,NA,NA,,NA,100,Fri Jun  1 14:49:02 2018
5c06,extrapolation,unmarked,initial,gu,"['sa', 'ti']",SimplePhrase_Training,punch_burglar_sg_waitress_sg,NA,NA,straikim nork tumbatti,NA,NA,,NA,101,Fri Jun  1 14:49:10 2018
5c06,extrapolation,unmarked,initial,gu,"['sa', 'ti']",SimplePhrase_Training,point_cowboy_sg_burglar_sg,NA,NA,poinim negid norksa,NA,NA,,NA,102,Fri Jun  1 14:49:17 2018
5c06,extrapolation,unmarked,initial,gu,"['sa', 'ti']",SimplePhrase_Training,point_burglar_sg_cowboy_sg,NA,NA,poinim nork negidti,NA,NA,,NA,103,Fri Jun  1 14:49:25 2018
5c06,extrapolation,unmarked,initial,gu,"['sa', 'ti']",SimplePhrase_Training,punch_waitress_pl_cowboy_sg,NA,NA,straikim tumbatgu negidti,NA,NA,,NA,104,Fri Jun  1 14:49:32 2018
5c06,extrapolation,unmarked,initial,gu,"['sa', 'ti']",SimplePhrase_Comprehension,point_chef_sg_burglar_sg,NA,NA,poinim vaem norksa,correct,NA,,NA,105,Fri Jun  1 14:50:01 2018
5c06,extrapolation,unmarked,initial,gu,"['sa', 'ti']",SimplePhrase_Comprehension,punch_burglar_sg_chef_sg,NA,NA,straikim nork vaemsa,correct,NA,,NA,106,Fri Jun  1 14:50:16 2018
5c06,extrapolation,unmarked,initial,gu,"['sa', 'ti']",SimplePhrase_Comprehension,kick_burglar_sg_waitress_sg,NA,NA,kikim nork tumbatti,correct,NA,,NA,107,Fri Jun  1 14:50:25 2018
5c06,extrapolation,unmarked,initial,gu,"['sa', 'ti']",SimplePhrase_Comprehension,point_waitress_sg_cowboy_sg,NA,NA,poinim tumbat negidti,correct,NA,,NA,108,Fri Jun  1 14:50:34 2018
5c06,extrapolation,unmarked,initial,gu,"['sa', 'ti']",SimplePhrase_Comprehension,kick_waitress_pl_burglar_sg,NA,NA,kikim tumbatgu norksa,correct,NA,,NA,109,Fri Jun  1 14:50:42 2018
5c06,extrapolation,unmarked,initial,gu,"['sa', 'ti']",SimplePhrase_Comprehension,kick_cowboy_pl_chef_sg,NA,NA,kikim negidgu vaemsa,correct,NA,,NA,110,Fri Jun  1 14:50:51 2018
5c06,extrapolation,unmarked,initial,gu,"['sa', 'ti']",SimplePhrase_Comprehension,point_chef_pl_cowboy_sg,NA,NA,poinim vaemgu negidti,correct,NA,,NA,111,Fri Jun  1 14:50:57 2018
5c06,extrapolation,unmarked,initial,gu,"['sa', 'ti']",SimplePhrase_Comprehension,punch_burglar_pl_waitress_sg,NA,NA,straikim norkgu tumbatti,correct,NA,,NA,112,Fri Jun  1 14:51:05 2018
5c06,extrapolation,unmarked,initial,gu,"['sa', 'ti']",SimplePhrase_Comprehension,point_waitress_pl_chef_sg,NA,NA,poinim tumbatgu vaemsa,correct,NA,,NA,113,Fri Jun  1 14:51:12 2018
5c06,extrapolation,unmarked,initial,gu,"['sa', 'ti']",SimplePhrase_Comprehension,kick_burglar_pl_cowboy_sg,NA,NA,kikim norkgu negidti,correct,NA,,NA,114,Fri Jun  1 14:51:20 2018
5c06,extrapolation,unmarked,initial,gu,"['sa', 'ti']",SimplePhrase_Comprehension,punch_chef_sg_waitress_sg,NA,NA,straikim vaem tumbatti,correct,NA,,NA,115,Fri Jun  1 14:51:25 2018
5c06,extrapolation,unmarked,initial,gu,"['sa', 'ti']",SimplePhrase_Comprehension,point_chef_sg_cowboy_sg,NA,NA,poinim vaem negidti,correct,NA,,NA,116,Fri Jun  1 14:51:31 2018
5c06,extrapolation,unmarked,initial,gu,"['sa', 'ti']",SimplePhrase_Comprehension,kick_cowboy_pl_waitress_sg,NA,NA,kikim negidgu tumbatti,correct,NA,,NA,117,Fri Jun  1 14:51:36 2018
5c06,extrapolation,unmarked,initial,gu,"['sa', 'ti']",SimplePhrase_Comprehension,punch_burglar_pl_chef_sg,NA,NA,straikim norkgu vaemsa,correct,NA,,NA,118,Fri Jun  1 14:51:42 2018
5c06,extrapolation,unmarked,initial,gu,"['sa', 'ti']",SimplePhrase_Comprehension,punch_waitress_pl_burglar_sg,NA,NA,straikim tumbatgu norksa,correct,NA,,NA,119,Fri Jun  1 14:51:49 2018
5c06,extrapolation,unmarked,initial,gu,"['sa', 'ti']",SimplePhrase_Comprehension,kick_burglar_sg_chef_sg,NA,NA,kikim nork vaemsa,correct,NA,,NA,120,Fri Jun  1 14:51:54 2018
5c06,extrapolation,unmarked,initial,gu,"['sa', 'ti']",SimplePhrase_Comprehension,point_burglar_pl_cowboy_sg,NA,NA,poinim norkgu negidti,correct,NA,,NA,121,Fri Jun  1 14:52:00 2018
5c06,extrapolation,unmarked,initial,gu,"['sa', 'ti']",SimplePhrase_Comprehension,point_burglar_sg_chef_sg,NA,NA,poinim nork vaemsa,correct,NA,,NA,122,Fri Jun  1 14:52:06 2018
5c06,extrapolation,unmarked,initial,gu,"['sa', 'ti']",SimplePhrase_Comprehension,kick_cowboy_sg_burglar_sg,NA,NA,kikim negid norksa,correct,NA,,NA,123,Fri Jun  1 14:52:12 2018
5c06,extrapolation,unmarked,initial,gu,"['sa', 'ti']",SimplePhrase_Comprehension,punch_burglar_sg_cowboy_sg,NA,NA,straikim nork negidti,correct,NA,,NA,124,Fri Jun  1 14:52:18 2018
5c06,extrapolation,unmarked,initial,gu,"['sa', 'ti']",SimplePhrase_Comprehension,point_burglar_sg_waitress_sg,NA,NA,poinim nork tumbatti,correct,NA,,NA,125,Fri Jun  1 14:52:25 2018
5c06,extrapolation,unmarked,initial,gu,"['sa', 'ti']",SimplePhrase_Comprehension,punch_chef_pl_waitress_sg,NA,NA,straikim vaemgu tumbatti,correct,NA,,NA,126,Fri Jun  1 14:52:33 2018
5c06,extrapolation,unmarked,initial,gu,"['sa', 'ti']",SimplePhrase_Comprehension,punch_cowboy_sg_burglar_sg,NA,NA,straikim negid norksa,correct,NA,,NA,127,Fri Jun  1 14:52:40 2018
5c06,extrapolation,unmarked,initial,gu,"['sa', 'ti']",SimplePhrase_Comprehension,point_cowboy_pl_burglar_sg,NA,NA,poinim negidgu norksa,correct,NA,,NA,128,Fri Jun  1 14:52:46 2018
5c06,extrapolation,unmarked,initial,gu,"['sa', 'ti']",SimplePhrase_Typing,kick_chef_sg_burglar_sg,NA,NA,kikim vaem norksa,NA,kikim vaem norksa,,NA,129,Fri Jun  1 14:53:32 2018
5c06,extrapolation,unmarked,initial,gu,"['sa', 'ti']",SimplePhrase_Typing,kick_cowboy_sg_chef_sg,NA,NA,kikim negid vaemsa,NA,kikim negid vaemsa,,NA,130,Fri Jun  1 14:53:47 2018
5c06,extrapolation,unmarked,initial,gu,"['sa', 'ti']",SimplePhrase_Typing,waitress,NA,NA,tumbat,NA,tumbat,,NA,131,Fri Jun  1 14:53:54 2018
5c06,extrapolation,unmarked,initial,gu,"['sa', 'ti']",SimplePhrase_Typing,kick_waitress_pl_burglar_sg,NA,NA,kikim tumbatgu norksa,NA,kikim tumbatti norksa,,NA,132,Fri Jun  1 14:54:08 2018
5c06,extrapolation,unmarked,initial,gu,"['sa', 'ti']",SimplePhrase_Typing,kick_burglar_sg_chef_sg,NA,NA,kikim nork vaemsa,NA,kikim nork vaemsa,,NA,133,Fri Jun  1 14:54:21 2018
5c06,extrapolation,unmarked,initial,gu,"['sa', 'ti']",SimplePhrase_Typing,burglar,NA,NA,nork,NA,nork,,NA,134,Fri Jun  1 14:54:26 2018
5c06,extrapolation,unmarked,initial,gu,"['sa', 'ti']",SimplePhrase_Typing,point_cowboy_sg_burglar_sg,NA,NA,poinim negid norksa,NA,poinim negid norksa,,NA,135,Fri Jun  1 14:54:40 2018
5c06,extrapolation,unmarked,initial,gu,"['sa', 'ti']",SimplePhrase_Typing,point_burglar_pl_waitress_sg,NA,NA,poinim norkgu tumbatti,NA,poinim norkgu tumbatti,,NA,136,Fri Jun  1 14:54:54 2018
5c06,extrapolation,unmarked,initial,gu,"['sa', 'ti']",SimplePhrase_Typing,punch_chef_pl_cowboy_sg,NA,NA,straikim vaemgu negidti,NA,straikim vaemgu negidti,,NA,137,Fri Jun  1 14:55:08 2018
5c06,extrapolation,unmarked,initial,gu,"['sa', 'ti']",SimplePhrase_Typing,punch_burglar_pl_cowboy_sg,NA,NA,straikim norkgu negidti,NA,straikim norkgu negidti,,NA,138,Fri Jun  1 14:55:26 2018
5c06,extrapolation,unmarked,initial,gu,"['sa', 'ti']",SimplePhrase_Typing,kick_waitress_sg_cowboy_sg,NA,NA,kikim tumbat negidti,NA,kikim tumbat negidti,,NA,139,Fri Jun  1 14:55:40 2018
5c06,extrapolation,unmarked,initial,gu,"['sa', 'ti']",SimplePhrase_Typing,kick_chef_sg_cowboy_sg,NA,NA,kikim vaem negidti,NA,kikim vaem negidti,,NA,140,Fri Jun  1 14:55:52 2018
5c06,extrapolation,unmarked,initial,gu,"['sa', 'ti']",SimplePhrase_Typing,point_chef_sg_waitress_sg,NA,NA,poinim vaem tumbatti,NA,poinim vaem tumbatti,,NA,141,Fri Jun  1 14:56:04 2018
5c06,extrapolation,unmarked,initial,gu,"['sa', 'ti']",SimplePhrase_Typing,punch_waitress_pl_chef_sg,NA,NA,straikim tumbatgu vaemsa,NA,straikim tumbatgu vaemsa,,NA,142,Fri Jun  1 14:56:21 2018
5c06,extrapolation,unmarked,initial,gu,"['sa', 'ti']",SimplePhrase_Typing,point_cowboy_pl_waitress_sg,NA,NA,poinim negidgu tumbatti,NA,poinim negidgu tumbatti,,NA,143,Fri Jun  1 14:56:49 2018
5c06,extrapolation,unmarked,initial,gu,"['sa', 'ti']",SimplePhrase_Typing,cowboy,NA,NA,negid,NA,negid,,NA,144,Fri Jun  1 14:56:56 2018
5c06,extrapolation,unmarked,initial,gu,"['sa', 'ti']",SimplePhrase_Typing,chef,NA,NA,vaem,NA,vaem,,NA,145,Fri Jun  1 14:57:01 2018
5c06,extrapolation,unmarked,initial,gu,"['sa', 'ti']",SimplePhrase_Typing,punch_cowboy_pl_burglar_sg,NA,NA,straikim negidgu norksa,NA,straikim negidgu norksa,,NA,146,Fri Jun  1 14:57:17 2018
5c06,extrapolation,unmarked,initial,gu,"['sa', 'ti']",SimplePhrase_Typing,punch_cowboy_sg_waitress_sg,NA,NA,straikim negid tumbatti,NA,straikim negid tumbatti,,NA,147,Fri Jun  1 14:57:29 2018
5c06,extrapolation,unmarked,initial,gu,"['sa', 'ti']",SimplePhrase_Typing,point_cowboy_pl_chef_sg,NA,NA,poinim negidgu vaemsa,NA,poinim negidgu vaemsa,,NA,148,Fri Jun  1 14:57:44 2018
5c06,extrapolation,unmarked,initial,gu,"['sa', 'ti']",ComplexPhrase_Typing,point_cowboy_sg_burglar_pl,burglar,nork,poinim negid norkgusa,NA,poinim negid norkgusa,,NA,149,Fri Jun  1 14:58:23 2018
5c06,extrapolation,unmarked,initial,gu,"['sa', 'ti']",ComplexPhrase_Typing,point_burglar_sg_cowboy_pl,cowboy,negid,poinim nork negidguti,NA,poinim nork negidguti,,NA,150,Fri Jun  1 14:58:39 2018
5c06,extrapolation,unmarked,initial,gu,"['sa', 'ti']",ComplexPhrase_Typing,punch_chef_sg_waitress_pl,waitress,tumbat,straikim vaem tumbatguti,NA,straikim vaem tambatguti,,NA,151,Fri Jun  1 14:58:53 2018
5c06,extrapolation,unmarked,initial,gu,"['sa', 'ti']",ComplexPhrase_Typing,punch_cowboy_sg_chef_pl,chef,vaem,straikim negid vaemgusa,NA,straikim negid vaemgusa,,NA,152,Fri Jun  1 14:59:03 2018
5c06,extrapolation,unmarked,initial,gu,"['sa', 'ti']",ComplexPhrase_Typing,point_burglar_sg_cowboy_pl,cowboy,negid,poinim nork negidguti,NA,poinim nork negidguti,,NA,153,Fri Jun  1 14:59:14 2018
5c06,extrapolation,unmarked,initial,gu,"['sa', 'ti']",ComplexPhrase_Typing,punch_cowboy_sg_chef_pl,chef,vaem,straikim negid vaemgusa,NA,straikim negid vaemgusa,,NA,154,Fri Jun  1 14:59:22 2018
5c06,extrapolation,unmarked,initial,gu,"['sa', 'ti']",ComplexPhrase_Typing,point_cowboy_sg_burglar_pl,burglar,nork,poinim negid norkgusa,NA,poinim negid norkgusa,,NA,155,Fri Jun  1 14:59:35 2018
5c06,extrapolation,unmarked,initial,gu,"['sa', 'ti']",ComplexPhrase_Typing,punch_chef_sg_waitress_pl,waitress,tumbat,straikim vaem tumbatguti,NA,straikim vaem tumbatguti,,NA,156,Fri Jun  1 14:59:50 2018
5c06,extrapolation,unmarked,initial,gu,"['sa', 'ti']",ComplexPhrase_Typing,punch_chef_sg_waitress_pl,waitress,tumbat,straikim vaem tumbatguti,NA,straikim vaem tumbatguti,,NA,157,Fri Jun  1 14:59:59 2018
5c06,extrapolation,unmarked,initial,gu,"['sa', 'ti']",ComplexPhrase_Typing,punch_cowboy_sg_chef_pl,chef,vaem,straikim negid vaemgusa,NA,straikim negid vaemgusa,,NA,158,Fri Jun  1 15:00:07 2018
5c06,extrapolation,unmarked,initial,gu,"['sa', 'ti']",ComplexPhrase_Typing,point_burglar_sg_cowboy_pl,cowboy,negid,poinim nork negidguti,NA,poinim nork negidguti,,NA,159,Fri Jun  1 15:00:17 2018
5c06,extrapolation,unmarked,initial,gu,"['sa', 'ti']",ComplexPhrase_Typing,point_cowboy_sg_burglar_pl,burglar,nork,poinim negid norkgusa,NA,poinim negid norkgusa,,NA,160,Fri Jun  1 15:00:25 2018
5c06,extrapolation,unmarked,initial,gu,"['sa', 'ti']",ComplexPhrase_Testing,punch_cowboy_sg_chef_pl,chef,vaem,straikim negid vaemgusa,NA,NA,,NA,161,Fri Jun  1 15:01:37 2018
5c06,extrapolation,unmarked,initial,gu,"['sa', 'ti']",ComplexPhrase_Testing,kick_cowboy_sg_waitress_pl,waitress,tumbat,kikim negid tumbatguti,NA,NA,,NA,162,Fri Jun  1 15:01:45 2018
5c06,extrapolation,unmarked,initial,gu,"['sa', 'ti']",ComplexPhrase_Testing,kick_burglar_sg_waitress_pl,waitress,tumbat,kikim nork tumbatguti,NA,NA,,NA,163,Fri Jun  1 15:01:54 2018
5c06,extrapolation,unmarked,initial,gu,"['sa', 'ti']",ComplexPhrase_Testing,punch_waitress_sg_burglar_pl,burglar,nork,straikim tumbat norkgusa,NA,NA,,NA,164,Fri Jun  1 15:02:01 2018
5c06,extrapolation,unmarked,initial,gu,"['sa', 'ti']",ComplexPhrase_Testing,point_cowboy_sg_waitress_sg,NA,NA,poinim negid tumbatti,NA,NA,,NA,165,Fri Jun  1 15:02:06 2018
5c06,extrapolation,unmarked,initial,gu,"['sa', 'ti']",ComplexPhrase_Testing,point_cowboy_sg_chef_sg,NA,NA,poinim negid vaemsa,NA,NA,,NA,166,Fri Jun  1 15:02:13 2018
5c06,extrapolation,unmarked,initial,gu,"['sa', 'ti']",ComplexPhrase_Testing,punch_cowboy_sg_burglar_sg,NA,NA,straikim negid norksa,NA,NA,,NA,167,Fri Jun  1 15:02:21 2018
5c06,extrapolation,unmarked,initial,gu,"['sa', 'ti']",ComplexPhrase_Testing,punch_waitress_pl_burglar_sg,NA,NA,straikim tumbatgu norksa,NA,NA,,NA,168,Fri Jun  1 15:02:30 2018
5c06,extrapolation,unmarked,initial,gu,"['sa', 'ti']",ComplexPhrase_Testing,kick_waitress_sg_chef_pl,chef,vaem,kikim tumbat vaemgusa,NA,NA,,NA,169,Fri Jun  1 15:02:35 2018
5c06,extrapolation,unmarked,initial,gu,"['sa', 'ti']",ComplexPhrase_Testing,kick_cowboy_sg_waitress_pl,waitress,tumbat,kikim negid tumbatguti,NA,NA,,NA,170,Fri Jun  1 15:02:48 2018
5c06,extrapolation,unmarked,initial,gu,"['sa', 'ti']",ComplexPhrase_Testing,point_cowboy_sg_burglar_pl,burglar,nork,poinim negid norkgusa,NA,NA,,NA,171,Fri Jun  1 15:02:54 2018
5c06,extrapolation,unmarked,initial,gu,"['sa', 'ti']",ComplexPhrase_Testing,burglar,NA,NA,nork,NA,NA,,NA,172,Fri Jun  1 15:02:56 2018
5c06,extrapolation,unmarked,initial,gu,"['sa', 'ti']",ComplexPhrase_Testing,kick_burglar_sg_chef_pl,chef,vaem,kikim nork vaemgusa,NA,NA,,NA,173,Fri Jun  1 15:03:06 2018
5c06,extrapolation,unmarked,initial,gu,"['sa', 'ti']",ComplexPhrase_Testing,waitress,NA,NA,tumbat,NA,NA,,NA,174,Fri Jun  1 15:03:08 2018
5c06,extrapolation,unmarked,initial,gu,"['sa', 'ti']",ComplexPhrase_Testing,punch_burglar_pl_cowboy_sg,NA,NA,straikim norkgu negidti,NA,NA,,NA,175,Fri Jun  1 15:03:16 2018
5c06,extrapolation,unmarked,initial,gu,"['sa', 'ti']",ComplexPhrase_Testing,point_cowboy_sg_burglar_pl,burglar,nork,poinim negid norkgusa,NA,NA,,NA,176,Fri Jun  1 15:03:28 2018
5c06,extrapolation,unmarked,initial,gu,"['sa', 'ti']",ComplexPhrase_Testing,kick_waitress_sg_burglar_pl,burglar,nork,kikim tumbat norkgusa,NA,NA,,NA,177,Fri Jun  1 15:03:37 2018
5c06,extrapolation,unmarked,initial,gu,"['sa', 'ti']",ComplexPhrase_Testing,punch_burglar_sg_waitress_sg,NA,NA,straikim nork tumbatti,NA,NA,,NA,178,Fri Jun  1 15:03:43 2018
5c06,extrapolation,unmarked,initial,gu,"['sa', 'ti']",ComplexPhrase_Testing,kick_cowboy_pl_chef_sg,NA,NA,kikim negidgu vaemsa,NA,NA,,NA,179,Fri Jun  1 15:03:50 2018
5c06,extrapolation,unmarked,initial,gu,"['sa', 'ti']",ComplexPhrase_Testing,point_cowboy_sg_burglar_pl,burglar,nork,poinim negid norkgusa,NA,NA,,NA,180,Fri Jun  1 15:03:59 2018
5c06,extrapolation,unmarked,initial,gu,"['sa', 'ti']",ComplexPhrase_Testing,kick_chef_sg_cowboy_sg,NA,NA,kikim vaem negidti,NA,NA,,NA,181,Fri Jun  1 15:04:03 2018
5c06,extrapolation,unmarked,initial,gu,"['sa', 'ti']",ComplexPhrase_Testing,kick_waitress_sg_cowboy_pl,cowboy,negid,kikim tumbat negidguti,NA,NA,,NA,182,Fri Jun  1 15:04:13 2018
5c06,extrapolation,unmarked,initial,gu,"['sa', 'ti']",ComplexPhrase_Testing,kick_burglar_pl_waitress_sg,NA,NA,kikim norkgu tumbatti,NA,NA,,NA,183,Fri Jun  1 15:04:18 2018
5c06,extrapolation,unmarked,initial,gu,"['sa', 'ti']",ComplexPhrase_Testing,point_cowboy_sg_waitress_pl,waitress,tumbat,poinim negid tumbatguti,NA,NA,,NA,184,Fri Jun  1 15:04:29 2018
5c06,extrapolation,unmarked,initial,gu,"['sa', 'ti']",ComplexPhrase_Testing,kick_burglar_sg_chef_pl,chef,vaem,kikim nork vaemgusa,NA,NA,,NA,185,Fri Jun  1 15:04:34 2018
5c06,extrapolation,unmarked,initial,gu,"['sa', 'ti']",ComplexPhrase_Testing,punch_chef_sg_cowboy_pl,cowboy,negid,straikim vaem negidguti,NA,NA,,NA,186,Fri Jun  1 15:04:39 2018
5c06,extrapolation,unmarked,initial,gu,"['sa', 'ti']",ComplexPhrase_Testing,point_cowboy_sg_waitress_pl,waitress,tumbat,poinim negid tumbatguti,NA,NA,,NA,187,Fri Jun  1 15:04:50 2018
5c06,extrapolation,unmarked,initial,gu,"['sa', 'ti']",ComplexPhrase_Testing,punch_chef_sg_cowboy_pl,cowboy,negid,straikim vaem negidguti,NA,NA,,NA,188,Fri Jun  1 15:04:56 2018
5c06,extrapolation,unmarked,initial,gu,"['sa', 'ti']",ComplexPhrase_Testing,punch_cowboy_sg_chef_pl,chef,vaem,straikim negid vaemgusa,NA,NA,,NA,189,Fri Jun  1 15:05:01 2018
5c06,extrapolation,unmarked,initial,gu,"['sa', 'ti']",ComplexPhrase_Testing,kick_waitress_sg_burglar_pl,burglar,nork,kikim tumbat norkgusa,NA,NA,,NA,190,Fri Jun  1 15:05:10 2018
5c06,extrapolation,unmarked,initial,gu,"['sa', 'ti']",ComplexPhrase_Testing,punch_chef_sg_cowboy_pl,cowboy,negid,straikim vaem negidguti,NA,NA,,NA,191,Fri Jun  1 15:05:14 2018
5c06,extrapolation,unmarked,initial,gu,"['sa', 'ti']",ComplexPhrase_Testing,kick_burglar_sg_waitress_pl,waitress,tumbat,kikim nork tumbatguti,NA,NA,,NA,192,Fri Jun  1 15:05:20 2018
5c06,extrapolation,unmarked,initial,gu,"['sa', 'ti']",ComplexPhrase_Testing,point_cowboy_sg_waitress_pl,waitress,tumbat,poinim negid tumbatguti,NA,NA,,NA,193,Fri Jun  1 15:05:26 2018
5c06,extrapolation,unmarked,initial,gu,"['sa', 'ti']",ComplexPhrase_Testing,chef,NA,NA,vaem,NA,NA,,NA,194,Fri Jun  1 15:05:28 2018
5c06,extrapolation,unmarked,initial,gu,"['sa', 'ti']",ComplexPhrase_Testing,punch_waitress_pl_chef_sg,NA,NA,straikim tumbatgu vaemsa,NA,NA,,NA,195,Fri Jun  1 15:05:37 2018
5c06,extrapolation,unmarked,initial,gu,"['sa', 'ti']",ComplexPhrase_Testing,punch_waitress_sg_burglar_pl,burglar,nork,straikim tumbat norkgusa,NA,NA,,NA,196,Fri Jun  1 15:05:46 2018
5c06,extrapolation,unmarked,initial,gu,"['sa', 'ti']",ComplexPhrase_Testing,punch_burglar_sg_cowboy_pl,cowboy,negid,straikim nork negidguti,NA,NA,,NA,197,Fri Jun  1 15:05:52 2018
5c06,extrapolation,unmarked,initial,gu,"['sa', 'ti']",ComplexPhrase_Testing,cowboy,NA,NA,negid,NA,NA,,NA,198,Fri Jun  1 15:05:55 2018
5c06,extrapolation,unmarked,initial,gu,"['sa', 'ti']",ComplexPhrase_Testing,kick_burglar_sg_chef_pl,chef,vaem,kikim nork vaemgusa,NA,NA,,NA,199,Fri Jun  1 15:06:03 2018
5c06,extrapolation,unmarked,initial,gu,"['sa', 'ti']",ComplexPhrase_Testing,kick_waitress_sg_chef_pl,chef,vaem,kikim tumbat vaemgusa,NA,NA,,NA,200,Fri Jun  1 15:06:08 2018
5c06,extrapolation,unmarked,initial,gu,"['sa', 'ti']",ComplexPhrase_Testing,punch_burglar_sg_cowboy_pl,cowboy,negid,straikim nork negidguti,NA,NA,,NA,201,Fri Jun  1 15:06:13 2018
5c06,extrapolation,unmarked,initial,gu,"['sa', 'ti']",ComplexPhrase_Testing,kick_waitress_sg_chef_pl,chef,vaem,kikim tumbat vaemgusa,NA,NA,,NA,202,Fri Jun  1 15:06:17 2018
5c06,extrapolation,unmarked,initial,gu,"['sa', 'ti']",ComplexPhrase_Testing,point_chef_sg_burglar_sg,NA,NA,poinim vaem norksa,NA,NA,,NA,203,Fri Jun  1 15:06:22 2018
5c06,extrapolation,unmarked,initial,gu,"['sa', 'ti']",ComplexPhrase_Testing,point_waitress_pl_cowboy_sg,NA,NA,poinim tumbatgu negidti,NA,NA,,NA,204,Fri Jun  1 15:06:31 2018
5c06,extrapolation,unmarked,initial,gu,"['sa', 'ti']",ComplexPhrase_Testing,punch_waitress_sg_burglar_pl,burglar,nork,straikim tumbat norkgusa,NA,NA,,NA,205,Fri Jun  1 15:06:39 2018
5c06,extrapolation,unmarked,initial,gu,"['sa', 'ti']",ComplexPhrase_Testing,punch_cowboy_sg_chef_pl,chef,vaem,straikim negid vaemgusa,NA,NA,,NA,206,Fri Jun  1 15:06:47 2018
5c06,extrapolation,unmarked,initial,gu,"['sa', 'ti']",ComplexPhrase_Testing,kick_waitress_sg_cowboy_pl,cowboy,negid,kikim tumbat negidguti,NA,NA,,NA,207,Fri Jun  1 15:06:55 2018
5c06,extrapolation,unmarked,initial,gu,"['sa', 'ti']",ComplexPhrase_Testing,kick_waitress_sg_cowboy_pl,cowboy,negid,kikim tumbat negidguti,NA,NA,,NA,208,Fri Jun  1 15:07:01 2018
5c06,extrapolation,unmarked,initial,gu,"['sa', 'ti']",ComplexPhrase_Testing,kick_burglar_sg_waitress_pl,waitress,tumbat,kikim nork tumbatguti,NA,NA,,NA,209,Fri Jun  1 15:07:05 2018
5c06,extrapolation,unmarked,initial,gu,"['sa', 'ti']",ComplexPhrase_Testing,kick_waitress_sg_burglar_pl,burglar,nork,kikim tumbat norkgusa,NA,NA,,NA,210,Fri Jun  1 15:07:11 2018
5c06,extrapolation,unmarked,initial,gu,"['sa', 'ti']",ComplexPhrase_Testing,punch_burglar_sg_cowboy_pl,cowboy,negid,straikim nork negidguti,NA,NA,,NA,211,Fri Jun  1 15:07:16 2018
5c06,extrapolation,unmarked,initial,gu,"['sa', 'ti']",ComplexPhrase_Testing,kick_cowboy_sg_waitress_pl,waitress,tumbat,kikim negid tumbatguti,NA,NA,,NA,212,Fri Jun  1 15:07:22 2018
5c06,extrapolation,unmarked,initial,gu,"['sa', 'ti']",Questionnaire,NA,NA,NA,NA,NA,NA,,plural indicator,MeaningNum,Fri Jun  1 15:12:55 2018
5c06,extrapolation,unmarked,initial,gu,"['sa', 'ti']",Questionnaire,NA,NA,NA,NA,NA,NA,,"the person receiving the action, so if vaem is kicking tumbat, tumbatti is used",MeaningCase,Fri Jun  1 15:12:55 2018
5c06,extrapolation,unmarked,initial,gu,"['sa', 'ti']",Questionnaire,NA,NA,NA,NA,NA,NA,,after,OrderNumNoun,Fri Jun  1 15:12:55 2018
5c06,extrapolation,unmarked,initial,gu,"['sa', 'ti']",Questionnaire,NA,NA,NA,NA,NA,NA,,after,OrderCaseNoun,Fri Jun  1 15:12:55 2018
5c06,extrapolation,unmarked,initial,gu,"['sa', 'ti']",Questionnaire,NA,NA,NA,NA,NA,NA,,"gu before sa/ti, because gu was a consistent plural term. i think I attached gu before sa/ti,because it appeared first in the given examples, so it made sense to append it first to the character, then end with the character specific reciever syllable at the end.",OrderNumCase,Fri Jun  1 15:12:55 2018
5c06,extrapolation,unmarked,initial,gu,"['sa', 'ti']",Questionnaire,NA,NA,NA,NA,NA,NA,,English only,Languages,Fri Jun  1 15:12:55 2018
