ID,Condition,MajorityOrder,NounPosition,markerNum,markerCase,Phase,Meaning,NounItem,Noun,InputSentence,Selection,TypedResponse,SpokenResponse,AnswerQuest,Trial,date&time
5sc10,extrapolation,unmarked,initial,gu,"['sa', 'ti']",Noun_Training,burglar,NA,NA,nork,NA,NA,,NA,1,Wed Jun 13 09:32:58 2018
5sc10,extrapolation,unmarked,initial,gu,"['sa', 'ti']",Noun_Training,cowboy,NA,NA,tumbat,NA,NA,,NA,2,Wed Jun 13 09:33:03 2018
5sc10,extrapolation,unmarked,initial,gu,"['sa', 'ti']",Noun_Training,cowboy,NA,NA,tumbat,NA,NA,,NA,3,Wed Jun 13 09:33:07 2018
5sc10,extrapolation,unmarked,initial,gu,"['sa', 'ti']",Noun_Training,waitress,NA,NA,vaem,NA,NA,,NA,4,Wed Jun 13 09:33:12 2018
5sc10,extrapolation,unmarked,initial,gu,"['sa', 'ti']",Noun_Training,chef,NA,NA,negid,NA,NA,,NA,5,Wed Jun 13 09:33:17 2018
5sc10,extrapolation,unmarked,initial,gu,"['sa', 'ti']",Noun_Training,chef,NA,NA,negid,NA,NA,,NA,6,Wed Jun 13 09:33:22 2018
5sc10,extrapolation,unmarked,initial,gu,"['sa', 'ti']",Noun_Training,waitress,NA,NA,vaem,NA,NA,,NA,7,Wed Jun 13 09:33:27 2018
5sc10,extrapolation,unmarked,initial,gu,"['sa', 'ti']",Noun_Training,waitress,NA,NA,vaem,NA,NA,,NA,8,Wed Jun 13 09:33:31 2018
5sc10,extrapolation,unmarked,initial,gu,"['sa', 'ti']",Noun_Training,burglar,NA,NA,nork,NA,NA,,NA,9,Wed Jun 13 09:33:36 2018
5sc10,extrapolation,unmarked,initial,gu,"['sa', 'ti']",Noun_Training,burglar,NA,NA,nork,NA,NA,,NA,10,Wed Jun 13 09:33:41 2018
5sc10,extrapolation,unmarked,initial,gu,"['sa', 'ti']",Noun_Training,cowboy,NA,NA,tumbat,NA,NA,,NA,11,Wed Jun 13 09:33:46 2018
5sc10,extrapolation,unmarked,initial,gu,"['sa', 'ti']",Noun_Training,waitress,NA,NA,vaem,NA,NA,,NA,12,Wed Jun 13 09:33:51 2018
5sc10,extrapolation,unmarked,initial,gu,"['sa', 'ti']",Noun_Training,waitress,NA,NA,vaem,NA,NA,,NA,13,Wed Jun 13 09:33:56 2018
5sc10,extrapolation,unmarked,initial,gu,"['sa', 'ti']",Noun_Training,chef,NA,NA,negid,NA,NA,,NA,14,Wed Jun 13 09:34:00 2018
5sc10,extrapolation,unmarked,initial,gu,"['sa', 'ti']",Noun_Training,waitress,NA,NA,vaem,NA,NA,,NA,15,Wed Jun 13 09:34:05 2018
5sc10,extrapolation,unmarked,initial,gu,"['sa', 'ti']",Noun_Training,burglar,NA,NA,nork,NA,NA,,NA,16,Wed Jun 13 09:34:10 2018
5sc10,extrapolation,unmarked,initial,gu,"['sa', 'ti']",Noun_Training,chef,NA,NA,negid,NA,NA,,NA,17,Wed Jun 13 09:34:15 2018
5sc10,extrapolation,unmarked,initial,gu,"['sa', 'ti']",Noun_Training,cowboy,NA,NA,tumbat,NA,NA,,NA,18,Wed Jun 13 09:34:20 2018
5sc10,extrapolation,unmarked,initial,gu,"['sa', 'ti']",Noun_Training,chef,NA,NA,negid,NA,NA,,NA,19,Wed Jun 13 09:34:25 2018
5sc10,extrapolation,unmarked,initial,gu,"['sa', 'ti']",Noun_Training,burglar,NA,NA,nork,NA,NA,,NA,20,Wed Jun 13 09:34:30 2018
5sc10,extrapolation,unmarked,initial,gu,"['sa', 'ti']",Noun_Training,cowboy,NA,NA,tumbat,NA,NA,,NA,21,Wed Jun 13 09:34:34 2018
5sc10,extrapolation,unmarked,initial,gu,"['sa', 'ti']",Noun_Training,cowboy,NA,NA,tumbat,NA,NA,,NA,22,Wed Jun 13 09:34:39 2018
5sc10,extrapolation,unmarked,initial,gu,"['sa', 'ti']",Noun_Training,chef,NA,NA,negid,NA,NA,,NA,23,Wed Jun 13 09:34:44 2018
5sc10,extrapolation,unmarked,initial,gu,"['sa', 'ti']",Noun_Training,burglar,NA,NA,nork,NA,NA,,NA,24,Wed Jun 13 09:34:49 2018
5sc10,extrapolation,unmarked,initial,gu,"['sa', 'ti']",Noun_Selection,cowboy,NA,NA,tumbat,correct,NA,,NA,25,Wed Jun 13 09:35:11 2018
5sc10,extrapolation,unmarked,initial,gu,"['sa', 'ti']",Noun_Selection,burglar,NA,NA,nork,correct,NA,,NA,26,Wed Jun 13 09:35:15 2018
5sc10,extrapolation,unmarked,initial,gu,"['sa', 'ti']",Noun_Selection,cowboy,NA,NA,tumbat,correct,NA,,NA,27,Wed Jun 13 09:35:19 2018
5sc10,extrapolation,unmarked,initial,gu,"['sa', 'ti']",Noun_Selection,waitress,NA,NA,vaem,correct,NA,,NA,28,Wed Jun 13 09:35:22 2018
5sc10,extrapolation,unmarked,initial,gu,"['sa', 'ti']",Noun_Selection,waitress,NA,NA,vaem,correct,NA,,NA,29,Wed Jun 13 09:35:27 2018
5sc10,extrapolation,unmarked,initial,gu,"['sa', 'ti']",Noun_Selection,chef,NA,NA,negid,correct,NA,,NA,30,Wed Jun 13 09:35:30 2018
5sc10,extrapolation,unmarked,initial,gu,"['sa', 'ti']",Noun_Selection,burglar,NA,NA,nork,correct,NA,,NA,31,Wed Jun 13 09:35:34 2018
5sc10,extrapolation,unmarked,initial,gu,"['sa', 'ti']",Noun_Selection,waitress,NA,NA,vaem,correct,NA,,NA,32,Wed Jun 13 09:35:37 2018
5sc10,extrapolation,unmarked,initial,gu,"['sa', 'ti']",Noun_Selection,chef,NA,NA,negid,correct,NA,,NA,33,Wed Jun 13 09:35:41 2018
5sc10,extrapolation,unmarked,initial,gu,"['sa', 'ti']",Noun_Selection,cowboy,NA,NA,tumbat,correct,NA,,NA,34,Wed Jun 13 09:35:44 2018
5sc10,extrapolation,unmarked,initial,gu,"['sa', 'ti']",Noun_Selection,burglar,NA,NA,nork,correct,NA,,NA,35,Wed Jun 13 09:35:48 2018
5sc10,extrapolation,unmarked,initial,gu,"['sa', 'ti']",Noun_Selection,chef,NA,NA,negid,correct,NA,,NA,36,Wed Jun 13 09:35:53 2018
5sc10,extrapolation,unmarked,initial,gu,"['sa', 'ti']",Noun_Testing,waitress,NA,NA,vaem,NA,NA,,NA,37,Wed Jun 13 09:36:16 2018
5sc10,extrapolation,unmarked,initial,gu,"['sa', 'ti']",Noun_Testing,burglar,NA,NA,nork,NA,NA,,NA,38,Wed Jun 13 09:36:20 2018
5sc10,extrapolation,unmarked,initial,gu,"['sa', 'ti']",Noun_Testing,burglar,NA,NA,nork,NA,NA,,NA,39,Wed Jun 13 09:36:24 2018
5sc10,extrapolation,unmarked,initial,gu,"['sa', 'ti']",Noun_Testing,chef,NA,NA,negid,NA,NA,,NA,40,Wed Jun 13 09:36:32 2018
5sc10,extrapolation,unmarked,initial,gu,"['sa', 'ti']",Noun_Testing,burglar,NA,NA,nork,NA,NA,,NA,41,Wed Jun 13 09:36:37 2018
5sc10,extrapolation,unmarked,initial,gu,"['sa', 'ti']",Noun_Testing,cowboy,NA,NA,tumbat,NA,NA,,NA,42,Wed Jun 13 09:36:41 2018
5sc10,extrapolation,unmarked,initial,gu,"['sa', 'ti']",Noun_Testing,chef,NA,NA,negid,NA,NA,,NA,43,Wed Jun 13 09:36:45 2018
5sc10,extrapolation,unmarked,initial,gu,"['sa', 'ti']",Noun_Testing,waitress,NA,NA,vaem,NA,NA,,NA,44,Wed Jun 13 09:36:49 2018
5sc10,extrapolation,unmarked,initial,gu,"['sa', 'ti']",Noun_Testing,cowboy,NA,NA,tumbat,NA,NA,,NA,45,Wed Jun 13 09:36:54 2018
5sc10,extrapolation,unmarked,initial,gu,"['sa', 'ti']",Noun_Testing,cowboy,NA,NA,tumbat,NA,NA,,NA,46,Wed Jun 13 09:36:58 2018
5sc10,extrapolation,unmarked,initial,gu,"['sa', 'ti']",Noun_Testing,waitress,NA,NA,vaem,NA,NA,,NA,47,Wed Jun 13 09:37:02 2018
5sc10,extrapolation,unmarked,initial,gu,"['sa', 'ti']",Noun_Testing,chef,NA,NA,negid,NA,NA,,NA,48,Wed Jun 13 09:37:06 2018
5sc10,extrapolation,unmarked,initial,gu,"['sa', 'ti']",SimplePhrase_Training,punch_waitress_pl_burglar_sg,NA,NA,straikim vaemgu norksa,NA,NA,,NA,49,Wed Jun 13 09:37:42 2018
5sc10,extrapolation,unmarked,initial,gu,"['sa', 'ti']",SimplePhrase_Training,punch_burglar_pl_cowboy_sg,NA,NA,straikim norkgu tumbatti,NA,NA,,NA,50,Wed Jun 13 09:37:49 2018
5sc10,extrapolation,unmarked,initial,gu,"['sa', 'ti']",SimplePhrase_Training,kick_cowboy_pl_waitress_sg,NA,NA,kikim tumbatgu vaemsa,NA,NA,,NA,51,Wed Jun 13 09:37:57 2018
5sc10,extrapolation,unmarked,initial,gu,"['sa', 'ti']",SimplePhrase_Training,kick_burglar_pl_cowboy_sg,NA,NA,kikim norkgu tumbatti,NA,NA,,NA,52,Wed Jun 13 09:38:04 2018
5sc10,extrapolation,unmarked,initial,gu,"['sa', 'ti']",SimplePhrase_Training,point_waitress_sg_burglar_sg,NA,NA,poinim vaem norksa,NA,NA,,NA,53,Wed Jun 13 09:38:12 2018
5sc10,extrapolation,unmarked,initial,gu,"['sa', 'ti']",SimplePhrase_Training,punch_cowboy_sg_burglar_sg,NA,NA,straikim tumbat norksa,NA,NA,,NA,54,Wed Jun 13 09:38:19 2018
5sc10,extrapolation,unmarked,initial,gu,"['sa', 'ti']",SimplePhrase_Training,burglar,NA,NA,nork,NA,NA,,NA,55,Wed Jun 13 09:38:24 2018
5sc10,extrapolation,unmarked,initial,gu,"['sa', 'ti']",SimplePhrase_Training,kick_chef_pl_cowboy_sg,NA,NA,kikim negidgu tumbatti,NA,NA,,NA,56,Wed Jun 13 09:38:32 2018
5sc10,extrapolation,unmarked,initial,gu,"['sa', 'ti']",SimplePhrase_Training,punch_cowboy_pl_chef_sg,NA,NA,straikim tumbatgu negidti,NA,NA,,NA,57,Wed Jun 13 09:38:39 2018
5sc10,extrapolation,unmarked,initial,gu,"['sa', 'ti']",SimplePhrase_Training,punch_burglar_pl_waitress_sg,NA,NA,straikim norkgu vaemsa,NA,NA,,NA,58,Wed Jun 13 09:38:47 2018
5sc10,extrapolation,unmarked,initial,gu,"['sa', 'ti']",SimplePhrase_Training,point_cowboy_pl_waitress_sg,NA,NA,poinim tumbatgu vaemsa,NA,NA,,NA,59,Wed Jun 13 09:38:54 2018
5sc10,extrapolation,unmarked,initial,gu,"['sa', 'ti']",SimplePhrase_Training,point_waitress_sg_cowboy_sg,NA,NA,poinim vaem tumbatti,NA,NA,,NA,60,Wed Jun 13 09:39:02 2018
5sc10,extrapolation,unmarked,initial,gu,"['sa', 'ti']",SimplePhrase_Training,punch_cowboy_sg_waitress_sg,NA,NA,straikim tumbat vaemsa,NA,NA,,NA,61,Wed Jun 13 09:39:09 2018
5sc10,extrapolation,unmarked,initial,gu,"['sa', 'ti']",SimplePhrase_Training,kick_cowboy_pl_burglar_sg,NA,NA,kikim tumbatgu norksa,NA,NA,,NA,62,Wed Jun 13 09:39:17 2018
5sc10,extrapolation,unmarked,initial,gu,"['sa', 'ti']",SimplePhrase_Training,point_waitress_pl_cowboy_sg,NA,NA,poinim vaemgu tumbatti,NA,NA,,NA,63,Wed Jun 13 09:39:24 2018
5sc10,extrapolation,unmarked,initial,gu,"['sa', 'ti']",SimplePhrase_Training,cowboy,NA,NA,tumbat,NA,NA,,NA,64,Wed Jun 13 09:39:29 2018
5sc10,extrapolation,unmarked,initial,gu,"['sa', 'ti']",SimplePhrase_Training,kick_chef_sg_cowboy_sg,NA,NA,kikim negid tumbatti,NA,NA,,NA,65,Wed Jun 13 09:39:36 2018
5sc10,extrapolation,unmarked,initial,gu,"['sa', 'ti']",SimplePhrase_Training,punch_burglar_sg_waitress_sg,NA,NA,straikim nork vaemsa,NA,NA,,NA,66,Wed Jun 13 09:39:44 2018
5sc10,extrapolation,unmarked,initial,gu,"['sa', 'ti']",SimplePhrase_Training,point_burglar_sg_waitress_sg,NA,NA,poinim nork vaemsa,NA,NA,,NA,67,Wed Jun 13 09:39:51 2018
5sc10,extrapolation,unmarked,initial,gu,"['sa', 'ti']",SimplePhrase_Training,punch_waitress_sg_cowboy_sg,NA,NA,straikim vaem tumbatti,NA,NA,,NA,68,Wed Jun 13 09:39:59 2018
5sc10,extrapolation,unmarked,initial,gu,"['sa', 'ti']",SimplePhrase_Training,waitress,NA,NA,vaem,NA,NA,,NA,69,Wed Jun 13 09:40:04 2018
5sc10,extrapolation,unmarked,initial,gu,"['sa', 'ti']",SimplePhrase_Training,point_cowboy_pl_chef_sg,NA,NA,poinim tumbatgu negidti,NA,NA,,NA,70,Wed Jun 13 09:40:11 2018
5sc10,extrapolation,unmarked,initial,gu,"['sa', 'ti']",SimplePhrase_Training,punch_waitress_sg_burglar_sg,NA,NA,straikim vaem norksa,NA,NA,,NA,71,Wed Jun 13 09:40:19 2018
5sc10,extrapolation,unmarked,initial,gu,"['sa', 'ti']",SimplePhrase_Training,punch_cowboy_pl_waitress_sg,NA,NA,straikim tumbatgu vaemsa,NA,NA,,NA,72,Wed Jun 13 09:40:26 2018
5sc10,extrapolation,unmarked,initial,gu,"['sa', 'ti']",SimplePhrase_Training,kick_burglar_sg_waitress_sg,NA,NA,kikim nork vaemsa,NA,NA,,NA,73,Wed Jun 13 09:40:34 2018
5sc10,extrapolation,unmarked,initial,gu,"['sa', 'ti']",SimplePhrase_Training,kick_cowboy_sg_waitress_sg,NA,NA,kikim tumbat vaemsa,NA,NA,,NA,74,Wed Jun 13 09:40:41 2018
5sc10,extrapolation,unmarked,initial,gu,"['sa', 'ti']",SimplePhrase_Training,punch_chef_pl_waitress_sg,NA,NA,straikim negidgu vaemsa,NA,NA,,NA,75,Wed Jun 13 09:40:49 2018
5sc10,extrapolation,unmarked,initial,gu,"['sa', 'ti']",SimplePhrase_Training,burglar,NA,NA,nork,NA,NA,,NA,76,Wed Jun 13 09:40:54 2018
5sc10,extrapolation,unmarked,initial,gu,"['sa', 'ti']",SimplePhrase_Training,kick_burglar_pl_chef_sg,NA,NA,kikim norkgu negidti,NA,NA,,NA,77,Wed Jun 13 09:41:01 2018
5sc10,extrapolation,unmarked,initial,gu,"['sa', 'ti']",SimplePhrase_Training,chef,NA,NA,negid,NA,NA,,NA,78,Wed Jun 13 09:41:06 2018
5sc10,extrapolation,unmarked,initial,gu,"['sa', 'ti']",SimplePhrase_Training,kick_waitress_pl_cowboy_sg,NA,NA,kikim vaemgu tumbatti,NA,NA,,NA,79,Wed Jun 13 09:41:13 2018
5sc10,extrapolation,unmarked,initial,gu,"['sa', 'ti']",SimplePhrase_Training,point_waitress_sg_chef_sg,NA,NA,poinim vaem negidti,NA,NA,,NA,80,Wed Jun 13 09:41:21 2018
5sc10,extrapolation,unmarked,initial,gu,"['sa', 'ti']",SimplePhrase_Training,point_burglar_sg_cowboy_sg,NA,NA,poinim nork tumbatti,NA,NA,,NA,81,Wed Jun 13 09:41:28 2018
5sc10,extrapolation,unmarked,initial,gu,"['sa', 'ti']",SimplePhrase_Training,kick_cowboy_pl_chef_sg,NA,NA,kikim tumbatgu negidti,NA,NA,,NA,82,Wed Jun 13 09:41:36 2018
5sc10,extrapolation,unmarked,initial,gu,"['sa', 'ti']",SimplePhrase_Training,cowboy,NA,NA,tumbat,NA,NA,,NA,83,Wed Jun 13 09:41:41 2018
5sc10,extrapolation,unmarked,initial,gu,"['sa', 'ti']",SimplePhrase_Training,punch_cowboy_sg_chef_sg,NA,NA,straikim tumbat negidti,NA,NA,,NA,84,Wed Jun 13 09:41:48 2018
5sc10,extrapolation,unmarked,initial,gu,"['sa', 'ti']",SimplePhrase_Training,point_cowboy_sg_burglar_sg,NA,NA,poinim tumbat norksa,NA,NA,,NA,85,Wed Jun 13 09:41:56 2018
5sc10,extrapolation,unmarked,initial,gu,"['sa', 'ti']",SimplePhrase_Training,kick_burglar_sg_chef_sg,NA,NA,kikim nork negidti,NA,NA,,NA,86,Wed Jun 13 09:42:03 2018
5sc10,extrapolation,unmarked,initial,gu,"['sa', 'ti']",SimplePhrase_Training,point_burglar_sg_chef_sg,NA,NA,poinim nork negidti,NA,NA,,NA,87,Wed Jun 13 09:42:11 2018
5sc10,extrapolation,unmarked,initial,gu,"['sa', 'ti']",SimplePhrase_Training,punch_waitress_sg_chef_sg,NA,NA,straikim vaem negidti,NA,NA,,NA,88,Wed Jun 13 09:42:18 2018
5sc10,extrapolation,unmarked,initial,gu,"['sa', 'ti']",SimplePhrase_Training,kick_waitress_sg_burglar_sg,NA,NA,kikim vaem norksa,NA,NA,,NA,89,Wed Jun 13 09:42:25 2018
5sc10,extrapolation,unmarked,initial,gu,"['sa', 'ti']",SimplePhrase_Training,punch_waitress_pl_cowboy_sg,NA,NA,straikim vaemgu tumbatti,NA,NA,,NA,90,Wed Jun 13 09:42:33 2018
5sc10,extrapolation,unmarked,initial,gu,"['sa', 'ti']",SimplePhrase_Training,waitress,NA,NA,vaem,NA,NA,,NA,91,Wed Jun 13 09:42:38 2018
5sc10,extrapolation,unmarked,initial,gu,"['sa', 'ti']",SimplePhrase_Training,kick_waitress_pl_chef_sg,NA,NA,kikim vaemgu negidti,NA,NA,,NA,92,Wed Jun 13 09:42:45 2018
5sc10,extrapolation,unmarked,initial,gu,"['sa', 'ti']",SimplePhrase_Training,point_burglar_pl_chef_sg,NA,NA,poinim norkgu negidti,NA,NA,,NA,93,Wed Jun 13 09:42:53 2018
5sc10,extrapolation,unmarked,initial,gu,"['sa', 'ti']",SimplePhrase_Training,point_chef_pl_burglar_sg,NA,NA,poinim negidgu norksa,NA,NA,,NA,94,Wed Jun 13 09:43:00 2018
5sc10,extrapolation,unmarked,initial,gu,"['sa', 'ti']",SimplePhrase_Training,punch_chef_pl_burglar_sg,NA,NA,straikim negidgu norksa,NA,NA,,NA,95,Wed Jun 13 09:43:08 2018
5sc10,extrapolation,unmarked,initial,gu,"['sa', 'ti']",SimplePhrase_Training,chef,NA,NA,negid,NA,NA,,NA,96,Wed Jun 13 09:43:13 2018
5sc10,extrapolation,unmarked,initial,gu,"['sa', 'ti']",SimplePhrase_Training,point_chef_sg_cowboy_sg,NA,NA,poinim negid tumbatti,NA,NA,,NA,97,Wed Jun 13 09:43:20 2018
5sc10,extrapolation,unmarked,initial,gu,"['sa', 'ti']",SimplePhrase_Training,punch_burglar_sg_cowboy_sg,NA,NA,straikim nork tumbatti,NA,NA,,NA,98,Wed Jun 13 09:43:28 2018
5sc10,extrapolation,unmarked,initial,gu,"['sa', 'ti']",SimplePhrase_Training,punch_cowboy_pl_burglar_sg,NA,NA,straikim tumbatgu norksa,NA,NA,,NA,99,Wed Jun 13 09:43:35 2018
5sc10,extrapolation,unmarked,initial,gu,"['sa', 'ti']",SimplePhrase_Training,point_waitress_pl_burglar_sg,NA,NA,poinim vaemgu norksa,NA,NA,,NA,100,Wed Jun 13 09:43:43 2018
5sc10,extrapolation,unmarked,initial,gu,"['sa', 'ti']",SimplePhrase_Training,point_chef_sg_waitress_sg,NA,NA,poinim negid vaemsa,NA,NA,,NA,101,Wed Jun 13 09:43:50 2018
5sc10,extrapolation,unmarked,initial,gu,"['sa', 'ti']",SimplePhrase_Training,kick_cowboy_sg_burglar_sg,NA,NA,kikim tumbat norksa,NA,NA,,NA,102,Wed Jun 13 09:43:58 2018
5sc10,extrapolation,unmarked,initial,gu,"['sa', 'ti']",SimplePhrase_Training,point_burglar_pl_waitress_sg,NA,NA,poinim norkgu vaemsa,NA,NA,,NA,103,Wed Jun 13 09:44:05 2018
5sc10,extrapolation,unmarked,initial,gu,"['sa', 'ti']",SimplePhrase_Training,kick_waitress_sg_chef_sg,NA,NA,kikim vaem negidti,NA,NA,,NA,104,Wed Jun 13 09:44:12 2018
5sc10,extrapolation,unmarked,initial,gu,"['sa', 'ti']",SimplePhrase_Comprehension,point_chef_sg_burglar_sg,NA,NA,poinim negid norksa,correct,NA,,NA,105,Wed Jun 13 09:44:37 2018
5sc10,extrapolation,unmarked,initial,gu,"['sa', 'ti']",SimplePhrase_Comprehension,kick_chef_sg_burglar_sg,NA,NA,kikim negid norksa,correct,NA,,NA,106,Wed Jun 13 09:44:45 2018
5sc10,extrapolation,unmarked,initial,gu,"['sa', 'ti']",SimplePhrase_Comprehension,point_chef_pl_cowboy_sg,NA,NA,poinim negidgu tumbatti,correct,NA,,NA,107,Wed Jun 13 09:44:52 2018
5sc10,extrapolation,unmarked,initial,gu,"['sa', 'ti']",SimplePhrase_Comprehension,kick_waitress_sg_cowboy_sg,NA,NA,kikim vaem tumbatti,correct,NA,,NA,108,Wed Jun 13 09:44:57 2018
5sc10,extrapolation,unmarked,initial,gu,"['sa', 'ti']",SimplePhrase_Comprehension,kick_chef_pl_burglar_sg,NA,NA,kikim negidgu norksa,correct,NA,,NA,109,Wed Jun 13 09:45:04 2018
5sc10,extrapolation,unmarked,initial,gu,"['sa', 'ti']",SimplePhrase_Comprehension,kick_cowboy_sg_chef_sg,NA,NA,kikim tumbat negidti,correct,NA,,NA,110,Wed Jun 13 09:45:11 2018
5sc10,extrapolation,unmarked,initial,gu,"['sa', 'ti']",SimplePhrase_Comprehension,point_chef_pl_waitress_sg,NA,NA,poinim negidgu vaemsa,correct,NA,,NA,111,Wed Jun 13 09:45:17 2018
5sc10,extrapolation,unmarked,initial,gu,"['sa', 'ti']",SimplePhrase_Comprehension,punch_chef_pl_cowboy_sg,NA,NA,straikim negidgu tumbatti,correct,NA,,NA,112,Wed Jun 13 09:45:24 2018
5sc10,extrapolation,unmarked,initial,gu,"['sa', 'ti']",SimplePhrase_Comprehension,kick_chef_sg_waitress_sg,NA,NA,kikim negid vaemsa,correct,NA,,NA,113,Wed Jun 13 09:45:30 2018
5sc10,extrapolation,unmarked,initial,gu,"['sa', 'ti']",SimplePhrase_Comprehension,point_waitress_pl_burglar_sg,NA,NA,poinim vaemgu norksa,correct,NA,,NA,114,Wed Jun 13 09:45:36 2018
5sc10,extrapolation,unmarked,initial,gu,"['sa', 'ti']",SimplePhrase_Comprehension,punch_waitress_pl_chef_sg,NA,NA,straikim vaemgu negidti,correct,NA,,NA,115,Wed Jun 13 09:45:44 2018
5sc10,extrapolation,unmarked,initial,gu,"['sa', 'ti']",SimplePhrase_Comprehension,point_cowboy_sg_waitress_sg,NA,NA,poinim tumbat vaemsa,correct,NA,,NA,116,Wed Jun 13 09:45:50 2018
5sc10,extrapolation,unmarked,initial,gu,"['sa', 'ti']",SimplePhrase_Comprehension,kick_waitress_sg_chef_sg,NA,NA,kikim vaem negidti,correct,NA,,NA,117,Wed Jun 13 09:45:58 2018
5sc10,extrapolation,unmarked,initial,gu,"['sa', 'ti']",SimplePhrase_Comprehension,kick_burglar_pl_waitress_sg,NA,NA,kikim norkgu vaemsa,correct,NA,,NA,118,Wed Jun 13 09:46:04 2018
5sc10,extrapolation,unmarked,initial,gu,"['sa', 'ti']",SimplePhrase_Comprehension,punch_cowboy_sg_chef_sg,NA,NA,straikim tumbat negidti,correct,NA,,NA,119,Wed Jun 13 09:46:10 2018
5sc10,extrapolation,unmarked,initial,gu,"['sa', 'ti']",SimplePhrase_Comprehension,punch_burglar_pl_chef_sg,NA,NA,straikim norkgu negidti,correct,NA,,NA,120,Wed Jun 13 09:46:16 2018
5sc10,extrapolation,unmarked,initial,gu,"['sa', 'ti']",SimplePhrase_Comprehension,kick_waitress_sg_burglar_sg,NA,NA,kikim vaem norksa,correct,NA,,NA,121,Wed Jun 13 09:46:23 2018
5sc10,extrapolation,unmarked,initial,gu,"['sa', 'ti']",SimplePhrase_Comprehension,point_burglar_pl_cowboy_sg,NA,NA,poinim norkgu tumbatti,correct,NA,,NA,122,Wed Jun 13 09:46:30 2018
5sc10,extrapolation,unmarked,initial,gu,"['sa', 'ti']",SimplePhrase_Comprehension,point_cowboy_sg_waitress_sg,NA,NA,poinim tumbat vaemsa,correct,NA,,NA,123,Wed Jun 13 09:46:36 2018
5sc10,extrapolation,unmarked,initial,gu,"['sa', 'ti']",SimplePhrase_Comprehension,kick_burglar_sg_cowboy_sg,NA,NA,kikim nork tumbatti,correct,NA,,NA,124,Wed Jun 13 09:46:43 2018
5sc10,extrapolation,unmarked,initial,gu,"['sa', 'ti']",SimplePhrase_Comprehension,point_chef_sg_cowboy_sg,NA,NA,poinim negid tumbatti,correct,NA,,NA,125,Wed Jun 13 09:46:48 2018
5sc10,extrapolation,unmarked,initial,gu,"['sa', 'ti']",SimplePhrase_Comprehension,point_cowboy_pl_burglar_sg,NA,NA,poinim tumbatgu norksa,correct,NA,,NA,126,Wed Jun 13 09:46:55 2018
5sc10,extrapolation,unmarked,initial,gu,"['sa', 'ti']",SimplePhrase_Comprehension,point_cowboy_pl_waitress_sg,NA,NA,poinim tumbatgu vaemsa,correct,NA,,NA,127,Wed Jun 13 09:47:01 2018
5sc10,extrapolation,unmarked,initial,gu,"['sa', 'ti']",SimplePhrase_Comprehension,kick_cowboy_pl_chef_sg,NA,NA,kikim tumbatgu negidti,correct,NA,,NA,128,Wed Jun 13 09:47:08 2018
5sc10,extrapolation,unmarked,initial,gu,"['sa', 'ti']",SimplePhrase_Typing,point_chef_pl_burglar_sg,NA,NA,poinim negidgu norksa,NA,poinim negitti norska,,NA,129,Wed Jun 13 09:48:52 2018
5sc10,extrapolation,unmarked,initial,gu,"['sa', 'ti']",SimplePhrase_Typing,waitress,NA,NA,vaem,NA,vaem,,NA,130,Wed Jun 13 09:48:58 2018
5sc10,extrapolation,unmarked,initial,gu,"['sa', 'ti']",SimplePhrase_Typing,cowboy,NA,NA,tumbat,NA,tumbat,,NA,131,Wed Jun 13 09:49:05 2018
5sc10,extrapolation,unmarked,initial,gu,"['sa', 'ti']",SimplePhrase_Typing,chef,NA,NA,negid,NA,negit,,NA,132,Wed Jun 13 09:49:17 2018
5sc10,extrapolation,unmarked,initial,gu,"['sa', 'ti']",SimplePhrase_Typing,point_waitress_sg_chef_sg,NA,NA,poinim vaem negidti,NA,poinim vaem negidti,,NA,133,Wed Jun 13 09:49:30 2018
5sc10,extrapolation,unmarked,initial,gu,"['sa', 'ti']",SimplePhrase_Typing,point_cowboy_pl_chef_sg,NA,NA,poinim tumbatgu negidti,NA,poinim tumbatsu negidti,,NA,134,Wed Jun 13 09:49:48 2018
5sc10,extrapolation,unmarked,initial,gu,"['sa', 'ti']",SimplePhrase_Typing,kick_waitress_sg_chef_sg,NA,NA,kikim vaem negidti,NA,kikim vaem negitti,,NA,135,Wed Jun 13 09:50:06 2018
5sc10,extrapolation,unmarked,initial,gu,"['sa', 'ti']",SimplePhrase_Typing,punch_cowboy_pl_burglar_sg,NA,NA,straikim tumbatgu norksa,NA,straikim tumbatsu norska,,NA,136,Wed Jun 13 09:50:22 2018
5sc10,extrapolation,unmarked,initial,gu,"['sa', 'ti']",SimplePhrase_Typing,punch_burglar_pl_cowboy_sg,NA,NA,straikim norkgu tumbatti,NA,straikim norksu tumbatti,,NA,137,Wed Jun 13 09:50:45 2018
5sc10,extrapolation,unmarked,initial,gu,"['sa', 'ti']",SimplePhrase_Typing,punch_waitress_pl_cowboy_sg,NA,NA,straikim vaemgu tumbatti,NA,straikim vaemgu tumbatti,,NA,138,Wed Jun 13 09:50:59 2018
5sc10,extrapolation,unmarked,initial,gu,"['sa', 'ti']",SimplePhrase_Typing,punch_cowboy_sg_burglar_sg,NA,NA,straikim tumbat norksa,NA,straikim tumbat norska,,NA,139,Wed Jun 13 09:51:10 2018
5sc10,extrapolation,unmarked,initial,gu,"['sa', 'ti']",SimplePhrase_Typing,punch_cowboy_sg_waitress_sg,NA,NA,straikim tumbat vaemsa,NA,straikim tumbat vaemsa,,NA,140,Wed Jun 13 09:51:25 2018
5sc10,extrapolation,unmarked,initial,gu,"['sa', 'ti']",SimplePhrase_Typing,kick_chef_sg_cowboy_sg,NA,NA,kikim negid tumbatti,NA,kikim negid  tumbatti,,NA,141,Wed Jun 13 09:53:16 2018
5sc10,extrapolation,unmarked,initial,gu,"['sa', 'ti']",SimplePhrase_Typing,punch_burglar_sg_waitress_sg,NA,NA,straikim nork vaemsa,NA,straikim nork vaemsa,,NA,142,Wed Jun 13 09:53:31 2018
5sc10,extrapolation,unmarked,initial,gu,"['sa', 'ti']",SimplePhrase_Typing,point_waitress_sg_cowboy_sg,NA,NA,poinim vaem tumbatti,NA,poinim vaem tumbatti,,NA,143,Wed Jun 13 09:53:41 2018
5sc10,extrapolation,unmarked,initial,gu,"['sa', 'ti']",SimplePhrase_Typing,point_cowboy_pl_waitress_sg,NA,NA,poinim tumbatgu vaemsa,NA,poinim tumbatgu vaemsa,,NA,144,Wed Jun 13 09:53:55 2018
5sc10,extrapolation,unmarked,initial,gu,"['sa', 'ti']",SimplePhrase_Typing,punch_waitress_sg_burglar_sg,NA,NA,straikim vaem norksa,NA,straikim vaem norksa,,NA,145,Wed Jun 13 09:54:04 2018
5sc10,extrapolation,unmarked,initial,gu,"['sa', 'ti']",SimplePhrase_Typing,burglar,NA,NA,nork,NA,nork,,NA,146,Wed Jun 13 09:54:10 2018
5sc10,extrapolation,unmarked,initial,gu,"['sa', 'ti']",SimplePhrase_Typing,punch_burglar_pl_waitress_sg,NA,NA,straikim norkgu vaemsa,NA,straikim norkgu vaemsa,,NA,147,Wed Jun 13 09:54:20 2018
5sc10,extrapolation,unmarked,initial,gu,"['sa', 'ti']",SimplePhrase_Typing,punch_cowboy_pl_chef_sg,NA,NA,straikim tumbatgu negidti,NA,straikim tumbatgu negidti,,NA,148,Wed Jun 13 09:54:41 2018
5sc10,extrapolation,unmarked,initial,gu,"['sa', 'ti']",ComplexPhrase_Typing,kick_burglar_sg_waitress_pl,waitress,vaem,kikim nork vaemgusa,NA,kikim nork vaemsagu,,NA,149,Wed Jun 13 09:55:38 2018
5sc10,extrapolation,unmarked,initial,gu,"['sa', 'ti']",ComplexPhrase_Typing,point_burglar_sg_cowboy_pl,cowboy,tumbat,poinim nork tumbatguti,NA,poinim nork tumbattigu,,NA,150,Wed Jun 13 09:55:46 2018
5sc10,extrapolation,unmarked,initial,gu,"['sa', 'ti']",ComplexPhrase_Typing,punch_cowboy_sg_burglar_pl,burglar,nork,straikim tumbat norkgusa,NA,straikim tumbat norksagu,,NA,151,Wed Jun 13 09:55:53 2018
5sc10,extrapolation,unmarked,initial,gu,"['sa', 'ti']",ComplexPhrase_Typing,kick_burglar_sg_chef_pl,chef,negid,kikim nork negidguti,NA,kikim nork negidtisu,,NA,152,Wed Jun 13 09:56:04 2018
5sc10,extrapolation,unmarked,initial,gu,"['sa', 'ti']",ComplexPhrase_Typing,punch_cowboy_sg_burglar_pl,burglar,nork,straikim tumbat norkgusa,NA,straikim tumbat norksagu,,NA,153,Wed Jun 13 09:56:10 2018
5sc10,extrapolation,unmarked,initial,gu,"['sa', 'ti']",ComplexPhrase_Typing,point_burglar_sg_cowboy_pl,cowboy,tumbat,poinim nork tumbatguti,NA,poinim nork tumbattigu,,NA,154,Wed Jun 13 09:56:17 2018
5sc10,extrapolation,unmarked,initial,gu,"['sa', 'ti']",ComplexPhrase_Typing,kick_burglar_sg_waitress_pl,waitress,vaem,kikim nork vaemgusa,NA,kikim nork vaemsagu,,NA,155,Wed Jun 13 09:56:21 2018
5sc10,extrapolation,unmarked,initial,gu,"['sa', 'ti']",ComplexPhrase_Typing,kick_burglar_sg_chef_pl,chef,negid,kikim nork negidguti,NA,kikim nork negittigu,,NA,156,Wed Jun 13 09:56:27 2018
5sc10,extrapolation,unmarked,initial,gu,"['sa', 'ti']",ComplexPhrase_Typing,kick_burglar_sg_waitress_pl,waitress,vaem,kikim nork vaemgusa,NA,kikim nork vaemsagu,,NA,157,Wed Jun 13 09:56:32 2018
5sc10,extrapolation,unmarked,initial,gu,"['sa', 'ti']",ComplexPhrase_Typing,point_burglar_sg_cowboy_pl,cowboy,tumbat,poinim nork tumbatguti,NA,poinim nork tumbattigu,,NA,158,Wed Jun 13 09:56:37 2018
5sc10,extrapolation,unmarked,initial,gu,"['sa', 'ti']",ComplexPhrase_Typing,kick_burglar_sg_chef_pl,chef,negid,kikim nork negidguti,NA,kikim nork negidtisu,,NA,159,Wed Jun 13 09:56:47 2018
5sc10,extrapolation,unmarked,initial,gu,"['sa', 'ti']",ComplexPhrase_Typing,punch_cowboy_sg_burglar_pl,burglar,nork,straikim tumbat norkgusa,NA,straikim tumbat norksagu,,NA,160,Wed Jun 13 09:56:53 2018
5sc10,extrapolation,unmarked,initial,gu,"['sa', 'ti']",ComplexPhrase_Testing,kick_chef_sg_cowboy_pl,cowboy,tumbat,kikim negid tumbatguti,NA,NA,,NA,161,Wed Jun 13 09:57:33 2018
5sc10,extrapolation,unmarked,initial,gu,"['sa', 'ti']",ComplexPhrase_Testing,waitress,NA,NA,vaem,NA,NA,,NA,162,Wed Jun 13 09:57:35 2018
5sc10,extrapolation,unmarked,initial,gu,"['sa', 'ti']",ComplexPhrase_Testing,kick_burglar_sg_waitress_pl,waitress,vaem,kikim nork vaemgusa,NA,NA,,NA,163,Wed Jun 13 09:57:39 2018
5sc10,extrapolation,unmarked,initial,gu,"['sa', 'ti']",ComplexPhrase_Testing,punch_cowboy_sg_waitress_pl,waitress,vaem,straikim tumbat vaemgusa,NA,NA,,NA,164,Wed Jun 13 09:57:47 2018
5sc10,extrapolation,unmarked,initial,gu,"['sa', 'ti']",ComplexPhrase_Testing,point_burglar_sg_cowboy_pl,cowboy,tumbat,poinim nork tumbatguti,NA,NA,,NA,165,Wed Jun 13 09:57:53 2018
5sc10,extrapolation,unmarked,initial,gu,"['sa', 'ti']",ComplexPhrase_Testing,punch_burglar_sg_chef_sg,NA,NA,straikim nork negidti,NA,NA,,NA,166,Wed Jun 13 09:57:58 2018
5sc10,extrapolation,unmarked,initial,gu,"['sa', 'ti']",ComplexPhrase_Testing,point_cowboy_sg_burglar_pl,burglar,nork,poinim tumbat norkgusa,NA,NA,,NA,167,Wed Jun 13 09:58:07 2018
5sc10,extrapolation,unmarked,initial,gu,"['sa', 'ti']",ComplexPhrase_Testing,punch_waitress_sg_cowboy_pl,cowboy,tumbat,straikim vaem tumbatguti,NA,NA,,NA,168,Wed Jun 13 09:58:11 2018
5sc10,extrapolation,unmarked,initial,gu,"['sa', 'ti']",ComplexPhrase_Testing,punch_cowboy_sg_burglar_pl,burglar,nork,straikim tumbat norkgusa,NA,NA,,NA,169,Wed Jun 13 09:58:16 2018
5sc10,extrapolation,unmarked,initial,gu,"['sa', 'ti']",ComplexPhrase_Testing,punch_waitress_sg_cowboy_pl,cowboy,tumbat,straikim vaem tumbatguti,NA,NA,,NA,170,Wed Jun 13 09:58:23 2018
5sc10,extrapolation,unmarked,initial,gu,"['sa', 'ti']",ComplexPhrase_Testing,burglar,NA,NA,nork,NA,NA,,NA,171,Wed Jun 13 09:58:25 2018
5sc10,extrapolation,unmarked,initial,gu,"['sa', 'ti']",ComplexPhrase_Testing,kick_chef_pl_burglar_sg,NA,NA,kikim negidgu norksa,NA,NA,,NA,172,Wed Jun 13 09:58:43 2018
5sc10,extrapolation,unmarked,initial,gu,"['sa', 'ti']",ComplexPhrase_Testing,point_burglar_sg_cowboy_pl,cowboy,tumbat,poinim nork tumbatguti,NA,NA,,NA,173,Wed Jun 13 09:58:50 2018
5sc10,extrapolation,unmarked,initial,gu,"['sa', 'ti']",ComplexPhrase_Testing,kick_chef_sg_cowboy_pl,cowboy,tumbat,kikim negid tumbatguti,NA,NA,,NA,174,Wed Jun 13 09:58:57 2018
5sc10,extrapolation,unmarked,initial,gu,"['sa', 'ti']",ComplexPhrase_Testing,cowboy,NA,NA,tumbat,NA,NA,,NA,175,Wed Jun 13 09:58:59 2018
5sc10,extrapolation,unmarked,initial,gu,"['sa', 'ti']",ComplexPhrase_Testing,kick_waitress_sg_chef_pl,chef,negid,kikim vaem negidguti,NA,NA,,NA,176,Wed Jun 13 09:59:10 2018
5sc10,extrapolation,unmarked,initial,gu,"['sa', 'ti']",ComplexPhrase_Testing,punch_cowboy_sg_burglar_sg,NA,NA,straikim tumbat norksa,NA,NA,,NA,177,Wed Jun 13 09:59:16 2018
5sc10,extrapolation,unmarked,initial,gu,"['sa', 'ti']",ComplexPhrase_Testing,point_waitress_sg_cowboy_sg,NA,NA,poinim vaem tumbatti,NA,NA,,NA,178,Wed Jun 13 09:59:26 2018
5sc10,extrapolation,unmarked,initial,gu,"['sa', 'ti']",ComplexPhrase_Testing,punch_waitress_sg_burglar_pl,burglar,nork,straikim vaem norkgusa,NA,NA,,NA,179,Wed Jun 13 09:59:38 2018
5sc10,extrapolation,unmarked,initial,gu,"['sa', 'ti']",ComplexPhrase_Testing,punch_waitress_pl_cowboy_sg,NA,NA,straikim vaemgu tumbatti,NA,NA,,NA,180,Wed Jun 13 09:59:45 2018
5sc10,extrapolation,unmarked,initial,gu,"['sa', 'ti']",ComplexPhrase_Testing,point_cowboy_sg_burglar_pl,burglar,nork,poinim tumbat norkgusa,NA,NA,,NA,181,Wed Jun 13 09:59:54 2018
5sc10,extrapolation,unmarked,initial,gu,"['sa', 'ti']",ComplexPhrase_Testing,punch_waitress_sg_burglar_pl,burglar,nork,straikim vaem norkgusa,NA,NA,,NA,182,Wed Jun 13 09:59:59 2018
5sc10,extrapolation,unmarked,initial,gu,"['sa', 'ti']",ComplexPhrase_Testing,kick_burglar_sg_waitress_pl,waitress,vaem,kikim nork vaemgusa,NA,NA,,NA,183,Wed Jun 13 10:00:06 2018
5sc10,extrapolation,unmarked,initial,gu,"['sa', 'ti']",ComplexPhrase_Testing,point_chef_sg_waitress_pl,waitress,vaem,poinim negid vaemgusa,NA,NA,,NA,184,Wed Jun 13 10:00:10 2018
5sc10,extrapolation,unmarked,initial,gu,"['sa', 'ti']",ComplexPhrase_Testing,kick_cowboy_sg_chef_pl,chef,negid,kikim tumbat negidguti,NA,NA,,NA,185,Wed Jun 13 10:00:18 2018
5sc10,extrapolation,unmarked,initial,gu,"['sa', 'ti']",ComplexPhrase_Testing,punch_cowboy_sg_burglar_pl,burglar,nork,straikim tumbat norkgusa,NA,NA,,NA,186,Wed Jun 13 10:00:23 2018
5sc10,extrapolation,unmarked,initial,gu,"['sa', 'ti']",ComplexPhrase_Testing,point_cowboy_sg_waitress_sg,NA,NA,poinim tumbat vaemsa,NA,NA,,NA,187,Wed Jun 13 10:00:26 2018
5sc10,extrapolation,unmarked,initial,gu,"['sa', 'ti']",ComplexPhrase_Testing,point_cowboy_pl_chef_sg,NA,NA,poinim tumbatgu negidti,NA,NA,,NA,188,Wed Jun 13 10:00:41 2018
5sc10,extrapolation,unmarked,initial,gu,"['sa', 'ti']",ComplexPhrase_Testing,kick_waitress_sg_chef_pl,chef,negid,kikim vaem negidguti,NA,NA,,NA,189,Wed Jun 13 10:00:49 2018
5sc10,extrapolation,unmarked,initial,gu,"['sa', 'ti']",ComplexPhrase_Testing,point_chef_sg_waitress_pl,waitress,vaem,poinim negid vaemgusa,NA,NA,,NA,190,Wed Jun 13 10:00:53 2018
5sc10,extrapolation,unmarked,initial,gu,"['sa', 'ti']",ComplexPhrase_Testing,kick_chef_pl_waitress_sg,NA,NA,kikim negidgu vaemsa,NA,NA,,NA,191,Wed Jun 13 10:01:00 2018
5sc10,extrapolation,unmarked,initial,gu,"['sa', 'ti']",ComplexPhrase_Testing,point_waitress_pl_chef_sg,NA,NA,poinim vaemgu negidti,NA,NA,,NA,192,Wed Jun 13 10:01:10 2018
5sc10,extrapolation,unmarked,initial,gu,"['sa', 'ti']",ComplexPhrase_Testing,kick_cowboy_sg_chef_pl,chef,negid,kikim tumbat negidguti,NA,NA,,NA,193,Wed Jun 13 10:01:20 2018
5sc10,extrapolation,unmarked,initial,gu,"['sa', 'ti']",ComplexPhrase_Testing,punch_waitress_sg_cowboy_pl,cowboy,tumbat,straikim vaem tumbatguti,NA,NA,,NA,194,Wed Jun 13 10:01:26 2018
5sc10,extrapolation,unmarked,initial,gu,"['sa', 'ti']",ComplexPhrase_Testing,point_cowboy_sg_burglar_pl,burglar,nork,poinim tumbat norkgusa,NA,NA,,NA,195,Wed Jun 13 10:01:30 2018
5sc10,extrapolation,unmarked,initial,gu,"['sa', 'ti']",ComplexPhrase_Testing,point_burglar_sg_cowboy_pl,cowboy,tumbat,poinim nork tumbatguti,NA,NA,,NA,196,Wed Jun 13 10:01:35 2018
5sc10,extrapolation,unmarked,initial,gu,"['sa', 'ti']",ComplexPhrase_Testing,chef,NA,NA,negid,NA,NA,,NA,197,Wed Jun 13 10:01:38 2018
5sc10,extrapolation,unmarked,initial,gu,"['sa', 'ti']",ComplexPhrase_Testing,punch_waitress_sg_burglar_pl,burglar,nork,straikim vaem norkgusa,NA,NA,,NA,198,Wed Jun 13 10:01:44 2018
5sc10,extrapolation,unmarked,initial,gu,"['sa', 'ti']",ComplexPhrase_Testing,punch_chef_sg_waitress_sg,NA,NA,straikim negid vaemsa,NA,NA,,NA,199,Wed Jun 13 10:01:49 2018
5sc10,extrapolation,unmarked,initial,gu,"['sa', 'ti']",ComplexPhrase_Testing,kick_burglar_sg_waitress_pl,waitress,vaem,kikim nork vaemgusa,NA,NA,,NA,200,Wed Jun 13 10:02:01 2018
5sc10,extrapolation,unmarked,initial,gu,"['sa', 'ti']",ComplexPhrase_Testing,kick_cowboy_pl_waitress_sg,NA,NA,kikim tumbatgu vaemsa,NA,NA,,NA,201,Wed Jun 13 10:02:06 2018
5sc10,extrapolation,unmarked,initial,gu,"['sa', 'ti']",ComplexPhrase_Testing,punch_cowboy_sg_burglar_pl,burglar,nork,straikim tumbat norkgusa,NA,NA,,NA,202,Wed Jun 13 10:02:13 2018
5sc10,extrapolation,unmarked,initial,gu,"['sa', 'ti']",ComplexPhrase_Testing,kick_waitress_sg_cowboy_sg,NA,NA,kikim vaem tumbatti,NA,NA,,NA,203,Wed Jun 13 10:02:19 2018
5sc10,extrapolation,unmarked,initial,gu,"['sa', 'ti']",ComplexPhrase_Testing,kick_waitress_sg_chef_pl,chef,negid,kikim vaem negidguti,NA,NA,,NA,204,Wed Jun 13 10:02:25 2018
5sc10,extrapolation,unmarked,initial,gu,"['sa', 'ti']",ComplexPhrase_Testing,point_chef_sg_waitress_pl,waitress,vaem,poinim negid vaemgusa,NA,NA,,NA,205,Wed Jun 13 10:02:32 2018
5sc10,extrapolation,unmarked,initial,gu,"['sa', 'ti']",ComplexPhrase_Testing,kick_chef_sg_cowboy_pl,cowboy,tumbat,kikim negid tumbatguti,NA,NA,,NA,206,Wed Jun 13 10:02:35 2018
5sc10,extrapolation,unmarked,initial,gu,"['sa', 'ti']",ComplexPhrase_Testing,punch_cowboy_sg_chef_pl,chef,negid,straikim tumbat negidguti,NA,NA,,NA,207,Wed Jun 13 10:02:39 2018
5sc10,extrapolation,unmarked,initial,gu,"['sa', 'ti']",ComplexPhrase_Testing,punch_cowboy_sg_chef_pl,chef,negid,straikim tumbat negidguti,NA,NA,,NA,208,Wed Jun 13 10:02:44 2018
5sc10,extrapolation,unmarked,initial,gu,"['sa', 'ti']",ComplexPhrase_Testing,punch_cowboy_sg_waitress_pl,waitress,vaem,straikim tumbat vaemgusa,NA,NA,,NA,209,Wed Jun 13 10:02:48 2018
5sc10,extrapolation,unmarked,initial,gu,"['sa', 'ti']",ComplexPhrase_Testing,kick_cowboy_sg_chef_pl,chef,negid,kikim tumbat negidguti,NA,NA,,NA,210,Wed Jun 13 10:02:54 2018
5sc10,extrapolation,unmarked,initial,gu,"['sa', 'ti']",ComplexPhrase_Testing,punch_cowboy_sg_waitress_pl,waitress,vaem,straikim tumbat vaemgusa,NA,NA,,NA,211,Wed Jun 13 10:02:57 2018
5sc10,extrapolation,unmarked,initial,gu,"['sa', 'ti']",ComplexPhrase_Testing,punch_cowboy_sg_chef_pl,chef,negid,straikim tumbat negidguti,NA,NA,,NA,212,Wed Jun 13 10:03:03 2018
5sc10,extrapolation,unmarked,initial,gu,"['sa', 'ti']",Questionnaire,NA,NA,NA,NA,NA,NA,,"the action being put on a person i.e for vaem, if they were getting kicked it would be vaemsa",MeaningCase,Wed Jun 13 10:05:48 2018
5sc10,extrapolation,unmarked,initial,gu,"['sa', 'ti']",Questionnaire,NA,NA,NA,NA,NA,NA,,plural,MeaningNum,Wed Jun 13 10:05:48 2018
5sc10,extrapolation,unmarked,initial,gu,"['sa', 'ti']",Questionnaire,NA,NA,NA,NA,NA,NA,,after,OrderCaseNoun,Wed Jun 13 10:05:48 2018
5sc10,extrapolation,unmarked,initial,gu,"['sa', 'ti']",Questionnaire,NA,NA,NA,NA,NA,NA,,after,OrderNumNoun,Wed Jun 13 10:05:48 2018
5sc10,extrapolation,unmarked,initial,gu,"['sa', 'ti']",Questionnaire,NA,NA,NA,NA,NA,NA,,"before, assumed it was the action the applied to the plural i.e vaemsagu",OrderNumCase,Wed Jun 13 10:05:48 2018
5sc10,extrapolation,unmarked,initial,gu,"['sa', 'ti']",Questionnaire,NA,NA,NA,NA,NA,NA,,english and polish,Languages,Wed Jun 13 10:05:48 2018
