ID,Condition,MajorityOrder,NounPosition,markerNum,markerCase,Phase,Meaning,NounItem,Noun,InputSentence,Selection,TypedResponse,SpokenResponse,AnswerQuest,Trial,date&time
6sc13,extrapolation,unmarked,final,gu,"['sa', 'ti']",Noun_Training,waitress,NA,NA,negid,NA,NA,,NA,1,Wed Jun 13 11:37:41 2018
6sc13,extrapolation,unmarked,final,gu,"['sa', 'ti']",Noun_Training,chef,NA,NA,vaem,NA,NA,,NA,2,Wed Jun 13 11:37:46 2018
6sc13,extrapolation,unmarked,final,gu,"['sa', 'ti']",Noun_Training,cowboy,NA,NA,nork,NA,NA,,NA,3,Wed Jun 13 11:37:51 2018
6sc13,extrapolation,unmarked,final,gu,"['sa', 'ti']",Noun_Training,cowboy,NA,NA,nork,NA,NA,,NA,4,Wed Jun 13 11:37:56 2018
6sc13,extrapolation,unmarked,final,gu,"['sa', 'ti']",Noun_Training,chef,NA,NA,vaem,NA,NA,,NA,5,Wed Jun 13 11:38:01 2018
6sc13,extrapolation,unmarked,final,gu,"['sa', 'ti']",Noun_Training,waitress,NA,NA,negid,NA,NA,,NA,6,Wed Jun 13 11:38:06 2018
6sc13,extrapolation,unmarked,final,gu,"['sa', 'ti']",Noun_Training,cowboy,NA,NA,nork,NA,NA,,NA,7,Wed Jun 13 11:38:11 2018
6sc13,extrapolation,unmarked,final,gu,"['sa', 'ti']",Noun_Training,burglar,NA,NA,tumbat,NA,NA,,NA,8,Wed Jun 13 11:38:15 2018
6sc13,extrapolation,unmarked,final,gu,"['sa', 'ti']",Noun_Training,burglar,NA,NA,tumbat,NA,NA,,NA,9,Wed Jun 13 11:38:20 2018
6sc13,extrapolation,unmarked,final,gu,"['sa', 'ti']",Noun_Training,chef,NA,NA,vaem,NA,NA,,NA,10,Wed Jun 13 11:38:25 2018
6sc13,extrapolation,unmarked,final,gu,"['sa', 'ti']",Noun_Training,cowboy,NA,NA,nork,NA,NA,,NA,11,Wed Jun 13 11:38:30 2018
6sc13,extrapolation,unmarked,final,gu,"['sa', 'ti']",Noun_Training,chef,NA,NA,vaem,NA,NA,,NA,12,Wed Jun 13 11:38:35 2018
6sc13,extrapolation,unmarked,final,gu,"['sa', 'ti']",Noun_Training,burglar,NA,NA,tumbat,NA,NA,,NA,13,Wed Jun 13 11:38:40 2018
6sc13,extrapolation,unmarked,final,gu,"['sa', 'ti']",Noun_Training,chef,NA,NA,vaem,NA,NA,,NA,14,Wed Jun 13 11:38:44 2018
6sc13,extrapolation,unmarked,final,gu,"['sa', 'ti']",Noun_Training,burglar,NA,NA,tumbat,NA,NA,,NA,15,Wed Jun 13 11:38:49 2018
6sc13,extrapolation,unmarked,final,gu,"['sa', 'ti']",Noun_Training,burglar,NA,NA,tumbat,NA,NA,,NA,16,Wed Jun 13 11:38:54 2018
6sc13,extrapolation,unmarked,final,gu,"['sa', 'ti']",Noun_Training,waitress,NA,NA,negid,NA,NA,,NA,17,Wed Jun 13 11:38:59 2018
6sc13,extrapolation,unmarked,final,gu,"['sa', 'ti']",Noun_Training,chef,NA,NA,vaem,NA,NA,,NA,18,Wed Jun 13 11:39:04 2018
6sc13,extrapolation,unmarked,final,gu,"['sa', 'ti']",Noun_Training,burglar,NA,NA,tumbat,NA,NA,,NA,19,Wed Jun 13 11:39:09 2018
6sc13,extrapolation,unmarked,final,gu,"['sa', 'ti']",Noun_Training,waitress,NA,NA,negid,NA,NA,,NA,20,Wed Jun 13 11:39:13 2018
6sc13,extrapolation,unmarked,final,gu,"['sa', 'ti']",Noun_Training,cowboy,NA,NA,nork,NA,NA,,NA,21,Wed Jun 13 11:39:18 2018
6sc13,extrapolation,unmarked,final,gu,"['sa', 'ti']",Noun_Training,waitress,NA,NA,negid,NA,NA,,NA,22,Wed Jun 13 11:39:23 2018
6sc13,extrapolation,unmarked,final,gu,"['sa', 'ti']",Noun_Training,waitress,NA,NA,negid,NA,NA,,NA,23,Wed Jun 13 11:39:28 2018
6sc13,extrapolation,unmarked,final,gu,"['sa', 'ti']",Noun_Training,cowboy,NA,NA,nork,NA,NA,,NA,24,Wed Jun 13 11:39:33 2018
6sc13,extrapolation,unmarked,final,gu,"['sa', 'ti']",Noun_Selection,chef,NA,NA,vaem,correct,NA,,NA,25,Wed Jun 13 11:39:56 2018
6sc13,extrapolation,unmarked,final,gu,"['sa', 'ti']",Noun_Selection,chef,NA,NA,vaem,correct,NA,,NA,26,Wed Jun 13 11:40:00 2018
6sc13,extrapolation,unmarked,final,gu,"['sa', 'ti']",Noun_Selection,burglar,NA,NA,tumbat,correct,NA,,NA,27,Wed Jun 13 11:40:06 2018
6sc13,extrapolation,unmarked,final,gu,"['sa', 'ti']",Noun_Selection,cowboy,NA,NA,nork,correct,NA,,NA,28,Wed Jun 13 11:40:11 2018
6sc13,extrapolation,unmarked,final,gu,"['sa', 'ti']",Noun_Selection,cowboy,NA,NA,nork,correct,NA,,NA,29,Wed Jun 13 11:40:15 2018
6sc13,extrapolation,unmarked,final,gu,"['sa', 'ti']",Noun_Selection,burglar,NA,NA,tumbat,correct,NA,,NA,30,Wed Jun 13 11:40:19 2018
6sc13,extrapolation,unmarked,final,gu,"['sa', 'ti']",Noun_Selection,waitress,NA,NA,negid,correct,NA,,NA,31,Wed Jun 13 11:40:23 2018
6sc13,extrapolation,unmarked,final,gu,"['sa', 'ti']",Noun_Selection,waitress,NA,NA,negid,correct,NA,,NA,32,Wed Jun 13 11:40:26 2018
6sc13,extrapolation,unmarked,final,gu,"['sa', 'ti']",Noun_Selection,chef,NA,NA,vaem,correct,NA,,NA,33,Wed Jun 13 11:40:31 2018
6sc13,extrapolation,unmarked,final,gu,"['sa', 'ti']",Noun_Selection,waitress,NA,NA,negid,correct,NA,,NA,34,Wed Jun 13 11:40:34 2018
6sc13,extrapolation,unmarked,final,gu,"['sa', 'ti']",Noun_Selection,cowboy,NA,NA,nork,correct,NA,,NA,35,Wed Jun 13 11:40:39 2018
6sc13,extrapolation,unmarked,final,gu,"['sa', 'ti']",Noun_Selection,burglar,NA,NA,tumbat,correct,NA,,NA,36,Wed Jun 13 11:40:42 2018
6sc13,extrapolation,unmarked,final,gu,"['sa', 'ti']",Noun_Testing,chef,NA,NA,vaem,NA,NA,,NA,37,Wed Jun 13 11:41:08 2018
6sc13,extrapolation,unmarked,final,gu,"['sa', 'ti']",Noun_Testing,cowboy,NA,NA,nork,NA,NA,,NA,38,Wed Jun 13 11:41:22 2018
6sc13,extrapolation,unmarked,final,gu,"['sa', 'ti']",Noun_Testing,chef,NA,NA,vaem,NA,NA,,NA,39,Wed Jun 13 11:41:27 2018
6sc13,extrapolation,unmarked,final,gu,"['sa', 'ti']",Noun_Testing,burglar,NA,NA,tumbat,NA,NA,,NA,40,Wed Jun 13 11:41:41 2018
6sc13,extrapolation,unmarked,final,gu,"['sa', 'ti']",Noun_Testing,waitress,NA,NA,negid,NA,NA,,NA,41,Wed Jun 13 11:41:49 2018
6sc13,extrapolation,unmarked,final,gu,"['sa', 'ti']",Noun_Testing,waitress,NA,NA,negid,NA,NA,,NA,42,Wed Jun 13 11:41:55 2018
6sc13,extrapolation,unmarked,final,gu,"['sa', 'ti']",Noun_Testing,chef,NA,NA,vaem,NA,NA,,NA,43,Wed Jun 13 11:41:59 2018
6sc13,extrapolation,unmarked,final,gu,"['sa', 'ti']",Noun_Testing,waitress,NA,NA,negid,NA,NA,,NA,44,Wed Jun 13 11:42:02 2018
6sc13,extrapolation,unmarked,final,gu,"['sa', 'ti']",Noun_Testing,cowboy,NA,NA,nork,NA,NA,,NA,45,Wed Jun 13 11:42:06 2018
6sc13,extrapolation,unmarked,final,gu,"['sa', 'ti']",Noun_Testing,burglar,NA,NA,tumbat,NA,NA,,NA,46,Wed Jun 13 11:42:10 2018
6sc13,extrapolation,unmarked,final,gu,"['sa', 'ti']",Noun_Testing,cowboy,NA,NA,nork,NA,NA,,NA,47,Wed Jun 13 11:42:14 2018
6sc13,extrapolation,unmarked,final,gu,"['sa', 'ti']",Noun_Testing,burglar,NA,NA,tumbat,NA,NA,,NA,48,Wed Jun 13 11:42:20 2018
6sc13,extrapolation,unmarked,final,gu,"['sa', 'ti']",SimplePhrase_Training,kick_cowboy_pl_waitress_sg,NA,NA,kikim gunork tinegid,NA,NA,,NA,49,Wed Jun 13 11:42:55 2018
6sc13,extrapolation,unmarked,final,gu,"['sa', 'ti']",SimplePhrase_Training,kick_chef_pl_waitress_sg,NA,NA,kikim guvaem tinegid,NA,NA,,NA,50,Wed Jun 13 11:43:03 2018
6sc13,extrapolation,unmarked,final,gu,"['sa', 'ti']",SimplePhrase_Training,point_burglar_sg_cowboy_sg,NA,NA,poinim tumbat sanork,NA,NA,,NA,51,Wed Jun 13 11:43:10 2018
6sc13,extrapolation,unmarked,final,gu,"['sa', 'ti']",SimplePhrase_Training,waitress,NA,NA,negid,NA,NA,,NA,52,Wed Jun 13 11:43:15 2018
6sc13,extrapolation,unmarked,final,gu,"['sa', 'ti']",SimplePhrase_Training,kick_cowboy_sg_chef_sg,NA,NA,kikim nork savaem,NA,NA,,NA,53,Wed Jun 13 11:43:22 2018
6sc13,extrapolation,unmarked,final,gu,"['sa', 'ti']",SimplePhrase_Training,point_cowboy_pl_waitress_sg,NA,NA,poinim gunork tinegid,NA,NA,,NA,54,Wed Jun 13 11:43:30 2018
6sc13,extrapolation,unmarked,final,gu,"['sa', 'ti']",SimplePhrase_Training,kick_chef_pl_cowboy_sg,NA,NA,kikim guvaem sanork,NA,NA,,NA,55,Wed Jun 13 11:43:37 2018
6sc13,extrapolation,unmarked,final,gu,"['sa', 'ti']",SimplePhrase_Training,punch_waitress_sg_cowboy_sg,NA,NA,straikim negid sanork,NA,NA,,NA,56,Wed Jun 13 11:43:45 2018
6sc13,extrapolation,unmarked,final,gu,"['sa', 'ti']",SimplePhrase_Training,waitress,NA,NA,negid,NA,NA,,NA,57,Wed Jun 13 11:43:49 2018
6sc13,extrapolation,unmarked,final,gu,"['sa', 'ti']",SimplePhrase_Training,point_waitress_sg_cowboy_sg,NA,NA,poinim negid sanork,NA,NA,,NA,58,Wed Jun 13 11:43:57 2018
6sc13,extrapolation,unmarked,final,gu,"['sa', 'ti']",SimplePhrase_Training,punch_chef_pl_cowboy_sg,NA,NA,straikim guvaem sanork,NA,NA,,NA,59,Wed Jun 13 11:44:04 2018
6sc13,extrapolation,unmarked,final,gu,"['sa', 'ti']",SimplePhrase_Training,punch_cowboy_sg_chef_sg,NA,NA,straikim nork savaem,NA,NA,,NA,60,Wed Jun 13 11:44:12 2018
6sc13,extrapolation,unmarked,final,gu,"['sa', 'ti']",SimplePhrase_Training,punch_chef_pl_burglar_sg,NA,NA,straikim guvaem titumbat,NA,NA,,NA,61,Wed Jun 13 11:44:20 2018
6sc13,extrapolation,unmarked,final,gu,"['sa', 'ti']",SimplePhrase_Training,cowboy,NA,NA,nork,NA,NA,,NA,62,Wed Jun 13 11:44:25 2018
6sc13,extrapolation,unmarked,final,gu,"['sa', 'ti']",SimplePhrase_Training,kick_waitress_sg_cowboy_sg,NA,NA,kikim negid sanork,NA,NA,,NA,63,Wed Jun 13 11:44:32 2018
6sc13,extrapolation,unmarked,final,gu,"['sa', 'ti']",SimplePhrase_Training,punch_chef_sg_burglar_sg,NA,NA,straikim vaem titumbat,NA,NA,,NA,64,Wed Jun 13 11:44:39 2018
6sc13,extrapolation,unmarked,final,gu,"['sa', 'ti']",SimplePhrase_Training,burglar,NA,NA,tumbat,NA,NA,,NA,65,Wed Jun 13 11:44:44 2018
6sc13,extrapolation,unmarked,final,gu,"['sa', 'ti']",SimplePhrase_Training,kick_chef_sg_cowboy_sg,NA,NA,kikim vaem sanork,NA,NA,,NA,66,Wed Jun 13 11:44:51 2018
6sc13,extrapolation,unmarked,final,gu,"['sa', 'ti']",SimplePhrase_Training,point_chef_sg_cowboy_sg,NA,NA,poinim vaem sanork,NA,NA,,NA,67,Wed Jun 13 11:44:59 2018
6sc13,extrapolation,unmarked,final,gu,"['sa', 'ti']",SimplePhrase_Training,point_cowboy_sg_waitress_sg,NA,NA,poinim nork tinegid,NA,NA,,NA,68,Wed Jun 13 11:45:06 2018
6sc13,extrapolation,unmarked,final,gu,"['sa', 'ti']",SimplePhrase_Training,point_chef_pl_cowboy_sg,NA,NA,poinim guvaem sanork,NA,NA,,NA,69,Wed Jun 13 11:45:14 2018
6sc13,extrapolation,unmarked,final,gu,"['sa', 'ti']",SimplePhrase_Training,kick_burglar_sg_waitress_sg,NA,NA,kikim tumbat tinegid,NA,NA,,NA,70,Wed Jun 13 11:45:21 2018
6sc13,extrapolation,unmarked,final,gu,"['sa', 'ti']",SimplePhrase_Training,kick_chef_sg_burglar_sg,NA,NA,kikim vaem titumbat,NA,NA,,NA,71,Wed Jun 13 11:45:28 2018
6sc13,extrapolation,unmarked,final,gu,"['sa', 'ti']",SimplePhrase_Training,punch_waitress_pl_burglar_sg,NA,NA,straikim gunegid titumbat,NA,NA,,NA,72,Wed Jun 13 11:45:36 2018
6sc13,extrapolation,unmarked,final,gu,"['sa', 'ti']",SimplePhrase_Training,punch_burglar_pl_chef_sg,NA,NA,straikim gutumbat savaem,NA,NA,,NA,73,Wed Jun 13 11:45:43 2018
6sc13,extrapolation,unmarked,final,gu,"['sa', 'ti']",SimplePhrase_Training,kick_burglar_pl_chef_sg,NA,NA,kikim gutumbat savaem,NA,NA,,NA,74,Wed Jun 13 11:45:51 2018
6sc13,extrapolation,unmarked,final,gu,"['sa', 'ti']",SimplePhrase_Training,punch_waitress_sg_burglar_sg,NA,NA,straikim negid titumbat,NA,NA,,NA,75,Wed Jun 13 11:45:58 2018
6sc13,extrapolation,unmarked,final,gu,"['sa', 'ti']",SimplePhrase_Training,point_chef_sg_waitress_sg,NA,NA,poinim vaem tinegid,NA,NA,,NA,76,Wed Jun 13 11:46:05 2018
6sc13,extrapolation,unmarked,final,gu,"['sa', 'ti']",SimplePhrase_Training,point_waitress_sg_chef_sg,NA,NA,poinim negid savaem,NA,NA,,NA,77,Wed Jun 13 11:46:13 2018
6sc13,extrapolation,unmarked,final,gu,"['sa', 'ti']",SimplePhrase_Training,point_chef_pl_burglar_sg,NA,NA,poinim guvaem titumbat,NA,NA,,NA,78,Wed Jun 13 11:46:20 2018
6sc13,extrapolation,unmarked,final,gu,"['sa', 'ti']",SimplePhrase_Training,point_cowboy_sg_burglar_sg,NA,NA,poinim nork titumbat,NA,NA,,NA,79,Wed Jun 13 11:46:28 2018
6sc13,extrapolation,unmarked,final,gu,"['sa', 'ti']",SimplePhrase_Training,punch_waitress_pl_chef_sg,NA,NA,straikim gunegid savaem,NA,NA,,NA,80,Wed Jun 13 11:46:35 2018
6sc13,extrapolation,unmarked,final,gu,"['sa', 'ti']",SimplePhrase_Training,point_burglar_pl_waitress_sg,NA,NA,poinim gutumbat tinegid,NA,NA,,NA,81,Wed Jun 13 11:46:43 2018
6sc13,extrapolation,unmarked,final,gu,"['sa', 'ti']",SimplePhrase_Training,burglar,NA,NA,tumbat,NA,NA,,NA,82,Wed Jun 13 11:46:47 2018
6sc13,extrapolation,unmarked,final,gu,"['sa', 'ti']",SimplePhrase_Training,point_cowboy_pl_chef_sg,NA,NA,poinim gunork savaem,NA,NA,,NA,83,Wed Jun 13 11:46:55 2018
6sc13,extrapolation,unmarked,final,gu,"['sa', 'ti']",SimplePhrase_Training,kick_chef_sg_waitress_sg,NA,NA,kikim vaem tinegid,NA,NA,,NA,84,Wed Jun 13 11:47:02 2018
6sc13,extrapolation,unmarked,final,gu,"['sa', 'ti']",SimplePhrase_Training,punch_cowboy_pl_chef_sg,NA,NA,straikim gunork savaem,NA,NA,,NA,85,Wed Jun 13 11:47:09 2018
6sc13,extrapolation,unmarked,final,gu,"['sa', 'ti']",SimplePhrase_Training,cowboy,NA,NA,nork,NA,NA,,NA,86,Wed Jun 13 11:47:14 2018
6sc13,extrapolation,unmarked,final,gu,"['sa', 'ti']",SimplePhrase_Training,punch_burglar_sg_waitress_sg,NA,NA,straikim tumbat tinegid,NA,NA,,NA,87,Wed Jun 13 11:47:22 2018
6sc13,extrapolation,unmarked,final,gu,"['sa', 'ti']",SimplePhrase_Training,punch_waitress_sg_chef_sg,NA,NA,straikim negid savaem,NA,NA,,NA,88,Wed Jun 13 11:47:29 2018
6sc13,extrapolation,unmarked,final,gu,"['sa', 'ti']",SimplePhrase_Training,kick_cowboy_sg_burglar_sg,NA,NA,kikim nork titumbat,NA,NA,,NA,89,Wed Jun 13 11:47:37 2018
6sc13,extrapolation,unmarked,final,gu,"['sa', 'ti']",SimplePhrase_Training,kick_waitress_pl_burglar_sg,NA,NA,kikim gunegid titumbat,NA,NA,,NA,90,Wed Jun 13 11:47:44 2018
6sc13,extrapolation,unmarked,final,gu,"['sa', 'ti']",SimplePhrase_Training,point_chef_sg_burglar_sg,NA,NA,poinim vaem titumbat,NA,NA,,NA,91,Wed Jun 13 11:47:51 2018
6sc13,extrapolation,unmarked,final,gu,"['sa', 'ti']",SimplePhrase_Training,kick_chef_pl_burglar_sg,NA,NA,kikim guvaem titumbat,NA,NA,,NA,92,Wed Jun 13 11:47:59 2018
6sc13,extrapolation,unmarked,final,gu,"['sa', 'ti']",SimplePhrase_Training,kick_waitress_sg_chef_sg,NA,NA,kikim negid savaem,NA,NA,,NA,93,Wed Jun 13 11:48:06 2018
6sc13,extrapolation,unmarked,final,gu,"['sa', 'ti']",SimplePhrase_Training,kick_cowboy_sg_waitress_sg,NA,NA,kikim nork tinegid,NA,NA,,NA,94,Wed Jun 13 11:48:13 2018
6sc13,extrapolation,unmarked,final,gu,"['sa', 'ti']",SimplePhrase_Training,punch_burglar_pl_cowboy_sg,NA,NA,straikim gutumbat sanork,NA,NA,,NA,95,Wed Jun 13 11:48:21 2018
6sc13,extrapolation,unmarked,final,gu,"['sa', 'ti']",SimplePhrase_Training,point_burglar_pl_chef_sg,NA,NA,poinim gutumbat savaem,NA,NA,,NA,96,Wed Jun 13 11:48:29 2018
6sc13,extrapolation,unmarked,final,gu,"['sa', 'ti']",SimplePhrase_Training,chef,NA,NA,vaem,NA,NA,,NA,97,Wed Jun 13 11:48:33 2018
6sc13,extrapolation,unmarked,final,gu,"['sa', 'ti']",SimplePhrase_Training,punch_cowboy_pl_waitress_sg,NA,NA,straikim gunork tinegid,NA,NA,,NA,98,Wed Jun 13 11:48:41 2018
6sc13,extrapolation,unmarked,final,gu,"['sa', 'ti']",SimplePhrase_Training,kick_burglar_pl_cowboy_sg,NA,NA,kikim gutumbat sanork,NA,NA,,NA,99,Wed Jun 13 11:48:48 2018
6sc13,extrapolation,unmarked,final,gu,"['sa', 'ti']",SimplePhrase_Training,point_burglar_sg_chef_sg,NA,NA,poinim tumbat savaem,NA,NA,,NA,100,Wed Jun 13 11:48:56 2018
6sc13,extrapolation,unmarked,final,gu,"['sa', 'ti']",SimplePhrase_Training,chef,NA,NA,vaem,NA,NA,,NA,101,Wed Jun 13 11:49:00 2018
6sc13,extrapolation,unmarked,final,gu,"['sa', 'ti']",SimplePhrase_Training,kick_waitress_pl_cowboy_sg,NA,NA,kikim gunegid sanork,NA,NA,,NA,102,Wed Jun 13 11:49:08 2018
6sc13,extrapolation,unmarked,final,gu,"['sa', 'ti']",SimplePhrase_Training,punch_chef_pl_waitress_sg,NA,NA,straikim guvaem tinegid,NA,NA,,NA,103,Wed Jun 13 11:49:15 2018
6sc13,extrapolation,unmarked,final,gu,"['sa', 'ti']",SimplePhrase_Training,point_waitress_pl_burglar_sg,NA,NA,poinim gunegid titumbat,NA,NA,,NA,104,Wed Jun 13 11:49:23 2018
6sc13,extrapolation,unmarked,final,gu,"['sa', 'ti']",SimplePhrase_Comprehension,point_burglar_pl_cowboy_sg,NA,NA,poinim gutumbat sanork,correct,NA,,NA,105,Wed Jun 13 11:49:45 2018
6sc13,extrapolation,unmarked,final,gu,"['sa', 'ti']",SimplePhrase_Comprehension,punch_cowboy_pl_burglar_sg,NA,NA,straikim gunork titumbat,correct,NA,,NA,106,Wed Jun 13 11:49:51 2018
6sc13,extrapolation,unmarked,final,gu,"['sa', 'ti']",SimplePhrase_Comprehension,point_cowboy_sg_chef_sg,NA,NA,poinim nork savaem,correct,NA,,NA,107,Wed Jun 13 11:49:58 2018
6sc13,extrapolation,unmarked,final,gu,"['sa', 'ti']",SimplePhrase_Comprehension,point_cowboy_sg_chef_sg,NA,NA,poinim nork savaem,correct,NA,,NA,108,Wed Jun 13 11:50:04 2018
6sc13,extrapolation,unmarked,final,gu,"['sa', 'ti']",SimplePhrase_Comprehension,punch_waitress_pl_cowboy_sg,NA,NA,straikim gunegid sanork,correct,NA,,NA,109,Wed Jun 13 11:50:10 2018
6sc13,extrapolation,unmarked,final,gu,"['sa', 'ti']",SimplePhrase_Comprehension,punch_chef_sg_waitress_sg,NA,NA,straikim vaem tinegid,correct,NA,,NA,110,Wed Jun 13 11:50:16 2018
6sc13,extrapolation,unmarked,final,gu,"['sa', 'ti']",SimplePhrase_Comprehension,kick_burglar_sg_cowboy_sg,NA,NA,kikim tumbat sanork,correct,NA,,NA,111,Wed Jun 13 11:50:21 2018
6sc13,extrapolation,unmarked,final,gu,"['sa', 'ti']",SimplePhrase_Comprehension,point_burglar_sg_waitress_sg,NA,NA,poinim tumbat tinegid,correct,NA,,NA,112,Wed Jun 13 11:50:27 2018
6sc13,extrapolation,unmarked,final,gu,"['sa', 'ti']",SimplePhrase_Comprehension,punch_cowboy_pl_chef_sg,NA,NA,straikim gunork savaem,correct,NA,,NA,113,Wed Jun 13 11:50:33 2018
6sc13,extrapolation,unmarked,final,gu,"['sa', 'ti']",SimplePhrase_Comprehension,kick_waitress_sg_burglar_sg,NA,NA,kikim negid titumbat,correct,NA,,NA,114,Wed Jun 13 11:50:38 2018
6sc13,extrapolation,unmarked,final,gu,"['sa', 'ti']",SimplePhrase_Comprehension,kick_burglar_pl_waitress_sg,NA,NA,kikim gutumbat tinegid,correct,NA,,NA,115,Wed Jun 13 11:50:44 2018
6sc13,extrapolation,unmarked,final,gu,"['sa', 'ti']",SimplePhrase_Comprehension,point_waitress_pl_chef_sg,NA,NA,poinim gunegid savaem,correct,NA,,NA,116,Wed Jun 13 11:50:50 2018
6sc13,extrapolation,unmarked,final,gu,"['sa', 'ti']",SimplePhrase_Comprehension,point_waitress_sg_chef_sg,NA,NA,poinim negid savaem,correct,NA,,NA,117,Wed Jun 13 11:50:55 2018
6sc13,extrapolation,unmarked,final,gu,"['sa', 'ti']",SimplePhrase_Comprehension,point_burglar_sg_cowboy_sg,NA,NA,poinim tumbat sanork,correct,NA,,NA,118,Wed Jun 13 11:51:02 2018
6sc13,extrapolation,unmarked,final,gu,"['sa', 'ti']",SimplePhrase_Comprehension,punch_burglar_sg_cowboy_sg,NA,NA,straikim tumbat sanork,correct,NA,,NA,119,Wed Jun 13 11:51:08 2018
6sc13,extrapolation,unmarked,final,gu,"['sa', 'ti']",SimplePhrase_Comprehension,point_chef_pl_waitress_sg,NA,NA,poinim guvaem tinegid,correct,NA,,NA,120,Wed Jun 13 11:51:14 2018
6sc13,extrapolation,unmarked,final,gu,"['sa', 'ti']",SimplePhrase_Comprehension,punch_burglar_pl_waitress_sg,NA,NA,straikim gutumbat tinegid,correct,NA,,NA,121,Wed Jun 13 11:51:20 2018
6sc13,extrapolation,unmarked,final,gu,"['sa', 'ti']",SimplePhrase_Comprehension,kick_cowboy_pl_burglar_sg,NA,NA,kikim gunork titumbat,correct,NA,,NA,122,Wed Jun 13 11:51:25 2018
6sc13,extrapolation,unmarked,final,gu,"['sa', 'ti']",SimplePhrase_Comprehension,punch_cowboy_sg_burglar_sg,NA,NA,straikim nork titumbat,correct,NA,,NA,123,Wed Jun 13 11:51:31 2018
6sc13,extrapolation,unmarked,final,gu,"['sa', 'ti']",SimplePhrase_Comprehension,point_waitress_sg_burglar_sg,NA,NA,poinim negid titumbat,correct,NA,,NA,124,Wed Jun 13 11:51:37 2018
6sc13,extrapolation,unmarked,final,gu,"['sa', 'ti']",SimplePhrase_Comprehension,kick_burglar_pl_cowboy_sg,NA,NA,kikim gutumbat sanork,correct,NA,,NA,125,Wed Jun 13 11:51:43 2018
6sc13,extrapolation,unmarked,final,gu,"['sa', 'ti']",SimplePhrase_Comprehension,kick_waitress_pl_chef_sg,NA,NA,kikim gunegid savaem,correct,NA,,NA,126,Wed Jun 13 11:51:49 2018
6sc13,extrapolation,unmarked,final,gu,"['sa', 'ti']",SimplePhrase_Comprehension,kick_cowboy_pl_burglar_sg,NA,NA,kikim gunork titumbat,correct,NA,,NA,127,Wed Jun 13 11:51:54 2018
6sc13,extrapolation,unmarked,final,gu,"['sa', 'ti']",SimplePhrase_Comprehension,punch_cowboy_sg_waitress_sg,NA,NA,straikim nork tinegid,correct,NA,,NA,128,Wed Jun 13 11:52:00 2018
6sc13,extrapolation,unmarked,final,gu,"['sa', 'ti']",SimplePhrase_Typing,point_burglar_sg_cowboy_sg,NA,NA,poinim tumbat sanork,NA,poinim tumbet sanork,,NA,129,Wed Jun 13 11:52:48 2018
6sc13,extrapolation,unmarked,final,gu,"['sa', 'ti']",SimplePhrase_Typing,punch_waitress_pl_burglar_sg,NA,NA,straikim gunegid titumbat,NA,straikim gunegid titumbet,,NA,130,Wed Jun 13 11:53:10 2018
6sc13,extrapolation,unmarked,final,gu,"['sa', 'ti']",SimplePhrase_Typing,kick_chef_sg_cowboy_sg,NA,NA,kikim vaem sanork,NA,kikim vaem sanork,,NA,131,Wed Jun 13 11:53:33 2018
6sc13,extrapolation,unmarked,final,gu,"['sa', 'ti']",SimplePhrase_Typing,point_cowboy_pl_waitress_sg,NA,NA,poinim gunork tinegid,NA,poinim gunork tinegid,,NA,132,Wed Jun 13 11:53:49 2018
6sc13,extrapolation,unmarked,final,gu,"['sa', 'ti']",SimplePhrase_Typing,punch_burglar_pl_cowboy_sg,NA,NA,straikim gutumbat sanork,NA,straikim gutumbet sanork,,NA,133,Wed Jun 13 11:54:12 2018
6sc13,extrapolation,unmarked,final,gu,"['sa', 'ti']",SimplePhrase_Typing,punch_waitress_sg_burglar_sg,NA,NA,straikim negid titumbat,NA,straikim negid titumbat,,NA,134,Wed Jun 13 11:54:28 2018
6sc13,extrapolation,unmarked,final,gu,"['sa', 'ti']",SimplePhrase_Typing,cowboy,NA,NA,nork,NA,nork,,NA,135,Wed Jun 13 11:54:35 2018
6sc13,extrapolation,unmarked,final,gu,"['sa', 'ti']",SimplePhrase_Typing,kick_cowboy_pl_waitress_sg,NA,NA,kikim gunork tinegid,NA,kikim gunork tinegid,,NA,136,Wed Jun 13 11:54:51 2018
6sc13,extrapolation,unmarked,final,gu,"['sa', 'ti']",SimplePhrase_Typing,point_burglar_sg_chef_sg,NA,NA,poinim tumbat savaem,NA,poinim tumbat savaem,,NA,137,Wed Jun 13 11:55:15 2018
6sc13,extrapolation,unmarked,final,gu,"['sa', 'ti']",SimplePhrase_Typing,point_chef_sg_waitress_sg,NA,NA,poinim vaem tinegid,NA,poinim vaem tinegid,,NA,138,Wed Jun 13 11:55:30 2018
6sc13,extrapolation,unmarked,final,gu,"['sa', 'ti']",SimplePhrase_Typing,point_chef_sg_burglar_sg,NA,NA,poinim vaem titumbat,NA,poinim vaem titumbat,,NA,139,Wed Jun 13 11:55:41 2018
6sc13,extrapolation,unmarked,final,gu,"['sa', 'ti']",SimplePhrase_Typing,point_cowboy_pl_chef_sg,NA,NA,poinim gunork savaem,NA,poinim gunork savaem,,NA,140,Wed Jun 13 11:55:54 2018
6sc13,extrapolation,unmarked,final,gu,"['sa', 'ti']",SimplePhrase_Typing,kick_cowboy_sg_waitress_sg,NA,NA,kikim nork tinegid,NA,kikim nork tinegid,,NA,141,Wed Jun 13 11:56:08 2018
6sc13,extrapolation,unmarked,final,gu,"['sa', 'ti']",SimplePhrase_Typing,waitress,NA,NA,negid,NA,negid,,NA,142,Wed Jun 13 11:56:20 2018
6sc13,extrapolation,unmarked,final,gu,"['sa', 'ti']",SimplePhrase_Typing,burglar,NA,NA,tumbat,NA,tumbat,,NA,143,Wed Jun 13 11:56:27 2018
6sc13,extrapolation,unmarked,final,gu,"['sa', 'ti']",SimplePhrase_Typing,point_burglar_pl_chef_sg,NA,NA,poinim gutumbat savaem,NA,poinim gutumbat savaem,,NA,144,Wed Jun 13 11:56:40 2018
6sc13,extrapolation,unmarked,final,gu,"['sa', 'ti']",SimplePhrase_Typing,kick_burglar_pl_cowboy_sg,NA,NA,kikim gutumbat sanork,NA,kikim gutumbat sanork,,NA,145,Wed Jun 13 11:56:53 2018
6sc13,extrapolation,unmarked,final,gu,"['sa', 'ti']",SimplePhrase_Typing,chef,NA,NA,vaem,NA,vaem,,NA,146,Wed Jun 13 11:57:00 2018
6sc13,extrapolation,unmarked,final,gu,"['sa', 'ti']",SimplePhrase_Typing,kick_waitress_pl_burglar_sg,NA,NA,kikim gunegid titumbat,NA,kikim gunegid titumbat,,NA,147,Wed Jun 13 11:57:15 2018
6sc13,extrapolation,unmarked,final,gu,"['sa', 'ti']",SimplePhrase_Typing,punch_cowboy_sg_chef_sg,NA,NA,straikim nork savaem,NA,straikim nork savaem,,NA,148,Wed Jun 13 11:57:31 2018
6sc13,extrapolation,unmarked,final,gu,"['sa', 'ti']",ComplexPhrase_Typing,kick_cowboy_sg_waitress_pl,waitress,negid,kikim nork tigunegid,NA,kikim nork gutinegid,,NA,149,Wed Jun 13 11:58:34 2018
6sc13,extrapolation,unmarked,final,gu,"['sa', 'ti']",ComplexPhrase_Typing,punch_cowboy_sg_burglar_pl,burglar,tumbat,straikim nork tigutumbat,NA,straikim nork gutitumbat,,NA,150,Wed Jun 13 11:58:55 2018
6sc13,extrapolation,unmarked,final,gu,"['sa', 'ti']",ComplexPhrase_Typing,punch_burglar_sg_cowboy_pl,cowboy,nork,straikim tumbat sagunork,NA,straikim tumbat gusanork,,NA,151,Wed Jun 13 11:59:10 2018
6sc13,extrapolation,unmarked,final,gu,"['sa', 'ti']",ComplexPhrase_Typing,point_cowboy_sg_chef_pl,chef,vaem,poinim nork saguvaem,NA,poinim nork gusavaem,,NA,152,Wed Jun 13 11:59:23 2018
6sc13,extrapolation,unmarked,final,gu,"['sa', 'ti']",ComplexPhrase_Typing,kick_cowboy_sg_waitress_pl,waitress,negid,kikim nork tigunegid,NA,kikim nork gusanegid,,NA,153,Wed Jun 13 11:59:35 2018
6sc13,extrapolation,unmarked,final,gu,"['sa', 'ti']",ComplexPhrase_Typing,punch_cowboy_sg_burglar_pl,burglar,tumbat,straikim nork tigutumbat,NA,straikim nork gusatumbat,,NA,154,Wed Jun 13 11:59:45 2018
6sc13,extrapolation,unmarked,final,gu,"['sa', 'ti']",ComplexPhrase_Typing,punch_burglar_sg_cowboy_pl,cowboy,nork,straikim tumbat sagunork,NA,straikim tumbat gusanork,,NA,155,Wed Jun 13 12:00:15 2018
6sc13,extrapolation,unmarked,final,gu,"['sa', 'ti']",ComplexPhrase_Typing,point_cowboy_sg_chef_pl,chef,vaem,poinim nork saguvaem,NA,poinim nork gusavaem,,NA,156,Wed Jun 13 12:00:25 2018
6sc13,extrapolation,unmarked,final,gu,"['sa', 'ti']",ComplexPhrase_Typing,punch_cowboy_sg_burglar_pl,burglar,tumbat,straikim nork tigutumbat,NA,straikim nork gusatumbat,,NA,157,Wed Jun 13 12:00:37 2018
6sc13,extrapolation,unmarked,final,gu,"['sa', 'ti']",ComplexPhrase_Typing,kick_cowboy_sg_waitress_pl,waitress,negid,kikim nork tigunegid,NA,kikim nork gusanegid,,NA,158,Wed Jun 13 12:00:42 2018
6sc13,extrapolation,unmarked,final,gu,"['sa', 'ti']",ComplexPhrase_Typing,punch_burglar_sg_cowboy_pl,cowboy,nork,straikim tumbat sagunork,NA,straikim tumbat gusanork,,NA,159,Wed Jun 13 12:01:04 2018
6sc13,extrapolation,unmarked,final,gu,"['sa', 'ti']",ComplexPhrase_Typing,point_cowboy_sg_chef_pl,chef,vaem,poinim nork saguvaem,NA,poinim nork gusavaem,,NA,160,Wed Jun 13 12:01:14 2018
6sc13,extrapolation,unmarked,final,gu,"['sa', 'ti']",ComplexPhrase_Testing,kick_burglar_sg_chef_pl,chef,vaem,kikim tumbat saguvaem,NA,NA,,NA,161,Wed Jun 13 12:01:55 2018
6sc13,extrapolation,unmarked,final,gu,"['sa', 'ti']",ComplexPhrase_Testing,punch_burglar_sg_chef_pl,chef,vaem,straikim tumbat saguvaem,NA,NA,,NA,162,Wed Jun 13 12:02:06 2018
6sc13,extrapolation,unmarked,final,gu,"['sa', 'ti']",ComplexPhrase_Testing,point_cowboy_sg_burglar_sg,NA,NA,poinim nork titumbat,NA,NA,,NA,163,Wed Jun 13 12:02:13 2018
6sc13,extrapolation,unmarked,final,gu,"['sa', 'ti']",ComplexPhrase_Testing,punch_cowboy_sg_waitress_pl,waitress,negid,straikim nork tigunegid,NA,NA,,NA,164,Wed Jun 13 12:02:26 2018
6sc13,extrapolation,unmarked,final,gu,"['sa', 'ti']",ComplexPhrase_Testing,kick_cowboy_sg_waitress_pl,waitress,negid,kikim nork tigunegid,NA,NA,,NA,165,Wed Jun 13 12:02:35 2018
6sc13,extrapolation,unmarked,final,gu,"['sa', 'ti']",ComplexPhrase_Testing,punch_cowboy_sg_burglar_pl,burglar,tumbat,straikim nork tigutumbat,NA,NA,,NA,166,Wed Jun 13 12:02:43 2018
6sc13,extrapolation,unmarked,final,gu,"['sa', 'ti']",ComplexPhrase_Testing,point_chef_sg_burglar_sg,NA,NA,poinim vaem titumbat,NA,NA,,NA,167,Wed Jun 13 12:02:50 2018
6sc13,extrapolation,unmarked,final,gu,"['sa', 'ti']",ComplexPhrase_Testing,punch_burglar_sg_chef_pl,chef,vaem,straikim tumbat saguvaem,NA,NA,,NA,168,Wed Jun 13 12:03:00 2018
6sc13,extrapolation,unmarked,final,gu,"['sa', 'ti']",ComplexPhrase_Testing,point_cowboy_sg_waitress_pl,waitress,negid,poinim nork tigunegid,NA,NA,,NA,169,Wed Jun 13 12:03:06 2018
6sc13,extrapolation,unmarked,final,gu,"['sa', 'ti']",ComplexPhrase_Testing,punch_cowboy_pl_burglar_sg,NA,NA,straikim gunork titumbat,NA,NA,,NA,170,Wed Jun 13 12:03:15 2018
6sc13,extrapolation,unmarked,final,gu,"['sa', 'ti']",ComplexPhrase_Testing,point_waitress_sg_burglar_pl,burglar,tumbat,poinim negid tigutumbat,NA,NA,,NA,171,Wed Jun 13 12:03:27 2018
6sc13,extrapolation,unmarked,final,gu,"['sa', 'ti']",ComplexPhrase_Testing,point_chef_sg_cowboy_pl,cowboy,nork,poinim vaem sagunork,NA,NA,,NA,172,Wed Jun 13 12:03:35 2018
6sc13,extrapolation,unmarked,final,gu,"['sa', 'ti']",ComplexPhrase_Testing,point_waitress_sg_cowboy_pl,cowboy,nork,poinim negid sagunork,NA,NA,,NA,173,Wed Jun 13 12:03:39 2018
6sc13,extrapolation,unmarked,final,gu,"['sa', 'ti']",ComplexPhrase_Testing,burglar,NA,NA,tumbat,NA,NA,,NA,174,Wed Jun 13 12:03:43 2018
6sc13,extrapolation,unmarked,final,gu,"['sa', 'ti']",ComplexPhrase_Testing,punch_burglar_sg_chef_pl,chef,vaem,straikim tumbat saguvaem,NA,NA,,NA,175,Wed Jun 13 12:03:49 2018
6sc13,extrapolation,unmarked,final,gu,"['sa', 'ti']",ComplexPhrase_Testing,punch_burglar_sg_cowboy_pl,cowboy,nork,straikim tumbat sagunork,NA,NA,,NA,176,Wed Jun 13 12:03:54 2018
6sc13,extrapolation,unmarked,final,gu,"['sa', 'ti']",ComplexPhrase_Testing,point_chef_sg_cowboy_pl,cowboy,nork,poinim vaem sagunork,NA,NA,,NA,177,Wed Jun 13 12:04:00 2018
6sc13,extrapolation,unmarked,final,gu,"['sa', 'ti']",ComplexPhrase_Testing,waitress,NA,NA,negid,NA,NA,,NA,178,Wed Jun 13 12:04:03 2018
6sc13,extrapolation,unmarked,final,gu,"['sa', 'ti']",ComplexPhrase_Testing,point_burglar_pl_chef_sg,NA,NA,poinim gutumbat savaem,NA,NA,,NA,179,Wed Jun 13 12:04:16 2018
6sc13,extrapolation,unmarked,final,gu,"['sa', 'ti']",ComplexPhrase_Testing,point_waitress_pl_cowboy_sg,NA,NA,poinim gunegid sanork,NA,NA,,NA,180,Wed Jun 13 12:04:27 2018
6sc13,extrapolation,unmarked,final,gu,"['sa', 'ti']",ComplexPhrase_Testing,kick_cowboy_sg_waitress_pl,waitress,negid,kikim nork tigunegid,NA,NA,,NA,181,Wed Jun 13 12:04:38 2018
6sc13,extrapolation,unmarked,final,gu,"['sa', 'ti']",ComplexPhrase_Testing,punch_chef_pl_waitress_sg,NA,NA,straikim guvaem tinegid,NA,NA,,NA,182,Wed Jun 13 12:04:51 2018
6sc13,extrapolation,unmarked,final,gu,"['sa', 'ti']",ComplexPhrase_Testing,punch_burglar_sg_cowboy_pl,cowboy,nork,straikim tumbat sagunork,NA,NA,,NA,183,Wed Jun 13 12:05:04 2018
6sc13,extrapolation,unmarked,final,gu,"['sa', 'ti']",ComplexPhrase_Testing,point_cowboy_sg_waitress_pl,waitress,negid,poinim nork tigunegid,NA,NA,,NA,184,Wed Jun 13 12:05:08 2018
6sc13,extrapolation,unmarked,final,gu,"['sa', 'ti']",ComplexPhrase_Testing,kick_cowboy_sg_burglar_pl,burglar,tumbat,kikim nork tigutumbat,NA,NA,,NA,185,Wed Jun 13 12:05:24 2018
6sc13,extrapolation,unmarked,final,gu,"['sa', 'ti']",ComplexPhrase_Testing,kick_waitress_sg_chef_pl,chef,vaem,kikim negid saguvaem,NA,NA,,NA,186,Wed Jun 13 12:05:34 2018
6sc13,extrapolation,unmarked,final,gu,"['sa', 'ti']",ComplexPhrase_Testing,chef,NA,NA,vaem,NA,NA,,NA,187,Wed Jun 13 12:05:36 2018
6sc13,extrapolation,unmarked,final,gu,"['sa', 'ti']",ComplexPhrase_Testing,punch_cowboy_sg_waitress_pl,waitress,negid,straikim nork tigunegid,NA,NA,,NA,188,Wed Jun 13 12:05:43 2018
6sc13,extrapolation,unmarked,final,gu,"['sa', 'ti']",ComplexPhrase_Testing,punch_cowboy_sg_chef_sg,NA,NA,straikim nork savaem,NA,NA,,NA,189,Wed Jun 13 12:05:51 2018
6sc13,extrapolation,unmarked,final,gu,"['sa', 'ti']",ComplexPhrase_Testing,kick_burglar_sg_chef_pl,chef,vaem,kikim tumbat saguvaem,NA,NA,,NA,190,Wed Jun 13 12:06:04 2018
6sc13,extrapolation,unmarked,final,gu,"['sa', 'ti']",ComplexPhrase_Testing,point_waitress_sg_cowboy_pl,cowboy,nork,poinim negid sagunork,NA,NA,,NA,191,Wed Jun 13 12:06:14 2018
6sc13,extrapolation,unmarked,final,gu,"['sa', 'ti']",ComplexPhrase_Testing,kick_cowboy_sg_burglar_pl,burglar,tumbat,kikim nork tigutumbat,NA,NA,,NA,192,Wed Jun 13 12:06:25 2018
6sc13,extrapolation,unmarked,final,gu,"['sa', 'ti']",ComplexPhrase_Testing,kick_waitress_sg_chef_pl,chef,vaem,kikim negid saguvaem,NA,NA,,NA,193,Wed Jun 13 12:06:30 2018
6sc13,extrapolation,unmarked,final,gu,"['sa', 'ti']",ComplexPhrase_Testing,punch_cowboy_sg_waitress_pl,waitress,negid,straikim nork tigunegid,NA,NA,,NA,194,Wed Jun 13 12:06:38 2018
6sc13,extrapolation,unmarked,final,gu,"['sa', 'ti']",ComplexPhrase_Testing,kick_waitress_sg_chef_pl,chef,vaem,kikim negid saguvaem,NA,NA,,NA,195,Wed Jun 13 12:06:44 2018
6sc13,extrapolation,unmarked,final,gu,"['sa', 'ti']",ComplexPhrase_Testing,point_waitress_sg_cowboy_pl,cowboy,nork,poinim negid sagunork,NA,NA,,NA,196,Wed Jun 13 12:06:48 2018
6sc13,extrapolation,unmarked,final,gu,"['sa', 'ti']",ComplexPhrase_Testing,punch_burglar_sg_cowboy_pl,cowboy,nork,straikim tumbat sagunork,NA,NA,,NA,197,Wed Jun 13 12:06:52 2018
6sc13,extrapolation,unmarked,final,gu,"['sa', 'ti']",ComplexPhrase_Testing,punch_burglar_sg_cowboy_sg,NA,NA,straikim tumbat sanork,NA,NA,,NA,198,Wed Jun 13 12:07:00 2018
6sc13,extrapolation,unmarked,final,gu,"['sa', 'ti']",ComplexPhrase_Testing,point_chef_sg_cowboy_pl,cowboy,nork,poinim vaem sagunork,NA,NA,,NA,199,Wed Jun 13 12:07:15 2018
6sc13,extrapolation,unmarked,final,gu,"['sa', 'ti']",ComplexPhrase_Testing,punch_cowboy_sg_burglar_pl,burglar,tumbat,straikim nork tigutumbat,NA,NA,,NA,200,Wed Jun 13 12:07:21 2018
6sc13,extrapolation,unmarked,final,gu,"['sa', 'ti']",ComplexPhrase_Testing,kick_burglar_pl_cowboy_sg,NA,NA,kikim gutumbat sanork,NA,NA,,NA,201,Wed Jun 13 12:07:27 2018
6sc13,extrapolation,unmarked,final,gu,"['sa', 'ti']",ComplexPhrase_Testing,punch_burglar_sg_waitress_sg,NA,NA,straikim tumbat tinegid,NA,NA,,NA,202,Wed Jun 13 12:07:42 2018
6sc13,extrapolation,unmarked,final,gu,"['sa', 'ti']",ComplexPhrase_Testing,cowboy,NA,NA,nork,NA,NA,,NA,203,Wed Jun 13 12:07:48 2018
6sc13,extrapolation,unmarked,final,gu,"['sa', 'ti']",ComplexPhrase_Testing,point_waitress_sg_burglar_pl,burglar,tumbat,poinim negid tigutumbat,NA,NA,,NA,204,Wed Jun 13 12:07:57 2018
6sc13,extrapolation,unmarked,final,gu,"['sa', 'ti']",ComplexPhrase_Testing,point_cowboy_sg_waitress_pl,waitress,negid,poinim nork tigunegid,NA,NA,,NA,205,Wed Jun 13 12:08:03 2018
6sc13,extrapolation,unmarked,final,gu,"['sa', 'ti']",ComplexPhrase_Testing,punch_cowboy_sg_burglar_pl,burglar,tumbat,straikim nork tigutumbat,NA,NA,,NA,206,Wed Jun 13 12:08:08 2018
6sc13,extrapolation,unmarked,final,gu,"['sa', 'ti']",ComplexPhrase_Testing,kick_cowboy_sg_waitress_pl,waitress,negid,kikim nork tigunegid,NA,NA,,NA,207,Wed Jun 13 12:08:15 2018
6sc13,extrapolation,unmarked,final,gu,"['sa', 'ti']",ComplexPhrase_Testing,point_waitress_sg_cowboy_sg,NA,NA,poinim negid sanork,NA,NA,,NA,208,Wed Jun 13 12:08:19 2018
6sc13,extrapolation,unmarked,final,gu,"['sa', 'ti']",ComplexPhrase_Testing,kick_cowboy_sg_burglar_pl,burglar,tumbat,kikim nork tigutumbat,NA,NA,,NA,209,Wed Jun 13 12:08:29 2018
6sc13,extrapolation,unmarked,final,gu,"['sa', 'ti']",ComplexPhrase_Testing,kick_burglar_sg_chef_pl,chef,vaem,kikim tumbat saguvaem,NA,NA,,NA,210,Wed Jun 13 12:08:36 2018
6sc13,extrapolation,unmarked,final,gu,"['sa', 'ti']",ComplexPhrase_Testing,punch_chef_pl_burglar_sg,NA,NA,straikim guvaem titumbat,NA,NA,,NA,211,Wed Jun 13 12:08:44 2018
6sc13,extrapolation,unmarked,final,gu,"['sa', 'ti']",ComplexPhrase_Testing,point_waitress_sg_burglar_pl,burglar,tumbat,poinim negid tigutumbat,NA,NA,,NA,212,Wed Jun 13 12:08:54 2018
6sc13,extrapolation,unmarked,final,gu,"['sa', 'ti']",Questionnaire,NA,NA,NA,NA,NA,NA,,it denotes a plural,MeaningNum,Wed Jun 13 12:11:15 2018
6sc13,extrapolation,unmarked,final,gu,"['sa', 'ti']",Questionnaire,NA,NA,NA,NA,NA,NA,,an object receiving the action of a subject,MeaningCase,Wed Jun 13 12:11:15 2018
6sc13,extrapolation,unmarked,final,gu,"['sa', 'ti']",Questionnaire,NA,NA,NA,NA,NA,NA,,before,OrderNumNoun,Wed Jun 13 12:11:15 2018
6sc13,extrapolation,unmarked,final,gu,"['sa', 'ti']",Questionnaire,NA,NA,NA,NA,NA,NA,,before,OrderCaseNoun,Wed Jun 13 12:11:15 2018
6sc13,extrapolation,unmarked,final,gu,"['sa', 'ti']",Questionnaire,NA,NA,NA,NA,NA,NA,,"gu then sa, as it seemed more phonetically fluid",OrderNumCase,Wed Jun 13 12:11:15 2018
6sc13,extrapolation,unmarked,final,gu,"['sa', 'ti']",Questionnaire,NA,NA,NA,NA,NA,NA,,english,Languages,Wed Jun 13 12:11:15 2018
