ID,Condition,MajorityOrder,NounPosition,markerNum,markerCase,Phase,Meaning,NounItem,InputSentence,Selection,TypedResponse,SpokenResponse,AnswerQuest,Trial,date&time
5nom19,extrapolation,unmarked,initial,gu,sa,Noun_Training,waitress_two,NA,vaem,NA,NA,,NA,1,Fri Feb 28 12:21:03 2020
5nom19,extrapolation,unmarked,initial,gu,sa,Noun_Training,waitress_two,NA,vaem,NA,NA,,NA,2,Fri Feb 28 12:21:08 2020
5nom19,extrapolation,unmarked,initial,gu,sa,Noun_Training,burglar_two,NA,negid,NA,NA,,NA,3,Fri Feb 28 12:21:12 2020
5nom19,extrapolation,unmarked,initial,gu,sa,Noun_Training,cowboy_two,NA,nork,NA,NA,,NA,4,Fri Feb 28 12:21:17 2020
5nom19,extrapolation,unmarked,initial,gu,sa,Noun_Training,waitress_two,NA,vaem,NA,NA,,NA,5,Fri Feb 28 12:21:22 2020
5nom19,extrapolation,unmarked,initial,gu,sa,Noun_Training,cowboy_two,NA,nork,NA,NA,,NA,6,Fri Feb 28 12:21:27 2020
5nom19,extrapolation,unmarked,initial,gu,sa,Noun_Training,waitress_two,NA,vaem,NA,NA,,NA,7,Fri Feb 28 12:21:32 2020
5nom19,extrapolation,unmarked,initial,gu,sa,Noun_Training,chef_two,NA,tumbat,NA,NA,,NA,8,Fri Feb 28 12:21:37 2020
5nom19,extrapolation,unmarked,initial,gu,sa,Noun_Training,burglar_two,NA,negid,NA,NA,,NA,9,Fri Feb 28 12:21:41 2020
5nom19,extrapolation,unmarked,initial,gu,sa,Noun_Training,burglar_two,NA,negid,NA,NA,,NA,10,Fri Feb 28 12:21:46 2020
5nom19,extrapolation,unmarked,initial,gu,sa,Noun_Training,cowboy_two,NA,nork,NA,NA,,NA,11,Fri Feb 28 12:21:51 2020
5nom19,extrapolation,unmarked,initial,gu,sa,Noun_Training,chef_two,NA,tumbat,NA,NA,,NA,12,Fri Feb 28 12:21:56 2020
5nom19,extrapolation,unmarked,initial,gu,sa,Noun_Training,burglar_two,NA,negid,NA,NA,,NA,13,Fri Feb 28 12:22:01 2020
5nom19,extrapolation,unmarked,initial,gu,sa,Noun_Training,waitress_two,NA,vaem,NA,NA,,NA,14,Fri Feb 28 12:22:06 2020
5nom19,extrapolation,unmarked,initial,gu,sa,Noun_Training,cowboy_two,NA,nork,NA,NA,,NA,15,Fri Feb 28 12:22:11 2020
5nom19,extrapolation,unmarked,initial,gu,sa,Noun_Training,chef_two,NA,tumbat,NA,NA,,NA,16,Fri Feb 28 12:22:15 2020
5nom19,extrapolation,unmarked,initial,gu,sa,Noun_Training,chef_two,NA,tumbat,NA,NA,,NA,17,Fri Feb 28 12:22:20 2020
5nom19,extrapolation,unmarked,initial,gu,sa,Noun_Training,chef_two,NA,tumbat,NA,NA,,NA,18,Fri Feb 28 12:22:25 2020
5nom19,extrapolation,unmarked,initial,gu,sa,Noun_Training,chef_two,NA,tumbat,NA,NA,,NA,19,Fri Feb 28 12:22:30 2020
5nom19,extrapolation,unmarked,initial,gu,sa,Noun_Training,cowboy_two,NA,nork,NA,NA,,NA,20,Fri Feb 28 12:22:35 2020
5nom19,extrapolation,unmarked,initial,gu,sa,Noun_Training,burglar_two,NA,negid,NA,NA,,NA,21,Fri Feb 28 12:22:40 2020
5nom19,extrapolation,unmarked,initial,gu,sa,Noun_Training,waitress_two,NA,vaem,NA,NA,,NA,22,Fri Feb 28 12:22:45 2020
5nom19,extrapolation,unmarked,initial,gu,sa,Noun_Training,cowboy_two,NA,nork,NA,NA,,NA,23,Fri Feb 28 12:22:49 2020
5nom19,extrapolation,unmarked,initial,gu,sa,Noun_Training,burglar_two,NA,negid,NA,NA,,NA,24,Fri Feb 28 12:22:54 2020
5nom19,extrapolation,unmarked,initial,gu,sa,Noun_Selection,waitress_two,NA,vaem,correct,NA,,NA,25,Fri Feb 28 12:23:17 2020
5nom19,extrapolation,unmarked,initial,gu,sa,Noun_Selection,cowboy_two,NA,nork,correct,NA,,NA,26,Fri Feb 28 12:23:21 2020
5nom19,extrapolation,unmarked,initial,gu,sa,Noun_Selection,chef_two,NA,tumbat,correct,NA,,NA,27,Fri Feb 28 12:23:26 2020
5nom19,extrapolation,unmarked,initial,gu,sa,Noun_Selection,burglar_two,NA,negid,correct,NA,,NA,28,Fri Feb 28 12:23:31 2020
5nom19,extrapolation,unmarked,initial,gu,sa,Noun_Selection,chef_two,NA,tumbat,correct,NA,,NA,29,Fri Feb 28 12:23:35 2020
5nom19,extrapolation,unmarked,initial,gu,sa,Noun_Selection,cowboy_two,NA,nork,correct,NA,,NA,30,Fri Feb 28 12:23:39 2020
5nom19,extrapolation,unmarked,initial,gu,sa,Noun_Selection,waitress_two,NA,vaem,correct,NA,,NA,31,Fri Feb 28 12:23:45 2020
5nom19,extrapolation,unmarked,initial,gu,sa,Noun_Selection,waitress_two,NA,vaem,correct,NA,,NA,32,Fri Feb 28 12:23:49 2020
5nom19,extrapolation,unmarked,initial,gu,sa,Noun_Selection,burglar_two,NA,negid,correct,NA,,NA,33,Fri Feb 28 12:23:56 2020
5nom19,extrapolation,unmarked,initial,gu,sa,Noun_Selection,cowboy_two,NA,nork,correct,NA,,NA,34,Fri Feb 28 12:24:00 2020
5nom19,extrapolation,unmarked,initial,gu,sa,Noun_Selection,burglar_two,NA,negid,correct,NA,,NA,35,Fri Feb 28 12:24:06 2020
5nom19,extrapolation,unmarked,initial,gu,sa,Noun_Selection,chef_two,NA,tumbat,correct,NA,,NA,36,Fri Feb 28 12:24:10 2020
5nom19,extrapolation,unmarked,initial,gu,sa,Noun_Testing,burglar_two,NA,negid,NA,NA,,NA,37,Fri Feb 28 12:24:38 2020
5nom19,extrapolation,unmarked,initial,gu,sa,Noun_Testing,cowboy_two,NA,nork,NA,NA,,NA,38,Fri Feb 28 12:24:43 2020
5nom19,extrapolation,unmarked,initial,gu,sa,Noun_Testing,burglar_two,NA,negid,NA,NA,,NA,39,Fri Feb 28 12:24:54 2020
5nom19,extrapolation,unmarked,initial,gu,sa,Noun_Testing,chef_two,NA,tumbat,NA,NA,,NA,40,Fri Feb 28 12:25:01 2020
5nom19,extrapolation,unmarked,initial,gu,sa,Noun_Testing,cowboy_two,NA,nork,NA,NA,,NA,41,Fri Feb 28 12:25:07 2020
5nom19,extrapolation,unmarked,initial,gu,sa,Noun_Testing,waitress_two,NA,vaem,NA,NA,,NA,42,Fri Feb 28 12:25:12 2020
5nom19,extrapolation,unmarked,initial,gu,sa,Noun_Testing,cowboy_two,NA,nork,NA,NA,,NA,43,Fri Feb 28 12:25:18 2020
5nom19,extrapolation,unmarked,initial,gu,sa,Noun_Testing,waitress_two,NA,vaem,NA,NA,,NA,44,Fri Feb 28 12:25:23 2020
5nom19,extrapolation,unmarked,initial,gu,sa,Noun_Testing,chef_two,NA,tumbat,NA,NA,,NA,45,Fri Feb 28 12:25:28 2020
5nom19,extrapolation,unmarked,initial,gu,sa,Noun_Testing,waitress_two,NA,vaem,NA,NA,,NA,46,Fri Feb 28 12:25:32 2020
5nom19,extrapolation,unmarked,initial,gu,sa,Noun_Testing,chef_two,NA,tumbat,NA,NA,,NA,47,Fri Feb 28 12:25:37 2020
5nom19,extrapolation,unmarked,initial,gu,sa,Noun_Testing,burglar_two,NA,negid,NA,NA,,NA,48,Fri Feb 28 12:25:41 2020
5nom19,extrapolation,unmarked,initial,gu,sa,SimplePhrase_Training,punch_cowboy_pl_burglar_pl,NA,straikim norksa negid,NA,NA,,NA,49,Fri Feb 28 12:26:36 2020
5nom19,extrapolation,unmarked,initial,gu,sa,SimplePhrase_Training,chef_two,NA,tumbat,NA,NA,,NA,50,Fri Feb 28 12:26:41 2020
5nom19,extrapolation,unmarked,initial,gu,sa,SimplePhrase_Training,punch_waitress_pl_cowboy_sg,NA,straikim vaemsa norkgu,NA,NA,,NA,51,Fri Feb 28 12:26:48 2020
5nom19,extrapolation,unmarked,initial,gu,sa,SimplePhrase_Training,kick_burglar_pl_cowboy_pl,NA,kikim negidsa nork,NA,NA,,NA,52,Fri Feb 28 12:26:56 2020
5nom19,extrapolation,unmarked,initial,gu,sa,SimplePhrase_Training,waitress_two,NA,vaem,NA,NA,,NA,53,Fri Feb 28 12:27:00 2020
5nom19,extrapolation,unmarked,initial,gu,sa,SimplePhrase_Training,punch_burglar_pl_cowboy_sg,NA,straikim negidsa norkgu,NA,NA,,NA,54,Fri Feb 28 12:27:08 2020
5nom19,extrapolation,unmarked,initial,gu,sa,SimplePhrase_Training,kick_cowboy_pl_burglar_sg,NA,kikim norksa negidgu,NA,NA,,NA,55,Fri Feb 28 12:27:16 2020
5nom19,extrapolation,unmarked,initial,gu,sa,SimplePhrase_Training,point_waitress_pl_cowboy_pl,NA,poinim vaemsa nork,NA,NA,,NA,56,Fri Feb 28 12:27:23 2020
5nom19,extrapolation,unmarked,initial,gu,sa,SimplePhrase_Training,kick_cowboy_pl_chef_pl,NA,kikim norksa tumbat,NA,NA,,NA,57,Fri Feb 28 12:27:30 2020
5nom19,extrapolation,unmarked,initial,gu,sa,SimplePhrase_Training,punch_burglar_pl_waitress_sg,NA,straikim negidsa vaemgu,NA,NA,,NA,58,Fri Feb 28 12:27:38 2020
5nom19,extrapolation,unmarked,initial,gu,sa,SimplePhrase_Training,point_waitress_pl_chef_sg,NA,poinim vaemsa tumbatgu,NA,NA,,NA,59,Fri Feb 28 12:27:46 2020
5nom19,extrapolation,unmarked,initial,gu,sa,SimplePhrase_Training,burglar_two,NA,negid,NA,NA,,NA,60,Fri Feb 28 12:27:50 2020
5nom19,extrapolation,unmarked,initial,gu,sa,SimplePhrase_Training,point_burglar_pl_chef_pl,NA,poinim negidsa tumbat,NA,NA,,NA,61,Fri Feb 28 12:27:58 2020
5nom19,extrapolation,unmarked,initial,gu,sa,SimplePhrase_Training,cowboy_two,NA,nork,NA,NA,,NA,62,Fri Feb 28 12:28:03 2020
5nom19,extrapolation,unmarked,initial,gu,sa,SimplePhrase_Training,point_burglar_pl_waitress_sg,NA,poinim negidsa vaemgu,NA,NA,,NA,63,Fri Feb 28 12:28:10 2020
5nom19,extrapolation,unmarked,initial,gu,sa,SimplePhrase_Training,cowboy_two,NA,nork,NA,NA,,NA,64,Fri Feb 28 12:28:15 2020
5nom19,extrapolation,unmarked,initial,gu,sa,SimplePhrase_Training,point_chef_pl_burglar_pl,NA,poinim tumbatsa negid,NA,NA,,NA,65,Fri Feb 28 12:28:22 2020
5nom19,extrapolation,unmarked,initial,gu,sa,SimplePhrase_Training,punch_waitress_pl_burglar_sg,NA,straikim vaemsa negidgu,NA,NA,,NA,66,Fri Feb 28 12:28:30 2020
5nom19,extrapolation,unmarked,initial,gu,sa,SimplePhrase_Training,kick_cowboy_pl_waitress_pl,NA,kikim norksa vaem,NA,NA,,NA,67,Fri Feb 28 12:28:37 2020
5nom19,extrapolation,unmarked,initial,gu,sa,SimplePhrase_Training,kick_waitress_pl_cowboy_sg,NA,kikim vaemsa norkgu,NA,NA,,NA,68,Fri Feb 28 12:28:45 2020
5nom19,extrapolation,unmarked,initial,gu,sa,SimplePhrase_Training,punch_chef_pl_burglar_sg,NA,straikim tumbatsa negidgu,NA,NA,,NA,69,Fri Feb 28 12:28:52 2020
5nom19,extrapolation,unmarked,initial,gu,sa,SimplePhrase_Training,kick_chef_pl_cowboy_pl,NA,kikim tumbatsa nork,NA,NA,,NA,70,Fri Feb 28 12:29:00 2020
5nom19,extrapolation,unmarked,initial,gu,sa,SimplePhrase_Training,chef_two,NA,tumbat,NA,NA,,NA,71,Fri Feb 28 12:29:05 2020
5nom19,extrapolation,unmarked,initial,gu,sa,SimplePhrase_Training,point_cowboy_pl_chef_pl,NA,poinim norksa tumbat,NA,NA,,NA,72,Fri Feb 28 12:29:12 2020
5nom19,extrapolation,unmarked,initial,gu,sa,SimplePhrase_Training,punch_chef_pl_cowboy_pl,NA,straikim tumbatsa nork,NA,NA,,NA,73,Fri Feb 28 12:29:20 2020
5nom19,extrapolation,unmarked,initial,gu,sa,SimplePhrase_Training,punch_waitress_pl_chef_sg,NA,straikim vaemsa tumbatgu,NA,NA,,NA,74,Fri Feb 28 12:29:27 2020
5nom19,extrapolation,unmarked,initial,gu,sa,SimplePhrase_Training,waitress_two,NA,vaem,NA,NA,,NA,75,Fri Feb 28 12:29:32 2020
5nom19,extrapolation,unmarked,initial,gu,sa,SimplePhrase_Training,punch_cowboy_pl_waitress_sg,NA,straikim norksa vaemgu,NA,NA,,NA,76,Fri Feb 28 12:29:40 2020
5nom19,extrapolation,unmarked,initial,gu,sa,SimplePhrase_Training,punch_chef_pl_waitress_sg,NA,straikim tumbatsa vaemgu,NA,NA,,NA,77,Fri Feb 28 12:29:47 2020
5nom19,extrapolation,unmarked,initial,gu,sa,SimplePhrase_Training,punch_burglar_pl_chef_pl,NA,straikim negidsa tumbat,NA,NA,,NA,78,Fri Feb 28 12:29:55 2020
5nom19,extrapolation,unmarked,initial,gu,sa,SimplePhrase_Training,kick_chef_pl_burglar_sg,NA,kikim tumbatsa negidgu,NA,NA,,NA,79,Fri Feb 28 12:30:02 2020
5nom19,extrapolation,unmarked,initial,gu,sa,SimplePhrase_Training,kick_burglar_pl_waitress_pl,NA,kikim negidsa vaem,NA,NA,,NA,80,Fri Feb 28 12:30:10 2020
5nom19,extrapolation,unmarked,initial,gu,sa,SimplePhrase_Training,kick_chef_pl_waitress_sg,NA,kikim tumbatsa vaemgu,NA,NA,,NA,81,Fri Feb 28 12:30:17 2020
5nom19,extrapolation,unmarked,initial,gu,sa,SimplePhrase_Training,point_cowboy_pl_burglar_pl,NA,poinim norksa negid,NA,NA,,NA,82,Fri Feb 28 12:30:24 2020
5nom19,extrapolation,unmarked,initial,gu,sa,SimplePhrase_Training,point_chef_pl_cowboy_sg,NA,poinim tumbatsa norkgu,NA,NA,,NA,83,Fri Feb 28 12:30:32 2020
5nom19,extrapolation,unmarked,initial,gu,sa,SimplePhrase_Training,punch_cowboy_pl_chef_sg,NA,straikim norksa tumbatgu,NA,NA,,NA,84,Fri Feb 28 12:30:39 2020
5nom19,extrapolation,unmarked,initial,gu,sa,SimplePhrase_Training,burglar_two,NA,negid,NA,NA,,NA,85,Fri Feb 28 12:30:44 2020
5nom19,extrapolation,unmarked,initial,gu,sa,SimplePhrase_Training,point_burglar_pl_cowboy_pl,NA,poinim negidsa nork,NA,NA,,NA,86,Fri Feb 28 12:30:52 2020
5nom19,extrapolation,unmarked,initial,gu,sa,SimplePhrase_Training,point_chef_pl_waitress_pl,NA,poinim tumbatsa vaem,NA,NA,,NA,87,Fri Feb 28 12:30:59 2020
5nom19,extrapolation,unmarked,initial,gu,sa,SimplePhrase_Training,point_waitress_pl_burglar_sg,NA,poinim vaemsa negidgu,NA,NA,,NA,88,Fri Feb 28 12:31:06 2020
5nom19,extrapolation,unmarked,initial,gu,sa,SimplePhrase_Training,kick_burglar_pl_chef_pl,NA,kikim negidsa tumbat,NA,NA,,NA,89,Fri Feb 28 12:31:14 2020
5nom19,extrapolation,unmarked,initial,gu,sa,SimplePhrase_Training,kick_waitress_pl_burglar_sg,NA,kikim vaemsa negidgu,NA,NA,,NA,90,Fri Feb 28 12:31:21 2020
5nom19,extrapolation,unmarked,initial,gu,sa,SimplePhrase_Training,point_cowboy_pl_waitress_pl,NA,poinim norksa vaem,NA,NA,,NA,91,Fri Feb 28 12:31:29 2020
5nom19,extrapolation,unmarked,initial,gu,sa,SimplePhrase_Training,kick_waitress_pl_chef_pl,NA,kikim vaemsa tumbat,NA,NA,,NA,92,Fri Feb 28 12:31:36 2020
5nom19,extrapolation,unmarked,initial,gu,sa,SimplePhrase_Comprehension,point_waitress_pl_chef_pl,NA,poinim vaemsa tumbat,correct,NA,,NA,93,Fri Feb 28 12:32:00 2020
5nom19,extrapolation,unmarked,initial,gu,sa,SimplePhrase_Comprehension,kick_burglar_pl_cowboy_sg,NA,kikim negidsa norkgu,correct,NA,,NA,94,Fri Feb 28 12:32:07 2020
5nom19,extrapolation,unmarked,initial,gu,sa,SimplePhrase_Comprehension,kick_chef_pl_waitress_pl,NA,kikim tumbatsa vaem,correct,NA,,NA,95,Fri Feb 28 12:32:13 2020
5nom19,extrapolation,unmarked,initial,gu,sa,SimplePhrase_Comprehension,point_burglar_pl_waitress_pl,NA,poinim negidsa vaem,correct,NA,,NA,96,Fri Feb 28 12:32:19 2020
5nom19,extrapolation,unmarked,initial,gu,sa,SimplePhrase_Comprehension,punch_chef_pl_burglar_pl,NA,straikim tumbatsa negid,correct,NA,,NA,97,Fri Feb 28 12:32:24 2020
5nom19,extrapolation,unmarked,initial,gu,sa,SimplePhrase_Comprehension,kick_cowboy_pl_chef_sg,NA,kikim norksa tumbatgu,correct,NA,,NA,98,Fri Feb 28 12:32:31 2020
5nom19,extrapolation,unmarked,initial,gu,sa,SimplePhrase_Comprehension,kick_chef_pl_burglar_pl,NA,kikim tumbatsa negid,correct,NA,,NA,99,Fri Feb 28 12:32:37 2020
5nom19,extrapolation,unmarked,initial,gu,sa,SimplePhrase_Comprehension,punch_burglar_pl_waitress_pl,NA,straikim negidsa vaem,correct,NA,,NA,100,Fri Feb 28 12:32:42 2020
5nom19,extrapolation,unmarked,initial,gu,sa,SimplePhrase_Comprehension,point_cowboy_pl_waitress_sg,NA,poinim norksa vaemgu,correct,NA,,NA,101,Fri Feb 28 12:32:49 2020
5nom19,extrapolation,unmarked,initial,gu,sa,SimplePhrase_Comprehension,kick_cowboy_pl_burglar_pl,NA,kikim norksa negid,correct,NA,,NA,102,Fri Feb 28 12:33:01 2020
5nom19,extrapolation,unmarked,initial,gu,sa,SimplePhrase_Comprehension,point_waitress_pl_burglar_pl,NA,poinim vaemsa negid,correct,NA,,NA,103,Fri Feb 28 12:33:07 2020
5nom19,extrapolation,unmarked,initial,gu,sa,SimplePhrase_Comprehension,kick_burglar_pl_waitress_sg,NA,kikim negidsa vaemgu,correct,NA,,NA,104,Fri Feb 28 12:33:13 2020
5nom19,extrapolation,unmarked,initial,gu,sa,SimplePhrase_Comprehension,punch_chef_pl_cowboy_sg,NA,straikim tumbatsa norkgu,correct,NA,,NA,105,Fri Feb 28 12:33:20 2020
5nom19,extrapolation,unmarked,initial,gu,sa,SimplePhrase_Comprehension,point_cowboy_pl_chef_sg,NA,poinim norksa tumbatgu,correct,NA,,NA,106,Fri Feb 28 12:33:32 2020
5nom19,extrapolation,unmarked,initial,gu,sa,SimplePhrase_Comprehension,punch_cowboy_pl_burglar_sg,NA,straikim norksa negidgu,correct,NA,,NA,107,Fri Feb 28 12:33:41 2020
5nom19,extrapolation,unmarked,initial,gu,sa,SimplePhrase_Comprehension,punch_waitress_pl_burglar_pl,NA,straikim vaemsa negid,correct,NA,,NA,108,Fri Feb 28 12:33:49 2020
5nom19,extrapolation,unmarked,initial,gu,sa,SimplePhrase_Comprehension,point_burglar_pl_cowboy_sg,NA,poinim negidsa norkgu,correct,NA,,NA,109,Fri Feb 28 12:33:57 2020
5nom19,extrapolation,unmarked,initial,gu,sa,SimplePhrase_Comprehension,point_chef_pl_burglar_sg,NA,poinim tumbatsa negidgu,correct,NA,,NA,110,Fri Feb 28 12:34:03 2020
5nom19,extrapolation,unmarked,initial,gu,sa,SimplePhrase_Comprehension,kick_chef_pl_cowboy_sg,NA,kikim tumbatsa norkgu,correct,NA,,NA,111,Fri Feb 28 12:34:11 2020
5nom19,extrapolation,unmarked,initial,gu,sa,SimplePhrase_Comprehension,punch_cowboy_pl_waitress_pl,NA,straikim norksa vaem,correct,NA,,NA,112,Fri Feb 28 12:34:17 2020
5nom19,extrapolation,unmarked,initial,gu,sa,SimplePhrase_Typing,chef_two,NA,tumbat,NA,tumbat,,NA,113,Fri Feb 28 12:34:49 2020
5nom19,extrapolation,unmarked,initial,gu,sa,SimplePhrase_Typing,waitress_two,NA,vaem,NA,vaem,,NA,114,Fri Feb 28 12:34:55 2020
5nom19,extrapolation,unmarked,initial,gu,sa,SimplePhrase_Typing,point_burglar_pl_chef_pl,NA,poinim negidsa tumbat,NA,poinim negedsa tumbat,,NA,115,Fri Feb 28 12:35:33 2020
5nom19,extrapolation,unmarked,initial,gu,sa,SimplePhrase_Typing,kick_cowboy_pl_burglar_sg,NA,kikim norksa negidgu,NA,kikim norksa nigedgu,,NA,116,Fri Feb 28 12:36:10 2020
5nom19,extrapolation,unmarked,initial,gu,sa,SimplePhrase_Typing,point_burglar_pl_cowboy_pl,NA,poinim negidsa nork,NA,poinim nigedsa nork,,NA,117,Fri Feb 28 12:36:41 2020
5nom19,extrapolation,unmarked,initial,gu,sa,SimplePhrase_Typing,cowboy_two,NA,nork,NA,nork,,NA,118,Fri Feb 28 12:36:48 2020
5nom19,extrapolation,unmarked,initial,gu,sa,SimplePhrase_Typing,punch_chef_pl_waitress_sg,NA,straikim tumbatsa vaemgu,NA,straikim tumbatsa vaemgu,,NA,119,Fri Feb 28 12:37:05 2020
5nom19,extrapolation,unmarked,initial,gu,sa,SimplePhrase_Typing,punch_chef_pl_burglar_sg,NA,straikim tumbatsa negidgu,NA,straikim tumbatsu neigdgu,,NA,120,Fri Feb 28 12:37:39 2020
5nom19,extrapolation,unmarked,initial,gu,sa,SimplePhrase_Typing,kick_chef_pl_waitress_sg,NA,kikim tumbatsa vaemgu,NA,kikim tumbatsa vaemgu,,NA,121,Fri Feb 28 12:37:58 2020
5nom19,extrapolation,unmarked,initial,gu,sa,SimplePhrase_Typing,burglar_two,NA,negid,NA,neijd,,NA,122,Fri Feb 28 12:38:20 2020
5nom19,extrapolation,unmarked,initial,gu,sa,SimplePhrase_Typing,kick_cowboy_pl_waitress_pl,NA,kikim norksa vaem,NA,kikim norksa vaem,,NA,123,Fri Feb 28 12:38:35 2020
5nom19,extrapolation,unmarked,initial,gu,sa,SimplePhrase_Typing,point_waitress_pl_cowboy_pl,NA,poinim vaemsa nork,NA,poinim vaemsa nork,,NA,124,Fri Feb 28 12:38:50 2020
5nom19,extrapolation,unmarked,initial,gu,sa,ComplexPhrase_Typing,kick_chef_sg_waitress_pl,waitress,kikim tumbatgusa vaem,NA,kikim tumbatgusa vaem,,NA,125,Fri Feb 28 12:39:30 2020
5nom19,extrapolation,unmarked,initial,gu,sa,ComplexPhrase_Typing,punch_burglar_sg_waitress_pl,waitress,straikim negidgusa vaem,NA,straikim negidgusa vaem,,NA,126,Fri Feb 28 12:39:42 2020
5nom19,extrapolation,unmarked,initial,gu,sa,ComplexPhrase_Typing,point_burglar_sg_waitress_pl,waitress,poinim negidgusa vaem,NA,poinim negidgusa vaem,,NA,127,Fri Feb 28 12:40:07 2020
5nom19,extrapolation,unmarked,initial,gu,sa,ComplexPhrase_Typing,kick_waitress_sg_cowboy_pl,cowboy,kikim vaemgusa nork,NA,kikim vaemgusa nork,,NA,128,Fri Feb 28 12:40:14 2020
5nom19,extrapolation,unmarked,initial,gu,sa,ComplexPhrase_Typing,kick_waitress_sg_cowboy_pl,cowboy,kikim vaemgusa nork,NA,kikim vaemgusa nork,,NA,129,Fri Feb 28 12:40:25 2020
5nom19,extrapolation,unmarked,initial,gu,sa,ComplexPhrase_Typing,kick_chef_sg_waitress_pl,waitress,kikim tumbatgusa vaem,NA,kikim tumbatgusa vaem,,NA,130,Fri Feb 28 12:40:35 2020
5nom19,extrapolation,unmarked,initial,gu,sa,ComplexPhrase_Typing,point_burglar_sg_waitress_pl,waitress,poinim negidgusa vaem,NA,poinim negidgusa vaem,,NA,131,Fri Feb 28 12:40:44 2020
5nom19,extrapolation,unmarked,initial,gu,sa,ComplexPhrase_Typing,punch_burglar_sg_waitress_pl,waitress,straikim negidgusa vaem,NA,straikim negidgusa vaem,,NA,132,Fri Feb 28 12:40:54 2020
5nom19,extrapolation,unmarked,initial,gu,sa,ComplexPhrase_Typing,kick_chef_sg_waitress_pl,waitress,kikim tumbatgusa vaem,NA,kikim tumbatgusa vaem,,NA,133,Fri Feb 28 12:41:02 2020
5nom19,extrapolation,unmarked,initial,gu,sa,ComplexPhrase_Typing,point_burglar_sg_waitress_pl,waitress,poinim negidgusa vaem,NA,poinim negidgusa vaem,,NA,134,Fri Feb 28 12:41:24 2020
5nom19,extrapolation,unmarked,initial,gu,sa,ComplexPhrase_Typing,kick_waitress_sg_cowboy_pl,cowboy,kikim vaemgusa nork,NA,kikim vaemgusa nork,,NA,135,Fri Feb 28 12:41:31 2020
5nom19,extrapolation,unmarked,initial,gu,sa,ComplexPhrase_Typing,punch_burglar_sg_waitress_pl,waitress,straikim negidgusa vaem,NA,straikim negidgusa vaem,,NA,136,Fri Feb 28 12:41:36 2020
5nom19,extrapolation,unmarked,initial,gu,sa,ComplexPhrase_Testing,kick_waitress_sg_burglar_pl,burglar,kikim vaemgusa negid,NA,NA,,NA,137,Fri Feb 28 12:42:35 2020
5nom19,extrapolation,unmarked,initial,gu,sa,ComplexPhrase_Testing,point_chef_sg_burglar_pl,burglar,poinim tumbatgusa negid,NA,NA,,NA,138,Fri Feb 28 12:42:43 2020
5nom19,extrapolation,unmarked,initial,gu,sa,ComplexPhrase_Testing,punch_cowboy_pl_burglar_pl,burglar,straikim norksa negid,NA,NA,,NA,139,Fri Feb 28 12:43:01 2020
5nom19,extrapolation,unmarked,initial,gu,sa,ComplexPhrase_Testing,punch_waitress_pl_burglar_sg,NA,straikim vaemsa negidgu,NA,NA,,NA,140,Fri Feb 28 12:43:12 2020
5nom19,extrapolation,unmarked,initial,gu,sa,ComplexPhrase_Testing,punch_cowboy_pl_chef_sg,NA,straikim norksa tumbatgu,NA,NA,,NA,141,Fri Feb 28 12:43:25 2020
5nom19,extrapolation,unmarked,initial,gu,sa,ComplexPhrase_Testing,kick_waitress_sg_burglar_pl,burglar,kikim vaemgusa negid,NA,NA,,NA,142,Fri Feb 28 12:43:38 2020
5nom19,extrapolation,unmarked,initial,gu,sa,ComplexPhrase_Testing,point_waitress_sg_chef_pl,chef,poinim vaemgusa tumbat,NA,NA,,NA,143,Fri Feb 28 12:43:46 2020
5nom19,extrapolation,unmarked,initial,gu,sa,ComplexPhrase_Testing,point_waitress_sg_cowboy_pl,cowboy,poinim vaemgusa nork,NA,NA,,NA,144,Fri Feb 28 12:43:53 2020
5nom19,extrapolation,unmarked,initial,gu,sa,ComplexPhrase_Testing,point_waitress_sg_cowboy_pl,cowboy,poinim vaemgusa nork,NA,NA,,NA,145,Fri Feb 28 12:43:59 2020
5nom19,extrapolation,unmarked,initial,gu,sa,ComplexPhrase_Testing,punch_chef_sg_cowboy_pl,cowboy,straikim tumbatgusa nork,NA,NA,,NA,146,Fri Feb 28 12:44:08 2020
5nom19,extrapolation,unmarked,initial,gu,sa,ComplexPhrase_Testing,kick_waitress_sg_chef_pl,chef,kikim vaemgusa tumbat,NA,NA,,NA,147,Fri Feb 28 12:44:15 2020
5nom19,extrapolation,unmarked,initial,gu,sa,ComplexPhrase_Testing,point_chef_pl_waitress_sg,NA,poinim tumbatsa vaemgu,NA,NA,,NA,148,Fri Feb 28 12:44:22 2020
5nom19,extrapolation,unmarked,initial,gu,sa,ComplexPhrase_Testing,waitress_two,NA,vaem,NA,NA,,NA,149,Fri Feb 28 12:44:28 2020
5nom19,extrapolation,unmarked,initial,gu,sa,ComplexPhrase_Testing,kick_waitress_sg_chef_pl,chef,kikim vaemgusa tumbat,NA,NA,,NA,150,Fri Feb 28 12:44:34 2020
5nom19,extrapolation,unmarked,initial,gu,sa,ComplexPhrase_Testing,punch_cowboy_sg_waitress_pl,waitress,straikim norkgusa vaem,NA,NA,,NA,151,Fri Feb 28 12:44:40 2020
5nom19,extrapolation,unmarked,initial,gu,sa,ComplexPhrase_Testing,point_waitress_sg_chef_pl,chef,poinim vaemgusa tumbat,NA,NA,,NA,152,Fri Feb 28 12:44:46 2020
5nom19,extrapolation,unmarked,initial,gu,sa,ComplexPhrase_Testing,point_waitress_pl_cowboy_pl,cowboy,poinim vaemsa nork,NA,NA,,NA,153,Fri Feb 28 12:44:54 2020
5nom19,extrapolation,unmarked,initial,gu,sa,ComplexPhrase_Testing,kick_burglar_sg_cowboy_pl,cowboy,kikim negidgusa nork,NA,NA,,NA,154,Fri Feb 28 12:45:02 2020
5nom19,extrapolation,unmarked,initial,gu,sa,ComplexPhrase_Testing,point_chef_sg_burglar_pl,burglar,poinim tumbatgusa negid,NA,NA,,NA,155,Fri Feb 28 12:45:08 2020
5nom19,extrapolation,unmarked,initial,gu,sa,ComplexPhrase_Testing,punch_cowboy_sg_waitress_pl,waitress,straikim norkgusa vaem,NA,NA,,NA,156,Fri Feb 28 12:45:16 2020
5nom19,extrapolation,unmarked,initial,gu,sa,ComplexPhrase_Testing,point_chef_pl_cowboy_pl,cowboy,poinim tumbatsa nork,NA,NA,,NA,157,Fri Feb 28 12:45:22 2020
5nom19,extrapolation,unmarked,initial,gu,sa,ComplexPhrase_Testing,punch_burglar_sg_chef_pl,chef,straikim negidgusa tumbat,NA,NA,,NA,158,Fri Feb 28 12:45:31 2020
5nom19,extrapolation,unmarked,initial,gu,sa,ComplexPhrase_Testing,chef_two,NA,tumbat,NA,NA,,NA,159,Fri Feb 28 12:45:33 2020
5nom19,extrapolation,unmarked,initial,gu,sa,ComplexPhrase_Testing,point_waitress_pl_cowboy_sg,NA,poinim vaemsa norkgu,NA,NA,,NA,160,Fri Feb 28 12:45:42 2020
5nom19,extrapolation,unmarked,initial,gu,sa,ComplexPhrase_Testing,point_cowboy_pl_burglar_pl,burglar,poinim norksa negid,NA,NA,,NA,161,Fri Feb 28 12:45:52 2020
5nom19,extrapolation,unmarked,initial,gu,sa,ComplexPhrase_Testing,burglar_two,NA,negid,NA,NA,,NA,162,Fri Feb 28 12:45:59 2020
5nom19,extrapolation,unmarked,initial,gu,sa,ComplexPhrase_Testing,punch_burglar_sg_cowboy_pl,cowboy,straikim negidgusa nork,NA,NA,,NA,163,Fri Feb 28 12:46:05 2020
5nom19,extrapolation,unmarked,initial,gu,sa,ComplexPhrase_Testing,kick_waitress_pl_burglar_pl,burglar,kikim vaemsa negid,NA,NA,,NA,164,Fri Feb 28 12:46:10 2020
5nom19,extrapolation,unmarked,initial,gu,sa,ComplexPhrase_Testing,point_burglar_pl_waitress_sg,NA,poinim negidsa vaemgu,NA,NA,,NA,165,Fri Feb 28 12:46:23 2020
5nom19,extrapolation,unmarked,initial,gu,sa,ComplexPhrase_Testing,punch_burglar_sg_cowboy_pl,cowboy,straikim negidgusa nork,NA,NA,,NA,166,Fri Feb 28 12:46:31 2020
5nom19,extrapolation,unmarked,initial,gu,sa,ComplexPhrase_Testing,cowboy_two,NA,nork,NA,NA,,NA,167,Fri Feb 28 12:46:33 2020
5nom19,extrapolation,unmarked,initial,gu,sa,ComplexPhrase_Testing,kick_burglar_sg_cowboy_pl,cowboy,kikim negidgusa nork,NA,NA,,NA,168,Fri Feb 28 12:46:39 2020
5nom19,extrapolation,unmarked,initial,gu,sa,ComplexPhrase_Testing,kick_waitress_sg_burglar_pl,burglar,kikim vaemgusa negid,NA,NA,,NA,169,Fri Feb 28 12:46:44 2020
5nom19,extrapolation,unmarked,initial,gu,sa,ComplexPhrase_Testing,punch_chef_sg_cowboy_pl,cowboy,straikim tumbatgusa nork,NA,NA,,NA,170,Fri Feb 28 12:46:52 2020
5nom19,extrapolation,unmarked,initial,gu,sa,ComplexPhrase_Testing,punch_burglar_sg_chef_pl,chef,straikim negidgusa tumbat,NA,NA,,NA,171,Fri Feb 28 12:47:05 2020
5nom19,extrapolation,unmarked,initial,gu,sa,ComplexPhrase_Testing,punch_chef_sg_cowboy_pl,cowboy,straikim tumbatgusa nork,NA,NA,,NA,172,Fri Feb 28 12:47:09 2020
5nom19,extrapolation,unmarked,initial,gu,sa,ComplexPhrase_Testing,point_waitress_sg_chef_pl,chef,poinim vaemgusa tumbat,NA,NA,,NA,173,Fri Feb 28 12:47:16 2020
5nom19,extrapolation,unmarked,initial,gu,sa,ComplexPhrase_Testing,kick_waitress_sg_cowboy_pl,cowboy,kikim vaemgusa nork,NA,NA,,NA,174,Fri Feb 28 12:47:23 2020
5nom19,extrapolation,unmarked,initial,gu,sa,ComplexPhrase_Testing,point_chef_sg_waitress_pl,waitress,poinim tumbatgusa vaem,NA,NA,,NA,175,Fri Feb 28 12:47:29 2020
5nom19,extrapolation,unmarked,initial,gu,sa,ComplexPhrase_Testing,kick_burglar_pl_chef_sg,NA,kikim negidsa tumbatgu,NA,NA,,NA,176,Fri Feb 28 12:47:37 2020
5nom19,extrapolation,unmarked,initial,gu,sa,ComplexPhrase_Testing,kick_waitress_sg_cowboy_pl,cowboy,kikim vaemgusa nork,NA,NA,,NA,177,Fri Feb 28 12:47:47 2020
5nom19,extrapolation,unmarked,initial,gu,sa,ComplexPhrase_Testing,kick_burglar_sg_cowboy_pl,cowboy,kikim negidgusa nork,NA,NA,,NA,178,Fri Feb 28 12:47:51 2020
5nom19,extrapolation,unmarked,initial,gu,sa,ComplexPhrase_Testing,point_chef_sg_burglar_pl,burglar,poinim tumbatgusa negid,NA,NA,,NA,179,Fri Feb 28 12:47:56 2020
5nom19,extrapolation,unmarked,initial,gu,sa,ComplexPhrase_Testing,punch_burglar_sg_chef_pl,chef,straikim negidgusa tumbat,NA,NA,,NA,180,Fri Feb 28 12:48:02 2020
5nom19,extrapolation,unmarked,initial,gu,sa,ComplexPhrase_Testing,point_chef_sg_waitress_pl,waitress,poinim tumbatgusa vaem,NA,NA,,NA,181,Fri Feb 28 12:48:09 2020
5nom19,extrapolation,unmarked,initial,gu,sa,ComplexPhrase_Testing,punch_cowboy_sg_waitress_pl,waitress,straikim norkgusa vaem,NA,NA,,NA,182,Fri Feb 28 12:48:15 2020
5nom19,extrapolation,unmarked,initial,gu,sa,ComplexPhrase_Testing,kick_waitress_sg_chef_pl,chef,kikim vaemgusa tumbat,NA,NA,,NA,183,Fri Feb 28 12:48:21 2020
5nom19,extrapolation,unmarked,initial,gu,sa,ComplexPhrase_Testing,punch_burglar_sg_cowboy_pl,cowboy,straikim negidgusa nork,NA,NA,,NA,184,Fri Feb 28 12:48:26 2020
5nom19,extrapolation,unmarked,initial,gu,sa,ComplexPhrase_Testing,point_chef_sg_waitress_pl,waitress,poinim tumbatgusa vaem,NA,NA,,NA,185,Fri Feb 28 12:48:31 2020
5nom19,extrapolation,unmarked,initial,gu,sa,ComplexPhrase_Testing,kick_waitress_sg_cowboy_pl,cowboy,kikim vaemgusa nork,NA,NA,,NA,186,Fri Feb 28 12:48:35 2020
5nom19,extrapolation,unmarked,initial,gu,sa,ComplexPhrase_Testing,point_waitress_sg_cowboy_pl,cowboy,poinim vaemgusa nork,NA,NA,,NA,187,Fri Feb 28 12:48:41 2020
5nom19,extrapolation,unmarked,initial,gu,sa,ComplexPhrase_Testing,punch_burglar_pl_cowboy_pl,cowboy,straikim negidsa nork,NA,NA,,NA,188,Fri Feb 28 12:48:46 2020
5nom19,extrapolation,unmarked,initial,gu,sa,Questionnaire,NA,NA,NA,NA,NA,,singluar,MeaningNum,Fri Feb 28 12:49:45 2020
5nom19,extrapolation,unmarked,initial,gu,sa,Questionnaire,NA,NA,NA,NA,NA,,action,MeaningCase,Fri Feb 28 12:49:45 2020
5nom19,extrapolation,unmarked,initial,gu,sa,Questionnaire,NA,NA,NA,NA,NA,,after,OrderNumNoun,Fri Feb 28 12:49:45 2020
5nom19,extrapolation,unmarked,initial,gu,sa,Questionnaire,NA,NA,NA,NA,NA,,after,OrderCaseNoun,Fri Feb 28 12:49:45 2020
5nom19,extrapolation,unmarked,initial,gu,sa,Questionnaire,NA,NA,NA,NA,NA,,one,Languages,Fri Feb 28 12:49:45 2020
