ID,Condition,MajorityOrder,NounPosition,markerNum,markerCase,Phase,Meaning,NounItem,Noun,InputSentence,Selection,TypedResponse,SpokenResponse,AnswerQuest,Trial,date&time
6s04,extrapolation,unmarked,final,gu,"['sa', 'ti']",Noun_Training,chef,NA,NA,tumbat,NA,NA,,NA,1,Wed May 30 13:37:31 2018
6s04,extrapolation,unmarked,final,gu,"['sa', 'ti']",Noun_Training,cowboy,NA,NA,negid,NA,NA,,NA,2,Wed May 30 13:37:36 2018
6s04,extrapolation,unmarked,final,gu,"['sa', 'ti']",Noun_Training,cowboy,NA,NA,negid,NA,NA,,NA,3,Wed May 30 13:37:41 2018
6s04,extrapolation,unmarked,final,gu,"['sa', 'ti']",Noun_Training,chef,NA,NA,tumbat,NA,NA,,NA,4,Wed May 30 13:37:45 2018
6s04,extrapolation,unmarked,final,gu,"['sa', 'ti']",Noun_Training,waitress,NA,NA,nork,NA,NA,,NA,5,Wed May 30 13:37:50 2018
6s04,extrapolation,unmarked,final,gu,"['sa', 'ti']",Noun_Training,waitress,NA,NA,nork,NA,NA,,NA,6,Wed May 30 13:37:55 2018
6s04,extrapolation,unmarked,final,gu,"['sa', 'ti']",Noun_Training,cowboy,NA,NA,negid,NA,NA,,NA,7,Wed May 30 13:38:00 2018
6s04,extrapolation,unmarked,final,gu,"['sa', 'ti']",Noun_Training,chef,NA,NA,tumbat,NA,NA,,NA,8,Wed May 30 13:38:05 2018
6s04,extrapolation,unmarked,final,gu,"['sa', 'ti']",Noun_Training,waitress,NA,NA,nork,NA,NA,,NA,9,Wed May 30 13:38:10 2018
6s04,extrapolation,unmarked,final,gu,"['sa', 'ti']",Noun_Training,waitress,NA,NA,nork,NA,NA,,NA,10,Wed May 30 13:38:15 2018
6s04,extrapolation,unmarked,final,gu,"['sa', 'ti']",Noun_Training,burglar,NA,NA,vaem,NA,NA,,NA,11,Wed May 30 13:38:20 2018
6s04,extrapolation,unmarked,final,gu,"['sa', 'ti']",Noun_Training,chef,NA,NA,tumbat,NA,NA,,NA,12,Wed May 30 13:38:25 2018
6s04,extrapolation,unmarked,final,gu,"['sa', 'ti']",Noun_Training,chef,NA,NA,tumbat,NA,NA,,NA,13,Wed May 30 13:38:29 2018
6s04,extrapolation,unmarked,final,gu,"['sa', 'ti']",Noun_Training,burglar,NA,NA,vaem,NA,NA,,NA,14,Wed May 30 13:38:34 2018
6s04,extrapolation,unmarked,final,gu,"['sa', 'ti']",Noun_Training,burglar,NA,NA,vaem,NA,NA,,NA,15,Wed May 30 13:38:39 2018
6s04,extrapolation,unmarked,final,gu,"['sa', 'ti']",Noun_Training,cowboy,NA,NA,negid,NA,NA,,NA,16,Wed May 30 13:38:44 2018
6s04,extrapolation,unmarked,final,gu,"['sa', 'ti']",Noun_Training,burglar,NA,NA,vaem,NA,NA,,NA,17,Wed May 30 13:38:48 2018
6s04,extrapolation,unmarked,final,gu,"['sa', 'ti']",Noun_Training,burglar,NA,NA,vaem,NA,NA,,NA,18,Wed May 30 13:38:53 2018
6s04,extrapolation,unmarked,final,gu,"['sa', 'ti']",Noun_Training,chef,NA,NA,tumbat,NA,NA,,NA,19,Wed May 30 13:38:58 2018
6s04,extrapolation,unmarked,final,gu,"['sa', 'ti']",Noun_Training,waitress,NA,NA,nork,NA,NA,,NA,20,Wed May 30 13:39:03 2018
6s04,extrapolation,unmarked,final,gu,"['sa', 'ti']",Noun_Training,cowboy,NA,NA,negid,NA,NA,,NA,21,Wed May 30 13:39:08 2018
6s04,extrapolation,unmarked,final,gu,"['sa', 'ti']",Noun_Training,cowboy,NA,NA,negid,NA,NA,,NA,22,Wed May 30 13:39:13 2018
6s04,extrapolation,unmarked,final,gu,"['sa', 'ti']",Noun_Training,burglar,NA,NA,vaem,NA,NA,,NA,23,Wed May 30 13:39:17 2018
6s04,extrapolation,unmarked,final,gu,"['sa', 'ti']",Noun_Training,waitress,NA,NA,nork,NA,NA,,NA,24,Wed May 30 13:39:22 2018
6s04,extrapolation,unmarked,final,gu,"['sa', 'ti']",Noun_Selection,chef,NA,NA,tumbat,correct,NA,,NA,25,Wed May 30 13:39:50 2018
6s04,extrapolation,unmarked,final,gu,"['sa', 'ti']",Noun_Selection,burglar,NA,NA,vaem,correct,NA,,NA,26,Wed May 30 13:39:54 2018
6s04,extrapolation,unmarked,final,gu,"['sa', 'ti']",Noun_Selection,waitress,NA,NA,nork,correct,NA,,NA,27,Wed May 30 13:39:58 2018
6s04,extrapolation,unmarked,final,gu,"['sa', 'ti']",Noun_Selection,burglar,NA,NA,vaem,correct,NA,,NA,28,Wed May 30 13:40:02 2018
6s04,extrapolation,unmarked,final,gu,"['sa', 'ti']",Noun_Selection,waitress,NA,NA,nork,correct,NA,,NA,29,Wed May 30 13:40:06 2018
6s04,extrapolation,unmarked,final,gu,"['sa', 'ti']",Noun_Selection,burglar,NA,NA,vaem,correct,NA,,NA,30,Wed May 30 13:40:10 2018
6s04,extrapolation,unmarked,final,gu,"['sa', 'ti']",Noun_Selection,chef,NA,NA,tumbat,correct,NA,,NA,31,Wed May 30 13:40:15 2018
6s04,extrapolation,unmarked,final,gu,"['sa', 'ti']",Noun_Selection,cowboy,NA,NA,negid,correct,NA,,NA,32,Wed May 30 13:40:20 2018
6s04,extrapolation,unmarked,final,gu,"['sa', 'ti']",Noun_Selection,chef,NA,NA,tumbat,correct,NA,,NA,33,Wed May 30 13:40:24 2018
6s04,extrapolation,unmarked,final,gu,"['sa', 'ti']",Noun_Selection,waitress,NA,NA,nork,correct,NA,,NA,34,Wed May 30 13:40:28 2018
6s04,extrapolation,unmarked,final,gu,"['sa', 'ti']",Noun_Selection,cowboy,NA,NA,negid,correct,NA,,NA,35,Wed May 30 13:40:33 2018
6s04,extrapolation,unmarked,final,gu,"['sa', 'ti']",Noun_Selection,cowboy,NA,NA,negid,correct,NA,,NA,36,Wed May 30 13:40:39 2018
6s04,extrapolation,unmarked,final,gu,"['sa', 'ti']",Noun_Testing,cowboy,NA,NA,negid,NA,NA,,NA,37,Wed May 30 13:41:10 2018
6s04,extrapolation,unmarked,final,gu,"['sa', 'ti']",Noun_Testing,chef,NA,NA,tumbat,NA,NA,,NA,38,Wed May 30 13:41:15 2018
6s04,extrapolation,unmarked,final,gu,"['sa', 'ti']",Noun_Testing,burglar,NA,NA,vaem,NA,NA,,NA,39,Wed May 30 13:41:20 2018
6s04,extrapolation,unmarked,final,gu,"['sa', 'ti']",Noun_Testing,chef,NA,NA,tumbat,NA,NA,,NA,40,Wed May 30 13:41:25 2018
6s04,extrapolation,unmarked,final,gu,"['sa', 'ti']",Noun_Testing,waitress,NA,NA,nork,NA,NA,,NA,41,Wed May 30 13:41:29 2018
6s04,extrapolation,unmarked,final,gu,"['sa', 'ti']",Noun_Testing,cowboy,NA,NA,negid,NA,NA,,NA,42,Wed May 30 13:41:35 2018
6s04,extrapolation,unmarked,final,gu,"['sa', 'ti']",Noun_Testing,waitress,NA,NA,nork,NA,NA,,NA,43,Wed May 30 13:41:39 2018
6s04,extrapolation,unmarked,final,gu,"['sa', 'ti']",Noun_Testing,cowboy,NA,NA,negid,NA,NA,,NA,44,Wed May 30 13:41:45 2018
6s04,extrapolation,unmarked,final,gu,"['sa', 'ti']",Noun_Testing,burglar,NA,NA,vaem,NA,NA,,NA,45,Wed May 30 13:41:49 2018
6s04,extrapolation,unmarked,final,gu,"['sa', 'ti']",Noun_Testing,waitress,NA,NA,nork,NA,NA,,NA,46,Wed May 30 13:41:53 2018
6s04,extrapolation,unmarked,final,gu,"['sa', 'ti']",Noun_Testing,chef,NA,NA,tumbat,NA,NA,,NA,47,Wed May 30 13:42:01 2018
6s04,extrapolation,unmarked,final,gu,"['sa', 'ti']",Noun_Testing,burglar,NA,NA,vaem,NA,NA,,NA,48,Wed May 30 13:42:06 2018
6s04,extrapolation,unmarked,final,gu,"['sa', 'ti']",SimplePhrase_Training,point_waitress_sg_chef_sg,NA,NA,poinim nork titumbat,NA,NA,,NA,49,Wed May 30 13:42:42 2018
6s04,extrapolation,unmarked,final,gu,"['sa', 'ti']",SimplePhrase_Training,punch_cowboy_pl_chef_sg,NA,NA,straikim gunegid titumbat,NA,NA,,NA,50,Wed May 30 13:42:50 2018
6s04,extrapolation,unmarked,final,gu,"['sa', 'ti']",SimplePhrase_Training,punch_burglar_sg_waitress_sg,NA,NA,straikim vaem sanork,NA,NA,,NA,51,Wed May 30 13:42:57 2018
6s04,extrapolation,unmarked,final,gu,"['sa', 'ti']",SimplePhrase_Training,kick_burglar_sg_cowboy_sg,NA,NA,kikim vaem tinegid,NA,NA,,NA,52,Wed May 30 13:43:05 2018
6s04,extrapolation,unmarked,final,gu,"['sa', 'ti']",SimplePhrase_Training,kick_chef_pl_burglar_sg,NA,NA,kikim gutumbat savaem,NA,NA,,NA,53,Wed May 30 13:43:12 2018
6s04,extrapolation,unmarked,final,gu,"['sa', 'ti']",SimplePhrase_Training,kick_chef_pl_waitress_sg,NA,NA,kikim gutumbat sanork,NA,NA,,NA,54,Wed May 30 13:43:19 2018
6s04,extrapolation,unmarked,final,gu,"['sa', 'ti']",SimplePhrase_Training,point_cowboy_sg_waitress_sg,NA,NA,poinim negid sanork,NA,NA,,NA,55,Wed May 30 13:43:27 2018
6s04,extrapolation,unmarked,final,gu,"['sa', 'ti']",SimplePhrase_Training,punch_waitress_sg_chef_sg,NA,NA,straikim nork titumbat,NA,NA,,NA,56,Wed May 30 13:43:35 2018
6s04,extrapolation,unmarked,final,gu,"['sa', 'ti']",SimplePhrase_Training,punch_burglar_sg_cowboy_sg,NA,NA,straikim vaem tinegid,NA,NA,,NA,57,Wed May 30 13:43:42 2018
6s04,extrapolation,unmarked,final,gu,"['sa', 'ti']",SimplePhrase_Training,point_chef_sg_waitress_sg,NA,NA,poinim tumbat sanork,NA,NA,,NA,58,Wed May 30 13:43:49 2018
6s04,extrapolation,unmarked,final,gu,"['sa', 'ti']",SimplePhrase_Training,punch_burglar_sg_chef_sg,NA,NA,straikim vaem titumbat,NA,NA,,NA,59,Wed May 30 13:43:57 2018
6s04,extrapolation,unmarked,final,gu,"['sa', 'ti']",SimplePhrase_Training,kick_cowboy_pl_waitress_sg,NA,NA,kikim gunegid sanork,NA,NA,,NA,60,Wed May 30 13:44:04 2018
6s04,extrapolation,unmarked,final,gu,"['sa', 'ti']",SimplePhrase_Training,punch_waitress_pl_chef_sg,NA,NA,straikim gunork titumbat,NA,NA,,NA,61,Wed May 30 13:44:12 2018
6s04,extrapolation,unmarked,final,gu,"['sa', 'ti']",SimplePhrase_Training,point_waitress_sg_burglar_sg,NA,NA,poinim nork savaem,NA,NA,,NA,62,Wed May 30 13:44:19 2018
6s04,extrapolation,unmarked,final,gu,"['sa', 'ti']",SimplePhrase_Training,kick_burglar_sg_waitress_sg,NA,NA,kikim vaem sanork,NA,NA,,NA,63,Wed May 30 13:44:26 2018
6s04,extrapolation,unmarked,final,gu,"['sa', 'ti']",SimplePhrase_Training,burglar,NA,NA,vaem,NA,NA,,NA,64,Wed May 30 13:44:31 2018
6s04,extrapolation,unmarked,final,gu,"['sa', 'ti']",SimplePhrase_Training,point_cowboy_sg_burglar_sg,NA,NA,poinim negid savaem,NA,NA,,NA,65,Wed May 30 13:44:38 2018
6s04,extrapolation,unmarked,final,gu,"['sa', 'ti']",SimplePhrase_Training,point_cowboy_pl_burglar_sg,NA,NA,poinim gunegid savaem,NA,NA,,NA,66,Wed May 30 13:44:46 2018
6s04,extrapolation,unmarked,final,gu,"['sa', 'ti']",SimplePhrase_Training,burglar,NA,NA,vaem,NA,NA,,NA,67,Wed May 30 13:44:51 2018
6s04,extrapolation,unmarked,final,gu,"['sa', 'ti']",SimplePhrase_Training,punch_chef_pl_cowboy_sg,NA,NA,straikim gutumbat tinegid,NA,NA,,NA,68,Wed May 30 13:44:58 2018
6s04,extrapolation,unmarked,final,gu,"['sa', 'ti']",SimplePhrase_Training,kick_chef_sg_cowboy_sg,NA,NA,kikim tumbat tinegid,NA,NA,,NA,69,Wed May 30 13:45:05 2018
6s04,extrapolation,unmarked,final,gu,"['sa', 'ti']",SimplePhrase_Training,waitress,NA,NA,nork,NA,NA,,NA,70,Wed May 30 13:45:10 2018
6s04,extrapolation,unmarked,final,gu,"['sa', 'ti']",SimplePhrase_Training,point_waitress_pl_cowboy_sg,NA,NA,poinim gunork tinegid,NA,NA,,NA,71,Wed May 30 13:45:18 2018
6s04,extrapolation,unmarked,final,gu,"['sa', 'ti']",SimplePhrase_Training,waitress,NA,NA,nork,NA,NA,,NA,72,Wed May 30 13:45:23 2018
6s04,extrapolation,unmarked,final,gu,"['sa', 'ti']",SimplePhrase_Training,point_chef_pl_waitress_sg,NA,NA,poinim gutumbat sanork,NA,NA,,NA,73,Wed May 30 13:45:30 2018
6s04,extrapolation,unmarked,final,gu,"['sa', 'ti']",SimplePhrase_Training,point_chef_sg_cowboy_sg,NA,NA,poinim tumbat tinegid,NA,NA,,NA,74,Wed May 30 13:45:38 2018
6s04,extrapolation,unmarked,final,gu,"['sa', 'ti']",SimplePhrase_Training,punch_cowboy_sg_burglar_sg,NA,NA,straikim negid savaem,NA,NA,,NA,75,Wed May 30 13:45:45 2018
6s04,extrapolation,unmarked,final,gu,"['sa', 'ti']",SimplePhrase_Training,kick_waitress_sg_chef_sg,NA,NA,kikim nork titumbat,NA,NA,,NA,76,Wed May 30 13:45:53 2018
6s04,extrapolation,unmarked,final,gu,"['sa', 'ti']",SimplePhrase_Training,chef,NA,NA,tumbat,NA,NA,,NA,77,Wed May 30 13:45:57 2018
6s04,extrapolation,unmarked,final,gu,"['sa', 'ti']",SimplePhrase_Training,chef,NA,NA,tumbat,NA,NA,,NA,78,Wed May 30 13:46:02 2018
6s04,extrapolation,unmarked,final,gu,"['sa', 'ti']",SimplePhrase_Training,punch_chef_pl_burglar_sg,NA,NA,straikim gutumbat savaem,NA,NA,,NA,79,Wed May 30 13:46:10 2018
6s04,extrapolation,unmarked,final,gu,"['sa', 'ti']",SimplePhrase_Training,punch_chef_pl_waitress_sg,NA,NA,straikim gutumbat sanork,NA,NA,,NA,80,Wed May 30 13:46:18 2018
6s04,extrapolation,unmarked,final,gu,"['sa', 'ti']",SimplePhrase_Training,punch_waitress_sg_burglar_sg,NA,NA,straikim nork savaem,NA,NA,,NA,81,Wed May 30 13:46:25 2018
6s04,extrapolation,unmarked,final,gu,"['sa', 'ti']",SimplePhrase_Training,point_burglar_pl_waitress_sg,NA,NA,poinim guvaem sanork,NA,NA,,NA,82,Wed May 30 13:46:33 2018
6s04,extrapolation,unmarked,final,gu,"['sa', 'ti']",SimplePhrase_Training,cowboy,NA,NA,negid,NA,NA,,NA,83,Wed May 30 13:46:38 2018
6s04,extrapolation,unmarked,final,gu,"['sa', 'ti']",SimplePhrase_Training,point_burglar_pl_chef_sg,NA,NA,poinim guvaem titumbat,NA,NA,,NA,84,Wed May 30 13:46:45 2018
6s04,extrapolation,unmarked,final,gu,"['sa', 'ti']",SimplePhrase_Training,point_waitress_pl_chef_sg,NA,NA,poinim gunork titumbat,NA,NA,,NA,85,Wed May 30 13:46:53 2018
6s04,extrapolation,unmarked,final,gu,"['sa', 'ti']",SimplePhrase_Training,cowboy,NA,NA,negid,NA,NA,,NA,86,Wed May 30 13:46:57 2018
6s04,extrapolation,unmarked,final,gu,"['sa', 'ti']",SimplePhrase_Training,kick_waitress_pl_burglar_sg,NA,NA,kikim gunork savaem,NA,NA,,NA,87,Wed May 30 13:47:05 2018
6s04,extrapolation,unmarked,final,gu,"['sa', 'ti']",SimplePhrase_Training,kick_burglar_pl_cowboy_sg,NA,NA,kikim guvaem tinegid,NA,NA,,NA,88,Wed May 30 13:47:12 2018
6s04,extrapolation,unmarked,final,gu,"['sa', 'ti']",SimplePhrase_Training,kick_chef_sg_burglar_sg,NA,NA,kikim tumbat savaem,NA,NA,,NA,89,Wed May 30 13:47:19 2018
6s04,extrapolation,unmarked,final,gu,"['sa', 'ti']",SimplePhrase_Training,punch_burglar_pl_chef_sg,NA,NA,straikim guvaem titumbat,NA,NA,,NA,90,Wed May 30 13:47:27 2018
6s04,extrapolation,unmarked,final,gu,"['sa', 'ti']",SimplePhrase_Training,point_burglar_pl_cowboy_sg,NA,NA,poinim guvaem tinegid,NA,NA,,NA,91,Wed May 30 13:47:34 2018
6s04,extrapolation,unmarked,final,gu,"['sa', 'ti']",SimplePhrase_Training,punch_waitress_sg_cowboy_sg,NA,NA,straikim nork tinegid,NA,NA,,NA,92,Wed May 30 13:47:42 2018
6s04,extrapolation,unmarked,final,gu,"['sa', 'ti']",SimplePhrase_Comprehension,kick_cowboy_pl_burglar_sg,NA,NA,kikim gunegid savaem,wrong,NA,,NA,93,Wed May 30 13:48:14 2018
6s04,extrapolation,unmarked,final,gu,"['sa', 'ti']",SimplePhrase_Comprehension,kick_burglar_pl_waitress_sg,NA,NA,kikim guvaem sanork,correct,NA,,NA,94,Wed May 30 13:48:29 2018
6s04,extrapolation,unmarked,final,gu,"['sa', 'ti']",SimplePhrase_Comprehension,kick_cowboy_sg_waitress_sg,NA,NA,kikim negid sanork,correct,NA,,NA,95,Wed May 30 13:48:41 2018
6s04,extrapolation,unmarked,final,gu,"['sa', 'ti']",SimplePhrase_Comprehension,point_chef_pl_cowboy_sg,NA,NA,poinim gutumbat tinegid,correct,NA,,NA,96,Wed May 30 13:48:56 2018
6s04,extrapolation,unmarked,final,gu,"['sa', 'ti']",SimplePhrase_Comprehension,kick_waitress_pl_chef_sg,NA,NA,kikim gunork titumbat,correct,NA,,NA,97,Wed May 30 13:49:05 2018
6s04,extrapolation,unmarked,final,gu,"['sa', 'ti']",SimplePhrase_Comprehension,kick_waitress_sg_burglar_sg,NA,NA,kikim nork savaem,correct,NA,,NA,98,Wed May 30 13:49:19 2018
6s04,extrapolation,unmarked,final,gu,"['sa', 'ti']",SimplePhrase_Comprehension,kick_waitress_pl_cowboy_sg,NA,NA,kikim gunork tinegid,correct,NA,,NA,99,Wed May 30 13:49:29 2018
6s04,extrapolation,unmarked,final,gu,"['sa', 'ti']",SimplePhrase_Comprehension,point_chef_sg_burglar_sg,NA,NA,poinim tumbat savaem,correct,NA,,NA,100,Wed May 30 13:49:41 2018
6s04,extrapolation,unmarked,final,gu,"['sa', 'ti']",SimplePhrase_Comprehension,point_cowboy_sg_chef_sg,NA,NA,poinim negid titumbat,correct,NA,,NA,101,Wed May 30 13:49:49 2018
6s04,extrapolation,unmarked,final,gu,"['sa', 'ti']",SimplePhrase_Comprehension,kick_chef_sg_waitress_sg,NA,NA,kikim tumbat sanork,correct,NA,,NA,102,Wed May 30 13:49:59 2018
6s04,extrapolation,unmarked,final,gu,"['sa', 'ti']",SimplePhrase_Comprehension,point_cowboy_pl_chef_sg,NA,NA,poinim gunegid titumbat,correct,NA,,NA,103,Wed May 30 13:50:10 2018
6s04,extrapolation,unmarked,final,gu,"['sa', 'ti']",SimplePhrase_Comprehension,point_burglar_sg_chef_sg,NA,NA,poinim vaem titumbat,correct,NA,,NA,104,Wed May 30 13:50:18 2018
6s04,extrapolation,unmarked,final,gu,"['sa', 'ti']",SimplePhrase_Comprehension,punch_chef_sg_cowboy_sg,NA,NA,straikim tumbat tinegid,wrong,NA,,NA,105,Wed May 30 13:50:33 2018
6s04,extrapolation,unmarked,final,gu,"['sa', 'ti']",SimplePhrase_Comprehension,point_waitress_pl_burglar_sg,NA,NA,poinim gunork savaem,correct,NA,,NA,106,Wed May 30 13:50:45 2018
6s04,extrapolation,unmarked,final,gu,"['sa', 'ti']",SimplePhrase_Comprehension,punch_waitress_pl_cowboy_sg,NA,NA,straikim gunork tinegid,correct,NA,,NA,107,Wed May 30 13:51:00 2018
6s04,extrapolation,unmarked,final,gu,"['sa', 'ti']",SimplePhrase_Comprehension,punch_waitress_pl_burglar_sg,NA,NA,straikim gunork savaem,correct,NA,,NA,108,Wed May 30 13:51:07 2018
6s04,extrapolation,unmarked,final,gu,"['sa', 'ti']",SimplePhrase_Comprehension,point_burglar_sg_cowboy_sg,NA,NA,poinim vaem tinegid,correct,NA,,NA,109,Wed May 30 13:51:14 2018
6s04,extrapolation,unmarked,final,gu,"['sa', 'ti']",SimplePhrase_Comprehension,point_waitress_sg_cowboy_sg,NA,NA,poinim nork tinegid,correct,NA,,NA,110,Wed May 30 13:51:24 2018
6s04,extrapolation,unmarked,final,gu,"['sa', 'ti']",SimplePhrase_Comprehension,point_burglar_sg_waitress_sg,NA,NA,poinim vaem sanork,correct,NA,,NA,111,Wed May 30 13:51:30 2018
6s04,extrapolation,unmarked,final,gu,"['sa', 'ti']",SimplePhrase_Comprehension,punch_cowboy_pl_waitress_sg,NA,NA,straikim gunegid sanork,correct,NA,,NA,112,Wed May 30 13:51:41 2018
6s04,extrapolation,unmarked,final,gu,"['sa', 'ti']",SimplePhrase_Typing,kick_burglar_sg_cowboy_sg,NA,NA,kikim vaem tinegid,NA,kikim vaem genaute,,NA,113,Wed May 30 13:52:31 2018
6s04,extrapolation,unmarked,final,gu,"['sa', 'ti']",SimplePhrase_Typing,point_chef_pl_waitress_sg,NA,NA,poinim gutumbat sanork,NA,poinim genegide genork,,NA,114,Wed May 30 13:53:41 2018
6s04,extrapolation,unmarked,final,gu,"['sa', 'ti']",SimplePhrase_Typing,point_cowboy_sg_waitress_sg,NA,NA,poinim negid sanork,NA,poinim geded sanork,,NA,115,Wed May 30 13:54:14 2018
6s04,extrapolation,unmarked,final,gu,"['sa', 'ti']",SimplePhrase_Typing,kick_chef_pl_burglar_sg,NA,NA,kikim gutumbat savaem,NA,kikim denegede gevaem,,NA,116,Wed May 30 13:54:46 2018
6s04,extrapolation,unmarked,final,gu,"['sa', 'ti']",SimplePhrase_Typing,waitress,NA,NA,nork,NA,nork,,NA,117,Wed May 30 13:54:53 2018
6s04,extrapolation,unmarked,final,gu,"['sa', 'ti']",SimplePhrase_Typing,chef,NA,NA,tumbat,NA,tumbat,,NA,118,Wed May 30 13:55:09 2018
6s04,extrapolation,unmarked,final,gu,"['sa', 'ti']",SimplePhrase_Typing,cowboy,NA,NA,negid,NA,getud,,NA,119,Wed May 30 13:55:26 2018
6s04,extrapolation,unmarked,final,gu,"['sa', 'ti']",SimplePhrase_Typing,kick_chef_sg_burglar_sg,NA,NA,kikim tumbat savaem,NA,kikim getume savaem,,NA,120,Wed May 30 13:55:51 2018
6s04,extrapolation,unmarked,final,gu,"['sa', 'ti']",SimplePhrase_Typing,burglar,NA,NA,vaem,NA,vaem,,NA,121,Wed May 30 13:55:59 2018
6s04,extrapolation,unmarked,final,gu,"['sa', 'ti']",SimplePhrase_Typing,point_waitress_pl_chef_sg,NA,NA,poinim gunork titumbat,NA,poinim sanork getumbat,,NA,122,Wed May 30 13:56:18 2018
6s04,extrapolation,unmarked,final,gu,"['sa', 'ti']",SimplePhrase_Typing,kick_burglar_pl_cowboy_sg,NA,NA,kikim guvaem tinegid,NA,kikim savaem titubat,,NA,123,Wed May 30 13:56:44 2018
6s04,extrapolation,unmarked,final,gu,"['sa', 'ti']",SimplePhrase_Typing,punch_waitress_sg_chef_sg,NA,NA,straikim nork titumbat,NA,straikim nork titumbet,,NA,124,Wed May 30 13:57:04 2018
6s04,extrapolation,unmarked,final,gu,"['sa', 'ti']",ComplexPhrase_Typing,point_cowboy_sg_waitress_pl,waitress,nork,poinim negid sagunork,NA,poinim negid sagenork,,NA,125,Wed May 30 13:58:45 2018
6s04,extrapolation,unmarked,final,gu,"['sa', 'ti']",ComplexPhrase_Typing,punch_waitress_sg_burglar_pl,burglar,vaem,straikim nork saguvaem,NA,straikim nork sagavaem,,NA,126,Wed May 30 13:58:57 2018
6s04,extrapolation,unmarked,final,gu,"['sa', 'ti']",ComplexPhrase_Typing,punch_cowboy_sg_waitress_pl,waitress,nork,straikim negid sagunork,NA,straikim negid sagenork,,NA,127,Wed May 30 13:59:09 2018
6s04,extrapolation,unmarked,final,gu,"['sa', 'ti']",ComplexPhrase_Typing,kick_burglar_sg_chef_pl,chef,tumbat,kikim vaem tigutumbat,NA,kikim vaem sagenegide,,NA,128,Wed May 30 13:59:31 2018
6s04,extrapolation,unmarked,final,gu,"['sa', 'ti']",ComplexPhrase_Typing,punch_waitress_sg_burglar_pl,burglar,vaem,straikim nork saguvaem,NA,straikim nork sagevaem,,NA,129,Wed May 30 13:59:47 2018
6s04,extrapolation,unmarked,final,gu,"['sa', 'ti']",ComplexPhrase_Typing,punch_cowboy_sg_waitress_pl,waitress,nork,straikim negid sagunork,NA,straikim negid sagenork,,NA,130,Wed May 30 13:59:58 2018
6s04,extrapolation,unmarked,final,gu,"['sa', 'ti']",ComplexPhrase_Typing,point_cowboy_sg_waitress_pl,waitress,nork,poinim negid sagunork,NA,poinim negid sagenork,,NA,131,Wed May 30 14:00:07 2018
6s04,extrapolation,unmarked,final,gu,"['sa', 'ti']",ComplexPhrase_Typing,kick_burglar_sg_chef_pl,chef,tumbat,kikim vaem tigutumbat,NA,kikim vaem sagegegide,,NA,132,Wed May 30 14:00:23 2018
6s04,extrapolation,unmarked,final,gu,"['sa', 'ti']",ComplexPhrase_Typing,kick_burglar_sg_chef_pl,chef,tumbat,kikim vaem tigutumbat,NA,kikim vaem sagenegide,,NA,133,Wed May 30 14:00:39 2018
6s04,extrapolation,unmarked,final,gu,"['sa', 'ti']",ComplexPhrase_Typing,punch_waitress_sg_burglar_pl,burglar,vaem,straikim nork saguvaem,NA,straikim nork sagevaem,,NA,134,Wed May 30 14:00:53 2018
6s04,extrapolation,unmarked,final,gu,"['sa', 'ti']",ComplexPhrase_Typing,punch_cowboy_sg_waitress_pl,waitress,nork,straikim negid sagunork,NA,straikim negid sagenork,,NA,135,Wed May 30 14:01:06 2018
6s04,extrapolation,unmarked,final,gu,"['sa', 'ti']",ComplexPhrase_Typing,point_cowboy_sg_waitress_pl,waitress,nork,poinim negid sagunork,NA,poinim negid sagenork,,NA,136,Wed May 30 14:01:20 2018
6s04,extrapolation,unmarked,final,gu,"['sa', 'ti']",ComplexPhrase_Testing,kick_cowboy_sg_burglar_sg,NA,NA,kikim negid savaem,NA,NA,,NA,137,Wed May 30 14:02:09 2018
6s04,extrapolation,unmarked,final,gu,"['sa', 'ti']",ComplexPhrase_Testing,point_cowboy_pl_burglar_sg,NA,NA,poinim gunegid savaem,NA,NA,,NA,138,Wed May 30 14:02:23 2018
6s04,extrapolation,unmarked,final,gu,"['sa', 'ti']",ComplexPhrase_Testing,punch_waitress_sg_cowboy_sg,NA,NA,straikim nork tinegid,NA,NA,,NA,139,Wed May 30 14:02:33 2018
6s04,extrapolation,unmarked,final,gu,"['sa', 'ti']",ComplexPhrase_Testing,kick_cowboy_sg_waitress_pl,waitress,nork,kikim negid sagunork,NA,NA,,NA,140,Wed May 30 14:02:49 2018
6s04,extrapolation,unmarked,final,gu,"['sa', 'ti']",ComplexPhrase_Testing,punch_burglar_pl_cowboy_sg,NA,NA,straikim guvaem tinegid,NA,NA,,NA,141,Wed May 30 14:02:56 2018
6s04,extrapolation,unmarked,final,gu,"['sa', 'ti']",ComplexPhrase_Testing,kick_cowboy_sg_chef_pl,chef,tumbat,kikim negid tigutumbat,NA,NA,,NA,142,Wed May 30 14:03:15 2018
6s04,extrapolation,unmarked,final,gu,"['sa', 'ti']",ComplexPhrase_Testing,point_waitress_sg_cowboy_sg,NA,NA,poinim nork tinegid,NA,NA,,NA,143,Wed May 30 14:03:23 2018
6s04,extrapolation,unmarked,final,gu,"['sa', 'ti']",ComplexPhrase_Testing,punch_cowboy_sg_waitress_pl,waitress,nork,straikim negid sagunork,NA,NA,,NA,144,Wed May 30 14:03:28 2018
6s04,extrapolation,unmarked,final,gu,"['sa', 'ti']",ComplexPhrase_Testing,punch_chef_sg_waitress_pl,waitress,nork,straikim tumbat sagunork,NA,NA,,NA,145,Wed May 30 14:03:36 2018
6s04,extrapolation,unmarked,final,gu,"['sa', 'ti']",ComplexPhrase_Testing,kick_chef_sg_burglar_pl,burglar,vaem,kikim tumbat saguvaem,NA,NA,,NA,146,Wed May 30 14:03:44 2018
6s04,extrapolation,unmarked,final,gu,"['sa', 'ti']",ComplexPhrase_Testing,punch_burglar_sg_cowboy_pl,cowboy,negid,straikim vaem tigunegid,NA,NA,,NA,147,Wed May 30 14:03:51 2018
6s04,extrapolation,unmarked,final,gu,"['sa', 'ti']",ComplexPhrase_Testing,punch_cowboy_pl_chef_sg,NA,NA,straikim gunegid titumbat,NA,NA,,NA,148,Wed May 30 14:03:57 2018
6s04,extrapolation,unmarked,final,gu,"['sa', 'ti']",ComplexPhrase_Testing,point_burglar_sg_chef_pl,chef,tumbat,poinim vaem tigutumbat,NA,NA,,NA,149,Wed May 30 14:04:05 2018
6s04,extrapolation,unmarked,final,gu,"['sa', 'ti']",ComplexPhrase_Testing,punch_chef_sg_waitress_pl,waitress,nork,straikim tumbat sagunork,NA,NA,,NA,150,Wed May 30 14:04:16 2018
6s04,extrapolation,unmarked,final,gu,"['sa', 'ti']",ComplexPhrase_Testing,kick_chef_sg_burglar_pl,burglar,vaem,kikim tumbat saguvaem,NA,NA,,NA,151,Wed May 30 14:04:24 2018
6s04,extrapolation,unmarked,final,gu,"['sa', 'ti']",ComplexPhrase_Testing,punch_waitress_pl_burglar_sg,NA,NA,straikim gunork savaem,NA,NA,,NA,152,Wed May 30 14:04:31 2018
6s04,extrapolation,unmarked,final,gu,"['sa', 'ti']",ComplexPhrase_Testing,kick_chef_sg_burglar_pl,burglar,vaem,kikim tumbat saguvaem,NA,NA,,NA,153,Wed May 30 14:04:44 2018
6s04,extrapolation,unmarked,final,gu,"['sa', 'ti']",ComplexPhrase_Testing,punch_cowboy_sg_burglar_pl,burglar,vaem,straikim negid saguvaem,NA,NA,,NA,154,Wed May 30 14:04:56 2018
6s04,extrapolation,unmarked,final,gu,"['sa', 'ti']",ComplexPhrase_Testing,point_burglar_sg_chef_pl,chef,tumbat,poinim vaem tigutumbat,NA,NA,,NA,155,Wed May 30 14:05:03 2018
6s04,extrapolation,unmarked,final,gu,"['sa', 'ti']",ComplexPhrase_Testing,point_burglar_sg_cowboy_pl,cowboy,negid,poinim vaem tigunegid,NA,NA,,NA,156,Wed May 30 14:05:11 2018
6s04,extrapolation,unmarked,final,gu,"['sa', 'ti']",ComplexPhrase_Testing,punch_burglar_sg_cowboy_pl,cowboy,negid,straikim vaem tigunegid,NA,NA,,NA,157,Wed May 30 14:05:22 2018
6s04,extrapolation,unmarked,final,gu,"['sa', 'ti']",ComplexPhrase_Testing,chef,NA,NA,tumbat,NA,NA,,NA,158,Wed May 30 14:05:26 2018
6s04,extrapolation,unmarked,final,gu,"['sa', 'ti']",ComplexPhrase_Testing,punch_waitress_sg_chef_pl,chef,tumbat,straikim nork tigutumbat,NA,NA,,NA,159,Wed May 30 14:05:35 2018
6s04,extrapolation,unmarked,final,gu,"['sa', 'ti']",ComplexPhrase_Testing,punch_cowboy_sg_chef_pl,chef,tumbat,straikim negid tigutumbat,NA,NA,,NA,160,Wed May 30 14:05:39 2018
6s04,extrapolation,unmarked,final,gu,"['sa', 'ti']",ComplexPhrase_Testing,punch_cowboy_sg_chef_pl,chef,tumbat,straikim negid tigutumbat,NA,NA,,NA,161,Wed May 30 14:05:50 2018
6s04,extrapolation,unmarked,final,gu,"['sa', 'ti']",ComplexPhrase_Testing,punch_cowboy_sg_burglar_pl,burglar,vaem,straikim negid saguvaem,NA,NA,,NA,162,Wed May 30 14:06:01 2018
6s04,extrapolation,unmarked,final,gu,"['sa', 'ti']",ComplexPhrase_Testing,punch_cowboy_sg_waitress_pl,waitress,nork,straikim negid sagunork,NA,NA,,NA,163,Wed May 30 14:06:12 2018
6s04,extrapolation,unmarked,final,gu,"['sa', 'ti']",ComplexPhrase_Testing,cowboy,NA,NA,negid,NA,NA,,NA,164,Wed May 30 14:06:16 2018
6s04,extrapolation,unmarked,final,gu,"['sa', 'ti']",ComplexPhrase_Testing,kick_cowboy_sg_chef_pl,chef,tumbat,kikim negid tigutumbat,NA,NA,,NA,165,Wed May 30 14:06:22 2018
6s04,extrapolation,unmarked,final,gu,"['sa', 'ti']",ComplexPhrase_Testing,punch_cowboy_sg_chef_pl,chef,tumbat,straikim negid tigutumbat,NA,NA,,NA,166,Wed May 30 14:06:30 2018
6s04,extrapolation,unmarked,final,gu,"['sa', 'ti']",ComplexPhrase_Testing,point_burglar_sg_chef_pl,chef,tumbat,poinim vaem tigutumbat,NA,NA,,NA,167,Wed May 30 14:06:35 2018
6s04,extrapolation,unmarked,final,gu,"['sa', 'ti']",ComplexPhrase_Testing,point_burglar_sg_cowboy_pl,cowboy,negid,poinim vaem tigunegid,NA,NA,,NA,168,Wed May 30 14:06:40 2018
6s04,extrapolation,unmarked,final,gu,"['sa', 'ti']",ComplexPhrase_Testing,punch_waitress_sg_burglar_pl,burglar,vaem,straikim nork saguvaem,NA,NA,,NA,169,Wed May 30 14:06:46 2018
6s04,extrapolation,unmarked,final,gu,"['sa', 'ti']",ComplexPhrase_Testing,point_chef_pl_cowboy_sg,NA,NA,poinim gutumbat tinegid,NA,NA,,NA,170,Wed May 30 14:07:04 2018
6s04,extrapolation,unmarked,final,gu,"['sa', 'ti']",ComplexPhrase_Testing,punch_waitress_sg_chef_pl,chef,tumbat,straikim nork tigutumbat,NA,NA,,NA,171,Wed May 30 14:07:11 2018
6s04,extrapolation,unmarked,final,gu,"['sa', 'ti']",ComplexPhrase_Testing,punch_waitress_sg_chef_pl,chef,tumbat,straikim nork tigutumbat,NA,NA,,NA,172,Wed May 30 14:07:15 2018
6s04,extrapolation,unmarked,final,gu,"['sa', 'ti']",ComplexPhrase_Testing,point_chef_pl_burglar_sg,NA,NA,poinim gutumbat savaem,NA,NA,,NA,173,Wed May 30 14:07:20 2018
6s04,extrapolation,unmarked,final,gu,"['sa', 'ti']",ComplexPhrase_Testing,punch_burglar_sg_cowboy_pl,cowboy,negid,straikim vaem tigunegid,NA,NA,,NA,174,Wed May 30 14:07:30 2018
6s04,extrapolation,unmarked,final,gu,"['sa', 'ti']",ComplexPhrase_Testing,punch_burglar_sg_waitress_sg,NA,NA,straikim vaem sanork,NA,NA,,NA,175,Wed May 30 14:07:37 2018
6s04,extrapolation,unmarked,final,gu,"['sa', 'ti']",ComplexPhrase_Testing,punch_cowboy_sg_burglar_pl,burglar,vaem,straikim negid saguvaem,NA,NA,,NA,176,Wed May 30 14:07:53 2018
6s04,extrapolation,unmarked,final,gu,"['sa', 'ti']",ComplexPhrase_Testing,waitress,NA,NA,nork,NA,NA,,NA,177,Wed May 30 14:07:55 2018
6s04,extrapolation,unmarked,final,gu,"['sa', 'ti']",ComplexPhrase_Testing,kick_cowboy_sg_waitress_pl,waitress,nork,kikim negid sagunork,NA,NA,,NA,178,Wed May 30 14:08:08 2018
6s04,extrapolation,unmarked,final,gu,"['sa', 'ti']",ComplexPhrase_Testing,kick_cowboy_sg_waitress_pl,waitress,nork,kikim negid sagunork,NA,NA,,NA,179,Wed May 30 14:08:13 2018
6s04,extrapolation,unmarked,final,gu,"['sa', 'ti']",ComplexPhrase_Testing,point_burglar_sg_cowboy_pl,cowboy,negid,poinim vaem tigunegid,NA,NA,,NA,180,Wed May 30 14:08:20 2018
6s04,extrapolation,unmarked,final,gu,"['sa', 'ti']",ComplexPhrase_Testing,punch_cowboy_sg_waitress_pl,waitress,nork,straikim negid sagunork,NA,NA,,NA,181,Wed May 30 14:08:32 2018
6s04,extrapolation,unmarked,final,gu,"['sa', 'ti']",ComplexPhrase_Testing,punch_waitress_sg_burglar_pl,burglar,vaem,straikim nork saguvaem,NA,NA,,NA,182,Wed May 30 14:08:37 2018
6s04,extrapolation,unmarked,final,gu,"['sa', 'ti']",ComplexPhrase_Testing,kick_cowboy_sg_chef_pl,chef,tumbat,kikim negid tigutumbat,NA,NA,,NA,183,Wed May 30 14:08:44 2018
6s04,extrapolation,unmarked,final,gu,"['sa', 'ti']",ComplexPhrase_Testing,kick_waitress_sg_cowboy_sg,NA,NA,kikim nork tinegid,NA,NA,,NA,184,Wed May 30 14:08:50 2018
6s04,extrapolation,unmarked,final,gu,"['sa', 'ti']",ComplexPhrase_Testing,punch_waitress_sg_burglar_pl,burglar,vaem,straikim nork saguvaem,NA,NA,,NA,185,Wed May 30 14:09:00 2018
6s04,extrapolation,unmarked,final,gu,"['sa', 'ti']",ComplexPhrase_Testing,punch_chef_sg_waitress_pl,waitress,nork,straikim tumbat sagunork,NA,NA,,NA,186,Wed May 30 14:09:12 2018
6s04,extrapolation,unmarked,final,gu,"['sa', 'ti']",ComplexPhrase_Testing,burglar,NA,NA,vaem,NA,NA,,NA,187,Wed May 30 14:09:15 2018
6s04,extrapolation,unmarked,final,gu,"['sa', 'ti']",ComplexPhrase_Testing,kick_burglar_sg_chef_sg,NA,NA,kikim vaem titumbat,NA,NA,,NA,188,Wed May 30 14:09:26 2018
6s04,extrapolation,unmarked,final,gu,"['sa', 'ti']",Questionnaire,NA,NA,NA,NA,NA,NA,,you,MeaningNum,Wed May 30 14:10:32 2018
6s04,extrapolation,unmarked,final,gu,"['sa', 'ti']",Questionnaire,NA,NA,NA,NA,NA,NA,,yes and no,MeaningCase,Wed May 30 14:10:32 2018
6s04,extrapolation,unmarked,final,gu,"['sa', 'ti']",Questionnaire,NA,NA,NA,NA,NA,NA,,before,OrderNumNoun,Wed May 30 14:10:32 2018
6s04,extrapolation,unmarked,final,gu,"['sa', 'ti']",Questionnaire,NA,NA,NA,NA,NA,NA,,before,OrderCaseNoun,Wed May 30 14:10:32 2018
6s04,extrapolation,unmarked,final,gu,"['sa', 'ti']",Questionnaire,NA,NA,NA,NA,NA,NA,,english,Languages,Wed May 30 14:10:32 2018
