ID,Condition,MajorityOrder,NounPosition,markerNum,markerCase,Phase,Meaning,NounItem,Noun,InputSentence,Selection,TypedResponse,SpokenResponse,AnswerQuest,Trial,date&time
6sc01,extrapolation,unmarked,final,gu,"['sa', 'ti']",Noun_Training,burglar,NA,NA,negid,NA,NA,,NA,1,Thu May 31 10:41:47 2018
6sc01,extrapolation,unmarked,final,gu,"['sa', 'ti']",Noun_Training,chef,NA,NA,tumbat,NA,NA,,NA,2,Thu May 31 10:41:52 2018
6sc01,extrapolation,unmarked,final,gu,"['sa', 'ti']",Noun_Training,cowboy,NA,NA,vaem,NA,NA,,NA,3,Thu May 31 10:41:57 2018
6sc01,extrapolation,unmarked,final,gu,"['sa', 'ti']",Noun_Training,chef,NA,NA,tumbat,NA,NA,,NA,4,Thu May 31 10:42:02 2018
6sc01,extrapolation,unmarked,final,gu,"['sa', 'ti']",Noun_Training,waitress,NA,NA,nork,NA,NA,,NA,5,Thu May 31 10:42:07 2018
6sc01,extrapolation,unmarked,final,gu,"['sa', 'ti']",Noun_Training,chef,NA,NA,tumbat,NA,NA,,NA,6,Thu May 31 10:42:12 2018
6sc01,extrapolation,unmarked,final,gu,"['sa', 'ti']",Noun_Training,waitress,NA,NA,nork,NA,NA,,NA,7,Thu May 31 10:42:17 2018
6sc01,extrapolation,unmarked,final,gu,"['sa', 'ti']",Noun_Training,burglar,NA,NA,negid,NA,NA,,NA,8,Thu May 31 10:42:21 2018
6sc01,extrapolation,unmarked,final,gu,"['sa', 'ti']",Noun_Training,burglar,NA,NA,negid,NA,NA,,NA,9,Thu May 31 10:42:26 2018
6sc01,extrapolation,unmarked,final,gu,"['sa', 'ti']",Noun_Training,cowboy,NA,NA,vaem,NA,NA,,NA,10,Thu May 31 10:42:31 2018
6sc01,extrapolation,unmarked,final,gu,"['sa', 'ti']",Noun_Training,cowboy,NA,NA,vaem,NA,NA,,NA,11,Thu May 31 10:42:36 2018
6sc01,extrapolation,unmarked,final,gu,"['sa', 'ti']",Noun_Training,cowboy,NA,NA,vaem,NA,NA,,NA,12,Thu May 31 10:42:41 2018
6sc01,extrapolation,unmarked,final,gu,"['sa', 'ti']",Noun_Training,chef,NA,NA,tumbat,NA,NA,,NA,13,Thu May 31 10:42:45 2018
6sc01,extrapolation,unmarked,final,gu,"['sa', 'ti']",Noun_Training,chef,NA,NA,tumbat,NA,NA,,NA,14,Thu May 31 10:42:50 2018
6sc01,extrapolation,unmarked,final,gu,"['sa', 'ti']",Noun_Training,burglar,NA,NA,negid,NA,NA,,NA,15,Thu May 31 10:42:55 2018
6sc01,extrapolation,unmarked,final,gu,"['sa', 'ti']",Noun_Training,burglar,NA,NA,negid,NA,NA,,NA,16,Thu May 31 10:43:00 2018
6sc01,extrapolation,unmarked,final,gu,"['sa', 'ti']",Noun_Training,waitress,NA,NA,nork,NA,NA,,NA,17,Thu May 31 10:43:05 2018
6sc01,extrapolation,unmarked,final,gu,"['sa', 'ti']",Noun_Training,waitress,NA,NA,nork,NA,NA,,NA,18,Thu May 31 10:43:10 2018
6sc01,extrapolation,unmarked,final,gu,"['sa', 'ti']",Noun_Training,chef,NA,NA,tumbat,NA,NA,,NA,19,Thu May 31 10:43:15 2018
6sc01,extrapolation,unmarked,final,gu,"['sa', 'ti']",Noun_Training,waitress,NA,NA,nork,NA,NA,,NA,20,Thu May 31 10:43:20 2018
6sc01,extrapolation,unmarked,final,gu,"['sa', 'ti']",Noun_Training,cowboy,NA,NA,vaem,NA,NA,,NA,21,Thu May 31 10:43:24 2018
6sc01,extrapolation,unmarked,final,gu,"['sa', 'ti']",Noun_Training,burglar,NA,NA,negid,NA,NA,,NA,22,Thu May 31 10:43:29 2018
6sc01,extrapolation,unmarked,final,gu,"['sa', 'ti']",Noun_Training,cowboy,NA,NA,vaem,NA,NA,,NA,23,Thu May 31 10:43:34 2018
6sc01,extrapolation,unmarked,final,gu,"['sa', 'ti']",Noun_Training,waitress,NA,NA,nork,NA,NA,,NA,24,Thu May 31 10:43:39 2018
6sc01,extrapolation,unmarked,final,gu,"['sa', 'ti']",Noun_Selection,waitress,NA,NA,nork,correct,NA,,NA,25,Thu May 31 10:44:01 2018
6sc01,extrapolation,unmarked,final,gu,"['sa', 'ti']",Noun_Selection,burglar,NA,NA,negid,correct,NA,,NA,26,Thu May 31 10:44:05 2018
6sc01,extrapolation,unmarked,final,gu,"['sa', 'ti']",Noun_Selection,cowboy,NA,NA,vaem,correct,NA,,NA,27,Thu May 31 10:44:09 2018
6sc01,extrapolation,unmarked,final,gu,"['sa', 'ti']",Noun_Selection,chef,NA,NA,tumbat,correct,NA,,NA,28,Thu May 31 10:44:13 2018
6sc01,extrapolation,unmarked,final,gu,"['sa', 'ti']",Noun_Selection,burglar,NA,NA,negid,correct,NA,,NA,29,Thu May 31 10:44:17 2018
6sc01,extrapolation,unmarked,final,gu,"['sa', 'ti']",Noun_Selection,cowboy,NA,NA,vaem,correct,NA,,NA,30,Thu May 31 10:44:21 2018
6sc01,extrapolation,unmarked,final,gu,"['sa', 'ti']",Noun_Selection,chef,NA,NA,tumbat,correct,NA,,NA,31,Thu May 31 10:44:25 2018
6sc01,extrapolation,unmarked,final,gu,"['sa', 'ti']",Noun_Selection,burglar,NA,NA,negid,correct,NA,,NA,32,Thu May 31 10:44:28 2018
6sc01,extrapolation,unmarked,final,gu,"['sa', 'ti']",Noun_Selection,cowboy,NA,NA,vaem,correct,NA,,NA,33,Thu May 31 10:44:33 2018
6sc01,extrapolation,unmarked,final,gu,"['sa', 'ti']",Noun_Selection,waitress,NA,NA,nork,correct,NA,,NA,34,Thu May 31 10:44:36 2018
6sc01,extrapolation,unmarked,final,gu,"['sa', 'ti']",Noun_Selection,chef,NA,NA,tumbat,correct,NA,,NA,35,Thu May 31 10:44:40 2018
6sc01,extrapolation,unmarked,final,gu,"['sa', 'ti']",Noun_Selection,waitress,NA,NA,nork,correct,NA,,NA,36,Thu May 31 10:44:43 2018
6sc01,extrapolation,unmarked,final,gu,"['sa', 'ti']",Noun_Testing,cowboy,NA,NA,vaem,NA,NA,,NA,37,Thu May 31 10:45:10 2018
6sc01,extrapolation,unmarked,final,gu,"['sa', 'ti']",Noun_Testing,chef,NA,NA,tumbat,NA,NA,,NA,38,Thu May 31 10:45:14 2018
6sc01,extrapolation,unmarked,final,gu,"['sa', 'ti']",Noun_Testing,waitress,NA,NA,nork,NA,NA,,NA,39,Thu May 31 10:45:18 2018
6sc01,extrapolation,unmarked,final,gu,"['sa', 'ti']",Noun_Testing,chef,NA,NA,tumbat,NA,NA,,NA,40,Thu May 31 10:45:23 2018
6sc01,extrapolation,unmarked,final,gu,"['sa', 'ti']",Noun_Testing,waitress,NA,NA,nork,NA,NA,,NA,41,Thu May 31 10:45:27 2018
6sc01,extrapolation,unmarked,final,gu,"['sa', 'ti']",Noun_Testing,burglar,NA,NA,negid,NA,NA,,NA,42,Thu May 31 10:45:32 2018
6sc01,extrapolation,unmarked,final,gu,"['sa', 'ti']",Noun_Testing,burglar,NA,NA,negid,NA,NA,,NA,43,Thu May 31 10:45:37 2018
6sc01,extrapolation,unmarked,final,gu,"['sa', 'ti']",Noun_Testing,waitress,NA,NA,nork,NA,NA,,NA,44,Thu May 31 10:45:41 2018
6sc01,extrapolation,unmarked,final,gu,"['sa', 'ti']",Noun_Testing,burglar,NA,NA,negid,NA,NA,,NA,45,Thu May 31 10:45:45 2018
6sc01,extrapolation,unmarked,final,gu,"['sa', 'ti']",Noun_Testing,cowboy,NA,NA,vaem,NA,NA,,NA,46,Thu May 31 10:45:50 2018
6sc01,extrapolation,unmarked,final,gu,"['sa', 'ti']",Noun_Testing,chef,NA,NA,tumbat,NA,NA,,NA,47,Thu May 31 10:45:54 2018
6sc01,extrapolation,unmarked,final,gu,"['sa', 'ti']",Noun_Testing,cowboy,NA,NA,vaem,NA,NA,,NA,48,Thu May 31 10:45:59 2018
6sc01,extrapolation,unmarked,final,gu,"['sa', 'ti']",SimplePhrase_Training,kick_waitress_sg_burglar_sg,NA,NA,kikim nork tinegid,NA,NA,,NA,49,Thu May 31 10:46:35 2018
6sc01,extrapolation,unmarked,final,gu,"['sa', 'ti']",SimplePhrase_Training,point_burglar_sg_cowboy_sg,NA,NA,poinim negid savaem,NA,NA,,NA,50,Thu May 31 10:46:42 2018
6sc01,extrapolation,unmarked,final,gu,"['sa', 'ti']",SimplePhrase_Training,punch_cowboy_sg_waitress_sg,NA,NA,straikim vaem sanork,NA,NA,,NA,51,Thu May 31 10:46:50 2018
6sc01,extrapolation,unmarked,final,gu,"['sa', 'ti']",SimplePhrase_Training,punch_burglar_sg_waitress_sg,NA,NA,straikim negid sanork,NA,NA,,NA,52,Thu May 31 10:46:57 2018
6sc01,extrapolation,unmarked,final,gu,"['sa', 'ti']",SimplePhrase_Training,point_waitress_sg_chef_sg,NA,NA,poinim nork titumbat,NA,NA,,NA,53,Thu May 31 10:47:05 2018
6sc01,extrapolation,unmarked,final,gu,"['sa', 'ti']",SimplePhrase_Training,point_waitress_pl_chef_sg,NA,NA,poinim gunork titumbat,NA,NA,,NA,54,Thu May 31 10:47:12 2018
6sc01,extrapolation,unmarked,final,gu,"['sa', 'ti']",SimplePhrase_Training,point_cowboy_sg_burglar_sg,NA,NA,poinim vaem tinegid,NA,NA,,NA,55,Thu May 31 10:47:20 2018
6sc01,extrapolation,unmarked,final,gu,"['sa', 'ti']",SimplePhrase_Training,point_cowboy_sg_chef_sg,NA,NA,poinim vaem titumbat,NA,NA,,NA,56,Thu May 31 10:47:27 2018
6sc01,extrapolation,unmarked,final,gu,"['sa', 'ti']",SimplePhrase_Training,punch_waitress_pl_burglar_sg,NA,NA,straikim gunork tinegid,NA,NA,,NA,57,Thu May 31 10:47:34 2018
6sc01,extrapolation,unmarked,final,gu,"['sa', 'ti']",SimplePhrase_Training,kick_waitress_pl_burglar_sg,NA,NA,kikim gunork tinegid,NA,NA,,NA,58,Thu May 31 10:47:42 2018
6sc01,extrapolation,unmarked,final,gu,"['sa', 'ti']",SimplePhrase_Training,burglar,NA,NA,negid,NA,NA,,NA,59,Thu May 31 10:47:47 2018
6sc01,extrapolation,unmarked,final,gu,"['sa', 'ti']",SimplePhrase_Training,punch_chef_pl_cowboy_sg,NA,NA,straikim gutumbat savaem,NA,NA,,NA,60,Thu May 31 10:47:54 2018
6sc01,extrapolation,unmarked,final,gu,"['sa', 'ti']",SimplePhrase_Training,kick_waitress_pl_cowboy_sg,NA,NA,kikim gunork savaem,NA,NA,,NA,61,Thu May 31 10:48:02 2018
6sc01,extrapolation,unmarked,final,gu,"['sa', 'ti']",SimplePhrase_Training,point_waitress_pl_burglar_sg,NA,NA,poinim gunork tinegid,NA,NA,,NA,62,Thu May 31 10:48:09 2018
6sc01,extrapolation,unmarked,final,gu,"['sa', 'ti']",SimplePhrase_Training,punch_chef_sg_burglar_sg,NA,NA,straikim tumbat tinegid,NA,NA,,NA,63,Thu May 31 10:48:16 2018
6sc01,extrapolation,unmarked,final,gu,"['sa', 'ti']",SimplePhrase_Training,burglar,NA,NA,negid,NA,NA,,NA,64,Thu May 31 10:48:21 2018
6sc01,extrapolation,unmarked,final,gu,"['sa', 'ti']",SimplePhrase_Training,kick_burglar_sg_cowboy_sg,NA,NA,kikim negid savaem,NA,NA,,NA,65,Thu May 31 10:48:28 2018
6sc01,extrapolation,unmarked,final,gu,"['sa', 'ti']",SimplePhrase_Training,kick_waitress_sg_cowboy_sg,NA,NA,kikim nork savaem,NA,NA,,NA,66,Thu May 31 10:48:36 2018
6sc01,extrapolation,unmarked,final,gu,"['sa', 'ti']",SimplePhrase_Training,punch_burglar_pl_waitress_sg,NA,NA,straikim gunegid sanork,NA,NA,,NA,67,Thu May 31 10:48:43 2018
6sc01,extrapolation,unmarked,final,gu,"['sa', 'ti']",SimplePhrase_Training,punch_burglar_pl_chef_sg,NA,NA,straikim gunegid titumbat,NA,NA,,NA,68,Thu May 31 10:48:51 2018
6sc01,extrapolation,unmarked,final,gu,"['sa', 'ti']",SimplePhrase_Training,chef,NA,NA,tumbat,NA,NA,,NA,69,Thu May 31 10:48:56 2018
6sc01,extrapolation,unmarked,final,gu,"['sa', 'ti']",SimplePhrase_Training,chef,NA,NA,tumbat,NA,NA,,NA,70,Thu May 31 10:49:00 2018
6sc01,extrapolation,unmarked,final,gu,"['sa', 'ti']",SimplePhrase_Training,point_chef_pl_burglar_sg,NA,NA,poinim gutumbat tinegid,NA,NA,,NA,71,Thu May 31 10:49:08 2018
6sc01,extrapolation,unmarked,final,gu,"['sa', 'ti']",SimplePhrase_Training,kick_burglar_pl_chef_sg,NA,NA,kikim gunegid titumbat,NA,NA,,NA,72,Thu May 31 10:49:15 2018
6sc01,extrapolation,unmarked,final,gu,"['sa', 'ti']",SimplePhrase_Training,kick_waitress_sg_chef_sg,NA,NA,kikim nork titumbat,NA,NA,,NA,73,Thu May 31 10:49:23 2018
6sc01,extrapolation,unmarked,final,gu,"['sa', 'ti']",SimplePhrase_Training,kick_chef_pl_burglar_sg,NA,NA,kikim gutumbat tinegid,NA,NA,,NA,74,Thu May 31 10:49:30 2018
6sc01,extrapolation,unmarked,final,gu,"['sa', 'ti']",SimplePhrase_Training,punch_waitress_sg_burglar_sg,NA,NA,straikim nork tinegid,NA,NA,,NA,75,Thu May 31 10:49:38 2018
6sc01,extrapolation,unmarked,final,gu,"['sa', 'ti']",SimplePhrase_Training,punch_burglar_sg_cowboy_sg,NA,NA,straikim negid savaem,NA,NA,,NA,76,Thu May 31 10:49:45 2018
6sc01,extrapolation,unmarked,final,gu,"['sa', 'ti']",SimplePhrase_Training,kick_waitress_pl_chef_sg,NA,NA,kikim gunork titumbat,NA,NA,,NA,77,Thu May 31 10:49:53 2018
6sc01,extrapolation,unmarked,final,gu,"['sa', 'ti']",SimplePhrase_Training,cowboy,NA,NA,vaem,NA,NA,,NA,78,Thu May 31 10:49:57 2018
6sc01,extrapolation,unmarked,final,gu,"['sa', 'ti']",SimplePhrase_Training,waitress,NA,NA,nork,NA,NA,,NA,79,Thu May 31 10:50:02 2018
6sc01,extrapolation,unmarked,final,gu,"['sa', 'ti']",SimplePhrase_Training,waitress,NA,NA,nork,NA,NA,,NA,80,Thu May 31 10:50:07 2018
6sc01,extrapolation,unmarked,final,gu,"['sa', 'ti']",SimplePhrase_Training,point_burglar_pl_cowboy_sg,NA,NA,poinim gunegid savaem,NA,NA,,NA,81,Thu May 31 10:50:15 2018
6sc01,extrapolation,unmarked,final,gu,"['sa', 'ti']",SimplePhrase_Training,punch_chef_pl_waitress_sg,NA,NA,straikim gutumbat sanork,NA,NA,,NA,82,Thu May 31 10:50:22 2018
6sc01,extrapolation,unmarked,final,gu,"['sa', 'ti']",SimplePhrase_Training,punch_cowboy_pl_burglar_sg,NA,NA,straikim guvaem tinegid,NA,NA,,NA,83,Thu May 31 10:50:30 2018
6sc01,extrapolation,unmarked,final,gu,"['sa', 'ti']",SimplePhrase_Training,point_burglar_sg_waitress_sg,NA,NA,poinim negid sanork,NA,NA,,NA,84,Thu May 31 10:50:37 2018
6sc01,extrapolation,unmarked,final,gu,"['sa', 'ti']",SimplePhrase_Training,point_cowboy_sg_waitress_sg,NA,NA,poinim vaem sanork,NA,NA,,NA,85,Thu May 31 10:50:44 2018
6sc01,extrapolation,unmarked,final,gu,"['sa', 'ti']",SimplePhrase_Training,kick_burglar_pl_cowboy_sg,NA,NA,kikim gunegid savaem,NA,NA,,NA,86,Thu May 31 10:50:52 2018
6sc01,extrapolation,unmarked,final,gu,"['sa', 'ti']",SimplePhrase_Training,kick_burglar_sg_chef_sg,NA,NA,kikim negid titumbat,NA,NA,,NA,87,Thu May 31 10:50:59 2018
6sc01,extrapolation,unmarked,final,gu,"['sa', 'ti']",SimplePhrase_Training,kick_burglar_sg_waitress_sg,NA,NA,kikim negid sanork,NA,NA,,NA,88,Thu May 31 10:51:06 2018
6sc01,extrapolation,unmarked,final,gu,"['sa', 'ti']",SimplePhrase_Training,punch_waitress_pl_cowboy_sg,NA,NA,straikim gunork savaem,NA,NA,,NA,89,Thu May 31 10:51:14 2018
6sc01,extrapolation,unmarked,final,gu,"['sa', 'ti']",SimplePhrase_Training,cowboy,NA,NA,vaem,NA,NA,,NA,90,Thu May 31 10:51:18 2018
6sc01,extrapolation,unmarked,final,gu,"['sa', 'ti']",SimplePhrase_Training,kick_chef_sg_cowboy_sg,NA,NA,kikim tumbat savaem,NA,NA,,NA,91,Thu May 31 10:51:26 2018
6sc01,extrapolation,unmarked,final,gu,"['sa', 'ti']",SimplePhrase_Training,kick_cowboy_sg_burglar_sg,NA,NA,kikim vaem tinegid,NA,NA,,NA,92,Thu May 31 10:51:33 2018
6sc01,extrapolation,unmarked,final,gu,"['sa', 'ti']",SimplePhrase_Training,punch_cowboy_pl_waitress_sg,NA,NA,straikim guvaem sanork,NA,NA,,NA,93,Thu May 31 10:51:40 2018
6sc01,extrapolation,unmarked,final,gu,"['sa', 'ti']",SimplePhrase_Training,point_waitress_sg_cowboy_sg,NA,NA,poinim nork savaem,NA,NA,,NA,94,Thu May 31 10:51:48 2018
6sc01,extrapolation,unmarked,final,gu,"['sa', 'ti']",SimplePhrase_Training,punch_waitress_pl_chef_sg,NA,NA,straikim gunork titumbat,NA,NA,,NA,95,Thu May 31 10:51:56 2018
6sc01,extrapolation,unmarked,final,gu,"['sa', 'ti']",SimplePhrase_Training,kick_chef_pl_waitress_sg,NA,NA,kikim gutumbat sanork,NA,NA,,NA,96,Thu May 31 10:52:03 2018
6sc01,extrapolation,unmarked,final,gu,"['sa', 'ti']",SimplePhrase_Training,punch_cowboy_sg_chef_sg,NA,NA,straikim vaem titumbat,NA,NA,,NA,97,Thu May 31 10:52:11 2018
6sc01,extrapolation,unmarked,final,gu,"['sa', 'ti']",SimplePhrase_Training,point_chef_sg_waitress_sg,NA,NA,poinim tumbat sanork,NA,NA,,NA,98,Thu May 31 10:52:18 2018
6sc01,extrapolation,unmarked,final,gu,"['sa', 'ti']",SimplePhrase_Training,point_burglar_pl_waitress_sg,NA,NA,poinim gunegid sanork,NA,NA,,NA,99,Thu May 31 10:52:25 2018
6sc01,extrapolation,unmarked,final,gu,"['sa', 'ti']",SimplePhrase_Training,point_chef_pl_cowboy_sg,NA,NA,poinim gutumbat savaem,NA,NA,,NA,100,Thu May 31 10:52:33 2018
6sc01,extrapolation,unmarked,final,gu,"['sa', 'ti']",SimplePhrase_Training,point_cowboy_pl_waitress_sg,NA,NA,poinim guvaem sanork,NA,NA,,NA,101,Thu May 31 10:52:40 2018
6sc01,extrapolation,unmarked,final,gu,"['sa', 'ti']",SimplePhrase_Training,point_cowboy_pl_chef_sg,NA,NA,poinim guvaem titumbat,NA,NA,,NA,102,Thu May 31 10:52:48 2018
6sc01,extrapolation,unmarked,final,gu,"['sa', 'ti']",SimplePhrase_Training,kick_cowboy_sg_chef_sg,NA,NA,kikim vaem titumbat,NA,NA,,NA,103,Thu May 31 10:52:55 2018
6sc01,extrapolation,unmarked,final,gu,"['sa', 'ti']",SimplePhrase_Training,point_waitress_sg_burglar_sg,NA,NA,poinim nork tinegid,NA,NA,,NA,104,Thu May 31 10:53:03 2018
6sc01,extrapolation,unmarked,final,gu,"['sa', 'ti']",SimplePhrase_Comprehension,point_burglar_sg_chef_sg,NA,NA,poinim negid titumbat,correct,NA,,NA,105,Thu May 31 10:53:24 2018
6sc01,extrapolation,unmarked,final,gu,"['sa', 'ti']",SimplePhrase_Comprehension,punch_cowboy_sg_burglar_sg,NA,NA,straikim vaem tinegid,correct,NA,,NA,106,Thu May 31 10:53:32 2018
6sc01,extrapolation,unmarked,final,gu,"['sa', 'ti']",SimplePhrase_Comprehension,kick_chef_sg_burglar_sg,NA,NA,kikim tumbat tinegid,correct,NA,,NA,107,Thu May 31 10:53:37 2018
6sc01,extrapolation,unmarked,final,gu,"['sa', 'ti']",SimplePhrase_Comprehension,point_cowboy_pl_waitress_sg,NA,NA,poinim guvaem sanork,correct,NA,,NA,108,Thu May 31 10:53:44 2018
6sc01,extrapolation,unmarked,final,gu,"['sa', 'ti']",SimplePhrase_Comprehension,punch_chef_sg_waitress_sg,NA,NA,straikim tumbat sanork,correct,NA,,NA,109,Thu May 31 10:53:50 2018
6sc01,extrapolation,unmarked,final,gu,"['sa', 'ti']",SimplePhrase_Comprehension,point_waitress_pl_cowboy_sg,NA,NA,poinim gunork savaem,wrong,NA,,NA,110,Thu May 31 10:53:59 2018
6sc01,extrapolation,unmarked,final,gu,"['sa', 'ti']",SimplePhrase_Comprehension,punch_waitress_sg_chef_sg,NA,NA,straikim nork titumbat,correct,NA,,NA,111,Thu May 31 10:54:05 2018
6sc01,extrapolation,unmarked,final,gu,"['sa', 'ti']",SimplePhrase_Comprehension,point_chef_pl_waitress_sg,NA,NA,poinim gutumbat sanork,correct,NA,,NA,112,Thu May 31 10:54:11 2018
6sc01,extrapolation,unmarked,final,gu,"['sa', 'ti']",SimplePhrase_Comprehension,point_waitress_pl_chef_sg,NA,NA,poinim gunork titumbat,correct,NA,,NA,113,Thu May 31 10:54:17 2018
6sc01,extrapolation,unmarked,final,gu,"['sa', 'ti']",SimplePhrase_Comprehension,punch_cowboy_pl_chef_sg,NA,NA,straikim guvaem titumbat,correct,NA,,NA,114,Thu May 31 10:54:24 2018
6sc01,extrapolation,unmarked,final,gu,"['sa', 'ti']",SimplePhrase_Comprehension,punch_burglar_pl_cowboy_sg,NA,NA,straikim gunegid savaem,correct,NA,,NA,115,Thu May 31 10:54:30 2018
6sc01,extrapolation,unmarked,final,gu,"['sa', 'ti']",SimplePhrase_Comprehension,punch_waitress_sg_cowboy_sg,NA,NA,straikim nork savaem,correct,NA,,NA,116,Thu May 31 10:54:35 2018
6sc01,extrapolation,unmarked,final,gu,"['sa', 'ti']",SimplePhrase_Comprehension,punch_waitress_sg_chef_sg,NA,NA,straikim nork titumbat,correct,NA,,NA,117,Thu May 31 10:54:41 2018
6sc01,extrapolation,unmarked,final,gu,"['sa', 'ti']",SimplePhrase_Comprehension,kick_cowboy_pl_chef_sg,NA,NA,kikim guvaem titumbat,correct,NA,,NA,118,Thu May 31 10:54:49 2018
6sc01,extrapolation,unmarked,final,gu,"['sa', 'ti']",SimplePhrase_Comprehension,punch_chef_pl_burglar_sg,NA,NA,straikim gutumbat tinegid,correct,NA,,NA,119,Thu May 31 10:54:55 2018
6sc01,extrapolation,unmarked,final,gu,"['sa', 'ti']",SimplePhrase_Comprehension,kick_chef_pl_cowboy_sg,NA,NA,kikim gutumbat savaem,correct,NA,,NA,120,Thu May 31 10:55:02 2018
6sc01,extrapolation,unmarked,final,gu,"['sa', 'ti']",SimplePhrase_Comprehension,kick_cowboy_pl_waitress_sg,NA,NA,kikim guvaem sanork,correct,NA,,NA,121,Thu May 31 10:55:09 2018
6sc01,extrapolation,unmarked,final,gu,"['sa', 'ti']",SimplePhrase_Comprehension,point_chef_sg_cowboy_sg,NA,NA,poinim tumbat savaem,correct,NA,,NA,122,Thu May 31 10:55:14 2018
6sc01,extrapolation,unmarked,final,gu,"['sa', 'ti']",SimplePhrase_Comprehension,kick_chef_sg_waitress_sg,NA,NA,kikim tumbat sanork,correct,NA,,NA,123,Thu May 31 10:55:20 2018
6sc01,extrapolation,unmarked,final,gu,"['sa', 'ti']",SimplePhrase_Comprehension,punch_burglar_sg_cowboy_sg,NA,NA,straikim negid savaem,correct,NA,,NA,124,Thu May 31 10:55:25 2018
6sc01,extrapolation,unmarked,final,gu,"['sa', 'ti']",SimplePhrase_Comprehension,kick_waitress_sg_burglar_sg,NA,NA,kikim nork tinegid,correct,NA,,NA,125,Thu May 31 10:55:31 2018
6sc01,extrapolation,unmarked,final,gu,"['sa', 'ti']",SimplePhrase_Comprehension,punch_waitress_pl_burglar_sg,NA,NA,straikim gunork tinegid,correct,NA,,NA,126,Thu May 31 10:55:37 2018
6sc01,extrapolation,unmarked,final,gu,"['sa', 'ti']",SimplePhrase_Comprehension,kick_cowboy_pl_burglar_sg,NA,NA,kikim guvaem tinegid,correct,NA,,NA,127,Thu May 31 10:55:43 2018
6sc01,extrapolation,unmarked,final,gu,"['sa', 'ti']",SimplePhrase_Comprehension,kick_cowboy_sg_waitress_sg,NA,NA,kikim vaem sanork,correct,NA,,NA,128,Thu May 31 10:55:48 2018
6sc01,extrapolation,unmarked,final,gu,"['sa', 'ti']",SimplePhrase_Typing,kick_waitress_sg_chef_sg,NA,NA,kikim nork titumbat,NA,kikim nork titumbat,,NA,129,Thu May 31 10:56:38 2018
6sc01,extrapolation,unmarked,final,gu,"['sa', 'ti']",SimplePhrase_Typing,point_burglar_sg_waitress_sg,NA,NA,poinim negid sanork,NA,poinim negid sanork,,NA,130,Thu May 31 10:56:51 2018
6sc01,extrapolation,unmarked,final,gu,"['sa', 'ti']",SimplePhrase_Typing,waitress,NA,NA,nork,NA,nork,,NA,131,Thu May 31 10:56:57 2018
6sc01,extrapolation,unmarked,final,gu,"['sa', 'ti']",SimplePhrase_Typing,kick_chef_pl_burglar_sg,NA,NA,kikim gutumbat tinegid,NA,kikim gutumbat tinegid,,NA,132,Thu May 31 10:57:14 2018
6sc01,extrapolation,unmarked,final,gu,"['sa', 'ti']",SimplePhrase_Typing,burglar,NA,NA,negid,NA,negid,,NA,133,Thu May 31 10:57:21 2018
6sc01,extrapolation,unmarked,final,gu,"['sa', 'ti']",SimplePhrase_Typing,kick_chef_pl_waitress_sg,NA,NA,kikim gutumbat sanork,NA,kikim gutambat sanork,,NA,134,Thu May 31 10:57:33 2018
6sc01,extrapolation,unmarked,final,gu,"['sa', 'ti']",SimplePhrase_Typing,kick_burglar_sg_waitress_sg,NA,NA,kikim negid sanork,NA,kikim negid sanork,,NA,135,Thu May 31 10:57:50 2018
6sc01,extrapolation,unmarked,final,gu,"['sa', 'ti']",SimplePhrase_Typing,point_cowboy_sg_chef_sg,NA,NA,poinim vaem titumbat,NA,poinim vaem titumbat,,NA,136,Thu May 31 10:58:04 2018
6sc01,extrapolation,unmarked,final,gu,"['sa', 'ti']",SimplePhrase_Typing,kick_waitress_pl_burglar_sg,NA,NA,kikim gunork tinegid,NA,kikim gunork tinegid,,NA,137,Thu May 31 10:58:16 2018
6sc01,extrapolation,unmarked,final,gu,"['sa', 'ti']",SimplePhrase_Typing,punch_waitress_pl_cowboy_sg,NA,NA,straikim gunork savaem,NA,straikim gunork savaem,,NA,138,Thu May 31 10:58:28 2018
6sc01,extrapolation,unmarked,final,gu,"['sa', 'ti']",SimplePhrase_Typing,point_burglar_sg_cowboy_sg,NA,NA,poinim negid savaem,NA,poinim negid savaem,,NA,139,Thu May 31 10:58:41 2018
6sc01,extrapolation,unmarked,final,gu,"['sa', 'ti']",SimplePhrase_Typing,chef,NA,NA,tumbat,NA,tumbat,,NA,140,Thu May 31 10:58:50 2018
6sc01,extrapolation,unmarked,final,gu,"['sa', 'ti']",SimplePhrase_Typing,punch_waitress_sg_burglar_sg,NA,NA,straikim nork tinegid,NA,straikim nork tinegid,,NA,141,Thu May 31 10:59:00 2018
6sc01,extrapolation,unmarked,final,gu,"['sa', 'ti']",SimplePhrase_Typing,point_waitress_sg_burglar_sg,NA,NA,poinim nork tinegid,NA,poinim nork tinegid,,NA,142,Thu May 31 10:59:10 2018
6sc01,extrapolation,unmarked,final,gu,"['sa', 'ti']",SimplePhrase_Typing,cowboy,NA,NA,vaem,NA,vaem,,NA,143,Thu May 31 10:59:16 2018
6sc01,extrapolation,unmarked,final,gu,"['sa', 'ti']",SimplePhrase_Typing,point_cowboy_pl_waitress_sg,NA,NA,poinim guvaem sanork,NA,poinim guvaem sanork,,NA,144,Thu May 31 10:59:29 2018
6sc01,extrapolation,unmarked,final,gu,"['sa', 'ti']",SimplePhrase_Typing,point_cowboy_pl_chef_sg,NA,NA,poinim guvaem titumbat,NA,poinim guvaem titumbat,,NA,145,Thu May 31 10:59:58 2018
6sc01,extrapolation,unmarked,final,gu,"['sa', 'ti']",SimplePhrase_Typing,punch_waitress_pl_chef_sg,NA,NA,straikim gunork titumbat,NA,straikim gunork titumbat,,NA,146,Thu May 31 11:00:11 2018
6sc01,extrapolation,unmarked,final,gu,"['sa', 'ti']",SimplePhrase_Typing,punch_burglar_sg_cowboy_sg,NA,NA,straikim negid savaem,NA,straikim negid savaem,,NA,147,Thu May 31 11:00:25 2018
6sc01,extrapolation,unmarked,final,gu,"['sa', 'ti']",SimplePhrase_Typing,punch_chef_pl_cowboy_sg,NA,NA,straikim gutumbat savaem,NA,straikim gutumbat savaem,,NA,148,Thu May 31 11:00:41 2018
6sc01,extrapolation,unmarked,final,gu,"['sa', 'ti']",ComplexPhrase_Typing,point_burglar_sg_waitress_pl,waitress,nork,poinim negid sagunork,NA,poinim negid gusanork,,NA,149,Thu May 31 11:01:52 2018
6sc01,extrapolation,unmarked,final,gu,"['sa', 'ti']",ComplexPhrase_Typing,point_waitress_sg_cowboy_pl,cowboy,vaem,poinim nork saguvaem,NA,poinim nork gusavaem,,NA,150,Thu May 31 11:02:06 2018
6sc01,extrapolation,unmarked,final,gu,"['sa', 'ti']",ComplexPhrase_Typing,point_cowboy_sg_burglar_pl,burglar,negid,poinim vaem tigunegid,NA,poinim vaem gutinegid,,NA,151,Thu May 31 11:02:18 2018
6sc01,extrapolation,unmarked,final,gu,"['sa', 'ti']",ComplexPhrase_Typing,point_waitress_sg_chef_pl,chef,tumbat,poinim nork tigutumbat,NA,poinim nork gutitumbat,,NA,152,Thu May 31 11:02:27 2018
6sc01,extrapolation,unmarked,final,gu,"['sa', 'ti']",ComplexPhrase_Typing,point_waitress_sg_chef_pl,chef,tumbat,poinim nork tigutumbat,NA,poinim nork gutitumbat,,NA,153,Thu May 31 11:02:34 2018
6sc01,extrapolation,unmarked,final,gu,"['sa', 'ti']",ComplexPhrase_Typing,point_waitress_sg_cowboy_pl,cowboy,vaem,poinim nork saguvaem,NA,poinim nork gusavaem,,NA,154,Thu May 31 11:02:40 2018
6sc01,extrapolation,unmarked,final,gu,"['sa', 'ti']",ComplexPhrase_Typing,point_burglar_sg_waitress_pl,waitress,nork,poinim negid sagunork,NA,poinim negid gusanork,,NA,155,Thu May 31 11:02:48 2018
6sc01,extrapolation,unmarked,final,gu,"['sa', 'ti']",ComplexPhrase_Typing,point_cowboy_sg_burglar_pl,burglar,negid,poinim vaem tigunegid,NA,poinim vaem gutinegid,,NA,156,Thu May 31 11:02:54 2018
6sc01,extrapolation,unmarked,final,gu,"['sa', 'ti']",ComplexPhrase_Typing,point_cowboy_sg_burglar_pl,burglar,negid,poinim vaem tigunegid,NA,poinim vaem gutinegid,,NA,157,Thu May 31 11:02:58 2018
6sc01,extrapolation,unmarked,final,gu,"['sa', 'ti']",ComplexPhrase_Typing,point_burglar_sg_waitress_pl,waitress,nork,poinim negid sagunork,NA,poinim negid gusanork,,NA,158,Thu May 31 11:03:04 2018
6sc01,extrapolation,unmarked,final,gu,"['sa', 'ti']",ComplexPhrase_Typing,point_waitress_sg_cowboy_pl,cowboy,vaem,poinim nork saguvaem,NA,poinim nork gusavaem,,NA,159,Thu May 31 11:03:10 2018
6sc01,extrapolation,unmarked,final,gu,"['sa', 'ti']",ComplexPhrase_Typing,point_waitress_sg_chef_pl,chef,tumbat,poinim nork tigutumbat,NA,poinim nork gutitumbat,,NA,160,Thu May 31 11:03:18 2018
6sc01,extrapolation,unmarked,final,gu,"['sa', 'ti']",ComplexPhrase_Testing,point_cowboy_pl_chef_sg,NA,NA,poinim guvaem titumbat,NA,NA,,NA,161,Thu May 31 11:04:00 2018
6sc01,extrapolation,unmarked,final,gu,"['sa', 'ti']",ComplexPhrase_Testing,kick_waitress_sg_burglar_pl,burglar,negid,kikim nork tigunegid,NA,NA,,NA,162,Thu May 31 11:04:09 2018
6sc01,extrapolation,unmarked,final,gu,"['sa', 'ti']",ComplexPhrase_Testing,kick_cowboy_sg_chef_pl,chef,tumbat,kikim vaem tigutumbat,NA,NA,,NA,163,Thu May 31 11:04:17 2018
6sc01,extrapolation,unmarked,final,gu,"['sa', 'ti']",ComplexPhrase_Testing,point_waitress_sg_cowboy_pl,cowboy,vaem,poinim nork saguvaem,NA,NA,,NA,164,Thu May 31 11:04:23 2018
6sc01,extrapolation,unmarked,final,gu,"['sa', 'ti']",ComplexPhrase_Testing,kick_waitress_sg_chef_pl,chef,tumbat,kikim nork tigutumbat,NA,NA,,NA,165,Thu May 31 11:04:27 2018
6sc01,extrapolation,unmarked,final,gu,"['sa', 'ti']",ComplexPhrase_Testing,punch_waitress_sg_burglar_pl,burglar,negid,straikim nork tigunegid,NA,NA,,NA,166,Thu May 31 11:04:32 2018
6sc01,extrapolation,unmarked,final,gu,"['sa', 'ti']",ComplexPhrase_Testing,kick_cowboy_sg_waitress_pl,waitress,nork,kikim vaem sagunork,NA,NA,,NA,167,Thu May 31 11:04:36 2018
6sc01,extrapolation,unmarked,final,gu,"['sa', 'ti']",ComplexPhrase_Testing,kick_chef_sg_waitress_pl,waitress,nork,kikim tumbat sagunork,NA,NA,,NA,168,Thu May 31 11:04:40 2018
6sc01,extrapolation,unmarked,final,gu,"['sa', 'ti']",ComplexPhrase_Testing,point_waitress_sg_burglar_pl,burglar,negid,poinim nork tigunegid,NA,NA,,NA,169,Thu May 31 11:04:45 2018
6sc01,extrapolation,unmarked,final,gu,"['sa', 'ti']",ComplexPhrase_Testing,punch_waitress_sg_burglar_pl,burglar,negid,straikim nork tigunegid,NA,NA,,NA,170,Thu May 31 11:04:49 2018
6sc01,extrapolation,unmarked,final,gu,"['sa', 'ti']",ComplexPhrase_Testing,point_burglar_sg_chef_pl,chef,tumbat,poinim negid tigutumbat,NA,NA,,NA,171,Thu May 31 11:04:53 2018
6sc01,extrapolation,unmarked,final,gu,"['sa', 'ti']",ComplexPhrase_Testing,kick_burglar_sg_cowboy_pl,cowboy,vaem,kikim negid saguvaem,NA,NA,,NA,172,Thu May 31 11:04:58 2018
6sc01,extrapolation,unmarked,final,gu,"['sa', 'ti']",ComplexPhrase_Testing,kick_cowboy_sg_waitress_pl,waitress,nork,kikim vaem sagunork,NA,NA,,NA,173,Thu May 31 11:05:07 2018
6sc01,extrapolation,unmarked,final,gu,"['sa', 'ti']",ComplexPhrase_Testing,cowboy,NA,NA,vaem,NA,NA,,NA,174,Thu May 31 11:05:09 2018
6sc01,extrapolation,unmarked,final,gu,"['sa', 'ti']",ComplexPhrase_Testing,kick_waitress_sg_cowboy_pl,cowboy,vaem,kikim nork saguvaem,NA,NA,,NA,175,Thu May 31 11:05:15 2018
6sc01,extrapolation,unmarked,final,gu,"['sa', 'ti']",ComplexPhrase_Testing,point_waitress_sg_cowboy_pl,cowboy,vaem,poinim nork saguvaem,NA,NA,,NA,176,Thu May 31 11:05:19 2018
6sc01,extrapolation,unmarked,final,gu,"['sa', 'ti']",ComplexPhrase_Testing,kick_waitress_sg_chef_pl,chef,tumbat,kikim nork tigutumbat,NA,NA,,NA,177,Thu May 31 11:05:26 2018
6sc01,extrapolation,unmarked,final,gu,"['sa', 'ti']",ComplexPhrase_Testing,punch_waitress_sg_chef_sg,NA,NA,straikim nork titumbat,NA,NA,,NA,178,Thu May 31 11:05:35 2018
6sc01,extrapolation,unmarked,final,gu,"['sa', 'ti']",ComplexPhrase_Testing,kick_waitress_sg_cowboy_pl,cowboy,vaem,kikim nork saguvaem,NA,NA,,NA,179,Thu May 31 11:05:43 2018
6sc01,extrapolation,unmarked,final,gu,"['sa', 'ti']",ComplexPhrase_Testing,punch_waitress_sg_burglar_pl,burglar,negid,straikim nork tigunegid,NA,NA,,NA,180,Thu May 31 11:05:47 2018
6sc01,extrapolation,unmarked,final,gu,"['sa', 'ti']",ComplexPhrase_Testing,point_burglar_sg_waitress_pl,waitress,nork,poinim negid sagunork,NA,NA,,NA,181,Thu May 31 11:05:52 2018
6sc01,extrapolation,unmarked,final,gu,"['sa', 'ti']",ComplexPhrase_Testing,point_burglar_sg_waitress_pl,waitress,nork,poinim negid sagunork,NA,NA,,NA,182,Thu May 31 11:05:55 2018
6sc01,extrapolation,unmarked,final,gu,"['sa', 'ti']",ComplexPhrase_Testing,point_burglar_sg_chef_pl,chef,tumbat,poinim negid tigutumbat,NA,NA,,NA,183,Thu May 31 11:05:58 2018
6sc01,extrapolation,unmarked,final,gu,"['sa', 'ti']",ComplexPhrase_Testing,kick_burglar_sg_waitress_sg,NA,NA,kikim negid sanork,NA,NA,,NA,184,Thu May 31 11:06:02 2018
6sc01,extrapolation,unmarked,final,gu,"['sa', 'ti']",ComplexPhrase_Testing,punch_waitress_pl_chef_sg,NA,NA,straikim gunork titumbat,NA,NA,,NA,185,Thu May 31 11:06:09 2018
6sc01,extrapolation,unmarked,final,gu,"['sa', 'ti']",ComplexPhrase_Testing,kick_waitress_sg_cowboy_pl,cowboy,vaem,kikim nork saguvaem,NA,NA,,NA,186,Thu May 31 11:06:15 2018
6sc01,extrapolation,unmarked,final,gu,"['sa', 'ti']",ComplexPhrase_Testing,kick_chef_sg_waitress_pl,waitress,nork,kikim tumbat sagunork,NA,NA,,NA,187,Thu May 31 11:06:19 2018
6sc01,extrapolation,unmarked,final,gu,"['sa', 'ti']",ComplexPhrase_Testing,point_chef_pl_burglar_sg,NA,NA,poinim gutumbat tinegid,NA,NA,,NA,188,Thu May 31 11:06:26 2018
6sc01,extrapolation,unmarked,final,gu,"['sa', 'ti']",ComplexPhrase_Testing,punch_waitress_sg_cowboy_sg,NA,NA,straikim nork savaem,NA,NA,,NA,189,Thu May 31 11:06:35 2018
6sc01,extrapolation,unmarked,final,gu,"['sa', 'ti']",ComplexPhrase_Testing,point_burglar_sg_waitress_pl,waitress,nork,poinim negid sagunork,NA,NA,,NA,190,Thu May 31 11:06:44 2018
6sc01,extrapolation,unmarked,final,gu,"['sa', 'ti']",ComplexPhrase_Testing,chef,NA,NA,tumbat,NA,NA,,NA,191,Thu May 31 11:06:45 2018
6sc01,extrapolation,unmarked,final,gu,"['sa', 'ti']",ComplexPhrase_Testing,kick_cowboy_sg_waitress_pl,waitress,nork,kikim vaem sagunork,NA,NA,,NA,192,Thu May 31 11:06:51 2018
6sc01,extrapolation,unmarked,final,gu,"['sa', 'ti']",ComplexPhrase_Testing,point_burglar_sg_chef_sg,NA,NA,poinim negid titumbat,NA,NA,,NA,193,Thu May 31 11:06:54 2018
6sc01,extrapolation,unmarked,final,gu,"['sa', 'ti']",ComplexPhrase_Testing,kick_chef_pl_cowboy_sg,NA,NA,kikim gutumbat savaem,NA,NA,,NA,194,Thu May 31 11:07:07 2018
6sc01,extrapolation,unmarked,final,gu,"['sa', 'ti']",ComplexPhrase_Testing,kick_burglar_sg_cowboy_pl,cowboy,vaem,kikim negid saguvaem,NA,NA,,NA,195,Thu May 31 11:07:15 2018
6sc01,extrapolation,unmarked,final,gu,"['sa', 'ti']",ComplexPhrase_Testing,kick_waitress_sg_burglar_pl,burglar,negid,kikim nork tigunegid,NA,NA,,NA,196,Thu May 31 11:07:24 2018
6sc01,extrapolation,unmarked,final,gu,"['sa', 'ti']",ComplexPhrase_Testing,burglar,NA,NA,negid,NA,NA,,NA,197,Thu May 31 11:07:26 2018
6sc01,extrapolation,unmarked,final,gu,"['sa', 'ti']",ComplexPhrase_Testing,point_waitress_sg_burglar_pl,burglar,negid,poinim nork tigunegid,NA,NA,,NA,198,Thu May 31 11:07:31 2018
6sc01,extrapolation,unmarked,final,gu,"['sa', 'ti']",ComplexPhrase_Testing,waitress,NA,NA,nork,NA,NA,,NA,199,Thu May 31 11:07:33 2018
6sc01,extrapolation,unmarked,final,gu,"['sa', 'ti']",ComplexPhrase_Testing,kick_waitress_sg_burglar_sg,NA,NA,kikim nork tinegid,NA,NA,,NA,200,Thu May 31 11:07:37 2018
6sc01,extrapolation,unmarked,final,gu,"['sa', 'ti']",ComplexPhrase_Testing,kick_waitress_sg_chef_pl,chef,tumbat,kikim nork tigutumbat,NA,NA,,NA,201,Thu May 31 11:07:45 2018
6sc01,extrapolation,unmarked,final,gu,"['sa', 'ti']",ComplexPhrase_Testing,kick_burglar_sg_cowboy_pl,cowboy,vaem,kikim negid saguvaem,NA,NA,,NA,202,Thu May 31 11:07:50 2018
6sc01,extrapolation,unmarked,final,gu,"['sa', 'ti']",ComplexPhrase_Testing,kick_waitress_sg_burglar_pl,burglar,negid,kikim nork tigunegid,NA,NA,,NA,203,Thu May 31 11:07:54 2018
6sc01,extrapolation,unmarked,final,gu,"['sa', 'ti']",ComplexPhrase_Testing,point_burglar_sg_chef_pl,chef,tumbat,poinim negid tigutumbat,NA,NA,,NA,204,Thu May 31 11:07:58 2018
6sc01,extrapolation,unmarked,final,gu,"['sa', 'ti']",ComplexPhrase_Testing,point_burglar_pl_cowboy_sg,NA,NA,poinim gunegid savaem,NA,NA,,NA,205,Thu May 31 11:08:13 2018
6sc01,extrapolation,unmarked,final,gu,"['sa', 'ti']",ComplexPhrase_Testing,kick_cowboy_sg_chef_pl,chef,tumbat,kikim vaem tigutumbat,NA,NA,,NA,206,Thu May 31 11:08:22 2018
6sc01,extrapolation,unmarked,final,gu,"['sa', 'ti']",ComplexPhrase_Testing,kick_cowboy_sg_chef_pl,chef,tumbat,kikim vaem tigutumbat,NA,NA,,NA,207,Thu May 31 11:08:26 2018
6sc01,extrapolation,unmarked,final,gu,"['sa', 'ti']",ComplexPhrase_Testing,point_waitress_sg_burglar_pl,burglar,negid,poinim nork tigunegid,NA,NA,,NA,208,Thu May 31 11:08:29 2018
6sc01,extrapolation,unmarked,final,gu,"['sa', 'ti']",ComplexPhrase_Testing,point_waitress_sg_cowboy_pl,cowboy,vaem,poinim nork saguvaem,NA,NA,,NA,209,Thu May 31 11:08:33 2018
6sc01,extrapolation,unmarked,final,gu,"['sa', 'ti']",ComplexPhrase_Testing,kick_chef_sg_waitress_pl,waitress,nork,kikim tumbat sagunork,NA,NA,,NA,210,Thu May 31 11:08:38 2018
6sc01,extrapolation,unmarked,final,gu,"['sa', 'ti']",ComplexPhrase_Testing,punch_cowboy_pl_waitress_sg,NA,NA,straikim guvaem sanork,NA,NA,,NA,211,Thu May 31 11:08:45 2018
6sc01,extrapolation,unmarked,final,gu,"['sa', 'ti']",ComplexPhrase_Testing,punch_burglar_sg_cowboy_sg,NA,NA,straikim negid savaem,NA,NA,,NA,212,Thu May 31 11:08:56 2018
6sc01,extrapolation,unmarked,final,gu,"['sa', 'ti']",Questionnaire,NA,NA,NA,NA,NA,NA,,"sa nd ti refer to the subject of the sentence, the people things are being done to",MeaningCase,Thu May 31 11:11:25 2018
6sc01,extrapolation,unmarked,final,gu,"['sa', 'ti']",Questionnaire,NA,NA,NA,NA,NA,NA,,"gu describes eiter plurals or pairs, not sure which of the two as all the examples only had pairs",MeaningNum,Thu May 31 11:11:25 2018
6sc01,extrapolation,unmarked,final,gu,"['sa', 'ti']",Questionnaire,NA,NA,NA,NA,NA,NA,,sa and ti appeared before the names of the characters they referred to,OrderCaseNoun,Thu May 31 11:11:25 2018
6sc01,extrapolation,unmarked,final,gu,"['sa', 'ti']",Questionnaire,NA,NA,NA,NA,NA,NA,,gu appeared before the name of the character it referred to,OrderNumNoun,Thu May 31 11:11:25 2018
6sc01,extrapolation,unmarked,final,gu,"['sa', 'ti']",Questionnaire,NA,NA,NA,NA,NA,NA,,i produced sa/ti after gu as it sounded more natural and made it easier to pronounce,OrderNumCase,Thu May 31 11:11:25 2018
6sc01,extrapolation,unmarked,final,gu,"['sa', 'ti']",Questionnaire,NA,NA,NA,NA,NA,NA,,"english, arabic, hausa",Languages,Thu May 31 11:11:25 2018
