ID,Condition,MajorityOrder,NounPosition,markerNum,markerCase,Phase,Meaning,NounItem,Noun,binaryResp,InputSentence,Selection,TypedResponse,SpokenResponse,AnswerQuest,Trial,date&time
5sc11,extrapolation,unmarked,initial,ti,"['gu', 'sa']",Noun_Training,burglar,NA,NA,,tumbat,NA,NA,,NA,1,Tue Jun 12 13:59:14 2018
5sc11,extrapolation,unmarked,initial,ti,"['gu', 'sa']",Noun_Training,burglar,NA,NA,,tumbat,NA,NA,,NA,2,Tue Jun 12 13:59:19 2018
5sc11,extrapolation,unmarked,initial,ti,"['gu', 'sa']",Noun_Training,chef,NA,NA,,nork,NA,NA,,NA,3,Tue Jun 12 13:59:24 2018
5sc11,extrapolation,unmarked,initial,ti,"['gu', 'sa']",Noun_Training,cowboy,NA,NA,,negid,NA,NA,,NA,4,Tue Jun 12 13:59:28 2018
5sc11,extrapolation,unmarked,initial,ti,"['gu', 'sa']",Noun_Training,chef,NA,NA,,nork,NA,NA,,NA,5,Tue Jun 12 13:59:33 2018
5sc11,extrapolation,unmarked,initial,ti,"['gu', 'sa']",Noun_Training,waitress,NA,NA,,vaem,NA,NA,,NA,6,Tue Jun 12 13:59:38 2018
5sc11,extrapolation,unmarked,initial,ti,"['gu', 'sa']",Noun_Training,waitress,NA,NA,,vaem,NA,NA,,NA,7,Tue Jun 12 13:59:43 2018
5sc11,extrapolation,unmarked,initial,ti,"['gu', 'sa']",Noun_Training,chef,NA,NA,,nork,NA,NA,,NA,8,Tue Jun 12 13:59:48 2018
5sc11,extrapolation,unmarked,initial,ti,"['gu', 'sa']",Noun_Training,cowboy,NA,NA,,negid,NA,NA,,NA,9,Tue Jun 12 13:59:53 2018
5sc11,extrapolation,unmarked,initial,ti,"['gu', 'sa']",Noun_Training,burglar,NA,NA,,tumbat,NA,NA,,NA,10,Tue Jun 12 13:59:57 2018
5sc11,extrapolation,unmarked,initial,ti,"['gu', 'sa']",Noun_Training,cowboy,NA,NA,,negid,NA,NA,,NA,11,Tue Jun 12 14:00:02 2018
5sc11,extrapolation,unmarked,initial,ti,"['gu', 'sa']",Noun_Training,cowboy,NA,NA,,negid,NA,NA,,NA,12,Tue Jun 12 14:00:07 2018
5sc11,extrapolation,unmarked,initial,ti,"['gu', 'sa']",Noun_Training,waitress,NA,NA,,vaem,NA,NA,,NA,13,Tue Jun 12 14:00:12 2018
5sc11,extrapolation,unmarked,initial,ti,"['gu', 'sa']",Noun_Training,burglar,NA,NA,,tumbat,NA,NA,,NA,14,Tue Jun 12 14:00:17 2018
5sc11,extrapolation,unmarked,initial,ti,"['gu', 'sa']",Noun_Training,chef,NA,NA,,nork,NA,NA,,NA,15,Tue Jun 12 14:00:22 2018
5sc11,extrapolation,unmarked,initial,ti,"['gu', 'sa']",Noun_Training,waitress,NA,NA,,vaem,NA,NA,,NA,16,Tue Jun 12 14:00:26 2018
5sc11,extrapolation,unmarked,initial,ti,"['gu', 'sa']",Noun_Training,waitress,NA,NA,,vaem,NA,NA,,NA,17,Tue Jun 12 14:00:31 2018
5sc11,extrapolation,unmarked,initial,ti,"['gu', 'sa']",Noun_Training,waitress,NA,NA,,vaem,NA,NA,,NA,18,Tue Jun 12 14:00:36 2018
5sc11,extrapolation,unmarked,initial,ti,"['gu', 'sa']",Noun_Training,burglar,NA,NA,,tumbat,NA,NA,,NA,19,Tue Jun 12 14:00:41 2018
5sc11,extrapolation,unmarked,initial,ti,"['gu', 'sa']",Noun_Training,chef,NA,NA,,nork,NA,NA,,NA,20,Tue Jun 12 14:00:46 2018
5sc11,extrapolation,unmarked,initial,ti,"['gu', 'sa']",Noun_Training,cowboy,NA,NA,,negid,NA,NA,,NA,21,Tue Jun 12 14:00:50 2018
5sc11,extrapolation,unmarked,initial,ti,"['gu', 'sa']",Noun_Training,cowboy,NA,NA,,negid,NA,NA,,NA,22,Tue Jun 12 14:00:55 2018
5sc11,extrapolation,unmarked,initial,ti,"['gu', 'sa']",Noun_Training,chef,NA,NA,,nork,NA,NA,,NA,23,Tue Jun 12 14:01:00 2018
5sc11,extrapolation,unmarked,initial,ti,"['gu', 'sa']",Noun_Training,burglar,NA,NA,,tumbat,NA,NA,,NA,24,Tue Jun 12 14:01:05 2018
5sc11,extrapolation,unmarked,initial,ti,"['gu', 'sa']",Noun_Selection,chef,NA,NA,,nork,correct,NA,,NA,25,Tue Jun 12 14:01:28 2018
5sc11,extrapolation,unmarked,initial,ti,"['gu', 'sa']",Noun_Selection,cowboy,NA,NA,,negid,correct,NA,,NA,26,Tue Jun 12 14:01:31 2018
5sc11,extrapolation,unmarked,initial,ti,"['gu', 'sa']",Noun_Selection,waitress,NA,NA,,vaem,correct,NA,,NA,27,Tue Jun 12 14:01:34 2018
5sc11,extrapolation,unmarked,initial,ti,"['gu', 'sa']",Noun_Selection,chef,NA,NA,,nork,correct,NA,,NA,28,Tue Jun 12 14:01:38 2018
5sc11,extrapolation,unmarked,initial,ti,"['gu', 'sa']",Noun_Selection,burglar,NA,NA,,tumbat,correct,NA,,NA,29,Tue Jun 12 14:01:42 2018
5sc11,extrapolation,unmarked,initial,ti,"['gu', 'sa']",Noun_Selection,waitress,NA,NA,,vaem,correct,NA,,NA,30,Tue Jun 12 14:01:45 2018
5sc11,extrapolation,unmarked,initial,ti,"['gu', 'sa']",Noun_Selection,cowboy,NA,NA,,negid,correct,NA,,NA,31,Tue Jun 12 14:01:48 2018
5sc11,extrapolation,unmarked,initial,ti,"['gu', 'sa']",Noun_Selection,burglar,NA,NA,,tumbat,correct,NA,,NA,32,Tue Jun 12 14:01:51 2018
5sc11,extrapolation,unmarked,initial,ti,"['gu', 'sa']",Noun_Selection,cowboy,NA,NA,,negid,correct,NA,,NA,33,Tue Jun 12 14:01:54 2018
5sc11,extrapolation,unmarked,initial,ti,"['gu', 'sa']",Noun_Selection,waitress,NA,NA,,vaem,correct,NA,,NA,34,Tue Jun 12 14:01:57 2018
5sc11,extrapolation,unmarked,initial,ti,"['gu', 'sa']",Noun_Selection,burglar,NA,NA,,tumbat,correct,NA,,NA,35,Tue Jun 12 14:02:00 2018
5sc11,extrapolation,unmarked,initial,ti,"['gu', 'sa']",Noun_Selection,chef,NA,NA,,nork,correct,NA,,NA,36,Tue Jun 12 14:02:04 2018
5sc11,extrapolation,unmarked,initial,ti,"['gu', 'sa']",Noun_Testing,chef,NA,NA,,nork,NA,NA,nork,NA,37,Tue Jun 12 14:02:29 2018
5sc11,extrapolation,unmarked,initial,ti,"['gu', 'sa']",Noun_Testing,burglar,NA,NA,,tumbat,NA,NA,tumbat,NA,38,Tue Jun 12 14:02:34 2018
5sc11,extrapolation,unmarked,initial,ti,"['gu', 'sa']",Noun_Testing,chef,NA,NA,,nork,NA,NA,nork,NA,39,Tue Jun 12 14:02:39 2018
5sc11,extrapolation,unmarked,initial,ti,"['gu', 'sa']",Noun_Testing,waitress,NA,NA,,vaem,NA,NA,vaem,NA,40,Tue Jun 12 14:02:43 2018
5sc11,extrapolation,unmarked,initial,ti,"['gu', 'sa']",Noun_Testing,chef,NA,NA,,nork,NA,NA,nork,NA,41,Tue Jun 12 14:02:45 2018
5sc11,extrapolation,unmarked,initial,ti,"['gu', 'sa']",Noun_Testing,burglar,NA,NA,,tumbat,NA,NA,tumbat,NA,42,Tue Jun 12 14:02:50 2018
5sc11,extrapolation,unmarked,initial,ti,"['gu', 'sa']",Noun_Testing,burglar,NA,NA,,tumbat,NA,NA,tumbat,NA,43,Tue Jun 12 14:02:54 2018
5sc11,extrapolation,unmarked,initial,ti,"['gu', 'sa']",Noun_Testing,waitress,NA,NA,,vaem,NA,NA,vaem,NA,44,Tue Jun 12 14:02:59 2018
5sc11,extrapolation,unmarked,initial,ti,"['gu', 'sa']",Noun_Testing,cowboy,NA,NA,,negid,NA,NA,negid,NA,45,Tue Jun 12 14:03:04 2018
5sc11,extrapolation,unmarked,initial,ti,"['gu', 'sa']",Noun_Testing,cowboy,NA,NA,,negid,NA,NA,negid,NA,46,Tue Jun 12 14:03:08 2018
5sc11,extrapolation,unmarked,initial,ti,"['gu', 'sa']",Noun_Testing,waitress,NA,NA,,vaem,NA,NA,vaem,NA,47,Tue Jun 12 14:03:12 2018
5sc11,extrapolation,unmarked,initial,ti,"['gu', 'sa']",Noun_Testing,cowboy,NA,NA,,negid,NA,NA,negid,NA,48,Tue Jun 12 14:03:15 2018
5sc11,extrapolation,unmarked,initial,ti,"['gu', 'sa']",SimplePhrase_Training,point_cowboy_sg_waitress_sg,NA,NA,,poinim negid vaemgu,NA,NA,,NA,49,Tue Jun 12 14:03:53 2018
5sc11,extrapolation,unmarked,initial,ti,"['gu', 'sa']",SimplePhrase_Training,punch_chef_pl_waitress_sg,NA,NA,,straikim norkti vaemgu,NA,NA,,NA,50,Tue Jun 12 14:04:00 2018
5sc11,extrapolation,unmarked,initial,ti,"['gu', 'sa']",SimplePhrase_Training,punch_cowboy_sg_burglar_sg,NA,NA,,straikim negid tumbatsa,NA,NA,,NA,51,Tue Jun 12 14:04:08 2018
5sc11,extrapolation,unmarked,initial,ti,"['gu', 'sa']",SimplePhrase_Training,waitress,NA,NA,,vaem,NA,NA,,NA,52,Tue Jun 12 14:04:13 2018
5sc11,extrapolation,unmarked,initial,ti,"['gu', 'sa']",SimplePhrase_Training,chef,NA,NA,,nork,NA,NA,,NA,53,Tue Jun 12 14:04:18 2018
5sc11,extrapolation,unmarked,initial,ti,"['gu', 'sa']",SimplePhrase_Training,kick_cowboy_pl_burglar_sg,NA,NA,,kikim negidti tumbatsa,NA,NA,,NA,54,Tue Jun 12 14:04:25 2018
5sc11,extrapolation,unmarked,initial,ti,"['gu', 'sa']",SimplePhrase_Training,kick_cowboy_pl_chef_sg,NA,NA,,kikim negidti norkgu,NA,NA,,NA,55,Tue Jun 12 14:04:33 2018
5sc11,extrapolation,unmarked,initial,ti,"['gu', 'sa']",SimplePhrase_Training,punch_cowboy_sg_chef_sg,NA,NA,,straikim negid norkgu,NA,NA,,NA,56,Tue Jun 12 14:04:40 2018
5sc11,extrapolation,unmarked,initial,ti,"['gu', 'sa']",SimplePhrase_Training,point_waitress_sg_chef_sg,NA,NA,,poinim vaem norkgu,NA,NA,,NA,57,Tue Jun 12 14:04:47 2018
5sc11,extrapolation,unmarked,initial,ti,"['gu', 'sa']",SimplePhrase_Training,kick_cowboy_pl_waitress_sg,NA,NA,,kikim negidti vaemgu,NA,NA,,NA,58,Tue Jun 12 14:04:55 2018
5sc11,extrapolation,unmarked,initial,ti,"['gu', 'sa']",SimplePhrase_Training,cowboy,NA,NA,,negid,NA,NA,,NA,59,Tue Jun 12 14:04:59 2018
5sc11,extrapolation,unmarked,initial,ti,"['gu', 'sa']",SimplePhrase_Training,waitress,NA,NA,,vaem,NA,NA,,NA,60,Tue Jun 12 14:05:04 2018
5sc11,extrapolation,unmarked,initial,ti,"['gu', 'sa']",SimplePhrase_Training,punch_waitress_sg_burglar_sg,NA,NA,,straikim vaem tumbatsa,NA,NA,,NA,61,Tue Jun 12 14:05:12 2018
5sc11,extrapolation,unmarked,initial,ti,"['gu', 'sa']",SimplePhrase_Training,point_burglar_pl_cowboy_sg,NA,NA,,poinim tumbatti negidsa,NA,NA,,NA,62,Tue Jun 12 14:05:19 2018
5sc11,extrapolation,unmarked,initial,ti,"['gu', 'sa']",SimplePhrase_Training,punch_chef_pl_cowboy_sg,NA,NA,,straikim norkti negidsa,NA,NA,,NA,63,Tue Jun 12 14:05:27 2018
5sc11,extrapolation,unmarked,initial,ti,"['gu', 'sa']",SimplePhrase_Training,kick_cowboy_sg_waitress_sg,NA,NA,,kikim negid vaemgu,NA,NA,,NA,64,Tue Jun 12 14:05:34 2018
5sc11,extrapolation,unmarked,initial,ti,"['gu', 'sa']",SimplePhrase_Training,punch_waitress_sg_chef_sg,NA,NA,,straikim vaem norkgu,NA,NA,,NA,65,Tue Jun 12 14:05:41 2018
5sc11,extrapolation,unmarked,initial,ti,"['gu', 'sa']",SimplePhrase_Training,point_cowboy_pl_chef_sg,NA,NA,,poinim negidti norkgu,NA,NA,,NA,66,Tue Jun 12 14:05:49 2018
5sc11,extrapolation,unmarked,initial,ti,"['gu', 'sa']",SimplePhrase_Training,punch_cowboy_pl_burglar_sg,NA,NA,,straikim negidti tumbatsa,NA,NA,,NA,67,Tue Jun 12 14:05:57 2018
5sc11,extrapolation,unmarked,initial,ti,"['gu', 'sa']",SimplePhrase_Training,punch_waitress_pl_burglar_sg,NA,NA,,straikim vaemti tumbatsa,NA,NA,,NA,68,Tue Jun 12 14:06:04 2018
5sc11,extrapolation,unmarked,initial,ti,"['gu', 'sa']",SimplePhrase_Training,chef,NA,NA,,nork,NA,NA,,NA,69,Tue Jun 12 14:06:09 2018
5sc11,extrapolation,unmarked,initial,ti,"['gu', 'sa']",SimplePhrase_Training,point_chef_pl_cowboy_sg,NA,NA,,poinim norkti negidsa,NA,NA,,NA,70,Tue Jun 12 14:06:17 2018
5sc11,extrapolation,unmarked,initial,ti,"['gu', 'sa']",SimplePhrase_Training,point_cowboy_sg_burglar_sg,NA,NA,,poinim negid tumbatsa,NA,NA,,NA,71,Tue Jun 12 14:06:24 2018
5sc11,extrapolation,unmarked,initial,ti,"['gu', 'sa']",SimplePhrase_Training,punch_waitress_sg_cowboy_sg,NA,NA,,straikim vaem negidsa,NA,NA,,NA,72,Tue Jun 12 14:06:32 2018
5sc11,extrapolation,unmarked,initial,ti,"['gu', 'sa']",SimplePhrase_Training,kick_burglar_sg_waitress_sg,NA,NA,,kikim tumbat vaemgu,NA,NA,,NA,73,Tue Jun 12 14:06:39 2018
5sc11,extrapolation,unmarked,initial,ti,"['gu', 'sa']",SimplePhrase_Training,punch_cowboy_pl_chef_sg,NA,NA,,straikim negidti norkgu,NA,NA,,NA,74,Tue Jun 12 14:06:47 2018
5sc11,extrapolation,unmarked,initial,ti,"['gu', 'sa']",SimplePhrase_Training,kick_chef_pl_burglar_sg,NA,NA,,kikim norkti tumbatsa,NA,NA,,NA,75,Tue Jun 12 14:06:54 2018
5sc11,extrapolation,unmarked,initial,ti,"['gu', 'sa']",SimplePhrase_Training,burglar,NA,NA,,tumbat,NA,NA,,NA,76,Tue Jun 12 14:06:59 2018
5sc11,extrapolation,unmarked,initial,ti,"['gu', 'sa']",SimplePhrase_Training,point_waitress_sg_burglar_sg,NA,NA,,poinim vaem tumbatsa,NA,NA,,NA,77,Tue Jun 12 14:07:06 2018
5sc11,extrapolation,unmarked,initial,ti,"['gu', 'sa']",SimplePhrase_Training,kick_waitress_sg_chef_sg,NA,NA,,kikim vaem norkgu,NA,NA,,NA,78,Tue Jun 12 14:07:13 2018
5sc11,extrapolation,unmarked,initial,ti,"['gu', 'sa']",SimplePhrase_Training,punch_burglar_pl_chef_sg,NA,NA,,straikim tumbatti norkgu,NA,NA,,NA,79,Tue Jun 12 14:07:21 2018
5sc11,extrapolation,unmarked,initial,ti,"['gu', 'sa']",SimplePhrase_Training,kick_burglar_sg_cowboy_sg,NA,NA,,kikim tumbat negidsa,NA,NA,,NA,80,Tue Jun 12 14:07:28 2018
5sc11,extrapolation,unmarked,initial,ti,"['gu', 'sa']",SimplePhrase_Training,kick_chef_sg_cowboy_sg,NA,NA,,kikim nork negidsa,NA,NA,,NA,81,Tue Jun 12 14:07:36 2018
5sc11,extrapolation,unmarked,initial,ti,"['gu', 'sa']",SimplePhrase_Training,kick_waitress_pl_cowboy_sg,NA,NA,,kikim vaemti negidsa,NA,NA,,NA,82,Tue Jun 12 14:07:43 2018
5sc11,extrapolation,unmarked,initial,ti,"['gu', 'sa']",SimplePhrase_Training,point_chef_sg_cowboy_sg,NA,NA,,poinim nork negidsa,NA,NA,,NA,83,Tue Jun 12 14:07:51 2018
5sc11,extrapolation,unmarked,initial,ti,"['gu', 'sa']",SimplePhrase_Training,point_burglar_pl_chef_sg,NA,NA,,poinim tumbatti norkgu,NA,NA,,NA,84,Tue Jun 12 14:07:58 2018
5sc11,extrapolation,unmarked,initial,ti,"['gu', 'sa']",SimplePhrase_Training,point_chef_sg_burglar_sg,NA,NA,,poinim nork tumbatsa,NA,NA,,NA,85,Tue Jun 12 14:08:06 2018
5sc11,extrapolation,unmarked,initial,ti,"['gu', 'sa']",SimplePhrase_Training,punch_burglar_pl_waitress_sg,NA,NA,,straikim tumbatti vaemgu,NA,NA,,NA,86,Tue Jun 12 14:08:13 2018
5sc11,extrapolation,unmarked,initial,ti,"['gu', 'sa']",SimplePhrase_Training,point_waitress_pl_burglar_sg,NA,NA,,poinim vaemti tumbatsa,NA,NA,,NA,87,Tue Jun 12 14:08:21 2018
5sc11,extrapolation,unmarked,initial,ti,"['gu', 'sa']",SimplePhrase_Training,kick_chef_sg_waitress_sg,NA,NA,,kikim nork vaemgu,NA,NA,,NA,88,Tue Jun 12 14:08:28 2018
5sc11,extrapolation,unmarked,initial,ti,"['gu', 'sa']",SimplePhrase_Training,point_waitress_pl_cowboy_sg,NA,NA,,poinim vaemti negidsa,NA,NA,,NA,89,Tue Jun 12 14:08:36 2018
5sc11,extrapolation,unmarked,initial,ti,"['gu', 'sa']",SimplePhrase_Training,point_cowboy_pl_waitress_sg,NA,NA,,poinim negidti vaemgu,NA,NA,,NA,90,Tue Jun 12 14:08:43 2018
5sc11,extrapolation,unmarked,initial,ti,"['gu', 'sa']",SimplePhrase_Training,kick_waitress_pl_burglar_sg,NA,NA,,kikim vaemti tumbatsa,NA,NA,,NA,91,Tue Jun 12 14:08:51 2018
5sc11,extrapolation,unmarked,initial,ti,"['gu', 'sa']",SimplePhrase_Training,point_waitress_pl_chef_sg,NA,NA,,poinim vaemti norkgu,NA,NA,,NA,92,Tue Jun 12 14:08:58 2018
5sc11,extrapolation,unmarked,initial,ti,"['gu', 'sa']",SimplePhrase_Training,point_chef_sg_waitress_sg,NA,NA,,poinim nork vaemgu,NA,NA,,NA,93,Tue Jun 12 14:09:06 2018
5sc11,extrapolation,unmarked,initial,ti,"['gu', 'sa']",SimplePhrase_Training,kick_burglar_pl_cowboy_sg,NA,NA,,kikim tumbatti negidsa,NA,NA,,NA,94,Tue Jun 12 14:09:13 2018
5sc11,extrapolation,unmarked,initial,ti,"['gu', 'sa']",SimplePhrase_Training,cowboy,NA,NA,,negid,NA,NA,,NA,95,Tue Jun 12 14:09:18 2018
5sc11,extrapolation,unmarked,initial,ti,"['gu', 'sa']",SimplePhrase_Training,point_burglar_sg_cowboy_sg,NA,NA,,poinim tumbat negidsa,NA,NA,,NA,96,Tue Jun 12 14:09:25 2018
5sc11,extrapolation,unmarked,initial,ti,"['gu', 'sa']",SimplePhrase_Training,kick_waitress_sg_cowboy_sg,NA,NA,,kikim vaem negidsa,NA,NA,,NA,97,Tue Jun 12 14:09:33 2018
5sc11,extrapolation,unmarked,initial,ti,"['gu', 'sa']",SimplePhrase_Training,punch_cowboy_pl_waitress_sg,NA,NA,,straikim negidti vaemgu,NA,NA,,NA,98,Tue Jun 12 14:09:40 2018
5sc11,extrapolation,unmarked,initial,ti,"['gu', 'sa']",SimplePhrase_Training,punch_chef_sg_waitress_sg,NA,NA,,straikim nork vaemgu,NA,NA,,NA,99,Tue Jun 12 14:09:48 2018
5sc11,extrapolation,unmarked,initial,ti,"['gu', 'sa']",SimplePhrase_Training,kick_burglar_pl_waitress_sg,NA,NA,,kikim tumbatti vaemgu,NA,NA,,NA,100,Tue Jun 12 14:09:55 2018
5sc11,extrapolation,unmarked,initial,ti,"['gu', 'sa']",SimplePhrase_Training,punch_burglar_sg_chef_sg,NA,NA,,straikim tumbat norkgu,NA,NA,,NA,101,Tue Jun 12 14:10:03 2018
5sc11,extrapolation,unmarked,initial,ti,"['gu', 'sa']",SimplePhrase_Training,kick_chef_sg_burglar_sg,NA,NA,,kikim nork tumbatsa,NA,NA,,NA,102,Tue Jun 12 14:10:10 2018
5sc11,extrapolation,unmarked,initial,ti,"['gu', 'sa']",SimplePhrase_Training,burglar,NA,NA,,tumbat,NA,NA,,NA,103,Tue Jun 12 14:10:15 2018
5sc11,extrapolation,unmarked,initial,ti,"['gu', 'sa']",SimplePhrase_Training,kick_cowboy_sg_chef_sg,NA,NA,,kikim negid norkgu,NA,NA,,NA,104,Tue Jun 12 14:10:22 2018
5sc11,extrapolation,unmarked,initial,ti,"['gu', 'sa']",SimplePhrase_Comprehension,punch_cowboy_pl_chef_sg,NA,NA,,straikim negidti norkgu,correct,NA,,NA,105,Tue Jun 12 14:10:46 2018
5sc11,extrapolation,unmarked,initial,ti,"['gu', 'sa']",SimplePhrase_Comprehension,point_burglar_pl_waitress_sg,NA,NA,,poinim tumbatti vaemgu,correct,NA,,NA,106,Tue Jun 12 14:10:51 2018
5sc11,extrapolation,unmarked,initial,ti,"['gu', 'sa']",SimplePhrase_Comprehension,punch_burglar_sg_waitress_sg,NA,NA,,straikim tumbat vaemgu,correct,NA,,NA,107,Tue Jun 12 14:10:57 2018
5sc11,extrapolation,unmarked,initial,ti,"['gu', 'sa']",SimplePhrase_Comprehension,kick_burglar_pl_chef_sg,NA,NA,,kikim tumbatti norkgu,correct,NA,,NA,108,Tue Jun 12 14:11:03 2018
5sc11,extrapolation,unmarked,initial,ti,"['gu', 'sa']",SimplePhrase_Comprehension,point_burglar_sg_chef_sg,NA,NA,,poinim tumbat norkgu,correct,NA,,NA,109,Tue Jun 12 14:11:08 2018
5sc11,extrapolation,unmarked,initial,ti,"['gu', 'sa']",SimplePhrase_Comprehension,kick_chef_pl_cowboy_sg,NA,NA,,kikim norkti negidsa,correct,NA,,NA,110,Tue Jun 12 14:11:14 2018
5sc11,extrapolation,unmarked,initial,ti,"['gu', 'sa']",SimplePhrase_Comprehension,punch_burglar_pl_cowboy_sg,NA,NA,,straikim tumbatti negidsa,correct,NA,,NA,111,Tue Jun 12 14:11:20 2018
5sc11,extrapolation,unmarked,initial,ti,"['gu', 'sa']",SimplePhrase_Comprehension,point_cowboy_pl_burglar_sg,NA,NA,,poinim negidti tumbatsa,correct,NA,,NA,112,Tue Jun 12 14:11:26 2018
5sc11,extrapolation,unmarked,initial,ti,"['gu', 'sa']",SimplePhrase_Comprehension,punch_burglar_sg_cowboy_sg,NA,NA,,straikim tumbat negidsa,correct,NA,,NA,113,Tue Jun 12 14:11:32 2018
5sc11,extrapolation,unmarked,initial,ti,"['gu', 'sa']",SimplePhrase_Comprehension,point_chef_pl_burglar_sg,NA,NA,,poinim norkti tumbatsa,correct,NA,,NA,114,Tue Jun 12 14:11:37 2018
5sc11,extrapolation,unmarked,initial,ti,"['gu', 'sa']",SimplePhrase_Comprehension,kick_burglar_sg_chef_sg,NA,NA,,kikim tumbat norkgu,correct,NA,,NA,115,Tue Jun 12 14:11:43 2018
5sc11,extrapolation,unmarked,initial,ti,"['gu', 'sa']",SimplePhrase_Comprehension,kick_burglar_sg_cowboy_sg,NA,NA,,kikim tumbat negidsa,correct,NA,,NA,116,Tue Jun 12 14:11:48 2018
5sc11,extrapolation,unmarked,initial,ti,"['gu', 'sa']",SimplePhrase_Comprehension,punch_cowboy_sg_waitress_sg,NA,NA,,straikim negid vaemgu,correct,NA,,NA,117,Tue Jun 12 14:11:54 2018
5sc11,extrapolation,unmarked,initial,ti,"['gu', 'sa']",SimplePhrase_Comprehension,kick_cowboy_sg_burglar_sg,NA,NA,,kikim negid tumbatsa,correct,NA,,NA,118,Tue Jun 12 14:11:59 2018
5sc11,extrapolation,unmarked,initial,ti,"['gu', 'sa']",SimplePhrase_Comprehension,punch_chef_pl_burglar_sg,NA,NA,,straikim norkti tumbatsa,correct,NA,,NA,119,Tue Jun 12 14:12:05 2018
5sc11,extrapolation,unmarked,initial,ti,"['gu', 'sa']",SimplePhrase_Comprehension,point_burglar_sg_waitress_sg,NA,NA,,poinim tumbat vaemgu,correct,NA,,NA,120,Tue Jun 12 14:12:11 2018
5sc11,extrapolation,unmarked,initial,ti,"['gu', 'sa']",SimplePhrase_Comprehension,kick_chef_pl_waitress_sg,NA,NA,,kikim norkti vaemgu,correct,NA,,NA,121,Tue Jun 12 14:12:17 2018
5sc11,extrapolation,unmarked,initial,ti,"['gu', 'sa']",SimplePhrase_Comprehension,punch_waitress_pl_cowboy_sg,NA,NA,,straikim vaemti negidsa,correct,NA,,NA,122,Tue Jun 12 14:12:23 2018
5sc11,extrapolation,unmarked,initial,ti,"['gu', 'sa']",SimplePhrase_Comprehension,kick_cowboy_sg_chef_sg,NA,NA,,kikim negid norkgu,correct,NA,,NA,123,Tue Jun 12 14:12:28 2018
5sc11,extrapolation,unmarked,initial,ti,"['gu', 'sa']",SimplePhrase_Comprehension,kick_waitress_pl_chef_sg,NA,NA,,kikim vaemti norkgu,correct,NA,,NA,124,Tue Jun 12 14:12:34 2018
5sc11,extrapolation,unmarked,initial,ti,"['gu', 'sa']",SimplePhrase_Comprehension,kick_waitress_sg_burglar_sg,NA,NA,,kikim vaem tumbatsa,correct,NA,,NA,125,Tue Jun 12 14:12:39 2018
5sc11,extrapolation,unmarked,initial,ti,"['gu', 'sa']",SimplePhrase_Comprehension,kick_burglar_pl_waitress_sg,NA,NA,,kikim tumbatti vaemgu,correct,NA,,NA,126,Tue Jun 12 14:12:45 2018
5sc11,extrapolation,unmarked,initial,ti,"['gu', 'sa']",SimplePhrase_Comprehension,point_waitress_sg_cowboy_sg,NA,NA,,poinim vaem negidsa,correct,NA,,NA,127,Tue Jun 12 14:12:50 2018
5sc11,extrapolation,unmarked,initial,ti,"['gu', 'sa']",SimplePhrase_Comprehension,point_waitress_sg_burglar_sg,NA,NA,,poinim vaem tumbatsa,correct,NA,,NA,128,Tue Jun 12 14:12:56 2018
5sc11,extrapolation,unmarked,initial,ti,"['gu', 'sa']",SimplePhrase_Typing,point_waitress_sg_chef_sg,NA,NA,,poinim vaem norkgu,NA,poinim vaem norkgu,,NA,129,Tue Jun 12 14:13:40 2018
5sc11,extrapolation,unmarked,initial,ti,"['gu', 'sa']",SimplePhrase_Typing,point_chef_sg_cowboy_sg,NA,NA,,poinim nork negidsa,NA,poinim nork negidsa,,NA,130,Tue Jun 12 14:13:51 2018
5sc11,extrapolation,unmarked,initial,ti,"['gu', 'sa']",SimplePhrase_Typing,waitress,NA,NA,,vaem,NA,vaem,,NA,131,Tue Jun 12 14:13:56 2018
5sc11,extrapolation,unmarked,initial,ti,"['gu', 'sa']",SimplePhrase_Typing,kick_cowboy_pl_burglar_sg,NA,NA,,kikim negidti tumbatsa,NA,kikim negidti tumbatsa,,NA,132,Tue Jun 12 14:14:13 2018
5sc11,extrapolation,unmarked,initial,ti,"['gu', 'sa']",SimplePhrase_Typing,punch_waitress_sg_burglar_sg,NA,NA,,straikim vaem tumbatsa,NA,straikim vaem tumbatsa,,NA,133,Tue Jun 12 14:14:23 2018
5sc11,extrapolation,unmarked,initial,ti,"['gu', 'sa']",SimplePhrase_Typing,cowboy,NA,NA,,negid,NA,negid,,NA,134,Tue Jun 12 14:14:29 2018
5sc11,extrapolation,unmarked,initial,ti,"['gu', 'sa']",SimplePhrase_Typing,chef,NA,NA,,nork,NA,nork,,NA,135,Tue Jun 12 14:14:35 2018
5sc11,extrapolation,unmarked,initial,ti,"['gu', 'sa']",SimplePhrase_Typing,punch_cowboy_pl_chef_sg,NA,NA,,straikim negidti norkgu,NA,straikim negidti norkgu,,NA,136,Tue Jun 12 14:14:49 2018
5sc11,extrapolation,unmarked,initial,ti,"['gu', 'sa']",SimplePhrase_Typing,burglar,NA,NA,,tumbat,NA,tumbat,,NA,137,Tue Jun 12 14:14:55 2018
5sc11,extrapolation,unmarked,initial,ti,"['gu', 'sa']",SimplePhrase_Typing,kick_cowboy_pl_waitress_sg,NA,NA,,kikim negidti vaemgu,NA,kikim negidti vaemgu,,NA,138,Tue Jun 12 14:15:06 2018
5sc11,extrapolation,unmarked,initial,ti,"['gu', 'sa']",SimplePhrase_Typing,punch_cowboy_pl_burglar_sg,NA,NA,,straikim negidti tumbatsa,NA,straikim negidti tumbatsa,,NA,139,Tue Jun 12 14:15:17 2018
5sc11,extrapolation,unmarked,initial,ti,"['gu', 'sa']",SimplePhrase_Typing,point_waitress_pl_cowboy_sg,NA,NA,,poinim vaemti negidsa,NA,poinim vaemti negidgu,,NA,140,Tue Jun 12 14:15:30 2018
5sc11,extrapolation,unmarked,initial,ti,"['gu', 'sa']",SimplePhrase_Typing,kick_waitress_sg_cowboy_sg,NA,NA,,kikim vaem negidsa,NA,kikim vaem negidsa,,NA,141,Tue Jun 12 14:15:40 2018
5sc11,extrapolation,unmarked,initial,ti,"['gu', 'sa']",SimplePhrase_Typing,point_cowboy_pl_chef_sg,NA,NA,,poinim negidti norkgu,NA,poinim negidti norkgu,,NA,142,Tue Jun 12 14:15:50 2018
5sc11,extrapolation,unmarked,initial,ti,"['gu', 'sa']",SimplePhrase_Typing,kick_waitress_sg_chef_sg,NA,NA,,kikim vaem norkgu,NA,kikim vaem norkgu,,NA,143,Tue Jun 12 14:15:59 2018
5sc11,extrapolation,unmarked,initial,ti,"['gu', 'sa']",SimplePhrase_Typing,punch_burglar_pl_waitress_sg,NA,NA,,straikim tumbatti vaemgu,NA,straikim tumbatti vaemgu,,NA,144,Tue Jun 12 14:16:11 2018
5sc11,extrapolation,unmarked,initial,ti,"['gu', 'sa']",SimplePhrase_Typing,kick_chef_sg_waitress_sg,NA,NA,,kikim nork vaemgu,NA,kikim nork vaemgu,,NA,145,Tue Jun 12 14:16:21 2018
5sc11,extrapolation,unmarked,initial,ti,"['gu', 'sa']",SimplePhrase_Typing,kick_waitress_pl_cowboy_sg,NA,NA,,kikim vaemti negidsa,NA,kikim vaemti negidsa,,NA,146,Tue Jun 12 14:16:31 2018
5sc11,extrapolation,unmarked,initial,ti,"['gu', 'sa']",SimplePhrase_Typing,point_chef_sg_burglar_sg,NA,NA,,poinim nork tumbatsa,NA,poinim nork tumbatsa,,NA,147,Tue Jun 12 14:16:40 2018
5sc11,extrapolation,unmarked,initial,ti,"['gu', 'sa']",SimplePhrase_Typing,point_cowboy_sg_waitress_sg,NA,NA,,poinim negid vaemgu,NA,poinim negid vaemgu,,NA,148,Tue Jun 12 14:16:49 2018
5sc11,extrapolation,unmarked,initial,ti,"['gu', 'sa']",ComplexPhrase_Typing,punch_cowboy_sg_burglar_pl,burglar,tumbat,0,straikim negid tumbattisa,NA,straikim negid tambatsati,,NA,149,Tue Jun 12 14:17:45 2018
5sc11,extrapolation,unmarked,initial,ti,"['gu', 'sa']",ComplexPhrase_Typing,point_burglar_sg_waitress_pl,waitress,vaem,0,poinim tumbat vaemtigu,NA,poinim tambat vaemguti,,NA,150,Tue Jun 12 14:17:56 2018
5sc11,extrapolation,unmarked,initial,ti,"['gu', 'sa']",ComplexPhrase_Typing,punch_cowboy_sg_chef_pl,chef,nork,0,straikim negid norktigu,NA,straikim negid norkguti,,NA,151,Tue Jun 12 14:18:03 2018
5sc11,extrapolation,unmarked,initial,ti,"['gu', 'sa']",ComplexPhrase_Typing,punch_chef_sg_cowboy_pl,cowboy,negid,0,straikim nork negidtisa,NA,straikim nork negidsati,,NA,152,Tue Jun 12 14:18:07 2018
5sc11,extrapolation,unmarked,initial,ti,"['gu', 'sa']",ComplexPhrase_Typing,punch_cowboy_sg_chef_pl,chef,nork,0,straikim negid norktigu,NA,straikim negid norkguti,,NA,153,Tue Jun 12 14:18:12 2018
5sc11,extrapolation,unmarked,initial,ti,"['gu', 'sa']",ComplexPhrase_Typing,punch_cowboy_sg_burglar_pl,burglar,tumbat,0,straikim negid tumbattisa,NA,straikim negid tambatsati,,NA,154,Tue Jun 12 14:18:16 2018
5sc11,extrapolation,unmarked,initial,ti,"['gu', 'sa']",ComplexPhrase_Typing,punch_chef_sg_cowboy_pl,cowboy,negid,0,straikim nork negidtisa,NA,straikim nork negidsati,,NA,155,Tue Jun 12 14:18:21 2018
5sc11,extrapolation,unmarked,initial,ti,"['gu', 'sa']",ComplexPhrase_Typing,point_burglar_sg_waitress_pl,waitress,vaem,0,poinim tumbat vaemtigu,NA,poinim tambat vaemguti,,NA,156,Tue Jun 12 14:18:25 2018
5sc11,extrapolation,unmarked,initial,ti,"['gu', 'sa']",ComplexPhrase_Typing,punch_cowboy_sg_burglar_pl,burglar,tumbat,0,straikim negid tumbattisa,NA,straikim negid tambatsati,,NA,157,Tue Jun 12 14:18:29 2018
5sc11,extrapolation,unmarked,initial,ti,"['gu', 'sa']",ComplexPhrase_Typing,point_burglar_sg_waitress_pl,waitress,vaem,0,poinim tumbat vaemtigu,NA,poinim tambat vaemguti,,NA,158,Tue Jun 12 14:18:33 2018
5sc11,extrapolation,unmarked,initial,ti,"['gu', 'sa']",ComplexPhrase_Typing,punch_chef_sg_cowboy_pl,cowboy,negid,0,straikim nork negidtisa,NA,straikim nork negidsati,,NA,159,Tue Jun 12 14:18:37 2018
5sc11,extrapolation,unmarked,initial,ti,"['gu', 'sa']",ComplexPhrase_Typing,punch_cowboy_sg_chef_pl,chef,nork,0,straikim negid norktigu,NA,straikim negid norkguti,,NA,160,Tue Jun 12 14:18:43 2018
5sc11,extrapolation,unmarked,initial,ti,"['gu', 'sa']",ComplexPhrase_Testing,kick_cowboy_sg_waitress_pl,waitress,vaem,0,kikim negid vaemtigu,NA,NA,kikim negid vaemguti,NA,161,Tue Jun 12 14:19:20 2018
5sc11,extrapolation,unmarked,initial,ti,"['gu', 'sa']",ComplexPhrase_Testing,point_waitress_sg_cowboy_sg,NA,NA,,poinim vaem negidsa,NA,NA,poinim vaem negidsa,NA,162,Tue Jun 12 14:19:28 2018
5sc11,extrapolation,unmarked,initial,ti,"['gu', 'sa']",ComplexPhrase_Testing,punch_cowboy_pl_burglar_sg,NA,NA,,straikim negidti tumbatsa,NA,NA,straikim negidti tumbatsa,NA,163,Tue Jun 12 14:19:37 2018
5sc11,extrapolation,unmarked,initial,ti,"['gu', 'sa']",ComplexPhrase_Testing,punch_waitress_sg_burglar_pl,burglar,tumbat,0,straikim vaem tumbattisa,NA,NA,straikim vaem tumbatsati,NA,164,Tue Jun 12 14:19:45 2018
5sc11,extrapolation,unmarked,initial,ti,"['gu', 'sa']",ComplexPhrase_Testing,kick_cowboy_sg_burglar_pl,burglar,tumbat,0,kikim negid tumbattisa,NA,NA,kikim negid tumbatsati,NA,165,Tue Jun 12 14:19:49 2018
5sc11,extrapolation,unmarked,initial,ti,"['gu', 'sa']",ComplexPhrase_Testing,point_burglar_pl_chef_sg,NA,NA,,poinim tumbatti norkgu,NA,NA,poinim tumbatti norkgu,NA,166,Tue Jun 12 14:19:57 2018
5sc11,extrapolation,unmarked,initial,ti,"['gu', 'sa']",ComplexPhrase_Testing,punch_burglar_sg_waitress_pl,waitress,vaem,0,straikim tumbat vaemtigu,NA,NA,straikim tumbat vaemguti,NA,167,Tue Jun 12 14:20:06 2018
5sc11,extrapolation,unmarked,initial,ti,"['gu', 'sa']",ComplexPhrase_Testing,point_chef_sg_waitress_pl,waitress,vaem,0,poinim nork vaemtigu,NA,NA,poinim nork vaemguti,NA,168,Tue Jun 12 14:20:10 2018
5sc11,extrapolation,unmarked,initial,ti,"['gu', 'sa']",ComplexPhrase_Testing,punch_chef_sg_cowboy_pl,cowboy,negid,0,straikim nork negidtisa,NA,NA,straikim nork negidsati,NA,169,Tue Jun 12 14:20:15 2018
5sc11,extrapolation,unmarked,initial,ti,"['gu', 'sa']",ComplexPhrase_Testing,point_burglar_sg_cowboy_sg,NA,NA,,poinim tumbat negidsa,NA,NA,poinim tumbat negidsa,NA,170,Tue Jun 12 14:20:22 2018
5sc11,extrapolation,unmarked,initial,ti,"['gu', 'sa']",ComplexPhrase_Testing,punch_waitress_sg_chef_pl,chef,nork,0,straikim vaem norktigu,NA,NA,straikim vaem norkguti,NA,171,Tue Jun 12 14:20:29 2018
5sc11,extrapolation,unmarked,initial,ti,"['gu', 'sa']",ComplexPhrase_Testing,point_burglar_sg_cowboy_pl,cowboy,negid,0,poinim tumbat negidtisa,NA,NA,poinim tumbat negidsati,NA,172,Tue Jun 12 14:20:35 2018
5sc11,extrapolation,unmarked,initial,ti,"['gu', 'sa']",ComplexPhrase_Testing,punch_cowboy_sg_burglar_sg,NA,NA,,straikim negid tumbatsa,NA,NA,straikim negid tumbatsa,NA,173,Tue Jun 12 14:20:39 2018
5sc11,extrapolation,unmarked,initial,ti,"['gu', 'sa']",ComplexPhrase_Testing,kick_cowboy_sg_waitress_pl,waitress,vaem,0,kikim negid vaemtigu,NA,NA,kikim negid vaemguti,NA,174,Tue Jun 12 14:20:47 2018
5sc11,extrapolation,unmarked,initial,ti,"['gu', 'sa']",ComplexPhrase_Testing,chef,NA,NA,,nork,NA,NA,nork,NA,175,Tue Jun 12 14:20:49 2018
5sc11,extrapolation,unmarked,initial,ti,"['gu', 'sa']",ComplexPhrase_Testing,punch_cowboy_sg_chef_pl,chef,nork,0,straikim negid norktigu,NA,NA,straikim negid norkguti,NA,176,Tue Jun 12 14:20:59 2018
5sc11,extrapolation,unmarked,initial,ti,"['gu', 'sa']",ComplexPhrase_Testing,punch_chef_sg_cowboy_pl,cowboy,negid,0,straikim nork negidtisa,NA,NA,straikim nork negidsati,NA,177,Tue Jun 12 14:21:04 2018
5sc11,extrapolation,unmarked,initial,ti,"['gu', 'sa']",ComplexPhrase_Testing,punch_chef_pl_waitress_sg,NA,NA,,straikim norkti vaemgu,NA,NA,straikim norkti vaemgu,NA,178,Tue Jun 12 14:21:08 2018
5sc11,extrapolation,unmarked,initial,ti,"['gu', 'sa']",ComplexPhrase_Testing,punch_burglar_sg_waitress_pl,waitress,vaem,0,straikim tumbat vaemtigu,NA,NA,straikim tumbat vaemguti,NA,179,Tue Jun 12 14:21:16 2018
5sc11,extrapolation,unmarked,initial,ti,"['gu', 'sa']",ComplexPhrase_Testing,point_chef_sg_cowboy_pl,cowboy,negid,0,poinim nork negidtisa,NA,NA,poinim nork negidsati,NA,180,Tue Jun 12 14:21:21 2018
5sc11,extrapolation,unmarked,initial,ti,"['gu', 'sa']",ComplexPhrase_Testing,punch_cowboy_sg_chef_sg,NA,NA,,straikim negid norkgu,NA,NA,straikim negid norkgu,NA,181,Tue Jun 12 14:21:26 2018
5sc11,extrapolation,unmarked,initial,ti,"['gu', 'sa']",ComplexPhrase_Testing,punch_cowboy_sg_burglar_pl,burglar,tumbat,0,straikim negid tumbattisa,NA,NA,straikim negid tumbatsati,NA,182,Tue Jun 12 14:21:33 2018
5sc11,extrapolation,unmarked,initial,ti,"['gu', 'sa']",ComplexPhrase_Testing,point_burglar_sg_chef_pl,chef,nork,0,poinim tumbat norktigu,NA,NA,poinim tumbat norkguti,NA,183,Tue Jun 12 14:21:37 2018
5sc11,extrapolation,unmarked,initial,ti,"['gu', 'sa']",ComplexPhrase_Testing,kick_cowboy_sg_waitress_pl,waitress,vaem,0,kikim negid vaemtigu,NA,NA,kikim negid vaemguti,NA,184,Tue Jun 12 14:21:41 2018
5sc11,extrapolation,unmarked,initial,ti,"['gu', 'sa']",ComplexPhrase_Testing,burglar,NA,NA,,tumbat,NA,NA,tumbat,NA,185,Tue Jun 12 14:21:43 2018
5sc11,extrapolation,unmarked,initial,ti,"['gu', 'sa']",ComplexPhrase_Testing,punch_waitress_sg_chef_pl,chef,nork,0,straikim vaem norktigu,NA,NA,straikim vaem norkguti,NA,186,Tue Jun 12 14:21:52 2018
5sc11,extrapolation,unmarked,initial,ti,"['gu', 'sa']",ComplexPhrase_Testing,point_waitress_pl_burglar_sg,NA,NA,,poinim vaemti tumbatsa,NA,NA,poinim vaemti tumbatsa,NA,187,Tue Jun 12 14:21:57 2018
5sc11,extrapolation,unmarked,initial,ti,"['gu', 'sa']",ComplexPhrase_Testing,punch_burglar_sg_waitress_pl,waitress,vaem,0,straikim tumbat vaemtigu,NA,NA,straikim tumbat vaemguti,NA,188,Tue Jun 12 14:22:05 2018
5sc11,extrapolation,unmarked,initial,ti,"['gu', 'sa']",ComplexPhrase_Testing,point_chef_sg_waitress_pl,waitress,vaem,0,poinim nork vaemtigu,NA,NA,poinim nork vaemguti,NA,189,Tue Jun 12 14:22:09 2018
5sc11,extrapolation,unmarked,initial,ti,"['gu', 'sa']",ComplexPhrase_Testing,point_waitress_pl_cowboy_sg,NA,NA,,poinim vaemti negidsa,NA,NA,poinim vaemti negidsa,NA,190,Tue Jun 12 14:22:13 2018
5sc11,extrapolation,unmarked,initial,ti,"['gu', 'sa']",ComplexPhrase_Testing,punch_cowboy_sg_burglar_pl,burglar,tumbat,0,straikim negid tumbattisa,NA,NA,straikim negid tumbatsati,NA,191,Tue Jun 12 14:22:21 2018
5sc11,extrapolation,unmarked,initial,ti,"['gu', 'sa']",ComplexPhrase_Testing,kick_burglar_sg_chef_sg,NA,NA,,kikim tumbat norkgu,NA,NA,kikim tumbat norkgu,NA,192,Tue Jun 12 14:22:24 2018
5sc11,extrapolation,unmarked,initial,ti,"['gu', 'sa']",ComplexPhrase_Testing,punch_cowboy_sg_chef_pl,chef,nork,0,straikim negid norktigu,NA,NA,straikim negid norkguti,NA,193,Tue Jun 12 14:22:32 2018
5sc11,extrapolation,unmarked,initial,ti,"['gu', 'sa']",ComplexPhrase_Testing,point_burglar_pl_waitress_sg,NA,NA,,poinim tumbatti vaemgu,NA,NA,poinim tumbatti vaemgu,NA,194,Tue Jun 12 14:22:35 2018
5sc11,extrapolation,unmarked,initial,ti,"['gu', 'sa']",ComplexPhrase_Testing,point_burglar_sg_chef_pl,chef,nork,0,poinim tumbat norktigu,NA,NA,poinim tumbat norkguti,NA,195,Tue Jun 12 14:22:45 2018
5sc11,extrapolation,unmarked,initial,ti,"['gu', 'sa']",ComplexPhrase_Testing,punch_waitress_sg_burglar_pl,burglar,tumbat,0,straikim vaem tumbattisa,NA,NA,straikim vaem tumbatsati,NA,196,Tue Jun 12 14:22:50 2018
5sc11,extrapolation,unmarked,initial,ti,"['gu', 'sa']",ComplexPhrase_Testing,punch_cowboy_sg_burglar_pl,burglar,tumbat,0,straikim negid tumbattisa,NA,NA,straikim negid tumbatsati,NA,197,Tue Jun 12 14:22:54 2018
5sc11,extrapolation,unmarked,initial,ti,"['gu', 'sa']",ComplexPhrase_Testing,point_chef_sg_cowboy_pl,cowboy,negid,0,poinim nork negidtisa,NA,NA,poinim nork negidsati,NA,198,Tue Jun 12 14:22:58 2018
5sc11,extrapolation,unmarked,initial,ti,"['gu', 'sa']",ComplexPhrase_Testing,point_chef_sg_cowboy_pl,cowboy,negid,0,poinim nork negidtisa,NA,NA,poinim nork negidsati,NA,199,Tue Jun 12 14:23:05 2018
5sc11,extrapolation,unmarked,initial,ti,"['gu', 'sa']",ComplexPhrase_Testing,kick_cowboy_sg_burglar_pl,burglar,tumbat,0,kikim negid tumbattisa,NA,NA,kikim negid tumbatsati,NA,200,Tue Jun 12 14:23:09 2018
5sc11,extrapolation,unmarked,initial,ti,"['gu', 'sa']",ComplexPhrase_Testing,point_burglar_sg_chef_pl,chef,nork,0,poinim tumbat norktigu,NA,NA,poinim tumbat norkguti,NA,201,Tue Jun 12 14:23:14 2018
5sc11,extrapolation,unmarked,initial,ti,"['gu', 'sa']",ComplexPhrase_Testing,cowboy,NA,NA,,negid,NA,NA,negid,NA,202,Tue Jun 12 14:23:16 2018
5sc11,extrapolation,unmarked,initial,ti,"['gu', 'sa']",ComplexPhrase_Testing,kick_cowboy_sg_burglar_pl,burglar,tumbat,0,kikim negid tumbattisa,NA,NA,kikim negid tumbatsati,NA,203,Tue Jun 12 14:23:22 2018
5sc11,extrapolation,unmarked,initial,ti,"['gu', 'sa']",ComplexPhrase_Testing,punch_chef_sg_cowboy_pl,cowboy,negid,0,straikim nork negidtisa,NA,NA,straikim nork negidsati,NA,204,Tue Jun 12 14:23:26 2018
5sc11,extrapolation,unmarked,initial,ti,"['gu', 'sa']",ComplexPhrase_Testing,punch_waitress_sg_burglar_pl,burglar,tumbat,0,straikim vaem tumbattisa,NA,NA,straikim vaem tumbatsati,NA,205,Tue Jun 12 14:23:30 2018
5sc11,extrapolation,unmarked,initial,ti,"['gu', 'sa']",ComplexPhrase_Testing,punch_waitress_sg_chef_pl,chef,nork,0,straikim vaem norktigu,NA,NA,straikim vaem norkguti,NA,206,Tue Jun 12 14:23:34 2018
5sc11,extrapolation,unmarked,initial,ti,"['gu', 'sa']",ComplexPhrase_Testing,point_burglar_sg_cowboy_pl,cowboy,negid,0,poinim tumbat negidtisa,NA,NA,poinim tumbat negidsati,NA,207,Tue Jun 12 14:23:40 2018
5sc11,extrapolation,unmarked,initial,ti,"['gu', 'sa']",ComplexPhrase_Testing,punch_cowboy_sg_chef_pl,chef,nork,0,straikim negid norktigu,NA,NA,straikim negid norkguti,NA,208,Tue Jun 12 14:23:48 2018
5sc11,extrapolation,unmarked,initial,ti,"['gu', 'sa']",ComplexPhrase_Testing,point_burglar_sg_cowboy_pl,cowboy,negid,0,poinim tumbat negidtisa,NA,NA,poinim tumbat negidsati,NA,209,Tue Jun 12 14:23:52 2018
5sc11,extrapolation,unmarked,initial,ti,"['gu', 'sa']",ComplexPhrase_Testing,waitress,NA,NA,,vaem,NA,NA,vaem,NA,210,Tue Jun 12 14:23:54 2018
5sc11,extrapolation,unmarked,initial,ti,"['gu', 'sa']",ComplexPhrase_Testing,kick_burglar_sg_waitress_sg,NA,NA,,kikim tumbat vaemgu,NA,NA,kikim tumbat vaemgu,NA,211,Tue Jun 12 14:24:00 2018
5sc11,extrapolation,unmarked,initial,ti,"['gu', 'sa']",ComplexPhrase_Testing,point_chef_sg_waitress_pl,waitress,NA,,poinim nork vaemtigu,NA,NA,poinim nork vaemgu,NA,212,Tue Jun 12 14:24:07 2018
5sc11,extrapolation,unmarked,initial,ti,"['gu', 'sa']",Questionnaire,NA,NA,NA,,NA,NA,NA,,one,MeaningCase,Tue Jun 12 14:25:12 2018
5sc11,extrapolation,unmarked,initial,ti,"['gu', 'sa']",Questionnaire,NA,NA,NA,,NA,NA,NA,,two,MeaningNum,Tue Jun 12 14:25:12 2018
5sc11,extrapolation,unmarked,initial,ti,"['gu', 'sa']",Questionnaire,NA,NA,NA,,NA,NA,NA,,after,OrderCaseNoun,Tue Jun 12 14:25:12 2018
5sc11,extrapolation,unmarked,initial,ti,"['gu', 'sa']",Questionnaire,NA,NA,NA,,NA,NA,NA,,after,OrderNumNoun,Tue Jun 12 14:25:12 2018
5sc11,extrapolation,unmarked,initial,ti,"['gu', 'sa']",Questionnaire,NA,NA,NA,,NA,NA,NA,,unsure,OrderNumCase,Tue Jun 12 14:25:12 2018
5sc11,extrapolation,unmarked,initial,ti,"['gu', 'sa']",Questionnaire,NA,NA,NA,,NA,NA,NA,,english,Languages,Tue Jun 12 14:25:12 2018