ID,Condition,MajorityOrder,NounPosition,markerNum,markerCase,Phase,Meaning,NounItem,Noun,binaryResp,InputSentence,Selection,TypedResponse,SpokenResponse,AnswerQuest,Trial,date&time
5sc05,extrapolation,unmarked,initial,gu,"['sa', 'ti']",Noun_Training,cowboy,NA,NA,,nork,NA,NA,,NA,1,Thu May 31 11:35:29 2018
5sc05,extrapolation,unmarked,initial,gu,"['sa', 'ti']",Noun_Training,burglar,NA,NA,,negid,NA,NA,,NA,2,Thu May 31 11:35:34 2018
5sc05,extrapolation,unmarked,initial,gu,"['sa', 'ti']",Noun_Training,burglar,NA,NA,,negid,NA,NA,,NA,3,Thu May 31 11:35:39 2018
5sc05,extrapolation,unmarked,initial,gu,"['sa', 'ti']",Noun_Training,waitress,NA,NA,,tumbat,NA,NA,,NA,4,Thu May 31 11:35:44 2018
5sc05,extrapolation,unmarked,initial,gu,"['sa', 'ti']",Noun_Training,chef,NA,NA,,vaem,NA,NA,,NA,5,Thu May 31 11:35:48 2018
5sc05,extrapolation,unmarked,initial,gu,"['sa', 'ti']",Noun_Training,waitress,NA,NA,,tumbat,NA,NA,,NA,6,Thu May 31 11:35:53 2018
5sc05,extrapolation,unmarked,initial,gu,"['sa', 'ti']",Noun_Training,burglar,NA,NA,,negid,NA,NA,,NA,7,Thu May 31 11:35:58 2018
5sc05,extrapolation,unmarked,initial,gu,"['sa', 'ti']",Noun_Training,burglar,NA,NA,,negid,NA,NA,,NA,8,Thu May 31 11:36:03 2018
5sc05,extrapolation,unmarked,initial,gu,"['sa', 'ti']",Noun_Training,cowboy,NA,NA,,nork,NA,NA,,NA,9,Thu May 31 11:36:08 2018
5sc05,extrapolation,unmarked,initial,gu,"['sa', 'ti']",Noun_Training,chef,NA,NA,,vaem,NA,NA,,NA,10,Thu May 31 11:36:12 2018
5sc05,extrapolation,unmarked,initial,gu,"['sa', 'ti']",Noun_Training,chef,NA,NA,,vaem,NA,NA,,NA,11,Thu May 31 11:36:17 2018
5sc05,extrapolation,unmarked,initial,gu,"['sa', 'ti']",Noun_Training,waitress,NA,NA,,tumbat,NA,NA,,NA,12,Thu May 31 11:36:22 2018
5sc05,extrapolation,unmarked,initial,gu,"['sa', 'ti']",Noun_Training,cowboy,NA,NA,,nork,NA,NA,,NA,13,Thu May 31 11:36:27 2018
5sc05,extrapolation,unmarked,initial,gu,"['sa', 'ti']",Noun_Training,cowboy,NA,NA,,nork,NA,NA,,NA,14,Thu May 31 11:36:32 2018
5sc05,extrapolation,unmarked,initial,gu,"['sa', 'ti']",Noun_Training,chef,NA,NA,,vaem,NA,NA,,NA,15,Thu May 31 11:36:37 2018
5sc05,extrapolation,unmarked,initial,gu,"['sa', 'ti']",Noun_Training,waitress,NA,NA,,tumbat,NA,NA,,NA,16,Thu May 31 11:36:42 2018
5sc05,extrapolation,unmarked,initial,gu,"['sa', 'ti']",Noun_Training,chef,NA,NA,,vaem,NA,NA,,NA,17,Thu May 31 11:36:46 2018
5sc05,extrapolation,unmarked,initial,gu,"['sa', 'ti']",Noun_Training,burglar,NA,NA,,negid,NA,NA,,NA,18,Thu May 31 11:36:51 2018
5sc05,extrapolation,unmarked,initial,gu,"['sa', 'ti']",Noun_Training,cowboy,NA,NA,,nork,NA,NA,,NA,19,Thu May 31 11:36:56 2018
5sc05,extrapolation,unmarked,initial,gu,"['sa', 'ti']",Noun_Training,cowboy,NA,NA,,nork,NA,NA,,NA,20,Thu May 31 11:37:01 2018
5sc05,extrapolation,unmarked,initial,gu,"['sa', 'ti']",Noun_Training,chef,NA,NA,,vaem,NA,NA,,NA,21,Thu May 31 11:37:06 2018
5sc05,extrapolation,unmarked,initial,gu,"['sa', 'ti']",Noun_Training,burglar,NA,NA,,negid,NA,NA,,NA,22,Thu May 31 11:37:11 2018
5sc05,extrapolation,unmarked,initial,gu,"['sa', 'ti']",Noun_Training,waitress,NA,NA,,tumbat,NA,NA,,NA,23,Thu May 31 11:37:16 2018
5sc05,extrapolation,unmarked,initial,gu,"['sa', 'ti']",Noun_Training,waitress,NA,NA,,tumbat,NA,NA,,NA,24,Thu May 31 11:37:20 2018
5sc05,extrapolation,unmarked,initial,gu,"['sa', 'ti']",Noun_Selection,waitress,NA,NA,,tumbat,correct,NA,,NA,25,Thu May 31 11:37:44 2018
5sc05,extrapolation,unmarked,initial,gu,"['sa', 'ti']",Noun_Selection,chef,NA,NA,,vaem,correct,NA,,NA,26,Thu May 31 11:37:48 2018
5sc05,extrapolation,unmarked,initial,gu,"['sa', 'ti']",Noun_Selection,waitress,NA,NA,,tumbat,correct,NA,,NA,27,Thu May 31 11:37:51 2018
5sc05,extrapolation,unmarked,initial,gu,"['sa', 'ti']",Noun_Selection,waitress,NA,NA,,tumbat,correct,NA,,NA,28,Thu May 31 11:37:54 2018
5sc05,extrapolation,unmarked,initial,gu,"['sa', 'ti']",Noun_Selection,chef,NA,NA,,vaem,correct,NA,,NA,29,Thu May 31 11:37:58 2018
5sc05,extrapolation,unmarked,initial,gu,"['sa', 'ti']",Noun_Selection,cowboy,NA,NA,,nork,correct,NA,,NA,30,Thu May 31 11:38:01 2018
5sc05,extrapolation,unmarked,initial,gu,"['sa', 'ti']",Noun_Selection,burglar,NA,NA,,negid,correct,NA,,NA,31,Thu May 31 11:38:05 2018
5sc05,extrapolation,unmarked,initial,gu,"['sa', 'ti']",Noun_Selection,cowboy,NA,NA,,nork,correct,NA,,NA,32,Thu May 31 11:38:09 2018
5sc05,extrapolation,unmarked,initial,gu,"['sa', 'ti']",Noun_Selection,cowboy,NA,NA,,nork,correct,NA,,NA,33,Thu May 31 11:38:12 2018
5sc05,extrapolation,unmarked,initial,gu,"['sa', 'ti']",Noun_Selection,chef,NA,NA,,vaem,correct,NA,,NA,34,Thu May 31 11:38:15 2018
5sc05,extrapolation,unmarked,initial,gu,"['sa', 'ti']",Noun_Selection,burglar,NA,NA,,negid,correct,NA,,NA,35,Thu May 31 11:38:18 2018
5sc05,extrapolation,unmarked,initial,gu,"['sa', 'ti']",Noun_Selection,burglar,NA,NA,,negid,correct,NA,,NA,36,Thu May 31 11:38:21 2018
5sc05,extrapolation,unmarked,initial,gu,"['sa', 'ti']",Noun_Testing,chef,NA,NA,,vaem,NA,NA,vaem,NA,37,Thu May 31 11:38:46 2018
5sc05,extrapolation,unmarked,initial,gu,"['sa', 'ti']",Noun_Testing,cowboy,NA,NA,,nork,NA,NA,nork,NA,38,Thu May 31 11:38:51 2018
5sc05,extrapolation,unmarked,initial,gu,"['sa', 'ti']",Noun_Testing,chef,NA,NA,,vaem,NA,NA,vaem,NA,39,Thu May 31 11:38:56 2018
5sc05,extrapolation,unmarked,initial,gu,"['sa', 'ti']",Noun_Testing,waitress,NA,NA,,tumbat,NA,NA,tumbat,NA,40,Thu May 31 11:39:00 2018
5sc05,extrapolation,unmarked,initial,gu,"['sa', 'ti']",Noun_Testing,waitress,NA,NA,,tumbat,NA,NA,tumbat,NA,41,Thu May 31 11:39:05 2018
5sc05,extrapolation,unmarked,initial,gu,"['sa', 'ti']",Noun_Testing,waitress,NA,NA,,tumbat,NA,NA,tumbat,NA,42,Thu May 31 11:39:09 2018
5sc05,extrapolation,unmarked,initial,gu,"['sa', 'ti']",Noun_Testing,cowboy,NA,NA,,nork,NA,NA,nork,NA,43,Thu May 31 11:39:14 2018
5sc05,extrapolation,unmarked,initial,gu,"['sa', 'ti']",Noun_Testing,burglar,NA,NA,,negid,NA,NA,negid,NA,44,Thu May 31 11:39:18 2018
5sc05,extrapolation,unmarked,initial,gu,"['sa', 'ti']",Noun_Testing,cowboy,NA,NA,,nork,NA,NA,nork,NA,45,Thu May 31 11:39:22 2018
5sc05,extrapolation,unmarked,initial,gu,"['sa', 'ti']",Noun_Testing,burglar,NA,NA,,negid,NA,NA,negid,NA,46,Thu May 31 11:39:26 2018
5sc05,extrapolation,unmarked,initial,gu,"['sa', 'ti']",Noun_Testing,burglar,NA,NA,,negid,NA,NA,negid,NA,47,Thu May 31 11:39:29 2018
5sc05,extrapolation,unmarked,initial,gu,"['sa', 'ti']",Noun_Testing,chef,NA,NA,,vaem,NA,NA,vaem,NA,48,Thu May 31 11:39:33 2018
5sc05,extrapolation,unmarked,initial,gu,"['sa', 'ti']",SimplePhrase_Training,punch_chef_sg_waitress_sg,NA,NA,,straikim vaem tumbatti,NA,NA,,NA,49,Thu May 31 11:40:10 2018
5sc05,extrapolation,unmarked,initial,gu,"['sa', 'ti']",SimplePhrase_Training,point_cowboy_pl_burglar_sg,NA,NA,,poinim norkgu negidti,NA,NA,,NA,50,Thu May 31 11:40:17 2018
5sc05,extrapolation,unmarked,initial,gu,"['sa', 'ti']",SimplePhrase_Training,point_chef_pl_burglar_sg,NA,NA,,poinim vaemgu negidti,NA,NA,,NA,51,Thu May 31 11:40:25 2018
5sc05,extrapolation,unmarked,initial,gu,"['sa', 'ti']",SimplePhrase_Training,punch_waitress_sg_chef_sg,NA,NA,,straikim tumbat vaemsa,NA,NA,,NA,52,Thu May 31 11:40:32 2018
5sc05,extrapolation,unmarked,initial,gu,"['sa', 'ti']",SimplePhrase_Training,point_waitress_sg_chef_sg,NA,NA,,poinim tumbat vaemsa,NA,NA,,NA,53,Thu May 31 11:40:40 2018
5sc05,extrapolation,unmarked,initial,gu,"['sa', 'ti']",SimplePhrase_Training,punch_cowboy_pl_waitress_sg,NA,NA,,straikim norkgu tumbatti,NA,NA,,NA,54,Thu May 31 11:40:47 2018
5sc05,extrapolation,unmarked,initial,gu,"['sa', 'ti']",SimplePhrase_Training,kick_waitress_pl_burglar_sg,NA,NA,,kikim tumbatgu negidti,NA,NA,,NA,55,Thu May 31 11:40:55 2018
5sc05,extrapolation,unmarked,initial,gu,"['sa', 'ti']",SimplePhrase_Training,punch_burglar_sg_chef_sg,NA,NA,,straikim negid vaemsa,NA,NA,,NA,56,Thu May 31 11:41:02 2018
5sc05,extrapolation,unmarked,initial,gu,"['sa', 'ti']",SimplePhrase_Training,kick_chef_pl_waitress_sg,NA,NA,,kikim vaemgu tumbatti,NA,NA,,NA,57,Thu May 31 11:41:10 2018
5sc05,extrapolation,unmarked,initial,gu,"['sa', 'ti']",SimplePhrase_Training,punch_cowboy_sg_chef_sg,NA,NA,,straikim nork vaemsa,NA,NA,,NA,58,Thu May 31 11:41:17 2018
5sc05,extrapolation,unmarked,initial,gu,"['sa', 'ti']",SimplePhrase_Training,punch_burglar_pl_waitress_sg,NA,NA,,straikim negidgu tumbatti,NA,NA,,NA,59,Thu May 31 11:41:25 2018
5sc05,extrapolation,unmarked,initial,gu,"['sa', 'ti']",SimplePhrase_Training,point_chef_pl_cowboy_sg,NA,NA,,poinim vaemgu norksa,NA,NA,,NA,60,Thu May 31 11:41:32 2018
5sc05,extrapolation,unmarked,initial,gu,"['sa', 'ti']",SimplePhrase_Training,punch_waitress_pl_cowboy_sg,NA,NA,,straikim tumbatgu norksa,NA,NA,,NA,61,Thu May 31 11:41:40 2018
5sc05,extrapolation,unmarked,initial,gu,"['sa', 'ti']",SimplePhrase_Training,burglar,NA,NA,,negid,NA,NA,,NA,62,Thu May 31 11:41:45 2018
5sc05,extrapolation,unmarked,initial,gu,"['sa', 'ti']",SimplePhrase_Training,kick_burglar_pl_cowboy_sg,NA,NA,,kikim negidgu norksa,NA,NA,,NA,63,Thu May 31 11:41:52 2018
5sc05,extrapolation,unmarked,initial,gu,"['sa', 'ti']",SimplePhrase_Training,point_cowboy_sg_waitress_sg,NA,NA,,poinim nork tumbatti,NA,NA,,NA,64,Thu May 31 11:42:00 2018
5sc05,extrapolation,unmarked,initial,gu,"['sa', 'ti']",SimplePhrase_Training,kick_burglar_pl_waitress_sg,NA,NA,,kikim negidgu tumbatti,NA,NA,,NA,65,Thu May 31 11:42:07 2018
5sc05,extrapolation,unmarked,initial,gu,"['sa', 'ti']",SimplePhrase_Training,chef,NA,NA,,vaem,NA,NA,,NA,66,Thu May 31 11:42:12 2018
5sc05,extrapolation,unmarked,initial,gu,"['sa', 'ti']",SimplePhrase_Training,point_chef_sg_cowboy_sg,NA,NA,,poinim vaem norksa,NA,NA,,NA,67,Thu May 31 11:42:19 2018
5sc05,extrapolation,unmarked,initial,gu,"['sa', 'ti']",SimplePhrase_Training,point_waitress_pl_burglar_sg,NA,NA,,poinim tumbatgu negidti,NA,NA,,NA,68,Thu May 31 11:42:27 2018
5sc05,extrapolation,unmarked,initial,gu,"['sa', 'ti']",SimplePhrase_Training,kick_waitress_sg_burglar_sg,NA,NA,,kikim tumbat negidti,NA,NA,,NA,69,Thu May 31 11:42:34 2018
5sc05,extrapolation,unmarked,initial,gu,"['sa', 'ti']",SimplePhrase_Training,cowboy,NA,NA,,nork,NA,NA,,NA,70,Thu May 31 11:42:39 2018
5sc05,extrapolation,unmarked,initial,gu,"['sa', 'ti']",SimplePhrase_Training,punch_waitress_pl_chef_sg,NA,NA,,straikim tumbatgu vaemsa,NA,NA,,NA,71,Thu May 31 11:42:47 2018
5sc05,extrapolation,unmarked,initial,gu,"['sa', 'ti']",SimplePhrase_Training,cowboy,NA,NA,,nork,NA,NA,,NA,72,Thu May 31 11:42:52 2018
5sc05,extrapolation,unmarked,initial,gu,"['sa', 'ti']",SimplePhrase_Training,point_burglar_sg_cowboy_sg,NA,NA,,poinim negid norksa,NA,NA,,NA,73,Thu May 31 11:42:59 2018
5sc05,extrapolation,unmarked,initial,gu,"['sa', 'ti']",SimplePhrase_Training,kick_chef_sg_waitress_sg,NA,NA,,kikim vaem tumbatti,NA,NA,,NA,74,Thu May 31 11:43:06 2018
5sc05,extrapolation,unmarked,initial,gu,"['sa', 'ti']",SimplePhrase_Training,point_waitress_pl_chef_sg,NA,NA,,poinim tumbatgu vaemsa,NA,NA,,NA,75,Thu May 31 11:43:14 2018
5sc05,extrapolation,unmarked,initial,gu,"['sa', 'ti']",SimplePhrase_Training,kick_cowboy_pl_burglar_sg,NA,NA,,kikim norkgu negidti,NA,NA,,NA,76,Thu May 31 11:43:21 2018
5sc05,extrapolation,unmarked,initial,gu,"['sa', 'ti']",SimplePhrase_Training,kick_waitress_pl_chef_sg,NA,NA,,kikim tumbatgu vaemsa,NA,NA,,NA,77,Thu May 31 11:43:29 2018
5sc05,extrapolation,unmarked,initial,gu,"['sa', 'ti']",SimplePhrase_Training,point_cowboy_pl_waitress_sg,NA,NA,,poinim norkgu tumbatti,NA,NA,,NA,78,Thu May 31 11:43:36 2018
5sc05,extrapolation,unmarked,initial,gu,"['sa', 'ti']",SimplePhrase_Training,kick_chef_sg_cowboy_sg,NA,NA,,kikim vaem norksa,NA,NA,,NA,79,Thu May 31 11:43:43 2018
5sc05,extrapolation,unmarked,initial,gu,"['sa', 'ti']",SimplePhrase_Training,point_burglar_sg_waitress_sg,NA,NA,,poinim negid tumbatti,NA,NA,,NA,80,Thu May 31 11:43:51 2018
5sc05,extrapolation,unmarked,initial,gu,"['sa', 'ti']",SimplePhrase_Training,punch_chef_sg_burglar_sg,NA,NA,,straikim vaem negidti,NA,NA,,NA,81,Thu May 31 11:43:58 2018
5sc05,extrapolation,unmarked,initial,gu,"['sa', 'ti']",SimplePhrase_Training,point_burglar_pl_cowboy_sg,NA,NA,,poinim negidgu norksa,NA,NA,,NA,82,Thu May 31 11:44:06 2018
5sc05,extrapolation,unmarked,initial,gu,"['sa', 'ti']",SimplePhrase_Training,punch_chef_sg_cowboy_sg,NA,NA,,straikim vaem norksa,NA,NA,,NA,83,Thu May 31 11:44:13 2018
5sc05,extrapolation,unmarked,initial,gu,"['sa', 'ti']",SimplePhrase_Training,point_chef_sg_burglar_sg,NA,NA,,poinim vaem negidti,NA,NA,,NA,84,Thu May 31 11:44:20 2018
5sc05,extrapolation,unmarked,initial,gu,"['sa', 'ti']",SimplePhrase_Training,kick_cowboy_sg_chef_sg,NA,NA,,kikim nork vaemsa,NA,NA,,NA,85,Thu May 31 11:44:28 2018
5sc05,extrapolation,unmarked,initial,gu,"['sa', 'ti']",SimplePhrase_Training,punch_chef_pl_cowboy_sg,NA,NA,,straikim vaemgu norksa,NA,NA,,NA,86,Thu May 31 11:44:36 2018
5sc05,extrapolation,unmarked,initial,gu,"['sa', 'ti']",SimplePhrase_Training,point_chef_pl_waitress_sg,NA,NA,,poinim vaemgu tumbatti,NA,NA,,NA,87,Thu May 31 11:44:43 2018
5sc05,extrapolation,unmarked,initial,gu,"['sa', 'ti']",SimplePhrase_Training,punch_burglar_sg_cowboy_sg,NA,NA,,straikim negid norksa,NA,NA,,NA,88,Thu May 31 11:44:50 2018
5sc05,extrapolation,unmarked,initial,gu,"['sa', 'ti']",SimplePhrase_Training,waitress,NA,NA,,tumbat,NA,NA,,NA,89,Thu May 31 11:44:55 2018
5sc05,extrapolation,unmarked,initial,gu,"['sa', 'ti']",SimplePhrase_Training,chef,NA,NA,,vaem,NA,NA,,NA,90,Thu May 31 11:45:00 2018
5sc05,extrapolation,unmarked,initial,gu,"['sa', 'ti']",SimplePhrase_Training,burglar,NA,NA,,negid,NA,NA,,NA,91,Thu May 31 11:45:05 2018
5sc05,extrapolation,unmarked,initial,gu,"['sa', 'ti']",SimplePhrase_Training,kick_cowboy_sg_burglar_sg,NA,NA,,kikim nork negidti,NA,NA,,NA,92,Thu May 31 11:45:12 2018
5sc05,extrapolation,unmarked,initial,gu,"['sa', 'ti']",SimplePhrase_Training,waitress,NA,NA,,tumbat,NA,NA,,NA,93,Thu May 31 11:45:17 2018
5sc05,extrapolation,unmarked,initial,gu,"['sa', 'ti']",SimplePhrase_Training,punch_burglar_pl_chef_sg,NA,NA,,straikim negidgu vaemsa,NA,NA,,NA,94,Thu May 31 11:45:25 2018
5sc05,extrapolation,unmarked,initial,gu,"['sa', 'ti']",SimplePhrase_Training,punch_waitress_sg_burglar_sg,NA,NA,,straikim tumbat negidti,NA,NA,,NA,95,Thu May 31 11:45:32 2018
5sc05,extrapolation,unmarked,initial,gu,"['sa', 'ti']",SimplePhrase_Training,kick_burglar_sg_waitress_sg,NA,NA,,kikim negid tumbatti,NA,NA,,NA,96,Thu May 31 11:45:40 2018
5sc05,extrapolation,unmarked,initial,gu,"['sa', 'ti']",SimplePhrase_Training,punch_burglar_pl_cowboy_sg,NA,NA,,straikim negidgu norksa,NA,NA,,NA,97,Thu May 31 11:45:47 2018
5sc05,extrapolation,unmarked,initial,gu,"['sa', 'ti']",SimplePhrase_Training,punch_cowboy_sg_waitress_sg,NA,NA,,straikim nork tumbatti,NA,NA,,NA,98,Thu May 31 11:45:55 2018
5sc05,extrapolation,unmarked,initial,gu,"['sa', 'ti']",SimplePhrase_Training,point_cowboy_pl_chef_sg,NA,NA,,poinim norkgu vaemsa,NA,NA,,NA,99,Thu May 31 11:46:03 2018
5sc05,extrapolation,unmarked,initial,gu,"['sa', 'ti']",SimplePhrase_Training,point_waitress_sg_cowboy_sg,NA,NA,,poinim tumbat norksa,NA,NA,,NA,100,Thu May 31 11:46:10 2018
5sc05,extrapolation,unmarked,initial,gu,"['sa', 'ti']",SimplePhrase_Training,punch_cowboy_sg_burglar_sg,NA,NA,,straikim nork negidti,NA,NA,,NA,101,Thu May 31 11:46:18 2018
5sc05,extrapolation,unmarked,initial,gu,"['sa', 'ti']",SimplePhrase_Training,kick_waitress_sg_chef_sg,NA,NA,,kikim tumbat vaemsa,NA,NA,,NA,102,Thu May 31 11:46:25 2018
5sc05,extrapolation,unmarked,initial,gu,"['sa', 'ti']",SimplePhrase_Training,punch_chef_pl_burglar_sg,NA,NA,,straikim vaemgu negidti,NA,NA,,NA,103,Thu May 31 11:46:33 2018
5sc05,extrapolation,unmarked,initial,gu,"['sa', 'ti']",SimplePhrase_Training,point_burglar_pl_chef_sg,NA,NA,,poinim negidgu vaemsa,NA,NA,,NA,104,Thu May 31 11:46:40 2018
5sc05,extrapolation,unmarked,initial,gu,"['sa', 'ti']",SimplePhrase_Comprehension,kick_chef_pl_burglar_sg,NA,NA,,kikim vaemgu negidti,correct,NA,,NA,105,Thu May 31 11:47:04 2018
5sc05,extrapolation,unmarked,initial,gu,"['sa', 'ti']",SimplePhrase_Comprehension,kick_waitress_sg_burglar_sg,NA,NA,,kikim tumbat negidti,correct,NA,,NA,106,Thu May 31 11:47:10 2018
5sc05,extrapolation,unmarked,initial,gu,"['sa', 'ti']",SimplePhrase_Comprehension,kick_burglar_sg_cowboy_sg,NA,NA,,kikim negid norksa,correct,NA,,NA,107,Thu May 31 11:47:15 2018
5sc05,extrapolation,unmarked,initial,gu,"['sa', 'ti']",SimplePhrase_Comprehension,punch_waitress_sg_cowboy_sg,NA,NA,,straikim tumbat norksa,correct,NA,,NA,108,Thu May 31 11:47:21 2018
5sc05,extrapolation,unmarked,initial,gu,"['sa', 'ti']",SimplePhrase_Comprehension,punch_cowboy_pl_waitress_sg,NA,NA,,straikim norkgu tumbatti,correct,NA,,NA,109,Thu May 31 11:47:27 2018
5sc05,extrapolation,unmarked,initial,gu,"['sa', 'ti']",SimplePhrase_Comprehension,kick_cowboy_sg_waitress_sg,NA,NA,,kikim nork tumbatti,correct,NA,,NA,110,Thu May 31 11:47:32 2018
5sc05,extrapolation,unmarked,initial,gu,"['sa', 'ti']",SimplePhrase_Comprehension,kick_cowboy_pl_waitress_sg,NA,NA,,kikim norkgu tumbatti,correct,NA,,NA,111,Thu May 31 11:47:38 2018
5sc05,extrapolation,unmarked,initial,gu,"['sa', 'ti']",SimplePhrase_Comprehension,kick_burglar_sg_chef_sg,NA,NA,,kikim negid vaemsa,correct,NA,,NA,112,Thu May 31 11:47:43 2018
5sc05,extrapolation,unmarked,initial,gu,"['sa', 'ti']",SimplePhrase_Comprehension,point_waitress_pl_cowboy_sg,NA,NA,,poinim tumbatgu norksa,correct,NA,,NA,113,Thu May 31 11:47:49 2018
5sc05,extrapolation,unmarked,initial,gu,"['sa', 'ti']",SimplePhrase_Comprehension,point_cowboy_sg_burglar_sg,NA,NA,,poinim nork negidti,correct,NA,,NA,114,Thu May 31 11:47:55 2018
5sc05,extrapolation,unmarked,initial,gu,"['sa', 'ti']",SimplePhrase_Comprehension,kick_waitress_pl_chef_sg,NA,NA,,kikim tumbatgu vaemsa,correct,NA,,NA,115,Thu May 31 11:48:00 2018
5sc05,extrapolation,unmarked,initial,gu,"['sa', 'ti']",SimplePhrase_Comprehension,punch_waitress_pl_burglar_sg,NA,NA,,straikim tumbatgu negidti,correct,NA,,NA,116,Thu May 31 11:48:06 2018
5sc05,extrapolation,unmarked,initial,gu,"['sa', 'ti']",SimplePhrase_Comprehension,point_chef_sg_burglar_sg,NA,NA,,poinim vaem negidti,correct,NA,,NA,117,Thu May 31 11:48:12 2018
5sc05,extrapolation,unmarked,initial,gu,"['sa', 'ti']",SimplePhrase_Comprehension,point_chef_sg_waitress_sg,NA,NA,,poinim vaem tumbatti,correct,NA,,NA,118,Thu May 31 11:48:17 2018
5sc05,extrapolation,unmarked,initial,gu,"['sa', 'ti']",SimplePhrase_Comprehension,point_cowboy_sg_chef_sg,NA,NA,,poinim nork vaemsa,correct,NA,,NA,119,Thu May 31 11:48:23 2018
5sc05,extrapolation,unmarked,initial,gu,"['sa', 'ti']",SimplePhrase_Comprehension,point_chef_pl_burglar_sg,NA,NA,,poinim vaemgu negidti,correct,NA,,NA,120,Thu May 31 11:48:29 2018
5sc05,extrapolation,unmarked,initial,gu,"['sa', 'ti']",SimplePhrase_Comprehension,punch_waitress_pl_chef_sg,NA,NA,,straikim tumbatgu vaemsa,correct,NA,,NA,121,Thu May 31 11:48:35 2018
5sc05,extrapolation,unmarked,initial,gu,"['sa', 'ti']",SimplePhrase_Comprehension,kick_waitress_pl_cowboy_sg,NA,NA,,kikim tumbatgu norksa,correct,NA,,NA,122,Thu May 31 11:48:40 2018
5sc05,extrapolation,unmarked,initial,gu,"['sa', 'ti']",SimplePhrase_Comprehension,point_burglar_sg_chef_sg,NA,NA,,poinim negid vaemsa,correct,NA,,NA,123,Thu May 31 11:48:46 2018
5sc05,extrapolation,unmarked,initial,gu,"['sa', 'ti']",SimplePhrase_Comprehension,punch_chef_pl_waitress_sg,NA,NA,,straikim vaemgu tumbatti,correct,NA,,NA,124,Thu May 31 11:48:52 2018
5sc05,extrapolation,unmarked,initial,gu,"['sa', 'ti']",SimplePhrase_Comprehension,kick_waitress_pl_cowboy_sg,NA,NA,,kikim tumbatgu norksa,correct,NA,,NA,125,Thu May 31 11:48:58 2018
5sc05,extrapolation,unmarked,initial,gu,"['sa', 'ti']",SimplePhrase_Comprehension,point_chef_sg_cowboy_sg,NA,NA,,poinim vaem norksa,correct,NA,,NA,126,Thu May 31 11:49:03 2018
5sc05,extrapolation,unmarked,initial,gu,"['sa', 'ti']",SimplePhrase_Comprehension,kick_cowboy_pl_chef_sg,NA,NA,,kikim norkgu vaemsa,correct,NA,,NA,127,Thu May 31 11:49:09 2018
5sc05,extrapolation,unmarked,initial,gu,"['sa', 'ti']",SimplePhrase_Comprehension,punch_burglar_sg_waitress_sg,NA,NA,,straikim negid tumbatti,correct,NA,,NA,128,Thu May 31 11:49:15 2018
5sc05,extrapolation,unmarked,initial,gu,"['sa', 'ti']",SimplePhrase_Typing,kick_cowboy_sg_burglar_sg,NA,NA,,kikim nork negidti,NA,kikim nork negidti,,NA,129,Thu May 31 11:50:02 2018
5sc05,extrapolation,unmarked,initial,gu,"['sa', 'ti']",SimplePhrase_Typing,kick_burglar_pl_cowboy_sg,NA,NA,,kikim negidgu norksa,NA,kikim negidgu norksa,,NA,130,Thu May 31 11:50:17 2018
5sc05,extrapolation,unmarked,initial,gu,"['sa', 'ti']",SimplePhrase_Typing,punch_waitress_pl_chef_sg,NA,NA,,straikim tumbatgu vaemsa,NA,straikim tumbatgu vaemsa,,NA,131,Thu May 31 11:50:31 2018
5sc05,extrapolation,unmarked,initial,gu,"['sa', 'ti']",SimplePhrase_Typing,point_burglar_pl_cowboy_sg,NA,NA,,poinim negidgu norksa,NA,poinim negidgu norksa,,NA,132,Thu May 31 11:50:44 2018
5sc05,extrapolation,unmarked,initial,gu,"['sa', 'ti']",SimplePhrase_Typing,point_chef_sg_cowboy_sg,NA,NA,,poinim vaem norksa,NA,poinim vaem norksa,,NA,133,Thu May 31 11:50:57 2018
5sc05,extrapolation,unmarked,initial,gu,"['sa', 'ti']",SimplePhrase_Typing,punch_burglar_sg_chef_sg,NA,NA,,straikim negid vaemsa,NA,straikim negid vaemsa,,NA,134,Thu May 31 11:51:09 2018
5sc05,extrapolation,unmarked,initial,gu,"['sa', 'ti']",SimplePhrase_Typing,kick_waitress_pl_chef_sg,NA,NA,,kikim tumbatgu vaemsa,NA,kikim tumbatgu vaemsa,,NA,135,Thu May 31 11:51:23 2018
5sc05,extrapolation,unmarked,initial,gu,"['sa', 'ti']",SimplePhrase_Typing,point_chef_pl_burglar_sg,NA,NA,,poinim vaemgu negidti,NA,poinim vaemgu negidti,,NA,136,Thu May 31 11:51:40 2018
5sc05,extrapolation,unmarked,initial,gu,"['sa', 'ti']",SimplePhrase_Typing,kick_chef_pl_waitress_sg,NA,NA,,kikim vaemgu tumbatti,NA,kikim vaemgu tumbatti,,NA,137,Thu May 31 11:51:56 2018
5sc05,extrapolation,unmarked,initial,gu,"['sa', 'ti']",SimplePhrase_Typing,kick_chef_sg_cowboy_sg,NA,NA,,kikim vaem norksa,NA,kikim vaem norksa,,NA,138,Thu May 31 11:52:09 2018
5sc05,extrapolation,unmarked,initial,gu,"['sa', 'ti']",SimplePhrase_Typing,point_cowboy_pl_burglar_sg,NA,NA,,poinim norkgu negidti,NA,poinim norkgu negidti,,NA,139,Thu May 31 11:52:24 2018
5sc05,extrapolation,unmarked,initial,gu,"['sa', 'ti']",SimplePhrase_Typing,punch_waitress_sg_chef_sg,NA,NA,,straikim tumbat vaemsa,NA,straikim tumbat vaemsa,,NA,140,Thu May 31 11:52:39 2018
5sc05,extrapolation,unmarked,initial,gu,"['sa', 'ti']",SimplePhrase_Typing,kick_waitress_sg_burglar_sg,NA,NA,,kikim tumbat negidti,NA,kikim tumbat negidti,,NA,141,Thu May 31 11:52:52 2018
5sc05,extrapolation,unmarked,initial,gu,"['sa', 'ti']",SimplePhrase_Typing,point_cowboy_sg_waitress_sg,NA,NA,,poinim nork tumbatti,NA,poinim nork tumbatti,,NA,142,Thu May 31 11:53:05 2018
5sc05,extrapolation,unmarked,initial,gu,"['sa', 'ti']",SimplePhrase_Typing,cowboy,NA,NA,,nork,NA,nork,,NA,143,Thu May 31 11:53:13 2018
5sc05,extrapolation,unmarked,initial,gu,"['sa', 'ti']",SimplePhrase_Typing,chef,NA,NA,,vaem,NA,vaem,,NA,144,Thu May 31 11:53:20 2018
5sc05,extrapolation,unmarked,initial,gu,"['sa', 'ti']",SimplePhrase_Typing,kick_chef_sg_waitress_sg,NA,NA,,kikim vaem tumbatti,NA,kikim vaem tumbatti,,NA,145,Thu May 31 11:53:32 2018
5sc05,extrapolation,unmarked,initial,gu,"['sa', 'ti']",SimplePhrase_Typing,burglar,NA,NA,,negid,NA,negid,,NA,146,Thu May 31 11:53:40 2018
5sc05,extrapolation,unmarked,initial,gu,"['sa', 'ti']",SimplePhrase_Typing,waitress,NA,NA,,tumbat,NA,tumbat,,NA,147,Thu May 31 11:53:46 2018
5sc05,extrapolation,unmarked,initial,gu,"['sa', 'ti']",SimplePhrase_Typing,point_cowboy_pl_waitress_sg,NA,NA,,poinim norkgu tumbatti,NA,poinim norkgu tumbatti,,NA,148,Thu May 31 11:54:01 2018
5sc05,extrapolation,unmarked,initial,gu,"['sa', 'ti']",ComplexPhrase_Typing,punch_chef_sg_cowboy_pl,cowboy,nork,1,straikim vaem norkgusa,NA,straikim vaem norkgusa,,NA,149,Thu May 31 11:54:49 2018
5sc05,extrapolation,unmarked,initial,gu,"['sa', 'ti']",ComplexPhrase_Typing,point_waitress_sg_chef_pl,chef,vaem,1,poinim tumbat vaemgusa,NA,poinim tumbat vaemgusa,,NA,150,Thu May 31 11:55:03 2018
5sc05,extrapolation,unmarked,initial,gu,"['sa', 'ti']",ComplexPhrase_Typing,punch_chef_sg_burglar_pl,burglar,negid,1,straikim vaem negidguti,NA,straikim vaem negidguti,,NA,151,Thu May 31 11:55:14 2018
5sc05,extrapolation,unmarked,initial,gu,"['sa', 'ti']",ComplexPhrase_Typing,kick_cowboy_sg_waitress_pl,waitress,tumbat,1,kikim nork tumbatguti,NA,kikim nork tumbatguti,,NA,152,Thu May 31 11:55:21 2018
5sc05,extrapolation,unmarked,initial,gu,"['sa', 'ti']",ComplexPhrase_Typing,point_waitress_sg_chef_pl,chef,vaem,1,poinim tumbat vaemgusa,NA,poinim tumbat vaemgusa,,NA,153,Thu May 31 11:55:28 2018
5sc05,extrapolation,unmarked,initial,gu,"['sa', 'ti']",ComplexPhrase_Typing,punch_chef_sg_burglar_pl,burglar,negid,1,straikim vaem negidguti,NA,straikim vaem negidguti,,NA,154,Thu May 31 11:55:35 2018
5sc05,extrapolation,unmarked,initial,gu,"['sa', 'ti']",ComplexPhrase_Typing,kick_cowboy_sg_waitress_pl,waitress,tumbat,1,kikim nork tumbatguti,NA,kikim nork tumbatguti,,NA,155,Thu May 31 11:55:42 2018
5sc05,extrapolation,unmarked,initial,gu,"['sa', 'ti']",ComplexPhrase_Typing,punch_chef_sg_cowboy_pl,cowboy,nork,1,straikim vaem norkgusa,NA,straikim vaem norkgusa,,NA,156,Thu May 31 11:55:49 2018
5sc05,extrapolation,unmarked,initial,gu,"['sa', 'ti']",ComplexPhrase_Typing,point_waitress_sg_chef_pl,chef,vaem,1,poinim tumbat vaemgusa,NA,poinim tumbar vaemgusa,,NA,157,Thu May 31 11:56:01 2018
5sc05,extrapolation,unmarked,initial,gu,"['sa', 'ti']",ComplexPhrase_Typing,punch_chef_sg_cowboy_pl,cowboy,nork,1,straikim vaem norkgusa,NA,straikim vaem norkgusa,,NA,158,Thu May 31 11:56:08 2018
5sc05,extrapolation,unmarked,initial,gu,"['sa', 'ti']",ComplexPhrase_Typing,kick_cowboy_sg_waitress_pl,waitress,tumbat,1,kikim nork tumbatguti,NA,kikim nork tumbatguti,,NA,159,Thu May 31 11:56:14 2018
5sc05,extrapolation,unmarked,initial,gu,"['sa', 'ti']",ComplexPhrase_Typing,punch_chef_sg_burglar_pl,burglar,negid,1,straikim vaem negidguti,NA,straikim vaem negidguti,,NA,160,Thu May 31 11:56:24 2018
5sc05,extrapolation,unmarked,initial,gu,"['sa', 'ti']",ComplexPhrase_Testing,punch_chef_sg_cowboy_pl,cowboy,nork,1,straikim vaem norkgusa,NA,NA,straikim vaem norkgusa,NA,161,Thu May 31 11:57:08 2018
5sc05,extrapolation,unmarked,initial,gu,"['sa', 'ti']",ComplexPhrase_Testing,punch_burglar_sg_chef_sg,NA,NA,,straikim negid vaemsa,NA,NA,straikim negid vaemsa,NA,162,Thu May 31 11:57:15 2018
5sc05,extrapolation,unmarked,initial,gu,"['sa', 'ti']",ComplexPhrase_Testing,kick_chef_sg_waitress_pl,waitress,tumbat,1,kikim vaem tumbatguti,NA,NA,kikim vaem tumbatguti,NA,163,Thu May 31 11:57:26 2018
5sc05,extrapolation,unmarked,initial,gu,"['sa', 'ti']",ComplexPhrase_Testing,punch_chef_sg_cowboy_pl,cowboy,nork,1,straikim vaem norkgusa,NA,NA,straikim vaem norkgusa,NA,164,Thu May 31 11:57:32 2018
5sc05,extrapolation,unmarked,initial,gu,"['sa', 'ti']",ComplexPhrase_Testing,punch_cowboy_sg_waitress_pl,waitress,tumbat,1,straikim nork tumbatguti,NA,NA,straikim nork tumbatguti,NA,165,Thu May 31 11:57:38 2018
5sc05,extrapolation,unmarked,initial,gu,"['sa', 'ti']",ComplexPhrase_Testing,punch_chef_sg_burglar_pl,burglar,negid,1,straikim vaem negidguti,NA,NA,straikim vaem negidguti,NA,166,Thu May 31 11:57:43 2018
5sc05,extrapolation,unmarked,initial,gu,"['sa', 'ti']",ComplexPhrase_Testing,point_chef_sg_waitress_pl,waitress,tumbat,1,poinim vaem tumbatguti,NA,NA,poinim vaem tumbatguti,NA,167,Thu May 31 11:57:48 2018
5sc05,extrapolation,unmarked,initial,gu,"['sa', 'ti']",ComplexPhrase_Testing,punch_waitress_sg_burglar_pl,burglar,negid,1,straikim tumbat negidguti,NA,NA,straikim tumbat negidguti,NA,168,Thu May 31 11:57:52 2018
5sc05,extrapolation,unmarked,initial,gu,"['sa', 'ti']",ComplexPhrase_Testing,punch_cowboy_sg_waitress_pl,waitress,tumbat,1,straikim nork tumbatguti,NA,NA,straikim nork tumbatguti,NA,169,Thu May 31 11:57:59 2018
5sc05,extrapolation,unmarked,initial,gu,"['sa', 'ti']",ComplexPhrase_Testing,kick_cowboy_sg_chef_pl,chef,vaem,1,kikim nork vaemgusa,NA,NA,kikim nork vaemgusa,NA,170,Thu May 31 11:58:06 2018
5sc05,extrapolation,unmarked,initial,gu,"['sa', 'ti']",ComplexPhrase_Testing,kick_chef_pl_waitress_sg,NA,NA,,kikim vaemgu tumbatti,NA,NA,kikim vaemgu tumbatti,NA,171,Thu May 31 11:58:12 2018
5sc05,extrapolation,unmarked,initial,gu,"['sa', 'ti']",ComplexPhrase_Testing,kick_chef_sg_cowboy_pl,cowboy,nork,1,kikim vaem norkgusa,NA,NA,kikim vaem norkgusa,NA,172,Thu May 31 11:58:20 2018
5sc05,extrapolation,unmarked,initial,gu,"['sa', 'ti']",ComplexPhrase_Testing,point_chef_sg_waitress_pl,waitress,tumbat,1,poinim vaem tumbatguti,NA,NA,poinim vaem tumbatguti,NA,173,Thu May 31 11:58:24 2018
5sc05,extrapolation,unmarked,initial,gu,"['sa', 'ti']",ComplexPhrase_Testing,point_chef_sg_burglar_pl,burglar,negid,1,poinim vaem negidguti,NA,NA,poinim vaem negidguti,NA,174,Thu May 31 11:58:28 2018
5sc05,extrapolation,unmarked,initial,gu,"['sa', 'ti']",ComplexPhrase_Testing,point_chef_sg_cowboy_pl,cowboy,nork,1,poinim vaem norkgusa,NA,NA,poinim vaem norkgusa,NA,175,Thu May 31 11:58:34 2018
5sc05,extrapolation,unmarked,initial,gu,"['sa', 'ti']",ComplexPhrase_Testing,point_chef_sg_cowboy_pl,cowboy,nork,1,poinim vaem norkgusa,NA,NA,poinim vaem norkgusa,NA,176,Thu May 31 11:58:40 2018
5sc05,extrapolation,unmarked,initial,gu,"['sa', 'ti']",ComplexPhrase_Testing,point_burglar_pl_chef_sg,NA,NA,,poinim negidgu vaemsa,NA,NA,poinim negidgu vaemsa,NA,177,Thu May 31 11:58:45 2018
5sc05,extrapolation,unmarked,initial,gu,"['sa', 'ti']",ComplexPhrase_Testing,cowboy,NA,NA,,nork,NA,NA,nork,NA,178,Thu May 31 11:58:51 2018
5sc05,extrapolation,unmarked,initial,gu,"['sa', 'ti']",ComplexPhrase_Testing,point_chef_sg_cowboy_sg,NA,NA,,poinim vaem norksa,NA,NA,poinim vaem norksa,NA,179,Thu May 31 11:58:58 2018
5sc05,extrapolation,unmarked,initial,gu,"['sa', 'ti']",ComplexPhrase_Testing,punch_cowboy_sg_waitress_pl,waitress,tumbat,1,straikim nork tumbatguti,NA,NA,straikim nork tumbatguti,NA,180,Thu May 31 11:59:06 2018
5sc05,extrapolation,unmarked,initial,gu,"['sa', 'ti']",ComplexPhrase_Testing,kick_burglar_sg_chef_pl,chef,vaem,1,kikim negid vaemgusa,NA,NA,kikim negid vaemgusa,NA,181,Thu May 31 11:59:11 2018
5sc05,extrapolation,unmarked,initial,gu,"['sa', 'ti']",ComplexPhrase_Testing,punch_cowboy_sg_burglar_sg,NA,NA,,straikim nork negidti,NA,NA,straikim nork negidti,NA,182,Thu May 31 11:59:15 2018
5sc05,extrapolation,unmarked,initial,gu,"['sa', 'ti']",ComplexPhrase_Testing,kick_cowboy_pl_burglar_sg,NA,NA,,kikim norkgu negidti,NA,NA,kikim norkgu negidti,NA,183,Thu May 31 11:59:24 2018
5sc05,extrapolation,unmarked,initial,gu,"['sa', 'ti']",ComplexPhrase_Testing,kick_chef_sg_waitress_sg,NA,NA,,kikim vaem tumbatti,NA,NA,kikim vaem tumbatti,NA,184,Thu May 31 11:59:32 2018
5sc05,extrapolation,unmarked,initial,gu,"['sa', 'ti']",ComplexPhrase_Testing,kick_chef_sg_cowboy_pl,cowboy,nork,1,kikim vaem norkgusa,NA,NA,kikim vaem norkgusa,NA,185,Thu May 31 11:59:41 2018
5sc05,extrapolation,unmarked,initial,gu,"['sa', 'ti']",ComplexPhrase_Testing,punch_waitress_sg_burglar_pl,burglar,negid,1,straikim tumbat negidguti,NA,NA,straikim tumbat negidguti,NA,186,Thu May 31 11:59:46 2018
5sc05,extrapolation,unmarked,initial,gu,"['sa', 'ti']",ComplexPhrase_Testing,kick_burglar_sg_chef_pl,chef,vaem,1,kikim negid vaemgusa,NA,NA,kikim negid vaemgusa,NA,187,Thu May 31 11:59:54 2018
5sc05,extrapolation,unmarked,initial,gu,"['sa', 'ti']",ComplexPhrase_Testing,waitress,NA,NA,,tumbat,NA,NA,tumbat,NA,188,Thu May 31 11:59:56 2018
5sc05,extrapolation,unmarked,initial,gu,"['sa', 'ti']",ComplexPhrase_Testing,punch_chef_sg_burglar_pl,burglar,negid,1,straikim vaem negidguti,NA,NA,straikim vaem negidguti,NA,189,Thu May 31 12:00:03 2018
5sc05,extrapolation,unmarked,initial,gu,"['sa', 'ti']",ComplexPhrase_Testing,point_chef_sg_cowboy_pl,cowboy,nork,1,poinim vaem norkgusa,NA,NA,poinim vaem norkgusa,NA,190,Thu May 31 12:00:07 2018
5sc05,extrapolation,unmarked,initial,gu,"['sa', 'ti']",ComplexPhrase_Testing,point_chef_sg_burglar_pl,burglar,negid,1,poinim vaem negidguti,NA,NA,poinim vaem negidguti,NA,191,Thu May 31 12:00:11 2018
5sc05,extrapolation,unmarked,initial,gu,"['sa', 'ti']",ComplexPhrase_Testing,kick_cowboy_pl_waitress_sg,NA,NA,,kikim norkgu tumbatti,NA,NA,kikim norkgu tumbatti,NA,192,Thu May 31 12:00:16 2018
5sc05,extrapolation,unmarked,initial,gu,"['sa', 'ti']",ComplexPhrase_Testing,kick_cowboy_sg_chef_pl,chef,vaem,1,kikim nork vaemgusa,NA,NA,kikim nork vaemgusa,NA,193,Thu May 31 12:00:24 2018
5sc05,extrapolation,unmarked,initial,gu,"['sa', 'ti']",ComplexPhrase_Testing,point_waitress_sg_chef_sg,NA,NA,,poinim tumbat vaemsa,NA,NA,poinim tumbat vaemsa,NA,194,Thu May 31 12:00:28 2018
5sc05,extrapolation,unmarked,initial,gu,"['sa', 'ti']",ComplexPhrase_Testing,point_chef_sg_waitress_pl,waitress,tumbat,1,poinim vaem tumbatguti,NA,NA,poinim vaem tumbatguti,NA,195,Thu May 31 12:00:36 2018
5sc05,extrapolation,unmarked,initial,gu,"['sa', 'ti']",ComplexPhrase_Testing,kick_burglar_sg_chef_pl,chef,vaem,1,kikim negid vaemgusa,NA,NA,kikim negid vaemgusa,NA,196,Thu May 31 12:00:40 2018
5sc05,extrapolation,unmarked,initial,gu,"['sa', 'ti']",ComplexPhrase_Testing,punch_waitress_pl_cowboy_sg,NA,NA,,straikim tumbatgu norksa,NA,NA,straikim tumbatgu norksa,NA,197,Thu May 31 12:00:45 2018
5sc05,extrapolation,unmarked,initial,gu,"['sa', 'ti']",ComplexPhrase_Testing,kick_chef_sg_waitress_pl,waitress,tumbat,1,kikim vaem tumbatguti,NA,NA,kikim vaem tumbatguti,NA,198,Thu May 31 12:00:53 2018
5sc05,extrapolation,unmarked,initial,gu,"['sa', 'ti']",ComplexPhrase_Testing,punch_waitress_sg_burglar_pl,burglar,negid,1,straikim tumbat negidguti,NA,NA,straikim tumbat negidguti,NA,199,Thu May 31 12:00:58 2018
5sc05,extrapolation,unmarked,initial,gu,"['sa', 'ti']",ComplexPhrase_Testing,point_cowboy_sg_chef_pl,chef,vaem,1,poinim nork vaemgusa,NA,NA,poinim nork vaemgusa,NA,200,Thu May 31 12:01:02 2018
5sc05,extrapolation,unmarked,initial,gu,"['sa', 'ti']",ComplexPhrase_Testing,punch_chef_sg_burglar_pl,burglar,negid,1,straikim vaem negidguti,NA,NA,straikim vaem negidguti,NA,201,Thu May 31 12:01:07 2018
5sc05,extrapolation,unmarked,initial,gu,"['sa', 'ti']",ComplexPhrase_Testing,kick_chef_sg_waitress_pl,waitress,tumbat,1,kikim vaem tumbatguti,NA,NA,kikim vaem tumbatguti,NA,202,Thu May 31 12:01:13 2018
5sc05,extrapolation,unmarked,initial,gu,"['sa', 'ti']",ComplexPhrase_Testing,punch_chef_sg_cowboy_pl,cowboy,nork,1,straikim vaem norkgusa,NA,NA,straikim vaem norkgusa,NA,203,Thu May 31 12:01:18 2018
5sc05,extrapolation,unmarked,initial,gu,"['sa', 'ti']",ComplexPhrase_Testing,burglar,NA,NA,,negid,NA,NA,negid,NA,204,Thu May 31 12:01:20 2018
5sc05,extrapolation,unmarked,initial,gu,"['sa', 'ti']",ComplexPhrase_Testing,point_cowboy_sg_chef_pl,chef,vaem,1,poinim nork vaemgusa,NA,NA,poinim nork vaemgusa,NA,205,Thu May 31 12:01:26 2018
5sc05,extrapolation,unmarked,initial,gu,"['sa', 'ti']",ComplexPhrase_Testing,point_chef_sg_burglar_pl,burglar,negid,1,poinim vaem negidguti,NA,NA,poinim vaem negidguti,NA,206,Thu May 31 12:01:30 2018
5sc05,extrapolation,unmarked,initial,gu,"['sa', 'ti']",ComplexPhrase_Testing,point_cowboy_sg_chef_pl,chef,vaem,1,poinim nork vaemgusa,NA,NA,poinim nork vaemgusa,NA,207,Thu May 31 12:01:35 2018
5sc05,extrapolation,unmarked,initial,gu,"['sa', 'ti']",ComplexPhrase_Testing,kick_chef_sg_burglar_sg,NA,NA,,kikim vaem negidti,NA,NA,kikim vaem negidti,NA,208,Thu May 31 12:01:39 2018
5sc05,extrapolation,unmarked,initial,gu,"['sa', 'ti']",ComplexPhrase_Testing,kick_chef_sg_cowboy_pl,cowboy,nork,1,kikim vaem norkgusa,NA,NA,kikim vaem norkgusa,NA,209,Thu May 31 12:01:46 2018
5sc05,extrapolation,unmarked,initial,gu,"['sa', 'ti']",ComplexPhrase_Testing,chef,NA,NA,,vaem,NA,NA,vaem,NA,210,Thu May 31 12:01:49 2018
5sc05,extrapolation,unmarked,initial,gu,"['sa', 'ti']",ComplexPhrase_Testing,point_cowboy_pl_chef_sg,NA,NA,,poinim norkgu vaemsa,NA,NA,poinim norkgu vaemsa,NA,211,Thu May 31 12:01:55 2018
5sc05,extrapolation,unmarked,initial,gu,"['sa', 'ti']",ComplexPhrase_Testing,kick_cowboy_sg_chef_pl,chef,vaem,1,kikim nork vaemgusa,NA,NA,kikim nork vaemgusa,NA,212,Thu May 31 12:02:02 2018
5sc05,extrapolation,unmarked,initial,gu,"['sa', 'ti']",Questionnaire,NA,NA,NA,,NA,NA,NA,,plural,MeaningNum,Thu May 31 12:03:54 2018
5sc05,extrapolation,unmarked,initial,gu,"['sa', 'ti']",Questionnaire,NA,NA,NA,,NA,NA,NA,,to whom something is done  the 'object' of the sentence,MeaningCase,Thu May 31 12:03:54 2018
5sc05,extrapolation,unmarked,initial,gu,"['sa', 'ti']",Questionnaire,NA,NA,NA,,NA,NA,NA,,after,OrderNumNoun,Thu May 31 12:03:54 2018
5sc05,extrapolation,unmarked,initial,gu,"['sa', 'ti']",Questionnaire,NA,NA,NA,,NA,NA,NA,,after,OrderCaseNoun,Thu May 31 12:03:54 2018
5sc05,extrapolation,unmarked,initial,gu,"['sa', 'ti']",Questionnaire,NA,NA,NA,,NA,NA,NA,,I produced 'gu' before 'sa/ti',OrderNumCase,Thu May 31 12:03:54 2018
5sc05,extrapolation,unmarked,initial,gu,"['sa', 'ti']",Questionnaire,NA,NA,NA,,NA,NA,NA,,English and Greek,Languages,Thu May 31 12:03:54 2018