ID,Condition,MajorityOrder,NounPosition,markerNum,markerCase,Phase,Meaning,NounItem,Noun,binaryResp,InputSentence,Selection,TypedResponse,SpokenResponse,AnswerQuest,Trial,date&time
6sc03,extrapolation,unmarked,final,sa,"['gu', 'ti']",Noun_Training,burglar,NA,NA,,negid,NA,NA,,NA,1,Fri Jun  1 13:30:40 2018
6sc03,extrapolation,unmarked,final,sa,"['gu', 'ti']",Noun_Training,chef,NA,NA,,nork,NA,NA,,NA,2,Fri Jun  1 13:30:45 2018
6sc03,extrapolation,unmarked,final,sa,"['gu', 'ti']",Noun_Training,chef,NA,NA,,nork,NA,NA,,NA,3,Fri Jun  1 13:30:50 2018
6sc03,extrapolation,unmarked,final,sa,"['gu', 'ti']",Noun_Training,burglar,NA,NA,,negid,NA,NA,,NA,4,Fri Jun  1 13:30:55 2018
6sc03,extrapolation,unmarked,final,sa,"['gu', 'ti']",Noun_Training,burglar,NA,NA,,negid,NA,NA,,NA,5,Fri Jun  1 13:31:00 2018
6sc03,extrapolation,unmarked,final,sa,"['gu', 'ti']",Noun_Training,cowboy,NA,NA,,tumbat,NA,NA,,NA,6,Fri Jun  1 13:31:04 2018
6sc03,extrapolation,unmarked,final,sa,"['gu', 'ti']",Noun_Training,burglar,NA,NA,,negid,NA,NA,,NA,7,Fri Jun  1 13:31:09 2018
6sc03,extrapolation,unmarked,final,sa,"['gu', 'ti']",Noun_Training,cowboy,NA,NA,,tumbat,NA,NA,,NA,8,Fri Jun  1 13:31:14 2018
6sc03,extrapolation,unmarked,final,sa,"['gu', 'ti']",Noun_Training,chef,NA,NA,,nork,NA,NA,,NA,9,Fri Jun  1 13:31:19 2018
6sc03,extrapolation,unmarked,final,sa,"['gu', 'ti']",Noun_Training,burglar,NA,NA,,negid,NA,NA,,NA,10,Fri Jun  1 13:31:24 2018
6sc03,extrapolation,unmarked,final,sa,"['gu', 'ti']",Noun_Training,chef,NA,NA,,nork,NA,NA,,NA,11,Fri Jun  1 13:31:29 2018
6sc03,extrapolation,unmarked,final,sa,"['gu', 'ti']",Noun_Training,cowboy,NA,NA,,tumbat,NA,NA,,NA,12,Fri Jun  1 13:31:34 2018
6sc03,extrapolation,unmarked,final,sa,"['gu', 'ti']",Noun_Training,waitress,NA,NA,,vaem,NA,NA,,NA,13,Fri Jun  1 13:31:38 2018
6sc03,extrapolation,unmarked,final,sa,"['gu', 'ti']",Noun_Training,waitress,NA,NA,,vaem,NA,NA,,NA,14,Fri Jun  1 13:31:43 2018
6sc03,extrapolation,unmarked,final,sa,"['gu', 'ti']",Noun_Training,chef,NA,NA,,nork,NA,NA,,NA,15,Fri Jun  1 13:31:48 2018
6sc03,extrapolation,unmarked,final,sa,"['gu', 'ti']",Noun_Training,waitress,NA,NA,,vaem,NA,NA,,NA,16,Fri Jun  1 13:31:53 2018
6sc03,extrapolation,unmarked,final,sa,"['gu', 'ti']",Noun_Training,burglar,NA,NA,,negid,NA,NA,,NA,17,Fri Jun  1 13:31:58 2018
6sc03,extrapolation,unmarked,final,sa,"['gu', 'ti']",Noun_Training,waitress,NA,NA,,vaem,NA,NA,,NA,18,Fri Jun  1 13:32:02 2018
6sc03,extrapolation,unmarked,final,sa,"['gu', 'ti']",Noun_Training,cowboy,NA,NA,,tumbat,NA,NA,,NA,19,Fri Jun  1 13:32:07 2018
6sc03,extrapolation,unmarked,final,sa,"['gu', 'ti']",Noun_Training,waitress,NA,NA,,vaem,NA,NA,,NA,20,Fri Jun  1 13:32:12 2018
6sc03,extrapolation,unmarked,final,sa,"['gu', 'ti']",Noun_Training,chef,NA,NA,,nork,NA,NA,,NA,21,Fri Jun  1 13:32:17 2018
6sc03,extrapolation,unmarked,final,sa,"['gu', 'ti']",Noun_Training,cowboy,NA,NA,,tumbat,NA,NA,,NA,22,Fri Jun  1 13:32:22 2018
6sc03,extrapolation,unmarked,final,sa,"['gu', 'ti']",Noun_Training,cowboy,NA,NA,,tumbat,NA,NA,,NA,23,Fri Jun  1 13:32:27 2018
6sc03,extrapolation,unmarked,final,sa,"['gu', 'ti']",Noun_Training,waitress,NA,NA,,vaem,NA,NA,,NA,24,Fri Jun  1 13:32:32 2018
6sc03,extrapolation,unmarked,final,sa,"['gu', 'ti']",Noun_Selection,chef,NA,NA,,nork,correct,NA,,NA,25,Fri Jun  1 13:32:59 2018
6sc03,extrapolation,unmarked,final,sa,"['gu', 'ti']",Noun_Selection,chef,NA,NA,,nork,correct,NA,,NA,26,Fri Jun  1 13:33:04 2018
6sc03,extrapolation,unmarked,final,sa,"['gu', 'ti']",Noun_Selection,chef,NA,NA,,nork,correct,NA,,NA,27,Fri Jun  1 13:33:08 2018
6sc03,extrapolation,unmarked,final,sa,"['gu', 'ti']",Noun_Selection,cowboy,NA,NA,,tumbat,correct,NA,,NA,28,Fri Jun  1 13:33:12 2018
6sc03,extrapolation,unmarked,final,sa,"['gu', 'ti']",Noun_Selection,cowboy,NA,NA,,tumbat,correct,NA,,NA,29,Fri Jun  1 13:33:14 2018
6sc03,extrapolation,unmarked,final,sa,"['gu', 'ti']",Noun_Selection,waitress,NA,NA,,vaem,correct,NA,,NA,30,Fri Jun  1 13:33:18 2018
6sc03,extrapolation,unmarked,final,sa,"['gu', 'ti']",Noun_Selection,burglar,NA,NA,,negid,correct,NA,,NA,31,Fri Jun  1 13:33:21 2018
6sc03,extrapolation,unmarked,final,sa,"['gu', 'ti']",Noun_Selection,burglar,NA,NA,,negid,correct,NA,,NA,32,Fri Jun  1 13:33:24 2018
6sc03,extrapolation,unmarked,final,sa,"['gu', 'ti']",Noun_Selection,waitress,NA,NA,,vaem,correct,NA,,NA,33,Fri Jun  1 13:33:28 2018
6sc03,extrapolation,unmarked,final,sa,"['gu', 'ti']",Noun_Selection,waitress,NA,NA,,vaem,correct,NA,,NA,34,Fri Jun  1 13:33:31 2018
6sc03,extrapolation,unmarked,final,sa,"['gu', 'ti']",Noun_Selection,cowboy,NA,NA,,tumbat,correct,NA,,NA,35,Fri Jun  1 13:33:34 2018
6sc03,extrapolation,unmarked,final,sa,"['gu', 'ti']",Noun_Selection,burglar,NA,NA,,negid,correct,NA,,NA,36,Fri Jun  1 13:33:37 2018
6sc03,extrapolation,unmarked,final,sa,"['gu', 'ti']",Noun_Testing,chef,NA,NA,,nork,NA,NA,nork,NA,37,Fri Jun  1 13:34:01 2018
6sc03,extrapolation,unmarked,final,sa,"['gu', 'ti']",Noun_Testing,chef,NA,NA,,nork,NA,NA,nork,NA,38,Fri Jun  1 13:34:06 2018
6sc03,extrapolation,unmarked,final,sa,"['gu', 'ti']",Noun_Testing,waitress,NA,NA,,vaem,NA,NA,vaem,NA,39,Fri Jun  1 13:34:11 2018
6sc03,extrapolation,unmarked,final,sa,"['gu', 'ti']",Noun_Testing,waitress,NA,NA,,vaem,NA,NA,vaem,NA,40,Fri Jun  1 13:34:16 2018
6sc03,extrapolation,unmarked,final,sa,"['gu', 'ti']",Noun_Testing,cowboy,NA,NA,,tumbat,NA,NA,tumbat,NA,41,Fri Jun  1 13:34:21 2018
6sc03,extrapolation,unmarked,final,sa,"['gu', 'ti']",Noun_Testing,waitress,NA,NA,,vaem,NA,NA,vaem,NA,42,Fri Jun  1 13:34:26 2018
6sc03,extrapolation,unmarked,final,sa,"['gu', 'ti']",Noun_Testing,cowboy,NA,NA,,tumbat,NA,NA,tumbat,NA,43,Fri Jun  1 13:34:30 2018
6sc03,extrapolation,unmarked,final,sa,"['gu', 'ti']",Noun_Testing,burglar,NA,NA,,negid,NA,NA,negid,NA,44,Fri Jun  1 13:34:35 2018
6sc03,extrapolation,unmarked,final,sa,"['gu', 'ti']",Noun_Testing,burglar,NA,NA,,negid,NA,NA,negid,NA,45,Fri Jun  1 13:34:40 2018
6sc03,extrapolation,unmarked,final,sa,"['gu', 'ti']",Noun_Testing,burglar,NA,NA,,negid,NA,NA,negid,NA,46,Fri Jun  1 13:34:44 2018
6sc03,extrapolation,unmarked,final,sa,"['gu', 'ti']",Noun_Testing,cowboy,NA,NA,,tumbat,NA,NA,tumbat,NA,47,Fri Jun  1 13:34:49 2018
6sc03,extrapolation,unmarked,final,sa,"['gu', 'ti']",Noun_Testing,chef,NA,NA,,nork,NA,NA,nork,NA,48,Fri Jun  1 13:34:54 2018
6sc03,extrapolation,unmarked,final,sa,"['gu', 'ti']",SimplePhrase_Training,point_waitress_pl_cowboy_sg,NA,NA,,poinim savaem titumbat,NA,NA,,NA,49,Fri Jun  1 13:35:30 2018
6sc03,extrapolation,unmarked,final,sa,"['gu', 'ti']",SimplePhrase_Training,kick_cowboy_sg_chef_sg,NA,NA,,kikim tumbat gunork,NA,NA,,NA,50,Fri Jun  1 13:35:37 2018
6sc03,extrapolation,unmarked,final,sa,"['gu', 'ti']",SimplePhrase_Training,chef,NA,NA,,nork,NA,NA,,NA,51,Fri Jun  1 13:35:42 2018
6sc03,extrapolation,unmarked,final,sa,"['gu', 'ti']",SimplePhrase_Training,punch_waitress_pl_chef_sg,NA,NA,,straikim savaem gunork,NA,NA,,NA,52,Fri Jun  1 13:35:50 2018
6sc03,extrapolation,unmarked,final,sa,"['gu', 'ti']",SimplePhrase_Training,kick_burglar_pl_chef_sg,NA,NA,,kikim sanegid gunork,NA,NA,,NA,53,Fri Jun  1 13:35:57 2018
6sc03,extrapolation,unmarked,final,sa,"['gu', 'ti']",SimplePhrase_Training,kick_burglar_sg_waitress_sg,NA,NA,,kikim negid guvaem,NA,NA,,NA,54,Fri Jun  1 13:36:04 2018
6sc03,extrapolation,unmarked,final,sa,"['gu', 'ti']",SimplePhrase_Training,kick_burglar_sg_chef_sg,NA,NA,,kikim negid gunork,NA,NA,,NA,55,Fri Jun  1 13:36:11 2018
6sc03,extrapolation,unmarked,final,sa,"['gu', 'ti']",SimplePhrase_Training,kick_waitress_pl_burglar_sg,NA,NA,,kikim savaem tinegid,NA,NA,,NA,56,Fri Jun  1 13:36:19 2018
6sc03,extrapolation,unmarked,final,sa,"['gu', 'ti']",SimplePhrase_Training,waitress,NA,NA,,vaem,NA,NA,,NA,57,Fri Jun  1 13:36:23 2018
6sc03,extrapolation,unmarked,final,sa,"['gu', 'ti']",SimplePhrase_Training,punch_waitress_pl_cowboy_sg,NA,NA,,straikim savaem titumbat,NA,NA,,NA,58,Fri Jun  1 13:36:31 2018
6sc03,extrapolation,unmarked,final,sa,"['gu', 'ti']",SimplePhrase_Training,burglar,NA,NA,,negid,NA,NA,,NA,59,Fri Jun  1 13:36:36 2018
6sc03,extrapolation,unmarked,final,sa,"['gu', 'ti']",SimplePhrase_Training,point_burglar_sg_cowboy_sg,NA,NA,,poinim negid titumbat,NA,NA,,NA,60,Fri Jun  1 13:36:43 2018
6sc03,extrapolation,unmarked,final,sa,"['gu', 'ti']",SimplePhrase_Training,punch_burglar_sg_waitress_sg,NA,NA,,straikim negid guvaem,NA,NA,,NA,61,Fri Jun  1 13:36:51 2018
6sc03,extrapolation,unmarked,final,sa,"['gu', 'ti']",SimplePhrase_Training,punch_chef_sg_waitress_sg,NA,NA,,straikim nork guvaem,NA,NA,,NA,62,Fri Jun  1 13:36:58 2018
6sc03,extrapolation,unmarked,final,sa,"['gu', 'ti']",SimplePhrase_Training,point_waitress_pl_chef_sg,NA,NA,,poinim savaem gunork,NA,NA,,NA,63,Fri Jun  1 13:37:06 2018
6sc03,extrapolation,unmarked,final,sa,"['gu', 'ti']",SimplePhrase_Training,point_burglar_pl_cowboy_sg,NA,NA,,poinim sanegid titumbat,NA,NA,,NA,64,Fri Jun  1 13:37:13 2018
6sc03,extrapolation,unmarked,final,sa,"['gu', 'ti']",SimplePhrase_Training,kick_cowboy_sg_waitress_sg,NA,NA,,kikim tumbat guvaem,NA,NA,,NA,65,Fri Jun  1 13:37:20 2018
6sc03,extrapolation,unmarked,final,sa,"['gu', 'ti']",SimplePhrase_Training,point_chef_sg_burglar_sg,NA,NA,,poinim nork tinegid,NA,NA,,NA,66,Fri Jun  1 13:37:28 2018
6sc03,extrapolation,unmarked,final,sa,"['gu', 'ti']",SimplePhrase_Training,chef,NA,NA,,nork,NA,NA,,NA,67,Fri Jun  1 13:37:33 2018
6sc03,extrapolation,unmarked,final,sa,"['gu', 'ti']",SimplePhrase_Training,punch_cowboy_pl_waitress_sg,NA,NA,,straikim satumbat guvaem,NA,NA,,NA,68,Fri Jun  1 13:37:40 2018
6sc03,extrapolation,unmarked,final,sa,"['gu', 'ti']",SimplePhrase_Training,punch_cowboy_sg_waitress_sg,NA,NA,,straikim tumbat guvaem,NA,NA,,NA,69,Fri Jun  1 13:37:48 2018
6sc03,extrapolation,unmarked,final,sa,"['gu', 'ti']",SimplePhrase_Training,kick_waitress_sg_cowboy_sg,NA,NA,,kikim vaem titumbat,NA,NA,,NA,70,Fri Jun  1 13:37:55 2018
6sc03,extrapolation,unmarked,final,sa,"['gu', 'ti']",SimplePhrase_Training,kick_chef_sg_burglar_sg,NA,NA,,kikim nork tinegid,NA,NA,,NA,71,Fri Jun  1 13:38:02 2018
6sc03,extrapolation,unmarked,final,sa,"['gu', 'ti']",SimplePhrase_Training,point_cowboy_pl_burglar_sg,NA,NA,,poinim satumbat tinegid,NA,NA,,NA,72,Fri Jun  1 13:38:10 2018
6sc03,extrapolation,unmarked,final,sa,"['gu', 'ti']",SimplePhrase_Training,kick_burglar_sg_cowboy_sg,NA,NA,,kikim negid titumbat,NA,NA,,NA,73,Fri Jun  1 13:38:17 2018
6sc03,extrapolation,unmarked,final,sa,"['gu', 'ti']",SimplePhrase_Training,punch_chef_sg_cowboy_sg,NA,NA,,straikim nork titumbat,NA,NA,,NA,74,Fri Jun  1 13:38:25 2018
6sc03,extrapolation,unmarked,final,sa,"['gu', 'ti']",SimplePhrase_Training,point_cowboy_pl_waitress_sg,NA,NA,,poinim satumbat guvaem,NA,NA,,NA,75,Fri Jun  1 13:38:33 2018
6sc03,extrapolation,unmarked,final,sa,"['gu', 'ti']",SimplePhrase_Training,punch_chef_sg_burglar_sg,NA,NA,,straikim nork tinegid,NA,NA,,NA,76,Fri Jun  1 13:38:40 2018
6sc03,extrapolation,unmarked,final,sa,"['gu', 'ti']",SimplePhrase_Training,point_chef_pl_burglar_sg,NA,NA,,poinim sanork tinegid,NA,NA,,NA,77,Fri Jun  1 13:38:48 2018
6sc03,extrapolation,unmarked,final,sa,"['gu', 'ti']",SimplePhrase_Training,cowboy,NA,NA,,tumbat,NA,NA,,NA,78,Fri Jun  1 13:38:53 2018
6sc03,extrapolation,unmarked,final,sa,"['gu', 'ti']",SimplePhrase_Training,kick_cowboy_pl_burglar_sg,NA,NA,,kikim satumbat tinegid,NA,NA,,NA,79,Fri Jun  1 13:39:00 2018
6sc03,extrapolation,unmarked,final,sa,"['gu', 'ti']",SimplePhrase_Training,kick_waitress_sg_burglar_sg,NA,NA,,kikim vaem tinegid,NA,NA,,NA,80,Fri Jun  1 13:39:07 2018
6sc03,extrapolation,unmarked,final,sa,"['gu', 'ti']",SimplePhrase_Training,punch_chef_pl_waitress_sg,NA,NA,,straikim sanork guvaem,NA,NA,,NA,81,Fri Jun  1 13:39:15 2018
6sc03,extrapolation,unmarked,final,sa,"['gu', 'ti']",SimplePhrase_Training,punch_cowboy_sg_chef_sg,NA,NA,,straikim tumbat gunork,NA,NA,,NA,82,Fri Jun  1 13:39:22 2018
6sc03,extrapolation,unmarked,final,sa,"['gu', 'ti']",SimplePhrase_Training,punch_chef_pl_cowboy_sg,NA,NA,,straikim sanork titumbat,NA,NA,,NA,83,Fri Jun  1 13:39:30 2018
6sc03,extrapolation,unmarked,final,sa,"['gu', 'ti']",SimplePhrase_Training,kick_chef_pl_burglar_sg,NA,NA,,kikim sanork tinegid,NA,NA,,NA,84,Fri Jun  1 13:39:38 2018
6sc03,extrapolation,unmarked,final,sa,"['gu', 'ti']",SimplePhrase_Training,point_cowboy_pl_chef_sg,NA,NA,,poinim satumbat gunork,NA,NA,,NA,85,Fri Jun  1 13:39:45 2018
6sc03,extrapolation,unmarked,final,sa,"['gu', 'ti']",SimplePhrase_Training,punch_burglar_pl_waitress_sg,NA,NA,,straikim sanegid guvaem,NA,NA,,NA,86,Fri Jun  1 13:39:53 2018
6sc03,extrapolation,unmarked,final,sa,"['gu', 'ti']",SimplePhrase_Training,waitress,NA,NA,,vaem,NA,NA,,NA,87,Fri Jun  1 13:39:58 2018
6sc03,extrapolation,unmarked,final,sa,"['gu', 'ti']",SimplePhrase_Training,cowboy,NA,NA,,tumbat,NA,NA,,NA,88,Fri Jun  1 13:40:02 2018
6sc03,extrapolation,unmarked,final,sa,"['gu', 'ti']",SimplePhrase_Training,punch_burglar_pl_cowboy_sg,NA,NA,,straikim sanegid titumbat,NA,NA,,NA,89,Fri Jun  1 13:40:10 2018
6sc03,extrapolation,unmarked,final,sa,"['gu', 'ti']",SimplePhrase_Training,kick_cowboy_pl_chef_sg,NA,NA,,kikim satumbat gunork,NA,NA,,NA,90,Fri Jun  1 13:40:18 2018
6sc03,extrapolation,unmarked,final,sa,"['gu', 'ti']",SimplePhrase_Training,point_chef_sg_cowboy_sg,NA,NA,,poinim nork titumbat,NA,NA,,NA,91,Fri Jun  1 13:40:25 2018
6sc03,extrapolation,unmarked,final,sa,"['gu', 'ti']",SimplePhrase_Training,point_chef_sg_waitress_sg,NA,NA,,poinim nork guvaem,NA,NA,,NA,92,Fri Jun  1 13:40:33 2018
6sc03,extrapolation,unmarked,final,sa,"['gu', 'ti']",SimplePhrase_Training,point_cowboy_sg_burglar_sg,NA,NA,,poinim tumbat tinegid,NA,NA,,NA,93,Fri Jun  1 13:40:40 2018
6sc03,extrapolation,unmarked,final,sa,"['gu', 'ti']",SimplePhrase_Training,kick_burglar_pl_waitress_sg,NA,NA,,kikim sanegid guvaem,NA,NA,,NA,94,Fri Jun  1 13:40:47 2018
6sc03,extrapolation,unmarked,final,sa,"['gu', 'ti']",SimplePhrase_Training,burglar,NA,NA,,negid,NA,NA,,NA,95,Fri Jun  1 13:40:52 2018
6sc03,extrapolation,unmarked,final,sa,"['gu', 'ti']",SimplePhrase_Training,punch_waitress_sg_burglar_sg,NA,NA,,straikim vaem tinegid,NA,NA,,NA,96,Fri Jun  1 13:40:59 2018
6sc03,extrapolation,unmarked,final,sa,"['gu', 'ti']",SimplePhrase_Training,point_cowboy_sg_chef_sg,NA,NA,,poinim tumbat gunork,NA,NA,,NA,97,Fri Jun  1 13:41:07 2018
6sc03,extrapolation,unmarked,final,sa,"['gu', 'ti']",SimplePhrase_Training,point_waitress_sg_chef_sg,NA,NA,,poinim vaem gunork,NA,NA,,NA,98,Fri Jun  1 13:41:14 2018
6sc03,extrapolation,unmarked,final,sa,"['gu', 'ti']",SimplePhrase_Training,point_waitress_pl_burglar_sg,NA,NA,,poinim savaem tinegid,NA,NA,,NA,99,Fri Jun  1 13:41:21 2018
6sc03,extrapolation,unmarked,final,sa,"['gu', 'ti']",SimplePhrase_Training,punch_waitress_sg_cowboy_sg,NA,NA,,straikim vaem titumbat,NA,NA,,NA,100,Fri Jun  1 13:41:29 2018
6sc03,extrapolation,unmarked,final,sa,"['gu', 'ti']",SimplePhrase_Training,punch_burglar_sg_chef_sg,NA,NA,,straikim negid gunork,NA,NA,,NA,101,Fri Jun  1 13:41:36 2018
6sc03,extrapolation,unmarked,final,sa,"['gu', 'ti']",SimplePhrase_Training,point_burglar_pl_waitress_sg,NA,NA,,poinim sanegid guvaem,NA,NA,,NA,102,Fri Jun  1 13:41:44 2018
6sc03,extrapolation,unmarked,final,sa,"['gu', 'ti']",SimplePhrase_Training,punch_burglar_pl_chef_sg,NA,NA,,straikim sanegid gunork,NA,NA,,NA,103,Fri Jun  1 13:41:51 2018
6sc03,extrapolation,unmarked,final,sa,"['gu', 'ti']",SimplePhrase_Training,kick_chef_pl_cowboy_sg,NA,NA,,kikim sanork titumbat,NA,NA,,NA,104,Fri Jun  1 13:41:59 2018
6sc03,extrapolation,unmarked,final,sa,"['gu', 'ti']",SimplePhrase_Comprehension,punch_cowboy_sg_burglar_sg,NA,NA,,straikim tumbat tinegid,correct,NA,,NA,105,Fri Jun  1 13:42:22 2018
6sc03,extrapolation,unmarked,final,sa,"['gu', 'ti']",SimplePhrase_Comprehension,punch_waitress_sg_chef_sg,NA,NA,,straikim vaem gunork,correct,NA,,NA,106,Fri Jun  1 13:42:28 2018
6sc03,extrapolation,unmarked,final,sa,"['gu', 'ti']",SimplePhrase_Comprehension,punch_cowboy_sg_waitress_sg,NA,NA,,straikim tumbat guvaem,correct,NA,,NA,107,Fri Jun  1 13:42:34 2018
6sc03,extrapolation,unmarked,final,sa,"['gu', 'ti']",SimplePhrase_Comprehension,punch_burglar_sg_cowboy_sg,NA,NA,,straikim negid titumbat,correct,NA,,NA,108,Fri Jun  1 13:42:40 2018
6sc03,extrapolation,unmarked,final,sa,"['gu', 'ti']",SimplePhrase_Comprehension,kick_cowboy_sg_burglar_sg,NA,NA,,kikim tumbat tinegid,correct,NA,,NA,109,Fri Jun  1 13:42:46 2018
6sc03,extrapolation,unmarked,final,sa,"['gu', 'ti']",SimplePhrase_Comprehension,point_cowboy_sg_waitress_sg,NA,NA,,poinim tumbat guvaem,correct,NA,,NA,110,Fri Jun  1 13:42:51 2018
6sc03,extrapolation,unmarked,final,sa,"['gu', 'ti']",SimplePhrase_Comprehension,kick_cowboy_pl_waitress_sg,NA,NA,,kikim satumbat guvaem,correct,NA,,NA,111,Fri Jun  1 13:42:57 2018
6sc03,extrapolation,unmarked,final,sa,"['gu', 'ti']",SimplePhrase_Comprehension,kick_waitress_pl_cowboy_sg,NA,NA,,kikim savaem titumbat,correct,NA,,NA,112,Fri Jun  1 13:43:04 2018
6sc03,extrapolation,unmarked,final,sa,"['gu', 'ti']",SimplePhrase_Comprehension,kick_burglar_pl_cowboy_sg,NA,NA,,kikim sanegid titumbat,correct,NA,,NA,113,Fri Jun  1 13:43:10 2018
6sc03,extrapolation,unmarked,final,sa,"['gu', 'ti']",SimplePhrase_Comprehension,kick_chef_pl_waitress_sg,NA,NA,,kikim sanork guvaem,correct,NA,,NA,114,Fri Jun  1 13:43:15 2018
6sc03,extrapolation,unmarked,final,sa,"['gu', 'ti']",SimplePhrase_Comprehension,kick_waitress_pl_chef_sg,NA,NA,,kikim savaem gunork,correct,NA,,NA,115,Fri Jun  1 13:43:21 2018
6sc03,extrapolation,unmarked,final,sa,"['gu', 'ti']",SimplePhrase_Comprehension,kick_waitress_pl_chef_sg,NA,NA,,kikim savaem gunork,correct,NA,,NA,116,Fri Jun  1 13:43:26 2018
6sc03,extrapolation,unmarked,final,sa,"['gu', 'ti']",SimplePhrase_Comprehension,punch_waitress_pl_burglar_sg,NA,NA,,straikim savaem tinegid,correct,NA,,NA,117,Fri Jun  1 13:43:32 2018
6sc03,extrapolation,unmarked,final,sa,"['gu', 'ti']",SimplePhrase_Comprehension,punch_chef_pl_burglar_sg,NA,NA,,straikim sanork tinegid,correct,NA,,NA,118,Fri Jun  1 13:43:38 2018
6sc03,extrapolation,unmarked,final,sa,"['gu', 'ti']",SimplePhrase_Comprehension,point_waitress_sg_burglar_sg,NA,NA,,poinim vaem tinegid,correct,NA,,NA,119,Fri Jun  1 13:43:43 2018
6sc03,extrapolation,unmarked,final,sa,"['gu', 'ti']",SimplePhrase_Comprehension,kick_chef_sg_waitress_sg,NA,NA,,kikim nork guvaem,correct,NA,,NA,120,Fri Jun  1 13:43:50 2018
6sc03,extrapolation,unmarked,final,sa,"['gu', 'ti']",SimplePhrase_Comprehension,point_burglar_pl_chef_sg,NA,NA,,poinim sanegid gunork,correct,NA,,NA,121,Fri Jun  1 13:43:55 2018
6sc03,extrapolation,unmarked,final,sa,"['gu', 'ti']",SimplePhrase_Comprehension,punch_burglar_sg_chef_sg,NA,NA,,straikim negid gunork,correct,NA,,NA,122,Fri Jun  1 13:44:01 2018
6sc03,extrapolation,unmarked,final,sa,"['gu', 'ti']",SimplePhrase_Comprehension,kick_waitress_pl_burglar_sg,NA,NA,,kikim savaem tinegid,correct,NA,,NA,123,Fri Jun  1 13:44:06 2018
6sc03,extrapolation,unmarked,final,sa,"['gu', 'ti']",SimplePhrase_Comprehension,punch_cowboy_pl_waitress_sg,NA,NA,,straikim satumbat guvaem,correct,NA,,NA,124,Fri Jun  1 13:44:12 2018
6sc03,extrapolation,unmarked,final,sa,"['gu', 'ti']",SimplePhrase_Comprehension,punch_burglar_sg_cowboy_sg,NA,NA,,straikim negid titumbat,correct,NA,,NA,125,Fri Jun  1 13:44:18 2018
6sc03,extrapolation,unmarked,final,sa,"['gu', 'ti']",SimplePhrase_Comprehension,kick_waitress_sg_chef_sg,NA,NA,,kikim vaem gunork,correct,NA,,NA,126,Fri Jun  1 13:44:23 2018
6sc03,extrapolation,unmarked,final,sa,"['gu', 'ti']",SimplePhrase_Comprehension,kick_chef_sg_cowboy_sg,NA,NA,,kikim nork titumbat,correct,NA,,NA,127,Fri Jun  1 13:44:29 2018
6sc03,extrapolation,unmarked,final,sa,"['gu', 'ti']",SimplePhrase_Comprehension,punch_chef_pl_cowboy_sg,NA,NA,,straikim sanork titumbat,correct,NA,,NA,128,Fri Jun  1 13:44:35 2018
6sc03,extrapolation,unmarked,final,sa,"['gu', 'ti']",SimplePhrase_Typing,punch_waitress_sg_cowboy_sg,NA,NA,,straikim vaem titumbat,NA,straikim vaem titumbat,,NA,129,Fri Jun  1 13:45:19 2018
6sc03,extrapolation,unmarked,final,sa,"['gu', 'ti']",SimplePhrase_Typing,chef,NA,NA,,nork,NA,nork,,NA,130,Fri Jun  1 13:45:25 2018
6sc03,extrapolation,unmarked,final,sa,"['gu', 'ti']",SimplePhrase_Typing,kick_waitress_sg_burglar_sg,NA,NA,,kikim vaem tinegid,NA,kikim vaem tinegid,,NA,131,Fri Jun  1 13:45:38 2018
6sc03,extrapolation,unmarked,final,sa,"['gu', 'ti']",SimplePhrase_Typing,cowboy,NA,NA,,tumbat,NA,tumbat,,NA,132,Fri Jun  1 13:45:48 2018
6sc03,extrapolation,unmarked,final,sa,"['gu', 'ti']",SimplePhrase_Typing,punch_cowboy_sg_chef_sg,NA,NA,,straikim tumbat gunork,NA,straikim tumbat gunork,,NA,133,Fri Jun  1 13:46:02 2018
6sc03,extrapolation,unmarked,final,sa,"['gu', 'ti']",SimplePhrase_Typing,burglar,NA,NA,,negid,NA,negid,,NA,134,Fri Jun  1 13:46:09 2018
6sc03,extrapolation,unmarked,final,sa,"['gu', 'ti']",SimplePhrase_Typing,point_chef_pl_burglar_sg,NA,NA,,poinim sanork tinegid,NA,poinim sanork tinegid,,NA,135,Fri Jun  1 13:46:25 2018
6sc03,extrapolation,unmarked,final,sa,"['gu', 'ti']",SimplePhrase_Typing,punch_cowboy_sg_waitress_sg,NA,NA,,straikim tumbat guvaem,NA,straikim tumbat guvaem,,NA,136,Fri Jun  1 13:46:39 2018
6sc03,extrapolation,unmarked,final,sa,"['gu', 'ti']",SimplePhrase_Typing,punch_chef_pl_waitress_sg,NA,NA,,straikim sanork guvaem,NA,straikim sanork guvaem,,NA,137,Fri Jun  1 13:46:52 2018
6sc03,extrapolation,unmarked,final,sa,"['gu', 'ti']",SimplePhrase_Typing,punch_waitress_pl_cowboy_sg,NA,NA,,straikim savaem titumbat,NA,straikim savaem titumbat,,NA,138,Fri Jun  1 13:47:05 2018
6sc03,extrapolation,unmarked,final,sa,"['gu', 'ti']",SimplePhrase_Typing,kick_cowboy_pl_chef_sg,NA,NA,,kikim satumbat gunork,NA,kikim satumbat gunork,,NA,139,Fri Jun  1 13:47:18 2018
6sc03,extrapolation,unmarked,final,sa,"['gu', 'ti']",SimplePhrase_Typing,punch_burglar_pl_waitress_sg,NA,NA,,straikim sanegid guvaem,NA,straikim sanegid guvaem,,NA,140,Fri Jun  1 13:47:30 2018
6sc03,extrapolation,unmarked,final,sa,"['gu', 'ti']",SimplePhrase_Typing,punch_chef_pl_cowboy_sg,NA,NA,,straikim sanork titumbat,NA,straikim sanork titumbat,,NA,141,Fri Jun  1 13:47:42 2018
6sc03,extrapolation,unmarked,final,sa,"['gu', 'ti']",SimplePhrase_Typing,punch_burglar_sg_chef_sg,NA,NA,,straikim negid gunork,NA,straikim negid gunork,,NA,142,Fri Jun  1 13:47:55 2018
6sc03,extrapolation,unmarked,final,sa,"['gu', 'ti']",SimplePhrase_Typing,punch_burglar_sg_waitress_sg,NA,NA,,straikim negid guvaem,NA,straikim negid guvaem,,NA,143,Fri Jun  1 13:48:05 2018
6sc03,extrapolation,unmarked,final,sa,"['gu', 'ti']",SimplePhrase_Typing,kick_cowboy_pl_burglar_sg,NA,NA,,kikim satumbat tinegid,NA,kikim satumbat tinegid,,NA,144,Fri Jun  1 13:48:20 2018
6sc03,extrapolation,unmarked,final,sa,"['gu', 'ti']",SimplePhrase_Typing,punch_burglar_pl_chef_sg,NA,NA,,straikim sanegid gunork,NA,straikim sanegid gunork,,NA,145,Fri Jun  1 13:48:31 2018
6sc03,extrapolation,unmarked,final,sa,"['gu', 'ti']",SimplePhrase_Typing,point_chef_sg_burglar_sg,NA,NA,,poinim nork tinegid,NA,poinim nork tinegid,,NA,146,Fri Jun  1 13:48:41 2018
6sc03,extrapolation,unmarked,final,sa,"['gu', 'ti']",SimplePhrase_Typing,waitress,NA,NA,,vaem,NA,vaem,,NA,147,Fri Jun  1 13:48:49 2018
6sc03,extrapolation,unmarked,final,sa,"['gu', 'ti']",SimplePhrase_Typing,kick_burglar_sg_cowboy_sg,NA,NA,,kikim negid titumbat,NA,kikim negid titumbat,,NA,148,Fri Jun  1 13:49:00 2018
6sc03,extrapolation,unmarked,final,sa,"['gu', 'ti']",ComplexPhrase_Typing,punch_chef_sg_burglar_pl,burglar,negid,0,straikim nork tisanegid,NA,straikim nork satinegid,,NA,149,Fri Jun  1 13:49:39 2018
6sc03,extrapolation,unmarked,final,sa,"['gu', 'ti']",ComplexPhrase_Typing,punch_chef_sg_cowboy_pl,cowboy,tumbat,0,straikim nork tisatumbat,NA,straikim nork satitumbat,,NA,150,Fri Jun  1 13:49:50 2018
6sc03,extrapolation,unmarked,final,sa,"['gu', 'ti']",ComplexPhrase_Typing,kick_cowboy_sg_chef_pl,chef,nork,0,kikim tumbat gusanork,NA,kikim tumbat sagunork,,NA,151,Fri Jun  1 13:49:59 2018
6sc03,extrapolation,unmarked,final,sa,"['gu', 'ti']",ComplexPhrase_Typing,punch_burglar_sg_waitress_pl,waitress,vaem,0,straikim negid gusavaem,NA,straikim negid saguvaem,,NA,152,Fri Jun  1 13:50:06 2018
6sc03,extrapolation,unmarked,final,sa,"['gu', 'ti']",ComplexPhrase_Typing,punch_chef_sg_burglar_pl,burglar,negid,0,straikim nork tisanegid,NA,straikim nork satinegid,,NA,153,Fri Jun  1 13:50:17 2018
6sc03,extrapolation,unmarked,final,sa,"['gu', 'ti']",ComplexPhrase_Typing,punch_chef_sg_cowboy_pl,cowboy,tumbat,1,straikim nork tisatumbat,NA,straikim nork tisatumbat,,NA,154,Fri Jun  1 13:50:34 2018
6sc03,extrapolation,unmarked,final,sa,"['gu', 'ti']",ComplexPhrase_Typing,kick_cowboy_sg_chef_pl,chef,nork,0,kikim tumbat gusanork,NA,kikim tumbat sagunork,,NA,155,Fri Jun  1 13:50:45 2018
6sc03,extrapolation,unmarked,final,sa,"['gu', 'ti']",ComplexPhrase_Typing,punch_burglar_sg_waitress_pl,waitress,vaem,0,straikim negid gusavaem,NA,straikim negid saguvaem,,NA,156,Fri Jun  1 13:50:52 2018
6sc03,extrapolation,unmarked,final,sa,"['gu', 'ti']",ComplexPhrase_Typing,punch_burglar_sg_waitress_pl,waitress,vaem,0,straikim negid gusavaem,NA,straikim negid saguvaem,,NA,157,Fri Jun  1 13:51:00 2018
6sc03,extrapolation,unmarked,final,sa,"['gu', 'ti']",ComplexPhrase_Typing,kick_cowboy_sg_chef_pl,chef,nork,0,kikim tumbat gusanork,NA,kikim tumbat sagunork,,NA,158,Fri Jun  1 13:51:07 2018
6sc03,extrapolation,unmarked,final,sa,"['gu', 'ti']",ComplexPhrase_Typing,punch_chef_sg_cowboy_pl,cowboy,tumbat,0,straikim nork tisatumbat,NA,straikim nork satitumbat,,NA,159,Fri Jun  1 13:51:13 2018
6sc03,extrapolation,unmarked,final,sa,"['gu', 'ti']",ComplexPhrase_Typing,punch_chef_sg_burglar_pl,burglar,negid,0,straikim nork tisanegid,NA,straikim nork satinegid,,NA,160,Fri Jun  1 13:51:20 2018
6sc03,extrapolation,unmarked,final,sa,"['gu', 'ti']",ComplexPhrase_Testing,punch_waitress_sg_burglar_pl,burglar,negid,0,straikim vaem tisanegid,NA,NA,straikim vaem satinegid,NA,161,Fri Jun  1 13:51:59 2018
6sc03,extrapolation,unmarked,final,sa,"['gu', 'ti']",ComplexPhrase_Testing,punch_chef_sg_cowboy_pl,cowboy,tumbat,0,straikim nork tisatumbat,NA,NA,straikim nork satitumbat,NA,162,Fri Jun  1 13:52:05 2018
6sc03,extrapolation,unmarked,final,sa,"['gu', 'ti']",ComplexPhrase_Testing,punch_waitress_sg_cowboy_pl,cowboy,tumbat,0,straikim vaem tisatumbat,NA,NA,straikim vaem satitumbat,NA,163,Fri Jun  1 13:52:11 2018
6sc03,extrapolation,unmarked,final,sa,"['gu', 'ti']",ComplexPhrase_Testing,point_waitress_sg_chef_pl,chef,nork,0,poinim vaem gusanork,NA,NA,poinim vaem sagunork,NA,164,Fri Jun  1 13:52:18 2018
6sc03,extrapolation,unmarked,final,sa,"['gu', 'ti']",ComplexPhrase_Testing,kick_waitress_sg_chef_sg,NA,NA,,kikim vaem gunork,NA,NA,kikim vaem gunork,NA,165,Fri Jun  1 13:52:23 2018
6sc03,extrapolation,unmarked,final,sa,"['gu', 'ti']",ComplexPhrase_Testing,punch_waitress_sg_cowboy_pl,cowboy,tumbat,0,straikim vaem tisatumbat,NA,NA,straikim vaem satitumbat,NA,166,Fri Jun  1 13:52:31 2018
6sc03,extrapolation,unmarked,final,sa,"['gu', 'ti']",ComplexPhrase_Testing,punch_chef_pl_waitress_sg,NA,NA,,straikim sanork guvaem,NA,NA,straikim sanork guvaem,NA,167,Fri Jun  1 13:52:39 2018
6sc03,extrapolation,unmarked,final,sa,"['gu', 'ti']",ComplexPhrase_Testing,punch_chef_sg_cowboy_pl,cowboy,tumbat,0,straikim nork tisatumbat,NA,NA,straikim nork satitumbat,NA,168,Fri Jun  1 13:52:49 2018
6sc03,extrapolation,unmarked,final,sa,"['gu', 'ti']",ComplexPhrase_Testing,kick_cowboy_sg_chef_sg,NA,NA,,kikim tumbat gunork,NA,NA,kikim tumbat gunork,NA,169,Fri Jun  1 13:52:53 2018
6sc03,extrapolation,unmarked,final,sa,"['gu', 'ti']",ComplexPhrase_Testing,point_chef_sg_burglar_sg,NA,NA,,poinim nork tinegid,NA,NA,poinim nork tinegid,NA,170,Fri Jun  1 13:52:58 2018
6sc03,extrapolation,unmarked,final,sa,"['gu', 'ti']",ComplexPhrase_Testing,punch_waitress_sg_chef_pl,chef,nork,0,straikim vaem gusanork,NA,NA,straikim vaem sagunork,NA,171,Fri Jun  1 13:53:07 2018
6sc03,extrapolation,unmarked,final,sa,"['gu', 'ti']",ComplexPhrase_Testing,point_burglar_sg_cowboy_pl,cowboy,tumbat,0,poinim negid tisatumbat,NA,NA,poinim negid satitumbat,NA,172,Fri Jun  1 13:53:13 2018
6sc03,extrapolation,unmarked,final,sa,"['gu', 'ti']",ComplexPhrase_Testing,burglar,NA,NA,,negid,NA,NA,negid,NA,173,Fri Jun  1 13:53:17 2018
6sc03,extrapolation,unmarked,final,sa,"['gu', 'ti']",ComplexPhrase_Testing,punch_waitress_sg_burglar_pl,burglar,negid,0,straikim vaem tisanegid,NA,NA,straikim vaem satinegid,NA,174,Fri Jun  1 13:53:25 2018
6sc03,extrapolation,unmarked,final,sa,"['gu', 'ti']",ComplexPhrase_Testing,point_waitress_sg_chef_pl,chef,nork,0,poinim vaem gusanork,NA,NA,poinim vaem sagunork,NA,175,Fri Jun  1 13:53:31 2018
6sc03,extrapolation,unmarked,final,sa,"['gu', 'ti']",ComplexPhrase_Testing,point_chef_sg_burglar_pl,burglar,negid,0,poinim nork tisanegid,NA,NA,poinim nork satinegid,NA,176,Fri Jun  1 13:53:36 2018
6sc03,extrapolation,unmarked,final,sa,"['gu', 'ti']",ComplexPhrase_Testing,kick_burglar_sg_waitress_pl,waitress,vaem,0,kikim negid gusavaem,NA,NA,kikim negid saguvaem,NA,177,Fri Jun  1 13:53:43 2018
6sc03,extrapolation,unmarked,final,sa,"['gu', 'ti']",ComplexPhrase_Testing,punch_waitress_sg_burglar_pl,burglar,negid,0,straikim vaem tisanegid,NA,NA,straikim vaem satinegid,NA,178,Fri Jun  1 13:53:48 2018
6sc03,extrapolation,unmarked,final,sa,"['gu', 'ti']",ComplexPhrase_Testing,punch_waitress_pl_burglar_sg,NA,NA,,straikim savaem tinegid,NA,NA,straikim savaem tinegid,NA,179,Fri Jun  1 13:53:58 2018
6sc03,extrapolation,unmarked,final,sa,"['gu', 'ti']",ComplexPhrase_Testing,point_burglar_sg_cowboy_pl,cowboy,tumbat,0,poinim negid tisatumbat,NA,NA,poinim negid satitumbat,NA,180,Fri Jun  1 13:54:07 2018
6sc03,extrapolation,unmarked,final,sa,"['gu', 'ti']",ComplexPhrase_Testing,kick_cowboy_sg_chef_pl,chef,nork,0,kikim tumbat gusanork,NA,NA,kikim tumbat sagunork,NA,181,Fri Jun  1 13:54:12 2018
6sc03,extrapolation,unmarked,final,sa,"['gu', 'ti']",ComplexPhrase_Testing,waitress,NA,NA,,vaem,NA,NA,vaem,NA,182,Fri Jun  1 13:54:15 2018
6sc03,extrapolation,unmarked,final,sa,"['gu', 'ti']",ComplexPhrase_Testing,punch_waitress_sg_chef_pl,chef,nork,0,straikim vaem gusanork,NA,NA,straikim vaem sagunork,NA,183,Fri Jun  1 13:54:22 2018
6sc03,extrapolation,unmarked,final,sa,"['gu', 'ti']",ComplexPhrase_Testing,kick_cowboy_pl_waitress_sg,NA,NA,,kikim satumbat guvaem,NA,NA,kikim satumbat guvaem,NA,184,Fri Jun  1 13:54:28 2018
6sc03,extrapolation,unmarked,final,sa,"['gu', 'ti']",ComplexPhrase_Testing,punch_waitress_sg_cowboy_pl,cowboy,tumbat,0,straikim vaem tisatumbat,NA,NA,straikim vaem satitumbat,NA,185,Fri Jun  1 13:54:36 2018
6sc03,extrapolation,unmarked,final,sa,"['gu', 'ti']",ComplexPhrase_Testing,punch_burglar_pl_cowboy_sg,NA,NA,,straikim sanegid titumbat,NA,NA,straikim sanegid titumbat,NA,186,Fri Jun  1 13:54:43 2018
6sc03,extrapolation,unmarked,final,sa,"['gu', 'ti']",ComplexPhrase_Testing,kick_cowboy_sg_chef_pl,chef,nork,0,kikim tumbat gusanork,NA,NA,kikim tumbat sagunork,NA,187,Fri Jun  1 13:54:52 2018
6sc03,extrapolation,unmarked,final,sa,"['gu', 'ti']",ComplexPhrase_Testing,kick_chef_sg_burglar_pl,burglar,negid,0,kikim nork tisanegid,NA,NA,kikim nork satinegid,NA,188,Fri Jun  1 13:54:59 2018
6sc03,extrapolation,unmarked,final,sa,"['gu', 'ti']",ComplexPhrase_Testing,punch_burglar_sg_waitress_pl,waitress,vaem,0,straikim negid gusavaem,NA,NA,straikim negid saguvaem,NA,189,Fri Jun  1 13:55:05 2018
6sc03,extrapolation,unmarked,final,sa,"['gu', 'ti']",ComplexPhrase_Testing,kick_cowboy_pl_chef_sg,NA,NA,,kikim satumbat gunork,NA,NA,kikim satumbat gunork,NA,190,Fri Jun  1 13:55:11 2018
6sc03,extrapolation,unmarked,final,sa,"['gu', 'ti']",ComplexPhrase_Testing,chef,NA,NA,,nork,NA,NA,nork,NA,191,Fri Jun  1 13:55:17 2018
6sc03,extrapolation,unmarked,final,sa,"['gu', 'ti']",ComplexPhrase_Testing,punch_waitress_sg_chef_pl,chef,nork,0,straikim vaem gusanork,NA,NA,straikim vaem sagunork,NA,192,Fri Jun  1 13:55:24 2018
6sc03,extrapolation,unmarked,final,sa,"['gu', 'ti']",ComplexPhrase_Testing,point_waitress_sg_cowboy_sg,NA,NA,,poinim vaem titumbat,NA,NA,poinim vaem titumbat,NA,193,Fri Jun  1 13:55:30 2018
6sc03,extrapolation,unmarked,final,sa,"['gu', 'ti']",ComplexPhrase_Testing,punch_burglar_sg_waitress_pl,waitress,vaem,0,straikim negid gusavaem,NA,NA,straikim negid saguvaem,NA,194,Fri Jun  1 13:55:38 2018
6sc03,extrapolation,unmarked,final,sa,"['gu', 'ti']",ComplexPhrase_Testing,kick_chef_sg_burglar_pl,burglar,negid,0,kikim nork tisanegid,NA,NA,kikim nork satinegid,NA,195,Fri Jun  1 13:55:46 2018
6sc03,extrapolation,unmarked,final,sa,"['gu', 'ti']",ComplexPhrase_Testing,cowboy,NA,NA,,tumbat,NA,NA,tumbat,NA,196,Fri Jun  1 13:55:49 2018
6sc03,extrapolation,unmarked,final,sa,"['gu', 'ti']",ComplexPhrase_Testing,kick_cowboy_sg_chef_pl,chef,nork,0,kikim tumbat gusanork,NA,NA,kikim tumbat sagunork,NA,197,Fri Jun  1 13:55:56 2018
6sc03,extrapolation,unmarked,final,sa,"['gu', 'ti']",ComplexPhrase_Testing,punch_chef_sg_cowboy_pl,cowboy,tumbat,0,straikim nork tisatumbat,NA,NA,straikim nork satitumbat,NA,198,Fri Jun  1 13:56:01 2018
6sc03,extrapolation,unmarked,final,sa,"['gu', 'ti']",ComplexPhrase_Testing,kick_chef_sg_burglar_pl,burglar,negid,0,kikim nork tisanegid,NA,NA,kikim nork satinegid,NA,199,Fri Jun  1 13:56:06 2018
6sc03,extrapolation,unmarked,final,sa,"['gu', 'ti']",ComplexPhrase_Testing,point_chef_sg_burglar_pl,burglar,negid,0,poinim nork tisanegid,NA,NA,poinim nork satinegid,NA,200,Fri Jun  1 13:56:12 2018
6sc03,extrapolation,unmarked,final,sa,"['gu', 'ti']",ComplexPhrase_Testing,kick_burglar_sg_waitress_pl,waitress,vaem,0,kikim negid gusavaem,NA,NA,kikim negid saguvaem,NA,201,Fri Jun  1 13:56:17 2018
6sc03,extrapolation,unmarked,final,sa,"['gu', 'ti']",ComplexPhrase_Testing,kick_burglar_sg_waitress_pl,waitress,vaem,0,kikim negid gusavaem,NA,NA,kikim negid saguvaem,NA,202,Fri Jun  1 13:56:21 2018
6sc03,extrapolation,unmarked,final,sa,"['gu', 'ti']",ComplexPhrase_Testing,punch_cowboy_sg_waitress_pl,waitress,vaem,0,straikim tumbat gusavaem,NA,NA,straikim tumbat saguvaem,NA,203,Fri Jun  1 13:56:26 2018
6sc03,extrapolation,unmarked,final,sa,"['gu', 'ti']",ComplexPhrase_Testing,point_waitress_sg_chef_pl,chef,nork,0,poinim vaem gusanork,NA,NA,poinim vaem sagunork,NA,204,Fri Jun  1 13:56:32 2018
6sc03,extrapolation,unmarked,final,sa,"['gu', 'ti']",ComplexPhrase_Testing,point_chef_sg_burglar_pl,burglar,negid,0,poinim nork tisanegid,NA,NA,poinim nork satinegid,NA,205,Fri Jun  1 13:56:36 2018
6sc03,extrapolation,unmarked,final,sa,"['gu', 'ti']",ComplexPhrase_Testing,kick_burglar_pl_cowboy_sg,NA,NA,,kikim sanegid titumbat,NA,NA,kikim sanegid titumbat,NA,206,Fri Jun  1 13:56:43 2018
6sc03,extrapolation,unmarked,final,sa,"['gu', 'ti']",ComplexPhrase_Testing,point_burglar_sg_waitress_sg,NA,NA,,poinim negid guvaem,NA,NA,poinim negid guvaem,NA,207,Fri Jun  1 13:56:50 2018
6sc03,extrapolation,unmarked,final,sa,"['gu', 'ti']",ComplexPhrase_Testing,kick_waitress_sg_cowboy_sg,NA,NA,,kikim vaem titumbat,NA,NA,kikim vaem titumbat,NA,208,Fri Jun  1 13:56:59 2018
6sc03,extrapolation,unmarked,final,sa,"['gu', 'ti']",ComplexPhrase_Testing,punch_cowboy_sg_waitress_pl,waitress,vaem,0,straikim tumbat gusavaem,NA,NA,straikim tumbat saguvaem,NA,209,Fri Jun  1 13:57:06 2018
6sc03,extrapolation,unmarked,final,sa,"['gu', 'ti']",ComplexPhrase_Testing,point_burglar_sg_cowboy_pl,cowboy,tumbat,0,poinim negid tisatumbat,NA,NA,poinim negid satitumbat,NA,210,Fri Jun  1 13:57:13 2018
6sc03,extrapolation,unmarked,final,sa,"['gu', 'ti']",ComplexPhrase_Testing,punch_burglar_sg_waitress_pl,waitress,vaem,0,straikim negid gusavaem,NA,NA,straikim negid saguvaem,NA,211,Fri Jun  1 13:57:19 2018
6sc03,extrapolation,unmarked,final,sa,"['gu', 'ti']",ComplexPhrase_Testing,punch_cowboy_sg_waitress_pl,waitress,vaem,0,straikim tumbat gusavaem,NA,NA,straikim tumbat saguvaem,NA,212,Fri Jun  1 13:57:25 2018
6sc03,extrapolation,unmarked,final,sa,"['gu', 'ti']",Questionnaire,NA,NA,NA,,NA,NA,NA,,direct object marker,MeaningCase,Fri Jun  1 13:59:39 2018
6sc03,extrapolation,unmarked,final,sa,"['gu', 'ti']",Questionnaire,NA,NA,NA,,NA,NA,NA,,plural marker,MeaningNum,Fri Jun  1 13:59:39 2018
6sc03,extrapolation,unmarked,final,sa,"['gu', 'ti']",Questionnaire,NA,NA,NA,,NA,NA,NA,,before,OrderCaseNoun,Fri Jun  1 13:59:39 2018
6sc03,extrapolation,unmarked,final,sa,"['gu', 'ti']",Questionnaire,NA,NA,NA,,NA,NA,NA,,before,OrderNumNoun,Fri Jun  1 13:59:39 2018
6sc03,extrapolation,unmarked,final,sa,"['gu', 'ti']",Questionnaire,NA,NA,NA,,NA,NA,NA,,"after sa. I thought the plural markers usually take precedence over case markers, so would come first.",OrderNumCase,Fri Jun  1 13:59:39 2018
6sc03,extrapolation,unmarked,final,sa,"['gu', 'ti']",Questionnaire,NA,NA,NA,,NA,NA,NA,,English,Languages,Fri Jun  1 13:59:39 2018