ID,Condition,MajorityOrder,NounPosition,markerNum,markerCase,Phase,Meaning,NounItem,Noun,InputSentence,Selection,TypedResponse,SpokenResponse,AnswerQuest,Trial,date&time
6sc02,extrapolation,unmarked,final,ti,"['gu', 'sa']",Noun_Training,burglar,NA,NA,tumbat,NA,NA,,NA,1,Thu May 31 09:34:10 2018
6sc02,extrapolation,unmarked,final,ti,"['gu', 'sa']",Noun_Training,cowboy,NA,NA,nork,NA,NA,,NA,2,Thu May 31 09:34:15 2018
6sc02,extrapolation,unmarked,final,ti,"['gu', 'sa']",Noun_Training,waitress,NA,NA,vaem,NA,NA,,NA,3,Thu May 31 09:34:20 2018
6sc02,extrapolation,unmarked,final,ti,"['gu', 'sa']",Noun_Training,chef,NA,NA,negid,NA,NA,,NA,4,Thu May 31 09:34:24 2018
6sc02,extrapolation,unmarked,final,ti,"['gu', 'sa']",Noun_Training,waitress,NA,NA,vaem,NA,NA,,NA,5,Thu May 31 09:34:29 2018
6sc02,extrapolation,unmarked,final,ti,"['gu', 'sa']",Noun_Training,waitress,NA,NA,vaem,NA,NA,,NA,6,Thu May 31 09:34:34 2018
6sc02,extrapolation,unmarked,final,ti,"['gu', 'sa']",Noun_Training,chef,NA,NA,negid,NA,NA,,NA,7,Thu May 31 09:34:39 2018
6sc02,extrapolation,unmarked,final,ti,"['gu', 'sa']",Noun_Training,burglar,NA,NA,tumbat,NA,NA,,NA,8,Thu May 31 09:34:44 2018
6sc02,extrapolation,unmarked,final,ti,"['gu', 'sa']",Noun_Training,waitress,NA,NA,vaem,NA,NA,,NA,9,Thu May 31 09:34:48 2018
6sc02,extrapolation,unmarked,final,ti,"['gu', 'sa']",Noun_Training,cowboy,NA,NA,nork,NA,NA,,NA,10,Thu May 31 09:34:53 2018
6sc02,extrapolation,unmarked,final,ti,"['gu', 'sa']",Noun_Training,burglar,NA,NA,tumbat,NA,NA,,NA,11,Thu May 31 09:34:58 2018
6sc02,extrapolation,unmarked,final,ti,"['gu', 'sa']",Noun_Training,chef,NA,NA,negid,NA,NA,,NA,12,Thu May 31 09:35:03 2018
6sc02,extrapolation,unmarked,final,ti,"['gu', 'sa']",Noun_Training,waitress,NA,NA,vaem,NA,NA,,NA,13,Thu May 31 09:35:08 2018
6sc02,extrapolation,unmarked,final,ti,"['gu', 'sa']",Noun_Training,chef,NA,NA,negid,NA,NA,,NA,14,Thu May 31 09:35:12 2018
6sc02,extrapolation,unmarked,final,ti,"['gu', 'sa']",Noun_Training,burglar,NA,NA,tumbat,NA,NA,,NA,15,Thu May 31 09:35:17 2018
6sc02,extrapolation,unmarked,final,ti,"['gu', 'sa']",Noun_Training,cowboy,NA,NA,nork,NA,NA,,NA,16,Thu May 31 09:35:22 2018
6sc02,extrapolation,unmarked,final,ti,"['gu', 'sa']",Noun_Training,cowboy,NA,NA,nork,NA,NA,,NA,17,Thu May 31 09:35:27 2018
6sc02,extrapolation,unmarked,final,ti,"['gu', 'sa']",Noun_Training,cowboy,NA,NA,nork,NA,NA,,NA,18,Thu May 31 09:35:32 2018
6sc02,extrapolation,unmarked,final,ti,"['gu', 'sa']",Noun_Training,burglar,NA,NA,tumbat,NA,NA,,NA,19,Thu May 31 09:35:37 2018
6sc02,extrapolation,unmarked,final,ti,"['gu', 'sa']",Noun_Training,burglar,NA,NA,tumbat,NA,NA,,NA,20,Thu May 31 09:35:42 2018
6sc02,extrapolation,unmarked,final,ti,"['gu', 'sa']",Noun_Training,chef,NA,NA,negid,NA,NA,,NA,21,Thu May 31 09:35:47 2018
6sc02,extrapolation,unmarked,final,ti,"['gu', 'sa']",Noun_Training,chef,NA,NA,negid,NA,NA,,NA,22,Thu May 31 09:35:51 2018
6sc02,extrapolation,unmarked,final,ti,"['gu', 'sa']",Noun_Training,waitress,NA,NA,vaem,NA,NA,,NA,23,Thu May 31 09:35:56 2018
6sc02,extrapolation,unmarked,final,ti,"['gu', 'sa']",Noun_Training,cowboy,NA,NA,nork,NA,NA,,NA,24,Thu May 31 09:36:01 2018
6sc02,extrapolation,unmarked,final,ti,"['gu', 'sa']",Noun_Selection,chef,NA,NA,negid,correct,NA,,NA,25,Thu May 31 09:36:23 2018
6sc02,extrapolation,unmarked,final,ti,"['gu', 'sa']",Noun_Selection,burglar,NA,NA,tumbat,correct,NA,,NA,26,Thu May 31 09:36:28 2018
6sc02,extrapolation,unmarked,final,ti,"['gu', 'sa']",Noun_Selection,chef,NA,NA,negid,correct,NA,,NA,27,Thu May 31 09:36:31 2018
6sc02,extrapolation,unmarked,final,ti,"['gu', 'sa']",Noun_Selection,waitress,NA,NA,vaem,correct,NA,,NA,28,Thu May 31 09:36:34 2018
6sc02,extrapolation,unmarked,final,ti,"['gu', 'sa']",Noun_Selection,burglar,NA,NA,tumbat,correct,NA,,NA,29,Thu May 31 09:36:38 2018
6sc02,extrapolation,unmarked,final,ti,"['gu', 'sa']",Noun_Selection,cowboy,NA,NA,nork,correct,NA,,NA,30,Thu May 31 09:36:42 2018
6sc02,extrapolation,unmarked,final,ti,"['gu', 'sa']",Noun_Selection,chef,NA,NA,negid,correct,NA,,NA,31,Thu May 31 09:36:45 2018
6sc02,extrapolation,unmarked,final,ti,"['gu', 'sa']",Noun_Selection,cowboy,NA,NA,nork,correct,NA,,NA,32,Thu May 31 09:36:48 2018
6sc02,extrapolation,unmarked,final,ti,"['gu', 'sa']",Noun_Selection,waitress,NA,NA,vaem,correct,NA,,NA,33,Thu May 31 09:36:51 2018
6sc02,extrapolation,unmarked,final,ti,"['gu', 'sa']",Noun_Selection,waitress,NA,NA,vaem,correct,NA,,NA,34,Thu May 31 09:36:55 2018
6sc02,extrapolation,unmarked,final,ti,"['gu', 'sa']",Noun_Selection,cowboy,NA,NA,nork,correct,NA,,NA,35,Thu May 31 09:36:59 2018
6sc02,extrapolation,unmarked,final,ti,"['gu', 'sa']",Noun_Selection,burglar,NA,NA,tumbat,correct,NA,,NA,36,Thu May 31 09:37:01 2018
6sc02,extrapolation,unmarked,final,ti,"['gu', 'sa']",Noun_Testing,cowboy,NA,NA,nork,NA,NA,,NA,37,Thu May 31 09:37:28 2018
6sc02,extrapolation,unmarked,final,ti,"['gu', 'sa']",Noun_Testing,waitress,NA,NA,vaem,NA,NA,,NA,38,Thu May 31 09:37:33 2018
6sc02,extrapolation,unmarked,final,ti,"['gu', 'sa']",Noun_Testing,chef,NA,NA,negid,NA,NA,,NA,39,Thu May 31 09:37:37 2018
6sc02,extrapolation,unmarked,final,ti,"['gu', 'sa']",Noun_Testing,cowboy,NA,NA,nork,NA,NA,,NA,40,Thu May 31 09:37:42 2018
6sc02,extrapolation,unmarked,final,ti,"['gu', 'sa']",Noun_Testing,chef,NA,NA,negid,NA,NA,,NA,41,Thu May 31 09:37:46 2018
6sc02,extrapolation,unmarked,final,ti,"['gu', 'sa']",Noun_Testing,burglar,NA,NA,tumbat,NA,NA,,NA,42,Thu May 31 09:37:50 2018
6sc02,extrapolation,unmarked,final,ti,"['gu', 'sa']",Noun_Testing,chef,NA,NA,negid,NA,NA,,NA,43,Thu May 31 09:37:54 2018
6sc02,extrapolation,unmarked,final,ti,"['gu', 'sa']",Noun_Testing,waitress,NA,NA,vaem,NA,NA,,NA,44,Thu May 31 09:37:57 2018
6sc02,extrapolation,unmarked,final,ti,"['gu', 'sa']",Noun_Testing,waitress,NA,NA,vaem,NA,NA,,NA,45,Thu May 31 09:38:01 2018
6sc02,extrapolation,unmarked,final,ti,"['gu', 'sa']",Noun_Testing,cowboy,NA,NA,nork,NA,NA,,NA,46,Thu May 31 09:38:05 2018
6sc02,extrapolation,unmarked,final,ti,"['gu', 'sa']",Noun_Testing,burglar,NA,NA,tumbat,NA,NA,,NA,47,Thu May 31 09:38:08 2018
6sc02,extrapolation,unmarked,final,ti,"['gu', 'sa']",Noun_Testing,burglar,NA,NA,tumbat,NA,NA,,NA,48,Thu May 31 09:38:12 2018
6sc02,extrapolation,unmarked,final,ti,"['gu', 'sa']",SimplePhrase_Training,kick_waitress_sg_burglar_sg,NA,NA,kikim vaem satumbat,NA,NA,,NA,49,Thu May 31 09:38:48 2018
6sc02,extrapolation,unmarked,final,ti,"['gu', 'sa']",SimplePhrase_Training,punch_burglar_sg_cowboy_sg,NA,NA,straikim tumbat gunork,NA,NA,,NA,50,Thu May 31 09:38:55 2018
6sc02,extrapolation,unmarked,final,ti,"['gu', 'sa']",SimplePhrase_Training,cowboy,NA,NA,nork,NA,NA,,NA,51,Thu May 31 09:39:00 2018
6sc02,extrapolation,unmarked,final,ti,"['gu', 'sa']",SimplePhrase_Training,kick_waitress_pl_burglar_sg,NA,NA,kikim tivaem satumbat,NA,NA,,NA,52,Thu May 31 09:39:08 2018
6sc02,extrapolation,unmarked,final,ti,"['gu', 'sa']",SimplePhrase_Training,punch_burglar_pl_chef_sg,NA,NA,straikim titumbat sanegid,NA,NA,,NA,53,Thu May 31 09:39:15 2018
6sc02,extrapolation,unmarked,final,ti,"['gu', 'sa']",SimplePhrase_Training,burglar,NA,NA,tumbat,NA,NA,,NA,54,Thu May 31 09:39:20 2018
6sc02,extrapolation,unmarked,final,ti,"['gu', 'sa']",SimplePhrase_Training,point_chef_sg_cowboy_sg,NA,NA,poinim negid gunork,NA,NA,,NA,55,Thu May 31 09:39:27 2018
6sc02,extrapolation,unmarked,final,ti,"['gu', 'sa']",SimplePhrase_Training,punch_cowboy_pl_chef_sg,NA,NA,straikim tinork sanegid,NA,NA,,NA,56,Thu May 31 09:39:35 2018
6sc02,extrapolation,unmarked,final,ti,"['gu', 'sa']",SimplePhrase_Training,punch_chef_sg_cowboy_sg,NA,NA,straikim negid gunork,NA,NA,,NA,57,Thu May 31 09:39:42 2018
6sc02,extrapolation,unmarked,final,ti,"['gu', 'sa']",SimplePhrase_Training,kick_burglar_pl_waitress_sg,NA,NA,kikim titumbat guvaem,NA,NA,,NA,58,Thu May 31 09:39:50 2018
6sc02,extrapolation,unmarked,final,ti,"['gu', 'sa']",SimplePhrase_Training,kick_chef_pl_burglar_sg,NA,NA,kikim tinegid satumbat,NA,NA,,NA,59,Thu May 31 09:39:57 2018
6sc02,extrapolation,unmarked,final,ti,"['gu', 'sa']",SimplePhrase_Training,kick_chef_pl_cowboy_sg,NA,NA,kikim tinegid gunork,NA,NA,,NA,60,Thu May 31 09:40:05 2018
6sc02,extrapolation,unmarked,final,ti,"['gu', 'sa']",SimplePhrase_Training,kick_chef_sg_burglar_sg,NA,NA,kikim negid satumbat,NA,NA,,NA,61,Thu May 31 09:40:12 2018
6sc02,extrapolation,unmarked,final,ti,"['gu', 'sa']",SimplePhrase_Training,punch_cowboy_sg_waitress_sg,NA,NA,straikim nork guvaem,NA,NA,,NA,62,Thu May 31 09:40:20 2018
6sc02,extrapolation,unmarked,final,ti,"['gu', 'sa']",SimplePhrase_Training,point_burglar_sg_cowboy_sg,NA,NA,poinim tumbat gunork,NA,NA,,NA,63,Thu May 31 09:40:27 2018
6sc02,extrapolation,unmarked,final,ti,"['gu', 'sa']",SimplePhrase_Training,punch_chef_pl_cowboy_sg,NA,NA,straikim tinegid gunork,NA,NA,,NA,64,Thu May 31 09:40:35 2018
6sc02,extrapolation,unmarked,final,ti,"['gu', 'sa']",SimplePhrase_Training,kick_cowboy_pl_chef_sg,NA,NA,kikim tinork sanegid,NA,NA,,NA,65,Thu May 31 09:40:42 2018
6sc02,extrapolation,unmarked,final,ti,"['gu', 'sa']",SimplePhrase_Training,punch_waitress_sg_chef_sg,NA,NA,straikim vaem sanegid,NA,NA,,NA,66,Thu May 31 09:40:49 2018
6sc02,extrapolation,unmarked,final,ti,"['gu', 'sa']",SimplePhrase_Training,chef,NA,NA,negid,NA,NA,,NA,67,Thu May 31 09:40:54 2018
6sc02,extrapolation,unmarked,final,ti,"['gu', 'sa']",SimplePhrase_Training,point_chef_pl_cowboy_sg,NA,NA,poinim tinegid gunork,NA,NA,,NA,68,Thu May 31 09:41:02 2018
6sc02,extrapolation,unmarked,final,ti,"['gu', 'sa']",SimplePhrase_Training,punch_burglar_pl_waitress_sg,NA,NA,straikim titumbat guvaem,NA,NA,,NA,69,Thu May 31 09:41:09 2018
6sc02,extrapolation,unmarked,final,ti,"['gu', 'sa']",SimplePhrase_Training,kick_chef_sg_waitress_sg,NA,NA,kikim negid guvaem,NA,NA,,NA,70,Thu May 31 09:41:16 2018
6sc02,extrapolation,unmarked,final,ti,"['gu', 'sa']",SimplePhrase_Training,kick_cowboy_pl_burglar_sg,NA,NA,kikim tinork satumbat,NA,NA,,NA,71,Thu May 31 09:41:24 2018
6sc02,extrapolation,unmarked,final,ti,"['gu', 'sa']",SimplePhrase_Training,waitress,NA,NA,vaem,NA,NA,,NA,72,Thu May 31 09:41:29 2018
6sc02,extrapolation,unmarked,final,ti,"['gu', 'sa']",SimplePhrase_Training,punch_waitress_pl_cowboy_sg,NA,NA,straikim tivaem gunork,NA,NA,,NA,73,Thu May 31 09:41:36 2018
6sc02,extrapolation,unmarked,final,ti,"['gu', 'sa']",SimplePhrase_Training,punch_cowboy_pl_waitress_sg,NA,NA,straikim tinork guvaem,NA,NA,,NA,74,Thu May 31 09:41:44 2018
6sc02,extrapolation,unmarked,final,ti,"['gu', 'sa']",SimplePhrase_Training,kick_cowboy_sg_chef_sg,NA,NA,kikim nork sanegid,NA,NA,,NA,75,Thu May 31 09:41:51 2018
6sc02,extrapolation,unmarked,final,ti,"['gu', 'sa']",SimplePhrase_Training,point_waitress_sg_burglar_sg,NA,NA,poinim vaem satumbat,NA,NA,,NA,76,Thu May 31 09:41:58 2018
6sc02,extrapolation,unmarked,final,ti,"['gu', 'sa']",SimplePhrase_Training,point_cowboy_sg_burglar_sg,NA,NA,poinim nork satumbat,NA,NA,,NA,77,Thu May 31 09:42:06 2018
6sc02,extrapolation,unmarked,final,ti,"['gu', 'sa']",SimplePhrase_Training,kick_burglar_pl_chef_sg,NA,NA,kikim titumbat sanegid,NA,NA,,NA,78,Thu May 31 09:42:14 2018
6sc02,extrapolation,unmarked,final,ti,"['gu', 'sa']",SimplePhrase_Training,point_burglar_pl_cowboy_sg,NA,NA,poinim titumbat gunork,NA,NA,,NA,79,Thu May 31 09:42:21 2018
6sc02,extrapolation,unmarked,final,ti,"['gu', 'sa']",SimplePhrase_Training,kick_burglar_sg_waitress_sg,NA,NA,kikim tumbat guvaem,NA,NA,,NA,80,Thu May 31 09:42:28 2018
6sc02,extrapolation,unmarked,final,ti,"['gu', 'sa']",SimplePhrase_Training,point_burglar_sg_chef_sg,NA,NA,poinim tumbat sanegid,NA,NA,,NA,81,Thu May 31 09:42:36 2018
6sc02,extrapolation,unmarked,final,ti,"['gu', 'sa']",SimplePhrase_Training,punch_chef_pl_burglar_sg,NA,NA,straikim tinegid satumbat,NA,NA,,NA,82,Thu May 31 09:42:43 2018
6sc02,extrapolation,unmarked,final,ti,"['gu', 'sa']",SimplePhrase_Training,kick_burglar_sg_chef_sg,NA,NA,kikim tumbat sanegid,NA,NA,,NA,83,Thu May 31 09:42:51 2018
6sc02,extrapolation,unmarked,final,ti,"['gu', 'sa']",SimplePhrase_Training,punch_cowboy_pl_burglar_sg,NA,NA,straikim tinork satumbat,NA,NA,,NA,84,Thu May 31 09:42:58 2018
6sc02,extrapolation,unmarked,final,ti,"['gu', 'sa']",SimplePhrase_Training,kick_chef_pl_waitress_sg,NA,NA,kikim tinegid guvaem,NA,NA,,NA,85,Thu May 31 09:43:06 2018
6sc02,extrapolation,unmarked,final,ti,"['gu', 'sa']",SimplePhrase_Training,point_cowboy_pl_waitress_sg,NA,NA,poinim tinork guvaem,NA,NA,,NA,86,Thu May 31 09:43:13 2018
6sc02,extrapolation,unmarked,final,ti,"['gu', 'sa']",SimplePhrase_Training,punch_chef_sg_waitress_sg,NA,NA,straikim negid guvaem,NA,NA,,NA,87,Thu May 31 09:43:21 2018
6sc02,extrapolation,unmarked,final,ti,"['gu', 'sa']",SimplePhrase_Training,kick_cowboy_pl_waitress_sg,NA,NA,kikim tinork guvaem,NA,NA,,NA,88,Thu May 31 09:43:28 2018
6sc02,extrapolation,unmarked,final,ti,"['gu', 'sa']",SimplePhrase_Training,point_waitress_sg_chef_sg,NA,NA,poinim vaem sanegid,NA,NA,,NA,89,Thu May 31 09:43:35 2018
6sc02,extrapolation,unmarked,final,ti,"['gu', 'sa']",SimplePhrase_Training,point_chef_pl_burglar_sg,NA,NA,poinim tinegid satumbat,NA,NA,,NA,90,Thu May 31 09:43:43 2018
6sc02,extrapolation,unmarked,final,ti,"['gu', 'sa']",SimplePhrase_Training,punch_cowboy_sg_burglar_sg,NA,NA,straikim nork satumbat,NA,NA,,NA,91,Thu May 31 09:43:50 2018
6sc02,extrapolation,unmarked,final,ti,"['gu', 'sa']",SimplePhrase_Training,point_waitress_pl_chef_sg,NA,NA,poinim tivaem sanegid,NA,NA,,NA,92,Thu May 31 09:43:58 2018
6sc02,extrapolation,unmarked,final,ti,"['gu', 'sa']",SimplePhrase_Training,chef,NA,NA,negid,NA,NA,,NA,93,Thu May 31 09:44:03 2018
6sc02,extrapolation,unmarked,final,ti,"['gu', 'sa']",SimplePhrase_Training,point_burglar_sg_waitress_sg,NA,NA,poinim tumbat guvaem,NA,NA,,NA,94,Thu May 31 09:44:10 2018
6sc02,extrapolation,unmarked,final,ti,"['gu', 'sa']",SimplePhrase_Training,kick_burglar_sg_cowboy_sg,NA,NA,kikim tumbat gunork,NA,NA,,NA,95,Thu May 31 09:44:17 2018
6sc02,extrapolation,unmarked,final,ti,"['gu', 'sa']",SimplePhrase_Training,point_waitress_sg_cowboy_sg,NA,NA,poinim vaem gunork,NA,NA,,NA,96,Thu May 31 09:44:24 2018
6sc02,extrapolation,unmarked,final,ti,"['gu', 'sa']",SimplePhrase_Training,cowboy,NA,NA,nork,NA,NA,,NA,97,Thu May 31 09:44:29 2018
6sc02,extrapolation,unmarked,final,ti,"['gu', 'sa']",SimplePhrase_Training,kick_waitress_sg_chef_sg,NA,NA,kikim vaem sanegid,NA,NA,,NA,98,Thu May 31 09:44:36 2018
6sc02,extrapolation,unmarked,final,ti,"['gu', 'sa']",SimplePhrase_Training,punch_burglar_pl_cowboy_sg,NA,NA,straikim titumbat gunork,NA,NA,,NA,99,Thu May 31 09:44:44 2018
6sc02,extrapolation,unmarked,final,ti,"['gu', 'sa']",SimplePhrase_Training,burglar,NA,NA,tumbat,NA,NA,,NA,100,Thu May 31 09:44:49 2018
6sc02,extrapolation,unmarked,final,ti,"['gu', 'sa']",SimplePhrase_Training,punch_chef_sg_burglar_sg,NA,NA,straikim negid satumbat,NA,NA,,NA,101,Thu May 31 09:44:57 2018
6sc02,extrapolation,unmarked,final,ti,"['gu', 'sa']",SimplePhrase_Training,waitress,NA,NA,vaem,NA,NA,,NA,102,Thu May 31 09:45:01 2018
6sc02,extrapolation,unmarked,final,ti,"['gu', 'sa']",SimplePhrase_Training,point_cowboy_sg_waitress_sg,NA,NA,poinim nork guvaem,NA,NA,,NA,103,Thu May 31 09:45:09 2018
6sc02,extrapolation,unmarked,final,ti,"['gu', 'sa']",SimplePhrase_Training,kick_waitress_pl_chef_sg,NA,NA,kikim tivaem sanegid,NA,NA,,NA,104,Thu May 31 09:45:16 2018
6sc02,extrapolation,unmarked,final,ti,"['gu', 'sa']",SimplePhrase_Comprehension,punch_waitress_pl_burglar_sg,NA,NA,straikim tivaem satumbat,correct,NA,,NA,105,Thu May 31 09:45:40 2018
6sc02,extrapolation,unmarked,final,ti,"['gu', 'sa']",SimplePhrase_Comprehension,point_burglar_pl_waitress_sg,NA,NA,poinim titumbat guvaem,correct,NA,,NA,106,Thu May 31 09:45:46 2018
6sc02,extrapolation,unmarked,final,ti,"['gu', 'sa']",SimplePhrase_Comprehension,punch_burglar_pl_cowboy_sg,NA,NA,straikim titumbat gunork,correct,NA,,NA,107,Thu May 31 09:45:54 2018
6sc02,extrapolation,unmarked,final,ti,"['gu', 'sa']",SimplePhrase_Comprehension,punch_burglar_sg_waitress_sg,NA,NA,straikim tumbat guvaem,correct,NA,,NA,108,Thu May 31 09:45:59 2018
6sc02,extrapolation,unmarked,final,ti,"['gu', 'sa']",SimplePhrase_Comprehension,point_chef_pl_waitress_sg,NA,NA,poinim tinegid guvaem,correct,NA,,NA,109,Thu May 31 09:46:05 2018
6sc02,extrapolation,unmarked,final,ti,"['gu', 'sa']",SimplePhrase_Comprehension,point_chef_sg_burglar_sg,NA,NA,poinim negid satumbat,correct,NA,,NA,110,Thu May 31 09:46:11 2018
6sc02,extrapolation,unmarked,final,ti,"['gu', 'sa']",SimplePhrase_Comprehension,point_burglar_pl_chef_sg,NA,NA,poinim titumbat sanegid,correct,NA,,NA,111,Thu May 31 09:46:16 2018
6sc02,extrapolation,unmarked,final,ti,"['gu', 'sa']",SimplePhrase_Comprehension,kick_burglar_pl_cowboy_sg,NA,NA,kikim titumbat gunork,correct,NA,,NA,112,Thu May 31 09:46:23 2018
6sc02,extrapolation,unmarked,final,ti,"['gu', 'sa']",SimplePhrase_Comprehension,kick_chef_sg_cowboy_sg,NA,NA,kikim negid gunork,correct,NA,,NA,113,Thu May 31 09:46:28 2018
6sc02,extrapolation,unmarked,final,ti,"['gu', 'sa']",SimplePhrase_Comprehension,punch_cowboy_sg_chef_sg,NA,NA,straikim nork sanegid,correct,NA,,NA,114,Thu May 31 09:46:35 2018
6sc02,extrapolation,unmarked,final,ti,"['gu', 'sa']",SimplePhrase_Comprehension,point_cowboy_pl_burglar_sg,NA,NA,poinim tinork satumbat,correct,NA,,NA,115,Thu May 31 09:46:41 2018
6sc02,extrapolation,unmarked,final,ti,"['gu', 'sa']",SimplePhrase_Comprehension,kick_cowboy_pl_burglar_sg,NA,NA,kikim tinork satumbat,correct,NA,,NA,116,Thu May 31 09:46:47 2018
6sc02,extrapolation,unmarked,final,ti,"['gu', 'sa']",SimplePhrase_Comprehension,point_chef_sg_waitress_sg,NA,NA,poinim negid guvaem,correct,NA,,NA,117,Thu May 31 09:46:52 2018
6sc02,extrapolation,unmarked,final,ti,"['gu', 'sa']",SimplePhrase_Comprehension,punch_waitress_sg_burglar_sg,NA,NA,straikim vaem satumbat,correct,NA,,NA,118,Thu May 31 09:46:58 2018
6sc02,extrapolation,unmarked,final,ti,"['gu', 'sa']",SimplePhrase_Comprehension,point_cowboy_pl_chef_sg,NA,NA,poinim tinork sanegid,correct,NA,,NA,119,Thu May 31 09:47:04 2018
6sc02,extrapolation,unmarked,final,ti,"['gu', 'sa']",SimplePhrase_Comprehension,kick_waitress_pl_cowboy_sg,NA,NA,kikim tivaem gunork,correct,NA,,NA,120,Thu May 31 09:47:10 2018
6sc02,extrapolation,unmarked,final,ti,"['gu', 'sa']",SimplePhrase_Comprehension,punch_waitress_pl_chef_sg,NA,NA,straikim tivaem sanegid,correct,NA,,NA,121,Thu May 31 09:47:16 2018
6sc02,extrapolation,unmarked,final,ti,"['gu', 'sa']",SimplePhrase_Comprehension,punch_chef_pl_waitress_sg,NA,NA,straikim tinegid guvaem,correct,NA,,NA,122,Thu May 31 09:47:22 2018
6sc02,extrapolation,unmarked,final,ti,"['gu', 'sa']",SimplePhrase_Comprehension,kick_burglar_sg_waitress_sg,NA,NA,kikim tumbat guvaem,correct,NA,,NA,123,Thu May 31 09:47:27 2018
6sc02,extrapolation,unmarked,final,ti,"['gu', 'sa']",SimplePhrase_Comprehension,kick_waitress_sg_cowboy_sg,NA,NA,kikim vaem gunork,correct,NA,,NA,124,Thu May 31 09:47:33 2018
6sc02,extrapolation,unmarked,final,ti,"['gu', 'sa']",SimplePhrase_Comprehension,punch_cowboy_sg_chef_sg,NA,NA,straikim nork sanegid,correct,NA,,NA,125,Thu May 31 09:47:39 2018
6sc02,extrapolation,unmarked,final,ti,"['gu', 'sa']",SimplePhrase_Comprehension,kick_chef_sg_cowboy_sg,NA,NA,kikim negid gunork,correct,NA,,NA,126,Thu May 31 09:47:44 2018
6sc02,extrapolation,unmarked,final,ti,"['gu', 'sa']",SimplePhrase_Comprehension,kick_cowboy_sg_burglar_sg,NA,NA,kikim nork satumbat,correct,NA,,NA,127,Thu May 31 09:47:50 2018
6sc02,extrapolation,unmarked,final,ti,"['gu', 'sa']",SimplePhrase_Comprehension,punch_waitress_sg_chef_sg,NA,NA,straikim vaem sanegid,correct,NA,,NA,128,Thu May 31 09:47:55 2018
6sc02,extrapolation,unmarked,final,ti,"['gu', 'sa']",SimplePhrase_Typing,point_chef_sg_cowboy_sg,NA,NA,poinim negid gunork,NA,poinim negid tumbat,,NA,129,Thu May 31 09:50:05 2018
6sc02,extrapolation,unmarked,final,ti,"['gu', 'sa']",SimplePhrase_Typing,kick_waitress_sg_burglar_sg,NA,NA,kikim vaem satumbat,NA,kikim vaem satumbat,,NA,130,Thu May 31 09:50:18 2018
6sc02,extrapolation,unmarked,final,ti,"['gu', 'sa']",SimplePhrase_Typing,punch_cowboy_sg_waitress_sg,NA,NA,straikim nork guvaem,NA,straikim nork guvaem,,NA,131,Thu May 31 09:50:34 2018
6sc02,extrapolation,unmarked,final,ti,"['gu', 'sa']",SimplePhrase_Typing,point_cowboy_sg_burglar_sg,NA,NA,poinim nork satumbat,NA,poinim nork satumbat,,NA,132,Thu May 31 09:50:47 2018
6sc02,extrapolation,unmarked,final,ti,"['gu', 'sa']",SimplePhrase_Typing,cowboy,NA,NA,nork,NA,nork,,NA,133,Thu May 31 09:50:53 2018
6sc02,extrapolation,unmarked,final,ti,"['gu', 'sa']",SimplePhrase_Typing,kick_chef_pl_waitress_sg,NA,NA,kikim tinegid guvaem,NA,kikim tinegid guvaem,,NA,134,Thu May 31 09:51:07 2018
6sc02,extrapolation,unmarked,final,ti,"['gu', 'sa']",SimplePhrase_Typing,kick_burglar_sg_waitress_sg,NA,NA,kikim tumbat guvaem,NA,kikim tumbat guvaem,,NA,135,Thu May 31 09:51:19 2018
6sc02,extrapolation,unmarked,final,ti,"['gu', 'sa']",SimplePhrase_Typing,point_burglar_sg_cowboy_sg,NA,NA,poinim tumbat gunork,NA,poinim tumbat gunork,,NA,136,Thu May 31 09:51:31 2018
6sc02,extrapolation,unmarked,final,ti,"['gu', 'sa']",SimplePhrase_Typing,kick_waitress_pl_burglar_sg,NA,NA,kikim tivaem satumbat,NA,kikim tivaem satumbat,,NA,137,Thu May 31 09:51:45 2018
6sc02,extrapolation,unmarked,final,ti,"['gu', 'sa']",SimplePhrase_Typing,punch_cowboy_pl_waitress_sg,NA,NA,straikim tinork guvaem,NA,straikim tinork guvaem,,NA,138,Thu May 31 09:51:56 2018
6sc02,extrapolation,unmarked,final,ti,"['gu', 'sa']",SimplePhrase_Typing,burglar,NA,NA,tumbat,NA,tumbat,,NA,139,Thu May 31 09:52:02 2018
6sc02,extrapolation,unmarked,final,ti,"['gu', 'sa']",SimplePhrase_Typing,kick_chef_pl_burglar_sg,NA,NA,kikim tinegid satumbat,NA,kikim tinegid satumabt,,NA,140,Thu May 31 09:52:14 2018
6sc02,extrapolation,unmarked,final,ti,"['gu', 'sa']",SimplePhrase_Typing,kick_waitress_pl_chef_sg,NA,NA,kikim tivaem sanegid,NA,kikim tivaem sanegid,,NA,141,Thu May 31 09:52:27 2018
6sc02,extrapolation,unmarked,final,ti,"['gu', 'sa']",SimplePhrase_Typing,kick_cowboy_sg_chef_sg,NA,NA,kikim nork sanegid,NA,kikim nork sanegid,,NA,142,Thu May 31 09:52:39 2018
6sc02,extrapolation,unmarked,final,ti,"['gu', 'sa']",SimplePhrase_Typing,chef,NA,NA,negid,NA,negid,,NA,143,Thu May 31 09:52:46 2018
6sc02,extrapolation,unmarked,final,ti,"['gu', 'sa']",SimplePhrase_Typing,punch_burglar_pl_cowboy_sg,NA,NA,straikim titumbat gunork,NA,straikim titumbat gunork,,NA,144,Thu May 31 09:53:00 2018
6sc02,extrapolation,unmarked,final,ti,"['gu', 'sa']",SimplePhrase_Typing,kick_waitress_sg_chef_sg,NA,NA,kikim vaem sanegid,NA,kikim vaem sanegid,,NA,145,Thu May 31 09:53:10 2018
6sc02,extrapolation,unmarked,final,ti,"['gu', 'sa']",SimplePhrase_Typing,kick_cowboy_pl_chef_sg,NA,NA,kikim tinork sanegid,NA,kikim tinork sanegid,,NA,146,Thu May 31 09:53:23 2018
6sc02,extrapolation,unmarked,final,ti,"['gu', 'sa']",SimplePhrase_Typing,waitress,NA,NA,vaem,NA,vaem,,NA,147,Thu May 31 09:53:28 2018
6sc02,extrapolation,unmarked,final,ti,"['gu', 'sa']",SimplePhrase_Typing,point_burglar_pl_cowboy_sg,NA,NA,poinim titumbat gunork,NA,poinim titumbat gunork,,NA,148,Thu May 31 09:53:45 2018
6sc02,extrapolation,unmarked,final,ti,"['gu', 'sa']",ComplexPhrase_Typing,punch_waitress_sg_chef_pl,chef,negid,straikim vaem satinegid,NA,straikim vaem tisanegid,,NA,149,Thu May 31 09:54:33 2018
6sc02,extrapolation,unmarked,final,ti,"['gu', 'sa']",ComplexPhrase_Typing,kick_chef_sg_burglar_pl,burglar,tumbat,kikim negid satitumbat,NA,kikim negid satitumbat,,NA,150,Thu May 31 09:54:53 2018
6sc02,extrapolation,unmarked,final,ti,"['gu', 'sa']",ComplexPhrase_Typing,kick_waitress_sg_cowboy_pl,cowboy,nork,kikim vaem gutinork,NA,kikim vaem sagunork,,NA,151,Thu May 31 09:55:01 2018
6sc02,extrapolation,unmarked,final,ti,"['gu', 'sa']",ComplexPhrase_Typing,point_cowboy_sg_waitress_pl,waitress,vaem,poinim nork gutivaem,NA,poinim nork saguvaem,,NA,152,Thu May 31 09:55:12 2018
6sc02,extrapolation,unmarked,final,ti,"['gu', 'sa']",ComplexPhrase_Typing,punch_waitress_sg_chef_pl,chef,negid,straikim vaem satinegid,NA,straikim vaem satinegid,,NA,153,Thu May 31 09:55:27 2018
6sc02,extrapolation,unmarked,final,ti,"['gu', 'sa']",ComplexPhrase_Typing,kick_waitress_sg_cowboy_pl,cowboy,nork,kikim vaem gutinork,NA,kikim vaem sagunork,,NA,154,Thu May 31 09:55:35 2018
6sc02,extrapolation,unmarked,final,ti,"['gu', 'sa']",ComplexPhrase_Typing,point_cowboy_sg_waitress_pl,waitress,vaem,poinim nork gutivaem,NA,poinim nork saguvaem,,NA,155,Thu May 31 09:55:40 2018
6sc02,extrapolation,unmarked,final,ti,"['gu', 'sa']",ComplexPhrase_Typing,kick_chef_sg_burglar_pl,burglar,tumbat,kikim negid satitumbat,NA,kikim negid satitumbat,,NA,156,Thu May 31 09:55:47 2018
6sc02,extrapolation,unmarked,final,ti,"['gu', 'sa']",ComplexPhrase_Typing,point_cowboy_sg_waitress_pl,waitress,vaem,poinim nork gutivaem,NA,poinim nork saguvaem,,NA,157,Thu May 31 09:55:55 2018
6sc02,extrapolation,unmarked,final,ti,"['gu', 'sa']",ComplexPhrase_Typing,kick_chef_sg_burglar_pl,burglar,tumbat,kikim negid satitumbat,NA,kikim negid satitumbat,,NA,158,Thu May 31 09:56:00 2018
6sc02,extrapolation,unmarked,final,ti,"['gu', 'sa']",ComplexPhrase_Typing,kick_waitress_sg_cowboy_pl,cowboy,nork,kikim vaem gutinork,NA,kikim vaem sagunork,,NA,159,Thu May 31 09:56:05 2018
6sc02,extrapolation,unmarked,final,ti,"['gu', 'sa']",ComplexPhrase_Typing,punch_waitress_sg_chef_pl,chef,negid,straikim vaem satinegid,NA,straikim vaem satinegid,,NA,160,Thu May 31 09:56:14 2018
6sc02,extrapolation,unmarked,final,ti,"['gu', 'sa']",ComplexPhrase_Testing,punch_cowboy_sg_burglar_pl,burglar,tumbat,straikim nork satitumbat,NA,NA,,NA,161,Thu May 31 09:56:52 2018
6sc02,extrapolation,unmarked,final,ti,"['gu', 'sa']",ComplexPhrase_Testing,kick_chef_sg_burglar_pl,burglar,tumbat,kikim negid satitumbat,NA,NA,,NA,162,Thu May 31 09:57:02 2018
6sc02,extrapolation,unmarked,final,ti,"['gu', 'sa']",ComplexPhrase_Testing,punch_burglar_pl_chef_sg,NA,NA,straikim titumbat sanegid,NA,NA,,NA,163,Thu May 31 09:57:07 2018
6sc02,extrapolation,unmarked,final,ti,"['gu', 'sa']",ComplexPhrase_Testing,point_cowboy_sg_waitress_pl,waitress,vaem,poinim nork gutivaem,NA,NA,,NA,164,Thu May 31 09:57:18 2018
6sc02,extrapolation,unmarked,final,ti,"['gu', 'sa']",ComplexPhrase_Testing,point_cowboy_pl_chef_sg,NA,NA,poinim tinork sanegid,NA,NA,,NA,165,Thu May 31 09:57:29 2018
6sc02,extrapolation,unmarked,final,ti,"['gu', 'sa']",ComplexPhrase_Testing,waitress,NA,NA,vaem,NA,NA,,NA,166,Thu May 31 09:57:34 2018
6sc02,extrapolation,unmarked,final,ti,"['gu', 'sa']",ComplexPhrase_Testing,kick_waitress_sg_chef_pl,chef,negid,kikim vaem satinegid,NA,NA,,NA,167,Thu May 31 09:57:42 2018
6sc02,extrapolation,unmarked,final,ti,"['gu', 'sa']",ComplexPhrase_Testing,chef,NA,NA,negid,NA,NA,,NA,168,Thu May 31 09:57:44 2018
6sc02,extrapolation,unmarked,final,ti,"['gu', 'sa']",ComplexPhrase_Testing,kick_burglar_sg_cowboy_pl,cowboy,nork,kikim tumbat gutinork,NA,NA,,NA,169,Thu May 31 09:57:52 2018
6sc02,extrapolation,unmarked,final,ti,"['gu', 'sa']",ComplexPhrase_Testing,point_cowboy_sg_waitress_pl,waitress,vaem,poinim nork gutivaem,NA,NA,,NA,170,Thu May 31 09:58:12 2018
6sc02,extrapolation,unmarked,final,ti,"['gu', 'sa']",ComplexPhrase_Testing,cowboy,NA,NA,nork,NA,NA,,NA,171,Thu May 31 09:58:14 2018
6sc02,extrapolation,unmarked,final,ti,"['gu', 'sa']",ComplexPhrase_Testing,kick_burglar_sg_cowboy_pl,cowboy,nork,kikim tumbat gutinork,NA,NA,,NA,172,Thu May 31 09:58:21 2018
6sc02,extrapolation,unmarked,final,ti,"['gu', 'sa']",ComplexPhrase_Testing,point_burglar_sg_chef_pl,chef,negid,poinim tumbat satinegid,NA,NA,,NA,173,Thu May 31 09:58:30 2018
6sc02,extrapolation,unmarked,final,ti,"['gu', 'sa']",ComplexPhrase_Testing,kick_chef_sg_burglar_sg,NA,NA,kikim negid satumbat,NA,NA,,NA,174,Thu May 31 09:58:35 2018
6sc02,extrapolation,unmarked,final,ti,"['gu', 'sa']",ComplexPhrase_Testing,kick_chef_sg_burglar_pl,burglar,tumbat,kikim negid satitumbat,NA,NA,,NA,175,Thu May 31 09:58:42 2018
6sc02,extrapolation,unmarked,final,ti,"['gu', 'sa']",ComplexPhrase_Testing,kick_burglar_sg_cowboy_pl,cowboy,nork,kikim tumbat gutinork,NA,NA,,NA,176,Thu May 31 09:58:49 2018
6sc02,extrapolation,unmarked,final,ti,"['gu', 'sa']",ComplexPhrase_Testing,point_waitress_sg_cowboy_pl,cowboy,nork,poinim vaem gutinork,NA,NA,,NA,177,Thu May 31 09:58:59 2018
6sc02,extrapolation,unmarked,final,ti,"['gu', 'sa']",ComplexPhrase_Testing,point_waitress_sg_cowboy_pl,cowboy,nork,poinim vaem gutinork,NA,NA,,NA,178,Thu May 31 09:59:06 2018
6sc02,extrapolation,unmarked,final,ti,"['gu', 'sa']",ComplexPhrase_Testing,punch_chef_sg_waitress_pl,waitress,vaem,straikim negid gutivaem,NA,NA,,NA,179,Thu May 31 09:59:14 2018
6sc02,extrapolation,unmarked,final,ti,"['gu', 'sa']",ComplexPhrase_Testing,punch_waitress_sg_chef_pl,chef,negid,straikim vaem satinegid,NA,NA,,NA,180,Thu May 31 09:59:20 2018
6sc02,extrapolation,unmarked,final,ti,"['gu', 'sa']",ComplexPhrase_Testing,point_waitress_sg_burglar_sg,NA,NA,poinim vaem satumbat,NA,NA,,NA,181,Thu May 31 09:59:25 2018
6sc02,extrapolation,unmarked,final,ti,"['gu', 'sa']",ComplexPhrase_Testing,kick_waitress_sg_chef_pl,chef,negid,kikim vaem satinegid,NA,NA,,NA,182,Thu May 31 09:59:43 2018
6sc02,extrapolation,unmarked,final,ti,"['gu', 'sa']",ComplexPhrase_Testing,kick_chef_sg_waitress_pl,waitress,vaem,kikim negid gutivaem,NA,NA,,NA,183,Thu May 31 09:59:48 2018
6sc02,extrapolation,unmarked,final,ti,"['gu', 'sa']",ComplexPhrase_Testing,kick_waitress_sg_cowboy_pl,cowboy,nork,kikim vaem gutinork,NA,NA,,NA,184,Thu May 31 09:59:58 2018
6sc02,extrapolation,unmarked,final,ti,"['gu', 'sa']",ComplexPhrase_Testing,kick_waitress_sg_cowboy_pl,cowboy,nork,kikim vaem gutinork,NA,NA,,NA,185,Thu May 31 10:00:03 2018
6sc02,extrapolation,unmarked,final,ti,"['gu', 'sa']",ComplexPhrase_Testing,kick_cowboy_pl_waitress_sg,NA,NA,kikim tinork guvaem,NA,NA,,NA,186,Thu May 31 10:00:13 2018
6sc02,extrapolation,unmarked,final,ti,"['gu', 'sa']",ComplexPhrase_Testing,kick_waitress_sg_cowboy_sg,NA,NA,kikim vaem gunork,NA,NA,,NA,187,Thu May 31 10:00:21 2018
6sc02,extrapolation,unmarked,final,ti,"['gu', 'sa']",ComplexPhrase_Testing,point_burglar_sg_chef_pl,chef,negid,poinim tumbat satinegid,NA,NA,,NA,188,Thu May 31 10:00:32 2018
6sc02,extrapolation,unmarked,final,ti,"['gu', 'sa']",ComplexPhrase_Testing,point_waitress_sg_cowboy_pl,cowboy,nork,poinim vaem gutinork,NA,NA,,NA,189,Thu May 31 10:00:38 2018
6sc02,extrapolation,unmarked,final,ti,"['gu', 'sa']",ComplexPhrase_Testing,point_cowboy_sg_waitress_sg,NA,NA,poinim nork guvaem,NA,NA,,NA,190,Thu May 31 10:00:43 2018
6sc02,extrapolation,unmarked,final,ti,"['gu', 'sa']",ComplexPhrase_Testing,punch_waitress_sg_chef_pl,chef,negid,straikim vaem satinegid,NA,NA,,NA,191,Thu May 31 10:00:54 2018
6sc02,extrapolation,unmarked,final,ti,"['gu', 'sa']",ComplexPhrase_Testing,punch_cowboy_sg_burglar_pl,burglar,tumbat,straikim nork satitumbat,NA,NA,,NA,192,Thu May 31 10:01:00 2018
6sc02,extrapolation,unmarked,final,ti,"['gu', 'sa']",ComplexPhrase_Testing,punch_waitress_sg_chef_pl,chef,negid,straikim vaem satinegid,NA,NA,,NA,193,Thu May 31 10:01:06 2018
6sc02,extrapolation,unmarked,final,ti,"['gu', 'sa']",ComplexPhrase_Testing,kick_chef_sg_waitress_pl,waitress,vaem,kikim negid gutivaem,NA,NA,,NA,194,Thu May 31 10:01:12 2018
6sc02,extrapolation,unmarked,final,ti,"['gu', 'sa']",ComplexPhrase_Testing,kick_waitress_sg_chef_pl,chef,negid,kikim vaem satinegid,NA,NA,,NA,195,Thu May 31 10:01:20 2018
6sc02,extrapolation,unmarked,final,ti,"['gu', 'sa']",ComplexPhrase_Testing,punch_chef_sg_waitress_pl,waitress,vaem,straikim negid gutivaem,NA,NA,,NA,196,Thu May 31 10:01:26 2018
6sc02,extrapolation,unmarked,final,ti,"['gu', 'sa']",ComplexPhrase_Testing,punch_chef_sg_waitress_pl,waitress,vaem,straikim negid gutivaem,NA,NA,,NA,197,Thu May 31 10:01:32 2018
6sc02,extrapolation,unmarked,final,ti,"['gu', 'sa']",ComplexPhrase_Testing,kick_waitress_sg_cowboy_pl,cowboy,nork,kikim vaem gutinork,NA,NA,,NA,198,Thu May 31 10:01:37 2018
6sc02,extrapolation,unmarked,final,ti,"['gu', 'sa']",ComplexPhrase_Testing,point_burglar_sg_chef_sg,NA,NA,poinim tumbat sanegid,NA,NA,,NA,199,Thu May 31 10:01:41 2018
6sc02,extrapolation,unmarked,final,ti,"['gu', 'sa']",ComplexPhrase_Testing,punch_cowboy_sg_waitress_sg,NA,NA,straikim nork guvaem,NA,NA,,NA,200,Thu May 31 10:01:48 2018
6sc02,extrapolation,unmarked,final,ti,"['gu', 'sa']",ComplexPhrase_Testing,kick_chef_sg_burglar_pl,burglar,tumbat,kikim negid satitumbat,NA,NA,,NA,201,Thu May 31 10:01:58 2018
6sc02,extrapolation,unmarked,final,ti,"['gu', 'sa']",ComplexPhrase_Testing,kick_chef_sg_waitress_pl,waitress,vaem,kikim negid gutivaem,NA,NA,,NA,202,Thu May 31 10:02:02 2018
6sc02,extrapolation,unmarked,final,ti,"['gu', 'sa']",ComplexPhrase_Testing,point_waitress_sg_burglar_pl,burglar,tumbat,poinim vaem satitumbat,NA,NA,,NA,203,Thu May 31 10:02:11 2018
6sc02,extrapolation,unmarked,final,ti,"['gu', 'sa']",ComplexPhrase_Testing,kick_burglar_pl_cowboy_sg,NA,NA,kikim titumbat gunork,NA,NA,,NA,204,Thu May 31 10:02:14 2018
6sc02,extrapolation,unmarked,final,ti,"['gu', 'sa']",ComplexPhrase_Testing,punch_cowboy_sg_burglar_pl,burglar,tumbat,straikim nork satitumbat,NA,NA,,NA,205,Thu May 31 10:02:29 2018
6sc02,extrapolation,unmarked,final,ti,"['gu', 'sa']",ComplexPhrase_Testing,point_waitress_sg_burglar_pl,burglar,tumbat,poinim vaem satitumbat,NA,NA,,NA,206,Thu May 31 10:02:34 2018
6sc02,extrapolation,unmarked,final,ti,"['gu', 'sa']",ComplexPhrase_Testing,burglar,NA,NA,tumbat,NA,NA,,NA,207,Thu May 31 10:02:37 2018
6sc02,extrapolation,unmarked,final,ti,"['gu', 'sa']",ComplexPhrase_Testing,point_burglar_pl_cowboy_sg,NA,NA,poinim titumbat gunork,NA,NA,,NA,208,Thu May 31 10:02:42 2018
6sc02,extrapolation,unmarked,final,ti,"['gu', 'sa']",ComplexPhrase_Testing,point_burglar_sg_chef_pl,chef,negid,poinim tumbat satinegid,NA,NA,,NA,209,Thu May 31 10:02:52 2018
6sc02,extrapolation,unmarked,final,ti,"['gu', 'sa']",ComplexPhrase_Testing,point_waitress_sg_burglar_pl,burglar,tumbat,poinim vaem satitumbat,NA,NA,,NA,210,Thu May 31 10:03:00 2018
6sc02,extrapolation,unmarked,final,ti,"['gu', 'sa']",ComplexPhrase_Testing,point_cowboy_sg_waitress_pl,waitress,vaem,poinim nork gutivaem,NA,NA,,NA,211,Thu May 31 10:03:08 2018
6sc02,extrapolation,unmarked,final,ti,"['gu', 'sa']",ComplexPhrase_Testing,kick_waitress_pl_burglar_sg,NA,NA,kikim tivaem satumbat,NA,NA,,NA,212,Thu May 31 10:03:15 2018
6sc02,extrapolation,unmarked,final,ti,"['gu', 'sa']",Questionnaire,NA,NA,NA,NA,NA,NA,,two,MeaningNum,Thu May 31 10:04:22 2018
6sc02,extrapolation,unmarked,final,ti,"['gu', 'sa']",Questionnaire,NA,NA,NA,NA,NA,NA,,two,MeaningCase,Thu May 31 10:04:22 2018
6sc02,extrapolation,unmarked,final,ti,"['gu', 'sa']",Questionnaire,NA,NA,NA,NA,NA,NA,,before,OrderNumNoun,Thu May 31 10:04:22 2018
6sc02,extrapolation,unmarked,final,ti,"['gu', 'sa']",Questionnaire,NA,NA,NA,NA,NA,NA,,before,OrderCaseNoun,Thu May 31 10:04:22 2018
6sc02,extrapolation,unmarked,final,ti,"['gu', 'sa']",Questionnaire,NA,NA,NA,NA,NA,NA,,plurl,OrderNumCase,Thu May 31 10:04:22 2018
6sc02,extrapolation,unmarked,final,ti,"['gu', 'sa']",Questionnaire,NA,NA,NA,NA,NA,NA,,english and urdu,Languages,Thu May 31 10:04:22 2018
