ID,Condition,MajorityOrder,NounPosition,markerNum,markerCase,Phase,Meaning,NounItem,InputSentence,Selection,TypedResponse,SpokenResponse,AnswerQuest,Trial,date&time
6608,extrapolation,unmarked,final,gu,sa,Noun_Training,chef,NA,vaem,NA,NA,,NA,1,Wed May 16 11:33:42 2018
6608,extrapolation,unmarked,final,gu,sa,Noun_Training,burglar,NA,nork,NA,NA,,NA,2,Wed May 16 11:33:47 2018
6608,extrapolation,unmarked,final,gu,sa,Noun_Training,chef,NA,vaem,NA,NA,,NA,3,Wed May 16 11:33:52 2018
6608,extrapolation,unmarked,final,gu,sa,Noun_Training,cowboy,NA,negid,NA,NA,,NA,4,Wed May 16 11:33:57 2018
6608,extrapolation,unmarked,final,gu,sa,Noun_Training,cowboy,NA,negid,NA,NA,,NA,5,Wed May 16 11:34:02 2018
6608,extrapolation,unmarked,final,gu,sa,Noun_Training,chef,NA,vaem,NA,NA,,NA,6,Wed May 16 11:34:06 2018
6608,extrapolation,unmarked,final,gu,sa,Noun_Training,chef,NA,vaem,NA,NA,,NA,7,Wed May 16 11:34:11 2018
6608,extrapolation,unmarked,final,gu,sa,Noun_Training,waitress,NA,tumbat,NA,NA,,NA,8,Wed May 16 11:34:16 2018
6608,extrapolation,unmarked,final,gu,sa,Noun_Training,waitress,NA,tumbat,NA,NA,,NA,9,Wed May 16 11:34:21 2018
6608,extrapolation,unmarked,final,gu,sa,Noun_Training,cowboy,NA,negid,NA,NA,,NA,10,Wed May 16 11:34:26 2018
6608,extrapolation,unmarked,final,gu,sa,Noun_Training,burglar,NA,nork,NA,NA,,NA,11,Wed May 16 11:34:30 2018
6608,extrapolation,unmarked,final,gu,sa,Noun_Training,waitress,NA,tumbat,NA,NA,,NA,12,Wed May 16 11:34:35 2018
6608,extrapolation,unmarked,final,gu,sa,Noun_Training,chef,NA,vaem,NA,NA,,NA,13,Wed May 16 11:34:40 2018
6608,extrapolation,unmarked,final,gu,sa,Noun_Training,cowboy,NA,negid,NA,NA,,NA,14,Wed May 16 11:34:45 2018
6608,extrapolation,unmarked,final,gu,sa,Noun_Training,burglar,NA,nork,NA,NA,,NA,15,Wed May 16 11:34:50 2018
6608,extrapolation,unmarked,final,gu,sa,Noun_Training,burglar,NA,nork,NA,NA,,NA,16,Wed May 16 11:34:55 2018
6608,extrapolation,unmarked,final,gu,sa,Noun_Training,cowboy,NA,negid,NA,NA,,NA,17,Wed May 16 11:35:00 2018
6608,extrapolation,unmarked,final,gu,sa,Noun_Training,waitress,NA,tumbat,NA,NA,,NA,18,Wed May 16 11:35:04 2018
6608,extrapolation,unmarked,final,gu,sa,Noun_Training,chef,NA,vaem,NA,NA,,NA,19,Wed May 16 11:35:09 2018
6608,extrapolation,unmarked,final,gu,sa,Noun_Training,burglar,NA,nork,NA,NA,,NA,20,Wed May 16 11:35:14 2018
6608,extrapolation,unmarked,final,gu,sa,Noun_Training,waitress,NA,tumbat,NA,NA,,NA,21,Wed May 16 11:35:19 2018
6608,extrapolation,unmarked,final,gu,sa,Noun_Training,waitress,NA,tumbat,NA,NA,,NA,22,Wed May 16 11:35:24 2018
6608,extrapolation,unmarked,final,gu,sa,Noun_Training,cowboy,NA,negid,NA,NA,,NA,23,Wed May 16 11:35:29 2018
6608,extrapolation,unmarked,final,gu,sa,Noun_Training,burglar,NA,nork,NA,NA,,NA,24,Wed May 16 11:35:34 2018
6608,extrapolation,unmarked,final,gu,sa,Noun_Selection,cowboy,NA,negid,correct,NA,,NA,25,Wed May 16 11:35:55 2018
6608,extrapolation,unmarked,final,gu,sa,Noun_Selection,burglar,NA,nork,correct,NA,,NA,26,Wed May 16 11:35:58 2018
6608,extrapolation,unmarked,final,gu,sa,Noun_Selection,burglar,NA,nork,correct,NA,,NA,27,Wed May 16 11:36:01 2018
6608,extrapolation,unmarked,final,gu,sa,Noun_Selection,waitress,NA,tumbat,correct,NA,,NA,28,Wed May 16 11:36:04 2018
6608,extrapolation,unmarked,final,gu,sa,Noun_Selection,burglar,NA,nork,correct,NA,,NA,29,Wed May 16 11:36:07 2018
6608,extrapolation,unmarked,final,gu,sa,Noun_Selection,cowboy,NA,negid,correct,NA,,NA,30,Wed May 16 11:36:10 2018
6608,extrapolation,unmarked,final,gu,sa,Noun_Selection,waitress,NA,tumbat,correct,NA,,NA,31,Wed May 16 11:36:13 2018
6608,extrapolation,unmarked,final,gu,sa,Noun_Selection,cowboy,NA,negid,wrong,NA,,NA,32,Wed May 16 11:36:18 2018
6608,extrapolation,unmarked,final,gu,sa,Noun_Selection,chef,NA,vaem,correct,NA,,NA,33,Wed May 16 11:36:21 2018
6608,extrapolation,unmarked,final,gu,sa,Noun_Selection,chef,NA,vaem,correct,NA,,NA,34,Wed May 16 11:36:24 2018
6608,extrapolation,unmarked,final,gu,sa,Noun_Selection,waitress,NA,tumbat,correct,NA,,NA,35,Wed May 16 11:36:26 2018
6608,extrapolation,unmarked,final,gu,sa,Noun_Selection,chef,NA,vaem,correct,NA,,NA,36,Wed May 16 11:36:30 2018
6608,extrapolation,unmarked,final,gu,sa,Noun_Testing,waitress,NA,tumbat,NA,NA,,NA,37,Wed May 16 11:36:57 2018
6608,extrapolation,unmarked,final,gu,sa,Noun_Testing,chef,NA,vaem,NA,NA,,NA,38,Wed May 16 11:37:03 2018
6608,extrapolation,unmarked,final,gu,sa,Noun_Testing,waitress,NA,tumbat,NA,NA,,NA,39,Wed May 16 11:37:09 2018
6608,extrapolation,unmarked,final,gu,sa,Noun_Testing,chef,NA,vaem,NA,NA,,NA,40,Wed May 16 11:37:14 2018
6608,extrapolation,unmarked,final,gu,sa,Noun_Testing,cowboy,NA,negid,NA,NA,,NA,41,Wed May 16 11:37:18 2018
6608,extrapolation,unmarked,final,gu,sa,Noun_Testing,chef,NA,vaem,NA,NA,,NA,42,Wed May 16 11:37:28 2018
6608,extrapolation,unmarked,final,gu,sa,Noun_Testing,cowboy,NA,negid,NA,NA,,NA,43,Wed May 16 11:37:32 2018
6608,extrapolation,unmarked,final,gu,sa,Noun_Testing,burglar,NA,nork,NA,NA,,NA,44,Wed May 16 11:37:36 2018
6608,extrapolation,unmarked,final,gu,sa,Noun_Testing,waitress,NA,tumbat,NA,NA,,NA,45,Wed May 16 11:37:40 2018
6608,extrapolation,unmarked,final,gu,sa,Noun_Testing,cowboy,NA,negid,NA,NA,,NA,46,Wed May 16 11:37:45 2018
6608,extrapolation,unmarked,final,gu,sa,Noun_Testing,burglar,NA,nork,NA,NA,,NA,47,Wed May 16 11:37:49 2018
6608,extrapolation,unmarked,final,gu,sa,Noun_Testing,burglar,NA,nork,NA,NA,,NA,48,Wed May 16 11:37:54 2018
6608,extrapolation,unmarked,final,gu,sa,SimplePhrase_Training,punch_waitress_sg_chef_sg,NA,straikim tumbat sa vaem,NA,NA,,NA,49,Wed May 16 11:38:30 2018
6608,extrapolation,unmarked,final,gu,sa,SimplePhrase_Training,kick_waitress_pl_cowboy_sg,NA,kikim gu tumbat sa negid,NA,NA,,NA,50,Wed May 16 11:38:37 2018
6608,extrapolation,unmarked,final,gu,sa,SimplePhrase_Training,punch_waitress_sg_cowboy_sg,NA,straikim tumbat sa negid,NA,NA,,NA,51,Wed May 16 11:38:45 2018
6608,extrapolation,unmarked,final,gu,sa,SimplePhrase_Training,point_burglar_pl_cowboy_sg,NA,poinim gu nork sa negid,NA,NA,,NA,52,Wed May 16 11:38:52 2018
6608,extrapolation,unmarked,final,gu,sa,SimplePhrase_Training,kick_burglar_sg_waitress_sg,NA,kikim nork sa tumbat,NA,NA,,NA,53,Wed May 16 11:39:00 2018
6608,extrapolation,unmarked,final,gu,sa,SimplePhrase_Training,point_burglar_sg_waitress_sg,NA,poinim nork sa tumbat,NA,NA,,NA,54,Wed May 16 11:39:07 2018
6608,extrapolation,unmarked,final,gu,sa,SimplePhrase_Training,punch_chef_sg_cowboy_sg,NA,straikim vaem sa negid,NA,NA,,NA,55,Wed May 16 11:39:15 2018
6608,extrapolation,unmarked,final,gu,sa,SimplePhrase_Training,point_chef_pl_waitress_sg,NA,poinim gu vaem sa tumbat,NA,NA,,NA,56,Wed May 16 11:39:22 2018
6608,extrapolation,unmarked,final,gu,sa,SimplePhrase_Training,waitress,NA,tumbat,NA,NA,,NA,57,Wed May 16 11:39:27 2018
6608,extrapolation,unmarked,final,gu,sa,SimplePhrase_Training,point_chef_sg_cowboy_sg,NA,poinim vaem sa negid,NA,NA,,NA,58,Wed May 16 11:39:34 2018
6608,extrapolation,unmarked,final,gu,sa,SimplePhrase_Training,point_waitress_sg_chef_sg,NA,poinim tumbat sa vaem,NA,NA,,NA,59,Wed May 16 11:39:42 2018
6608,extrapolation,unmarked,final,gu,sa,SimplePhrase_Training,point_burglar_pl_chef_sg,NA,poinim gu nork sa vaem,NA,NA,,NA,60,Wed May 16 11:39:49 2018
6608,extrapolation,unmarked,final,gu,sa,SimplePhrase_Training,punch_burglar_sg_waitress_sg,NA,straikim nork sa tumbat,NA,NA,,NA,61,Wed May 16 11:39:57 2018
6608,extrapolation,unmarked,final,gu,sa,SimplePhrase_Training,kick_chef_pl_cowboy_sg,NA,kikim gu vaem sa negid,NA,NA,,NA,62,Wed May 16 11:40:04 2018
6608,extrapolation,unmarked,final,gu,sa,SimplePhrase_Training,kick_cowboy_pl_waitress_sg,NA,kikim gu negid sa tumbat,NA,NA,,NA,63,Wed May 16 11:40:11 2018
6608,extrapolation,unmarked,final,gu,sa,SimplePhrase_Training,kick_chef_pl_burglar_sg,NA,kikim gu vaem sa nork,NA,NA,,NA,64,Wed May 16 11:40:19 2018
6608,extrapolation,unmarked,final,gu,sa,SimplePhrase_Training,punch_chef_pl_burglar_sg,NA,straikim gu vaem sa nork,NA,NA,,NA,65,Wed May 16 11:40:26 2018
6608,extrapolation,unmarked,final,gu,sa,SimplePhrase_Training,kick_cowboy_sg_burglar_sg,NA,kikim negid sa nork,NA,NA,,NA,66,Wed May 16 11:40:34 2018
6608,extrapolation,unmarked,final,gu,sa,SimplePhrase_Training,burglar,NA,nork,NA,NA,,NA,67,Wed May 16 11:40:39 2018
6608,extrapolation,unmarked,final,gu,sa,SimplePhrase_Training,point_cowboy_pl_waitress_sg,NA,poinim gu negid sa tumbat,NA,NA,,NA,68,Wed May 16 11:40:46 2018
6608,extrapolation,unmarked,final,gu,sa,SimplePhrase_Training,kick_waitress_sg_burglar_sg,NA,kikim tumbat sa nork,NA,NA,,NA,69,Wed May 16 11:40:53 2018
6608,extrapolation,unmarked,final,gu,sa,SimplePhrase_Training,chef,NA,vaem,NA,NA,,NA,70,Wed May 16 11:40:58 2018
6608,extrapolation,unmarked,final,gu,sa,SimplePhrase_Training,punch_cowboy_sg_waitress_sg,NA,straikim negid sa tumbat,NA,NA,,NA,71,Wed May 16 11:41:06 2018
6608,extrapolation,unmarked,final,gu,sa,SimplePhrase_Training,kick_waitress_pl_chef_sg,NA,kikim gu tumbat sa vaem,NA,NA,,NA,72,Wed May 16 11:41:13 2018
6608,extrapolation,unmarked,final,gu,sa,SimplePhrase_Training,chef,NA,vaem,NA,NA,,NA,73,Wed May 16 11:41:18 2018
6608,extrapolation,unmarked,final,gu,sa,SimplePhrase_Training,punch_waitress_pl_burglar_sg,NA,straikim gu tumbat sa nork,NA,NA,,NA,74,Wed May 16 11:41:26 2018
6608,extrapolation,unmarked,final,gu,sa,SimplePhrase_Training,kick_burglar_sg_chef_sg,NA,kikim nork sa vaem,NA,NA,,NA,75,Wed May 16 11:41:33 2018
6608,extrapolation,unmarked,final,gu,sa,SimplePhrase_Training,kick_chef_pl_waitress_sg,NA,kikim gu vaem sa tumbat,NA,NA,,NA,76,Wed May 16 11:41:41 2018
6608,extrapolation,unmarked,final,gu,sa,SimplePhrase_Training,waitress,NA,tumbat,NA,NA,,NA,77,Wed May 16 11:41:45 2018
6608,extrapolation,unmarked,final,gu,sa,SimplePhrase_Training,punch_burglar_sg_cowboy_sg,NA,straikim nork sa negid,NA,NA,,NA,78,Wed May 16 11:41:53 2018
6608,extrapolation,unmarked,final,gu,sa,SimplePhrase_Training,punch_cowboy_pl_burglar_sg,NA,straikim gu negid sa nork,NA,NA,,NA,79,Wed May 16 11:42:01 2018
6608,extrapolation,unmarked,final,gu,sa,SimplePhrase_Training,point_waitress_pl_cowboy_sg,NA,poinim gu tumbat sa negid,NA,NA,,NA,80,Wed May 16 11:42:08 2018
6608,extrapolation,unmarked,final,gu,sa,SimplePhrase_Training,kick_burglar_sg_cowboy_sg,NA,kikim nork sa negid,NA,NA,,NA,81,Wed May 16 11:42:15 2018
6608,extrapolation,unmarked,final,gu,sa,SimplePhrase_Training,point_waitress_sg_burglar_sg,NA,poinim tumbat sa nork,NA,NA,,NA,82,Wed May 16 11:42:23 2018
6608,extrapolation,unmarked,final,gu,sa,SimplePhrase_Training,point_cowboy_pl_burglar_sg,NA,poinim gu negid sa nork,NA,NA,,NA,83,Wed May 16 11:42:30 2018
6608,extrapolation,unmarked,final,gu,sa,SimplePhrase_Training,punch_burglar_sg_chef_sg,NA,straikim nork sa vaem,NA,NA,,NA,84,Wed May 16 11:42:38 2018
6608,extrapolation,unmarked,final,gu,sa,SimplePhrase_Training,burglar,NA,nork,NA,NA,,NA,85,Wed May 16 11:42:43 2018
6608,extrapolation,unmarked,final,gu,sa,SimplePhrase_Training,point_chef_pl_burglar_sg,NA,poinim gu vaem sa nork,NA,NA,,NA,86,Wed May 16 11:42:50 2018
6608,extrapolation,unmarked,final,gu,sa,SimplePhrase_Training,cowboy,NA,negid,NA,NA,,NA,87,Wed May 16 11:42:55 2018
6608,extrapolation,unmarked,final,gu,sa,SimplePhrase_Training,kick_cowboy_sg_chef_sg,NA,kikim negid sa vaem,NA,NA,,NA,88,Wed May 16 11:43:02 2018
6608,extrapolation,unmarked,final,gu,sa,SimplePhrase_Training,point_cowboy_pl_chef_sg,NA,poinim gu negid sa vaem,NA,NA,,NA,89,Wed May 16 11:43:09 2018
6608,extrapolation,unmarked,final,gu,sa,SimplePhrase_Training,cowboy,NA,negid,NA,NA,,NA,90,Wed May 16 11:43:14 2018
6608,extrapolation,unmarked,final,gu,sa,SimplePhrase_Training,punch_cowboy_sg_chef_sg,NA,straikim negid sa vaem,NA,NA,,NA,91,Wed May 16 11:43:22 2018
6608,extrapolation,unmarked,final,gu,sa,SimplePhrase_Training,punch_chef_pl_waitress_sg,NA,straikim gu vaem sa tumbat,NA,NA,,NA,92,Wed May 16 11:43:29 2018
6608,extrapolation,unmarked,final,gu,sa,SimplePhrase_Comprehension,point_waitress_pl_chef_sg,NA,poinim gu tumbat sa vaem,correct,NA,,NA,93,Wed May 16 11:43:57 2018
6608,extrapolation,unmarked,final,gu,sa,SimplePhrase_Comprehension,kick_burglar_pl_cowboy_sg,NA,kikim gu nork sa negid,correct,NA,,NA,94,Wed May 16 11:44:04 2018
6608,extrapolation,unmarked,final,gu,sa,SimplePhrase_Comprehension,punch_cowboy_pl_chef_sg,NA,straikim gu negid sa vaem,correct,NA,,NA,95,Wed May 16 11:44:09 2018
6608,extrapolation,unmarked,final,gu,sa,SimplePhrase_Comprehension,punch_chef_sg_burglar_sg,NA,straikim vaem sa nork,correct,NA,,NA,96,Wed May 16 11:44:15 2018
6608,extrapolation,unmarked,final,gu,sa,SimplePhrase_Comprehension,point_chef_sg_burglar_sg,NA,poinim vaem sa nork,correct,NA,,NA,97,Wed May 16 11:44:21 2018
6608,extrapolation,unmarked,final,gu,sa,SimplePhrase_Comprehension,point_waitress_sg_cowboy_sg,NA,poinim tumbat sa negid,correct,NA,,NA,98,Wed May 16 11:44:26 2018
6608,extrapolation,unmarked,final,gu,sa,SimplePhrase_Comprehension,punch_waitress_pl_cowboy_sg,NA,straikim gu tumbat sa negid,correct,NA,,NA,99,Wed May 16 11:44:32 2018
6608,extrapolation,unmarked,final,gu,sa,SimplePhrase_Comprehension,punch_waitress_pl_chef_sg,NA,straikim gu tumbat sa vaem,correct,NA,,NA,100,Wed May 16 11:44:38 2018
6608,extrapolation,unmarked,final,gu,sa,SimplePhrase_Comprehension,punch_burglar_pl_chef_sg,NA,straikim gu nork sa vaem,correct,NA,,NA,101,Wed May 16 11:44:44 2018
6608,extrapolation,unmarked,final,gu,sa,SimplePhrase_Comprehension,kick_cowboy_pl_burglar_sg,NA,kikim gu negid sa nork,correct,NA,,NA,102,Wed May 16 11:44:49 2018
6608,extrapolation,unmarked,final,gu,sa,SimplePhrase_Comprehension,kick_cowboy_sg_waitress_sg,NA,kikim negid sa tumbat,correct,NA,,NA,103,Wed May 16 11:44:55 2018
6608,extrapolation,unmarked,final,gu,sa,SimplePhrase_Comprehension,kick_burglar_pl_chef_sg,NA,kikim gu nork sa vaem,correct,NA,,NA,104,Wed May 16 11:45:00 2018
6608,extrapolation,unmarked,final,gu,sa,SimplePhrase_Comprehension,point_cowboy_sg_chef_sg,NA,poinim negid sa vaem,correct,NA,,NA,105,Wed May 16 11:45:07 2018
6608,extrapolation,unmarked,final,gu,sa,SimplePhrase_Comprehension,punch_waitress_sg_burglar_sg,NA,straikim tumbat sa nork,correct,NA,,NA,106,Wed May 16 11:45:12 2018
6608,extrapolation,unmarked,final,gu,sa,SimplePhrase_Comprehension,kick_waitress_sg_chef_sg,NA,kikim tumbat sa vaem,correct,NA,,NA,107,Wed May 16 11:45:18 2018
6608,extrapolation,unmarked,final,gu,sa,SimplePhrase_Comprehension,punch_cowboy_sg_burglar_sg,NA,straikim negid sa nork,correct,NA,,NA,108,Wed May 16 11:45:24 2018
6608,extrapolation,unmarked,final,gu,sa,SimplePhrase_Comprehension,kick_waitress_sg_cowboy_sg,NA,kikim tumbat sa negid,correct,NA,,NA,109,Wed May 16 11:45:30 2018
6608,extrapolation,unmarked,final,gu,sa,SimplePhrase_Comprehension,punch_burglar_pl_waitress_sg,NA,straikim gu nork sa tumbat,correct,NA,,NA,110,Wed May 16 11:45:36 2018
6608,extrapolation,unmarked,final,gu,sa,SimplePhrase_Comprehension,kick_chef_sg_waitress_sg,NA,kikim vaem sa tumbat,correct,NA,,NA,111,Wed May 16 11:45:42 2018
6608,extrapolation,unmarked,final,gu,sa,SimplePhrase_Comprehension,point_burglar_pl_waitress_sg,NA,poinim gu nork sa tumbat,correct,NA,,NA,112,Wed May 16 11:45:48 2018
6608,extrapolation,unmarked,final,gu,sa,SimplePhrase_Typing,punch_waitress_sg_cowboy_sg,NA,straikim tumbat sa negid,NA,straikim tumbat sa negid,,NA,113,Wed May 16 11:46:31 2018
6608,extrapolation,unmarked,final,gu,sa,SimplePhrase_Typing,point_chef_pl_waitress_sg,NA,poinim gu vaem sa tumbat,NA,poinim gu vaem sa tumbat,,NA,114,Wed May 16 11:46:44 2018
6608,extrapolation,unmarked,final,gu,sa,SimplePhrase_Typing,waitress,NA,tumbat,NA,tumbat,,NA,115,Wed May 16 11:46:50 2018
6608,extrapolation,unmarked,final,gu,sa,SimplePhrase_Typing,cowboy,NA,negid,NA,negid,,NA,116,Wed May 16 11:46:56 2018
6608,extrapolation,unmarked,final,gu,sa,SimplePhrase_Typing,punch_waitress_sg_chef_sg,NA,straikim tumbat sa vaem,NA,straikim tumbat sa vaem,,NA,117,Wed May 16 11:47:06 2018
6608,extrapolation,unmarked,final,gu,sa,SimplePhrase_Typing,chef,NA,vaem,NA,vaem,,NA,118,Wed May 16 11:47:11 2018
6608,extrapolation,unmarked,final,gu,sa,SimplePhrase_Typing,point_burglar_pl_cowboy_sg,NA,poinim gu nork sa negid,NA,poinim gu nork sa negid,,NA,119,Wed May 16 11:47:22 2018
6608,extrapolation,unmarked,final,gu,sa,SimplePhrase_Typing,punch_chef_pl_waitress_sg,NA,straikim gu vaem sa tumbat,NA,straikim gu vaem sa tumbat,,NA,120,Wed May 16 11:47:33 2018
6608,extrapolation,unmarked,final,gu,sa,SimplePhrase_Typing,kick_cowboy_sg_chef_sg,NA,kikim negid sa vaem,NA,kikim negid sa vaem,,NA,121,Wed May 16 11:47:44 2018
6608,extrapolation,unmarked,final,gu,sa,SimplePhrase_Typing,burglar,NA,nork,NA,nork,,NA,122,Wed May 16 11:47:50 2018
6608,extrapolation,unmarked,final,gu,sa,SimplePhrase_Typing,point_burglar_pl_chef_sg,NA,poinim gu nork sa vaem,NA,poinim gu nork sa vaem,,NA,123,Wed May 16 11:48:00 2018
6608,extrapolation,unmarked,final,gu,sa,SimplePhrase_Typing,kick_waitress_sg_burglar_sg,NA,kikim tumbat sa nork,NA,kikim tumbat sa nork,,NA,124,Wed May 16 11:48:09 2018
6608,extrapolation,unmarked,final,gu,sa,ComplexPhrase_Typing,kick_cowboy_sg_chef_pl,chef,kikim negid sa gu vaem,NA,kikim negid sa gu vaem,,NA,125,Wed May 16 11:48:47 2018
6608,extrapolation,unmarked,final,gu,sa,ComplexPhrase_Typing,punch_cowboy_sg_chef_pl,chef,straikim negid sa gu vaem,NA,straikim negid sa gu vaem,,NA,126,Wed May 16 11:48:58 2018
6608,extrapolation,unmarked,final,gu,sa,ComplexPhrase_Typing,point_cowboy_sg_chef_pl,chef,poinim negid sa gu vaem,NA,poinim negid sa gu vaem,,NA,127,Wed May 16 11:49:07 2018
6608,extrapolation,unmarked,final,gu,sa,ComplexPhrase_Typing,punch_chef_sg_cowboy_pl,cowboy,straikim vaem sa gu negid,NA,straikim vaem sa gu negid,,NA,128,Wed May 16 11:49:17 2018
6608,extrapolation,unmarked,final,gu,sa,ComplexPhrase_Typing,point_cowboy_sg_chef_pl,chef,poinim negid sa gu vaem,NA,poinim negid sa gu vaem,,NA,129,Wed May 16 11:49:25 2018
6608,extrapolation,unmarked,final,gu,sa,ComplexPhrase_Typing,punch_cowboy_sg_chef_pl,chef,straikim negid sa gu vaem,NA,straikim negid sa gu vaem,,NA,130,Wed May 16 11:49:30 2018
6608,extrapolation,unmarked,final,gu,sa,ComplexPhrase_Typing,kick_cowboy_sg_chef_pl,chef,kikim negid sa gu vaem,NA,kikim negid sa gu vaem,,NA,131,Wed May 16 11:49:34 2018
6608,extrapolation,unmarked,final,gu,sa,ComplexPhrase_Typing,punch_chef_sg_cowboy_pl,cowboy,straikim vaem sa gu negid,NA,straikim vaem sa gu negid,,NA,132,Wed May 16 11:49:40 2018
6608,extrapolation,unmarked,final,gu,sa,ComplexPhrase_Typing,punch_cowboy_sg_chef_pl,chef,straikim negid sa gu vaem,NA,straikim negid sa gu vaem,,NA,133,Wed May 16 11:49:45 2018
6608,extrapolation,unmarked,final,gu,sa,ComplexPhrase_Typing,kick_cowboy_sg_chef_pl,chef,kikim negid sa gu vaem,NA,kikim negid sa gu vaem,,NA,134,Wed May 16 11:49:49 2018
6608,extrapolation,unmarked,final,gu,sa,ComplexPhrase_Typing,punch_chef_sg_cowboy_pl,cowboy,straikim vaem sa gu negid,NA,straikim vaem sa gu negid,,NA,135,Wed May 16 11:49:55 2018
6608,extrapolation,unmarked,final,gu,sa,ComplexPhrase_Typing,point_cowboy_sg_chef_pl,chef,poinim negid sa gu vaem,NA,poinim negid sa gu vaem,,NA,136,Wed May 16 11:49:59 2018
6608,extrapolation,unmarked,final,gu,sa,ComplexPhrase_Testing,burglar,NA,nork,NA,NA,,NA,137,Wed May 16 11:50:37 2018
6608,extrapolation,unmarked,final,gu,sa,ComplexPhrase_Testing,kick_waitress_sg_chef_pl,chef,kikim tumbat sa gu vaem,NA,NA,,NA,138,Wed May 16 11:50:53 2018
6608,extrapolation,unmarked,final,gu,sa,ComplexPhrase_Testing,point_waitress_sg_cowboy_pl,cowboy,poinim tumbat sa gu negid,NA,NA,,NA,139,Wed May 16 11:51:00 2018
6608,extrapolation,unmarked,final,gu,sa,ComplexPhrase_Testing,kick_burglar_sg_waitress_pl,waitress,kikim nork sa gu tumbat,NA,NA,,NA,140,Wed May 16 11:51:06 2018
6608,extrapolation,unmarked,final,gu,sa,ComplexPhrase_Testing,punch_cowboy_sg_burglar_pl,burglar,straikim negid sa gu nork,NA,NA,,NA,141,Wed May 16 11:51:10 2018
6608,extrapolation,unmarked,final,gu,sa,ComplexPhrase_Testing,point_cowboy_sg_chef_pl,chef,poinim negid sa gu vaem,NA,NA,,NA,142,Wed May 16 11:51:15 2018
6608,extrapolation,unmarked,final,gu,sa,ComplexPhrase_Testing,point_waitress_sg_burglar_pl,burglar,poinim tumbat sa gu nork,NA,NA,,NA,143,Wed May 16 11:51:20 2018
6608,extrapolation,unmarked,final,gu,sa,ComplexPhrase_Testing,punch_chef_sg_cowboy_sg,NA,straikim vaem sa negid,NA,NA,,NA,144,Wed May 16 11:51:26 2018
6608,extrapolation,unmarked,final,gu,sa,ComplexPhrase_Testing,chef,NA,vaem,NA,NA,,NA,145,Wed May 16 11:51:33 2018
6608,extrapolation,unmarked,final,gu,sa,ComplexPhrase_Testing,punch_chef_pl_cowboy_sg,NA,straikim gu vaem sa negid,NA,NA,,NA,146,Wed May 16 11:51:44 2018
6608,extrapolation,unmarked,final,gu,sa,ComplexPhrase_Testing,point_chef_pl_cowboy_sg,NA,poinim gu vaem sa negid,NA,NA,,NA,147,Wed May 16 11:51:55 2018
6608,extrapolation,unmarked,final,gu,sa,ComplexPhrase_Testing,kick_cowboy_sg_chef_pl,chef,kikim negid sa gu vaem,NA,NA,,NA,148,Wed May 16 11:52:03 2018
6608,extrapolation,unmarked,final,gu,sa,ComplexPhrase_Testing,punch_cowboy_sg_chef_pl,chef,straikim negid sa gu vaem,NA,NA,,NA,149,Wed May 16 11:52:09 2018
6608,extrapolation,unmarked,final,gu,sa,ComplexPhrase_Testing,punch_cowboy_sg_chef_pl,chef,straikim negid sa gu vaem,NA,NA,,NA,150,Wed May 16 11:52:14 2018
6608,extrapolation,unmarked,final,gu,sa,ComplexPhrase_Testing,kick_waitress_sg_burglar_sg,NA,kikim tumbat sa nork,NA,NA,,NA,151,Wed May 16 11:52:18 2018
6608,extrapolation,unmarked,final,gu,sa,ComplexPhrase_Testing,point_waitress_sg_cowboy_pl,cowboy,poinim tumbat sa gu negid,NA,NA,,NA,152,Wed May 16 11:52:26 2018
6608,extrapolation,unmarked,final,gu,sa,ComplexPhrase_Testing,point_cowboy_sg_chef_pl,chef,poinim negid sa gu vaem,NA,NA,,NA,153,Wed May 16 11:52:30 2018
6608,extrapolation,unmarked,final,gu,sa,ComplexPhrase_Testing,punch_cowboy_sg_burglar_pl,burglar,straikim negid sa gu nork,NA,NA,,NA,154,Wed May 16 11:52:35 2018
6608,extrapolation,unmarked,final,gu,sa,ComplexPhrase_Testing,kick_cowboy_sg_chef_pl,chef,kikim negid sa gu vaem,NA,NA,,NA,155,Wed May 16 11:52:40 2018
6608,extrapolation,unmarked,final,gu,sa,ComplexPhrase_Testing,point_burglar_pl_waitress_sg,NA,poinim gu nork sa tumbat,NA,NA,,NA,156,Wed May 16 11:52:45 2018
6608,extrapolation,unmarked,final,gu,sa,ComplexPhrase_Testing,point_burglar_sg_cowboy_pl,cowboy,poinim nork sa gu negid,NA,NA,,NA,157,Wed May 16 11:52:55 2018
6608,extrapolation,unmarked,final,gu,sa,ComplexPhrase_Testing,kick_waitress_sg_cowboy_pl,cowboy,kikim tumbat sa gu negid,NA,NA,,NA,158,Wed May 16 11:52:58 2018
6608,extrapolation,unmarked,final,gu,sa,ComplexPhrase_Testing,punch_chef_sg_waitress_pl,waitress,straikim vaem sa gu tumbat,NA,NA,,NA,159,Wed May 16 11:53:03 2018
6608,extrapolation,unmarked,final,gu,sa,ComplexPhrase_Testing,cowboy,NA,negid,NA,NA,,NA,160,Wed May 16 11:53:05 2018
6608,extrapolation,unmarked,final,gu,sa,ComplexPhrase_Testing,point_burglar_sg_cowboy_pl,cowboy,poinim nork sa gu negid,NA,NA,,NA,161,Wed May 16 11:53:10 2018
6608,extrapolation,unmarked,final,gu,sa,ComplexPhrase_Testing,kick_chef_sg_waitress_sg,NA,kikim vaem sa tumbat,NA,NA,,NA,162,Wed May 16 11:53:14 2018
6608,extrapolation,unmarked,final,gu,sa,ComplexPhrase_Testing,punch_cowboy_sg_chef_pl,chef,straikim negid sa gu vaem,NA,NA,,NA,163,Wed May 16 11:53:22 2018
6608,extrapolation,unmarked,final,gu,sa,ComplexPhrase_Testing,punch_chef_sg_waitress_pl,waitress,straikim vaem sa gu tumbat,NA,NA,,NA,164,Wed May 16 11:53:27 2018
6608,extrapolation,unmarked,final,gu,sa,ComplexPhrase_Testing,kick_chef_sg_cowboy_pl,cowboy,kikim vaem sa gu negid,NA,NA,,NA,165,Wed May 16 11:53:32 2018
6608,extrapolation,unmarked,final,gu,sa,ComplexPhrase_Testing,kick_waitress_sg_cowboy_sg,NA,kikim tumbat sa negid,NA,NA,,NA,166,Wed May 16 11:53:36 2018
6608,extrapolation,unmarked,final,gu,sa,ComplexPhrase_Testing,kick_waitress_sg_cowboy_pl,cowboy,kikim tumbat sa gu negid,NA,NA,,NA,167,Wed May 16 11:53:43 2018
6608,extrapolation,unmarked,final,gu,sa,ComplexPhrase_Testing,punch_cowboy_sg_burglar_pl,burglar,straikim negid sa gu nork,NA,NA,,NA,168,Wed May 16 11:53:48 2018
6608,extrapolation,unmarked,final,gu,sa,ComplexPhrase_Testing,point_chef_sg_cowboy_sg,NA,poinim vaem sa negid,NA,NA,,NA,169,Wed May 16 11:53:52 2018
6608,extrapolation,unmarked,final,gu,sa,ComplexPhrase_Testing,punch_chef_sg_waitress_pl,waitress,straikim vaem sa gu tumbat,NA,NA,,NA,170,Wed May 16 11:54:00 2018
6608,extrapolation,unmarked,final,gu,sa,ComplexPhrase_Testing,kick_chef_sg_cowboy_pl,cowboy,kikim vaem sa gu negid,NA,NA,,NA,171,Wed May 16 11:54:05 2018
6608,extrapolation,unmarked,final,gu,sa,ComplexPhrase_Testing,waitress,NA,tumbat,NA,NA,,NA,172,Wed May 16 11:54:07 2018
6608,extrapolation,unmarked,final,gu,sa,ComplexPhrase_Testing,point_burglar_sg_cowboy_pl,cowboy,poinim nork sa gu negid,NA,NA,,NA,173,Wed May 16 11:54:14 2018
6608,extrapolation,unmarked,final,gu,sa,ComplexPhrase_Testing,punch_burglar_pl_cowboy_sg,NA,straikim gu nork sa negid,NA,NA,,NA,174,Wed May 16 11:54:19 2018
6608,extrapolation,unmarked,final,gu,sa,ComplexPhrase_Testing,kick_waitress_sg_cowboy_pl,cowboy,kikim tumbat sa gu negid,NA,NA,,NA,175,Wed May 16 11:54:27 2018
6608,extrapolation,unmarked,final,gu,sa,ComplexPhrase_Testing,kick_cowboy_sg_chef_pl,chef,kikim negid sa gu vaem,NA,NA,,NA,176,Wed May 16 11:54:31 2018
6608,extrapolation,unmarked,final,gu,sa,ComplexPhrase_Testing,kick_chef_sg_cowboy_pl,cowboy,kikim vaem sa gu negid,NA,NA,,NA,177,Wed May 16 11:54:38 2018
6608,extrapolation,unmarked,final,gu,sa,ComplexPhrase_Testing,point_waitress_sg_burglar_pl,burglar,poinim tumbat sa gu nork,NA,NA,,NA,178,Wed May 16 11:54:44 2018
6608,extrapolation,unmarked,final,gu,sa,ComplexPhrase_Testing,kick_waitress_sg_chef_pl,chef,kikim tumbat sa gu vaem,NA,NA,,NA,179,Wed May 16 11:54:48 2018
6608,extrapolation,unmarked,final,gu,sa,ComplexPhrase_Testing,point_waitress_sg_burglar_pl,burglar,poinim tumbat sa gu nork,NA,NA,,NA,180,Wed May 16 11:54:51 2018
6608,extrapolation,unmarked,final,gu,sa,ComplexPhrase_Testing,point_waitress_sg_cowboy_pl,cowboy,poinim tumbat sa gu negid,NA,NA,,NA,181,Wed May 16 11:54:57 2018
6608,extrapolation,unmarked,final,gu,sa,ComplexPhrase_Testing,kick_burglar_sg_chef_sg,NA,kikim nork sa vaem,NA,NA,,NA,182,Wed May 16 11:55:00 2018
6608,extrapolation,unmarked,final,gu,sa,ComplexPhrase_Testing,kick_burglar_sg_waitress_pl,waitress,kikim nork sa gu tumbat,NA,NA,,NA,183,Wed May 16 11:55:09 2018
6608,extrapolation,unmarked,final,gu,sa,ComplexPhrase_Testing,kick_burglar_sg_waitress_pl,waitress,kikim nork sa gu tumbat,NA,NA,,NA,184,Wed May 16 11:55:12 2018
6608,extrapolation,unmarked,final,gu,sa,ComplexPhrase_Testing,point_cowboy_pl_burglar_sg,NA,poinim gu negid sa nork,NA,NA,,NA,185,Wed May 16 11:55:17 2018
6608,extrapolation,unmarked,final,gu,sa,ComplexPhrase_Testing,point_waitress_pl_cowboy_sg,NA,poinim gu tumbat sa negid,NA,NA,,NA,186,Wed May 16 11:55:26 2018
6608,extrapolation,unmarked,final,gu,sa,ComplexPhrase_Testing,kick_waitress_sg_chef_pl,chef,kikim tumbat sa gu vaem,NA,NA,,NA,187,Wed May 16 11:55:36 2018
6608,extrapolation,unmarked,final,gu,sa,ComplexPhrase_Testing,point_cowboy_sg_chef_pl,chef,poinim negid sa gu vaem,NA,NA,,NA,188,Wed May 16 11:55:42 2018
6608,extrapolation,unmarked,final,gu,sa,Questionnaire,NA,NA,NA,NA,NA,,two,MeaningNum,Wed May 16 11:56:35 2018
6608,extrapolation,unmarked,final,gu,sa,Questionnaire,NA,NA,NA,NA,NA,,the,MeaningCase,Wed May 16 11:56:35 2018
6608,extrapolation,unmarked,final,gu,sa,Questionnaire,NA,NA,NA,NA,NA,,before,OrderNumNoun,Wed May 16 11:56:35 2018
6608,extrapolation,unmarked,final,gu,sa,Questionnaire,NA,NA,NA,NA,NA,,before,OrderCaseNoun,Wed May 16 11:56:35 2018
6608,extrapolation,unmarked,final,gu,sa,Questionnaire,NA,NA,NA,NA,NA,,English and Portuguese,Languages,Wed May 16 11:56:35 2018
