ID,Condition,MajorityOrder,NounPosition,markerNum,markerCase,Phase,Meaning,NounItem,InputSentence,Selection,TypedResponse,SpokenResponse,AnswerQuest,Trial,date&time
5nom18,extrapolation,unmarked,initial,sa,gu,Noun_Training,chef_two,NA,tumbat,NA,NA,,NA,1,Fri Feb 28 11:38:59 2020
5nom18,extrapolation,unmarked,initial,sa,gu,Noun_Training,chef_two,NA,tumbat,NA,NA,,NA,2,Fri Feb 28 11:39:04 2020
5nom18,extrapolation,unmarked,initial,sa,gu,Noun_Training,burglar_two,NA,vaem,NA,NA,,NA,3,Fri Feb 28 11:39:08 2020
5nom18,extrapolation,unmarked,initial,sa,gu,Noun_Training,waitress_two,NA,negid,NA,NA,,NA,4,Fri Feb 28 11:39:13 2020
5nom18,extrapolation,unmarked,initial,sa,gu,Noun_Training,chef_two,NA,tumbat,NA,NA,,NA,5,Fri Feb 28 11:39:18 2020
5nom18,extrapolation,unmarked,initial,sa,gu,Noun_Training,cowboy_two,NA,nork,NA,NA,,NA,6,Fri Feb 28 11:39:23 2020
5nom18,extrapolation,unmarked,initial,sa,gu,Noun_Training,waitress_two,NA,negid,NA,NA,,NA,7,Fri Feb 28 11:39:28 2020
5nom18,extrapolation,unmarked,initial,sa,gu,Noun_Training,cowboy_two,NA,nork,NA,NA,,NA,8,Fri Feb 28 11:39:33 2020
5nom18,extrapolation,unmarked,initial,sa,gu,Noun_Training,burglar_two,NA,vaem,NA,NA,,NA,9,Fri Feb 28 11:39:37 2020
5nom18,extrapolation,unmarked,initial,sa,gu,Noun_Training,cowboy_two,NA,nork,NA,NA,,NA,10,Fri Feb 28 11:39:42 2020
5nom18,extrapolation,unmarked,initial,sa,gu,Noun_Training,burglar_two,NA,vaem,NA,NA,,NA,11,Fri Feb 28 11:39:47 2020
5nom18,extrapolation,unmarked,initial,sa,gu,Noun_Training,waitress_two,NA,negid,NA,NA,,NA,12,Fri Feb 28 11:39:52 2020
5nom18,extrapolation,unmarked,initial,sa,gu,Noun_Training,chef_two,NA,tumbat,NA,NA,,NA,13,Fri Feb 28 11:39:57 2020
5nom18,extrapolation,unmarked,initial,sa,gu,Noun_Training,waitress_two,NA,negid,NA,NA,,NA,14,Fri Feb 28 11:40:01 2020
5nom18,extrapolation,unmarked,initial,sa,gu,Noun_Training,chef_two,NA,tumbat,NA,NA,,NA,15,Fri Feb 28 11:40:06 2020
5nom18,extrapolation,unmarked,initial,sa,gu,Noun_Training,burglar_two,NA,vaem,NA,NA,,NA,16,Fri Feb 28 11:40:11 2020
5nom18,extrapolation,unmarked,initial,sa,gu,Noun_Training,burglar_two,NA,vaem,NA,NA,,NA,17,Fri Feb 28 11:40:16 2020
5nom18,extrapolation,unmarked,initial,sa,gu,Noun_Training,cowboy_two,NA,nork,NA,NA,,NA,18,Fri Feb 28 11:40:21 2020
5nom18,extrapolation,unmarked,initial,sa,gu,Noun_Training,cowboy_two,NA,nork,NA,NA,,NA,19,Fri Feb 28 11:40:26 2020
5nom18,extrapolation,unmarked,initial,sa,gu,Noun_Training,chef_two,NA,tumbat,NA,NA,,NA,20,Fri Feb 28 11:40:31 2020
5nom18,extrapolation,unmarked,initial,sa,gu,Noun_Training,cowboy_two,NA,nork,NA,NA,,NA,21,Fri Feb 28 11:40:36 2020
5nom18,extrapolation,unmarked,initial,sa,gu,Noun_Training,waitress_two,NA,negid,NA,NA,,NA,22,Fri Feb 28 11:40:40 2020
5nom18,extrapolation,unmarked,initial,sa,gu,Noun_Training,burglar_two,NA,vaem,NA,NA,,NA,23,Fri Feb 28 11:40:45 2020
5nom18,extrapolation,unmarked,initial,sa,gu,Noun_Training,waitress_two,NA,negid,NA,NA,,NA,24,Fri Feb 28 11:40:50 2020
5nom18,extrapolation,unmarked,initial,sa,gu,Noun_Selection,waitress_two,NA,negid,correct,NA,,NA,25,Fri Feb 28 11:41:12 2020
5nom18,extrapolation,unmarked,initial,sa,gu,Noun_Selection,chef_two,NA,tumbat,correct,NA,,NA,26,Fri Feb 28 11:41:17 2020
5nom18,extrapolation,unmarked,initial,sa,gu,Noun_Selection,waitress_two,NA,negid,correct,NA,,NA,27,Fri Feb 28 11:41:21 2020
5nom18,extrapolation,unmarked,initial,sa,gu,Noun_Selection,cowboy_two,NA,nork,correct,NA,,NA,28,Fri Feb 28 11:41:26 2020
5nom18,extrapolation,unmarked,initial,sa,gu,Noun_Selection,burglar_two,NA,vaem,correct,NA,,NA,29,Fri Feb 28 11:41:30 2020
5nom18,extrapolation,unmarked,initial,sa,gu,Noun_Selection,waitress_two,NA,negid,correct,NA,,NA,30,Fri Feb 28 11:41:34 2020
5nom18,extrapolation,unmarked,initial,sa,gu,Noun_Selection,cowboy_two,NA,nork,correct,NA,,NA,31,Fri Feb 28 11:41:38 2020
5nom18,extrapolation,unmarked,initial,sa,gu,Noun_Selection,cowboy_two,NA,nork,correct,NA,,NA,32,Fri Feb 28 11:41:42 2020
5nom18,extrapolation,unmarked,initial,sa,gu,Noun_Selection,chef_two,NA,tumbat,correct,NA,,NA,33,Fri Feb 28 11:41:47 2020
5nom18,extrapolation,unmarked,initial,sa,gu,Noun_Selection,burglar_two,NA,vaem,correct,NA,,NA,34,Fri Feb 28 11:41:51 2020
5nom18,extrapolation,unmarked,initial,sa,gu,Noun_Selection,burglar_two,NA,vaem,correct,NA,,NA,35,Fri Feb 28 11:41:55 2020
5nom18,extrapolation,unmarked,initial,sa,gu,Noun_Selection,chef_two,NA,tumbat,correct,NA,,NA,36,Fri Feb 28 11:41:59 2020
5nom18,extrapolation,unmarked,initial,sa,gu,Noun_Testing,burglar_two,NA,vaem,NA,NA,,NA,37,Fri Feb 28 11:42:48 2020
5nom18,extrapolation,unmarked,initial,sa,gu,Noun_Testing,chef_two,NA,tumbat,NA,NA,,NA,38,Fri Feb 28 11:42:58 2020
5nom18,extrapolation,unmarked,initial,sa,gu,Noun_Testing,burglar_two,NA,vaem,NA,NA,,NA,39,Fri Feb 28 11:43:04 2020
5nom18,extrapolation,unmarked,initial,sa,gu,Noun_Testing,cowboy_two,NA,nork,NA,NA,,NA,40,Fri Feb 28 11:43:10 2020
5nom18,extrapolation,unmarked,initial,sa,gu,Noun_Testing,chef_two,NA,tumbat,NA,NA,,NA,41,Fri Feb 28 11:43:16 2020
5nom18,extrapolation,unmarked,initial,sa,gu,Noun_Testing,waitress_two,NA,negid,NA,NA,,NA,42,Fri Feb 28 11:43:26 2020
5nom18,extrapolation,unmarked,initial,sa,gu,Noun_Testing,chef_two,NA,tumbat,NA,NA,,NA,43,Fri Feb 28 11:43:33 2020
5nom18,extrapolation,unmarked,initial,sa,gu,Noun_Testing,burglar_two,NA,vaem,NA,NA,,NA,44,Fri Feb 28 11:43:40 2020
5nom18,extrapolation,unmarked,initial,sa,gu,Noun_Testing,cowboy_two,NA,nork,NA,NA,,NA,45,Fri Feb 28 11:43:46 2020
5nom18,extrapolation,unmarked,initial,sa,gu,Noun_Testing,waitress_two,NA,negid,NA,NA,,NA,46,Fri Feb 28 11:43:51 2020
5nom18,extrapolation,unmarked,initial,sa,gu,Noun_Testing,cowboy_two,NA,nork,NA,NA,,NA,47,Fri Feb 28 11:43:56 2020
5nom18,extrapolation,unmarked,initial,sa,gu,Noun_Testing,waitress_two,NA,negid,NA,NA,,NA,48,Fri Feb 28 11:44:01 2020
5nom18,extrapolation,unmarked,initial,sa,gu,SimplePhrase_Training,punch_cowboy_pl_waitress_sg,NA,straikim norkgu negidsa,NA,NA,,NA,49,Fri Feb 28 11:44:51 2020
5nom18,extrapolation,unmarked,initial,sa,gu,SimplePhrase_Training,punch_waitress_pl_burglar_sg,NA,straikim negidgu vaemsa,NA,NA,,NA,50,Fri Feb 28 11:44:59 2020
5nom18,extrapolation,unmarked,initial,sa,gu,SimplePhrase_Training,point_chef_pl_waitress_pl,NA,poinim tumbatgu negid,NA,NA,,NA,51,Fri Feb 28 11:45:06 2020
5nom18,extrapolation,unmarked,initial,sa,gu,SimplePhrase_Training,punch_chef_pl_burglar_pl,NA,straikim tumbatgu vaem,NA,NA,,NA,52,Fri Feb 28 11:45:14 2020
5nom18,extrapolation,unmarked,initial,sa,gu,SimplePhrase_Training,point_cowboy_pl_waitress_sg,NA,poinim norkgu negidsa,NA,NA,,NA,53,Fri Feb 28 11:45:21 2020
5nom18,extrapolation,unmarked,initial,sa,gu,SimplePhrase_Training,waitress_two,NA,negid,NA,NA,,NA,54,Fri Feb 28 11:45:26 2020
5nom18,extrapolation,unmarked,initial,sa,gu,SimplePhrase_Training,point_cowboy_pl_chef_pl,NA,poinim norkgu tumbat,NA,NA,,NA,55,Fri Feb 28 11:45:33 2020
5nom18,extrapolation,unmarked,initial,sa,gu,SimplePhrase_Training,punch_waitress_pl_chef_pl,NA,straikim negidgu tumbat,NA,NA,,NA,56,Fri Feb 28 11:45:41 2020
5nom18,extrapolation,unmarked,initial,sa,gu,SimplePhrase_Training,punch_cowboy_pl_chef_sg,NA,straikim norkgu tumbatsa,NA,NA,,NA,57,Fri Feb 28 11:45:48 2020
5nom18,extrapolation,unmarked,initial,sa,gu,SimplePhrase_Training,kick_cowboy_pl_chef_sg,NA,kikim norkgu tumbatsa,NA,NA,,NA,58,Fri Feb 28 11:45:56 2020
5nom18,extrapolation,unmarked,initial,sa,gu,SimplePhrase_Training,point_waitress_pl_burglar_pl,NA,poinim negidgu vaem,NA,NA,,NA,59,Fri Feb 28 11:46:03 2020
5nom18,extrapolation,unmarked,initial,sa,gu,SimplePhrase_Training,punch_chef_pl_cowboy_sg,NA,straikim tumbatgu norksa,NA,NA,,NA,60,Fri Feb 28 11:46:11 2020
5nom18,extrapolation,unmarked,initial,sa,gu,SimplePhrase_Training,punch_burglar_pl_waitress_pl,NA,straikim vaemgu negid,NA,NA,,NA,61,Fri Feb 28 11:46:18 2020
5nom18,extrapolation,unmarked,initial,sa,gu,SimplePhrase_Training,punch_burglar_pl_chef_pl,NA,straikim vaemgu tumbat,NA,NA,,NA,62,Fri Feb 28 11:46:26 2020
5nom18,extrapolation,unmarked,initial,sa,gu,SimplePhrase_Training,point_burglar_pl_cowboy_pl,NA,poinim vaemgu nork,NA,NA,,NA,63,Fri Feb 28 11:46:33 2020
5nom18,extrapolation,unmarked,initial,sa,gu,SimplePhrase_Training,waitress_two,NA,negid,NA,NA,,NA,64,Fri Feb 28 11:46:38 2020
5nom18,extrapolation,unmarked,initial,sa,gu,SimplePhrase_Training,kick_cowboy_pl_waitress_pl,NA,kikim norkgu negid,NA,NA,,NA,65,Fri Feb 28 11:46:45 2020
5nom18,extrapolation,unmarked,initial,sa,gu,SimplePhrase_Training,kick_burglar_pl_cowboy_sg,NA,kikim vaemgu norksa,NA,NA,,NA,66,Fri Feb 28 11:46:52 2020
5nom18,extrapolation,unmarked,initial,sa,gu,SimplePhrase_Training,kick_chef_pl_burglar_sg,NA,kikim tumbatgu vaemsa,NA,NA,,NA,67,Fri Feb 28 11:47:00 2020
5nom18,extrapolation,unmarked,initial,sa,gu,SimplePhrase_Training,kick_chef_pl_waitress_pl,NA,kikim tumbatgu negid,NA,NA,,NA,68,Fri Feb 28 11:47:07 2020
5nom18,extrapolation,unmarked,initial,sa,gu,SimplePhrase_Training,kick_cowboy_pl_burglar_pl,NA,kikim norkgu vaem,NA,NA,,NA,69,Fri Feb 28 11:47:14 2020
5nom18,extrapolation,unmarked,initial,sa,gu,SimplePhrase_Training,punch_burglar_pl_cowboy_sg,NA,straikim vaemgu norksa,NA,NA,,NA,70,Fri Feb 28 11:47:22 2020
5nom18,extrapolation,unmarked,initial,sa,gu,SimplePhrase_Training,point_waitress_pl_cowboy_pl,NA,poinim negidgu nork,NA,NA,,NA,71,Fri Feb 28 11:47:29 2020
5nom18,extrapolation,unmarked,initial,sa,gu,SimplePhrase_Training,kick_chef_pl_cowboy_pl,NA,kikim tumbatgu nork,NA,NA,,NA,72,Fri Feb 28 11:47:37 2020
5nom18,extrapolation,unmarked,initial,sa,gu,SimplePhrase_Training,kick_waitress_pl_burglar_pl,NA,kikim negidgu vaem,NA,NA,,NA,73,Fri Feb 28 11:47:44 2020
5nom18,extrapolation,unmarked,initial,sa,gu,SimplePhrase_Training,punch_cowboy_pl_burglar_sg,NA,straikim norkgu vaemsa,NA,NA,,NA,74,Fri Feb 28 11:47:51 2020
5nom18,extrapolation,unmarked,initial,sa,gu,SimplePhrase_Training,chef_two,NA,tumbat,NA,NA,,NA,75,Fri Feb 28 11:47:56 2020
5nom18,extrapolation,unmarked,initial,sa,gu,SimplePhrase_Training,burglar_two,NA,vaem,NA,NA,,NA,76,Fri Feb 28 11:48:01 2020
5nom18,extrapolation,unmarked,initial,sa,gu,SimplePhrase_Training,point_chef_pl_burglar_pl,NA,poinim tumbatgu vaem,NA,NA,,NA,77,Fri Feb 28 11:48:08 2020
5nom18,extrapolation,unmarked,initial,sa,gu,SimplePhrase_Training,punch_chef_pl_waitress_sg,NA,straikim tumbatgu negidsa,NA,NA,,NA,78,Fri Feb 28 11:48:16 2020
5nom18,extrapolation,unmarked,initial,sa,gu,SimplePhrase_Training,kick_burglar_pl_chef_sg,NA,kikim vaemgu tumbatsa,NA,NA,,NA,79,Fri Feb 28 11:48:23 2020
5nom18,extrapolation,unmarked,initial,sa,gu,SimplePhrase_Training,point_waitress_pl_chef_sg,NA,poinim negidgu tumbatsa,NA,NA,,NA,80,Fri Feb 28 11:48:31 2020
5nom18,extrapolation,unmarked,initial,sa,gu,SimplePhrase_Training,kick_waitress_pl_cowboy_sg,NA,kikim negidgu norksa,NA,NA,,NA,81,Fri Feb 28 11:48:38 2020
5nom18,extrapolation,unmarked,initial,sa,gu,SimplePhrase_Training,cowboy_two,NA,nork,NA,NA,,NA,82,Fri Feb 28 11:48:43 2020
5nom18,extrapolation,unmarked,initial,sa,gu,SimplePhrase_Training,kick_waitress_pl_chef_pl,NA,kikim negidgu tumbat,NA,NA,,NA,83,Fri Feb 28 11:48:51 2020
5nom18,extrapolation,unmarked,initial,sa,gu,SimplePhrase_Training,cowboy_two,NA,nork,NA,NA,,NA,84,Fri Feb 28 11:48:55 2020
5nom18,extrapolation,unmarked,initial,sa,gu,SimplePhrase_Training,point_burglar_pl_chef_sg,NA,poinim vaemgu tumbatsa,NA,NA,,NA,85,Fri Feb 28 11:49:03 2020
5nom18,extrapolation,unmarked,initial,sa,gu,SimplePhrase_Training,kick_burglar_pl_waitress_sg,NA,kikim vaemgu negidsa,NA,NA,,NA,86,Fri Feb 28 11:49:10 2020
5nom18,extrapolation,unmarked,initial,sa,gu,SimplePhrase_Training,point_burglar_pl_waitress_pl,NA,poinim vaemgu negid,NA,NA,,NA,87,Fri Feb 28 11:49:18 2020
5nom18,extrapolation,unmarked,initial,sa,gu,SimplePhrase_Training,point_cowboy_pl_burglar_sg,NA,poinim norkgu vaemsa,NA,NA,,NA,88,Fri Feb 28 11:49:25 2020
5nom18,extrapolation,unmarked,initial,sa,gu,SimplePhrase_Training,point_chef_pl_cowboy_sg,NA,poinim tumbatgu norksa,NA,NA,,NA,89,Fri Feb 28 11:49:33 2020
5nom18,extrapolation,unmarked,initial,sa,gu,SimplePhrase_Training,burglar_two,NA,vaem,NA,NA,,NA,90,Fri Feb 28 11:49:37 2020
5nom18,extrapolation,unmarked,initial,sa,gu,SimplePhrase_Training,punch_waitress_pl_cowboy_pl,NA,straikim negidgu nork,NA,NA,,NA,91,Fri Feb 28 11:49:45 2020
5nom18,extrapolation,unmarked,initial,sa,gu,SimplePhrase_Training,chef_two,NA,tumbat,NA,NA,,NA,92,Fri Feb 28 11:49:50 2020
5nom18,extrapolation,unmarked,initial,sa,gu,SimplePhrase_Comprehension,point_chef_pl_burglar_sg,NA,poinim tumbatgu vaemsa,correct,NA,,NA,93,Fri Feb 28 11:50:14 2020
5nom18,extrapolation,unmarked,initial,sa,gu,SimplePhrase_Comprehension,kick_chef_pl_cowboy_sg,NA,kikim tumbatgu norksa,correct,NA,,NA,94,Fri Feb 28 11:50:21 2020
5nom18,extrapolation,unmarked,initial,sa,gu,SimplePhrase_Comprehension,point_cowboy_pl_chef_sg,NA,poinim norkgu tumbatsa,correct,NA,,NA,95,Fri Feb 28 11:50:28 2020
5nom18,extrapolation,unmarked,initial,sa,gu,SimplePhrase_Comprehension,point_cowboy_pl_burglar_pl,NA,poinim norkgu vaem,correct,NA,,NA,96,Fri Feb 28 11:50:36 2020
5nom18,extrapolation,unmarked,initial,sa,gu,SimplePhrase_Comprehension,punch_waitress_pl_burglar_pl,NA,straikim negidgu vaem,correct,NA,,NA,97,Fri Feb 28 11:50:44 2020
5nom18,extrapolation,unmarked,initial,sa,gu,SimplePhrase_Comprehension,punch_burglar_pl_waitress_sg,NA,straikim vaemgu negidsa,correct,NA,,NA,98,Fri Feb 28 11:50:58 2020
5nom18,extrapolation,unmarked,initial,sa,gu,SimplePhrase_Comprehension,kick_burglar_pl_cowboy_pl,NA,kikim vaemgu nork,correct,NA,,NA,99,Fri Feb 28 11:51:06 2020
5nom18,extrapolation,unmarked,initial,sa,gu,SimplePhrase_Comprehension,punch_burglar_pl_cowboy_pl,NA,straikim vaemgu nork,correct,NA,,NA,100,Fri Feb 28 11:51:12 2020
5nom18,extrapolation,unmarked,initial,sa,gu,SimplePhrase_Comprehension,punch_chef_pl_burglar_sg,NA,straikim tumbatgu vaemsa,correct,NA,,NA,101,Fri Feb 28 11:51:19 2020
5nom18,extrapolation,unmarked,initial,sa,gu,SimplePhrase_Comprehension,punch_chef_pl_cowboy_pl,NA,straikim tumbatgu nork,correct,NA,,NA,102,Fri Feb 28 11:51:25 2020
5nom18,extrapolation,unmarked,initial,sa,gu,SimplePhrase_Comprehension,kick_burglar_pl_waitress_pl,NA,kikim vaemgu negid,correct,NA,,NA,103,Fri Feb 28 11:51:31 2020
5nom18,extrapolation,unmarked,initial,sa,gu,SimplePhrase_Comprehension,point_chef_pl_cowboy_pl,NA,poinim tumbatgu nork,correct,NA,,NA,104,Fri Feb 28 11:51:40 2020
5nom18,extrapolation,unmarked,initial,sa,gu,SimplePhrase_Comprehension,kick_chef_pl_burglar_pl,NA,kikim tumbatgu vaem,correct,NA,,NA,105,Fri Feb 28 11:51:50 2020
5nom18,extrapolation,unmarked,initial,sa,gu,SimplePhrase_Comprehension,point_burglar_pl_chef_pl,NA,poinim vaemgu tumbat,correct,NA,,NA,106,Fri Feb 28 11:51:56 2020
5nom18,extrapolation,unmarked,initial,sa,gu,SimplePhrase_Comprehension,punch_waitress_pl_chef_sg,NA,straikim negidgu tumbatsa,correct,NA,,NA,107,Fri Feb 28 11:52:02 2020
5nom18,extrapolation,unmarked,initial,sa,gu,SimplePhrase_Comprehension,kick_cowboy_pl_chef_pl,NA,kikim norkgu tumbat,correct,NA,,NA,108,Fri Feb 28 11:52:11 2020
5nom18,extrapolation,unmarked,initial,sa,gu,SimplePhrase_Comprehension,point_waitress_pl_burglar_sg,NA,poinim negidgu vaemsa,correct,NA,,NA,109,Fri Feb 28 11:52:17 2020
5nom18,extrapolation,unmarked,initial,sa,gu,SimplePhrase_Comprehension,kick_cowboy_pl_waitress_sg,NA,kikim norkgu negidsa,correct,NA,,NA,110,Fri Feb 28 11:52:22 2020
5nom18,extrapolation,unmarked,initial,sa,gu,SimplePhrase_Comprehension,point_waitress_pl_cowboy_sg,NA,poinim negidgu norksa,correct,NA,,NA,111,Fri Feb 28 11:52:29 2020
5nom18,extrapolation,unmarked,initial,sa,gu,SimplePhrase_Comprehension,punch_waitress_pl_cowboy_sg,NA,straikim negidgu norksa,correct,NA,,NA,112,Fri Feb 28 11:52:37 2020
5nom18,extrapolation,unmarked,initial,sa,gu,SimplePhrase_Typing,cowboy_two,NA,nork,NA,nork,,NA,113,Fri Feb 28 11:53:11 2020
5nom18,extrapolation,unmarked,initial,sa,gu,SimplePhrase_Typing,punch_burglar_pl_chef_pl,NA,straikim vaemgu tumbat,NA,straikim vaemgu tumbat,,NA,114,Fri Feb 28 11:53:36 2020
5nom18,extrapolation,unmarked,initial,sa,gu,SimplePhrase_Typing,point_chef_pl_cowboy_sg,NA,poinim tumbatgu norksa,NA,poinim tumbatgu norksa,,NA,115,Fri Feb 28 11:53:58 2020
5nom18,extrapolation,unmarked,initial,sa,gu,SimplePhrase_Typing,kick_burglar_pl_chef_sg,NA,kikim vaemgu tumbatsa,NA,kikim vaemgu tumbatsa,,NA,116,Fri Feb 28 11:54:16 2020
5nom18,extrapolation,unmarked,initial,sa,gu,SimplePhrase_Typing,punch_burglar_pl_waitress_pl,NA,straikim vaemgu negid,NA,straikim vaemgu negid,,NA,117,Fri Feb 28 11:54:39 2020
5nom18,extrapolation,unmarked,initial,sa,gu,SimplePhrase_Typing,waitress_two,NA,negid,NA,negid,,NA,118,Fri Feb 28 11:54:46 2020
5nom18,extrapolation,unmarked,initial,sa,gu,SimplePhrase_Typing,point_cowboy_pl_chef_pl,NA,poinim norkgu tumbat,NA,poinim norkgu tumbat,,NA,119,Fri Feb 28 11:55:03 2020
5nom18,extrapolation,unmarked,initial,sa,gu,SimplePhrase_Typing,point_waitress_pl_cowboy_pl,NA,poinim negidgu nork,NA,poinim negidgu nork,,NA,120,Fri Feb 28 11:55:20 2020
5nom18,extrapolation,unmarked,initial,sa,gu,SimplePhrase_Typing,punch_chef_pl_waitress_sg,NA,straikim tumbatgu negidsa,NA,straikim tumbatgu negidsa,,NA,121,Fri Feb 28 11:55:36 2020
5nom18,extrapolation,unmarked,initial,sa,gu,SimplePhrase_Typing,point_waitress_pl_chef_sg,NA,poinim negidgu tumbatsa,NA,poinim negidgu tumbatsa,,NA,122,Fri Feb 28 11:55:50 2020
5nom18,extrapolation,unmarked,initial,sa,gu,SimplePhrase_Typing,burglar_two,NA,vaem,NA,vaem,,NA,123,Fri Feb 28 11:55:57 2020
5nom18,extrapolation,unmarked,initial,sa,gu,SimplePhrase_Typing,chef_two,NA,tumbat,NA,tumbat,,NA,124,Fri Feb 28 11:56:07 2020
5nom18,extrapolation,unmarked,initial,sa,gu,ComplexPhrase_Typing,punch_burglar_sg_chef_pl,chef,straikim vaemsagu tumbat,NA,straikim vaemasgu tumbat,,NA,125,Fri Feb 28 11:57:14 2020
5nom18,extrapolation,unmarked,initial,sa,gu,ComplexPhrase_Typing,point_burglar_sg_cowboy_pl,cowboy,poinim vaemsagu nork,NA,poinim vaemisgu nork,,NA,126,Fri Feb 28 11:57:42 2020
5nom18,extrapolation,unmarked,initial,sa,gu,ComplexPhrase_Typing,kick_waitress_sg_chef_pl,chef,kikim negidsagu tumbat,NA,kikim negidisgu tumbat,,NA,127,Fri Feb 28 11:58:14 2020
5nom18,extrapolation,unmarked,initial,sa,gu,ComplexPhrase_Typing,kick_cowboy_sg_waitress_pl,waitress,kikim norksagu negid,NA,kikim norkasgu negid,,NA,128,Fri Feb 28 11:58:25 2020
5nom18,extrapolation,unmarked,initial,sa,gu,ComplexPhrase_Typing,punch_burglar_sg_chef_pl,chef,straikim vaemsagu tumbat,NA,straikim vaemisgu tumbat,,NA,129,Fri Feb 28 11:58:45 2020
5nom18,extrapolation,unmarked,initial,sa,gu,ComplexPhrase_Typing,kick_cowboy_sg_waitress_pl,waitress,kikim norksagu negid,NA,kikim norkasgu negid,,NA,130,Fri Feb 28 11:59:00 2020
5nom18,extrapolation,unmarked,initial,sa,gu,ComplexPhrase_Typing,point_burglar_sg_cowboy_pl,cowboy,poinim vaemsagu nork,NA,poinim vaemisgu nork,,NA,131,Fri Feb 28 11:59:14 2020
5nom18,extrapolation,unmarked,initial,sa,gu,ComplexPhrase_Typing,kick_waitress_sg_chef_pl,chef,kikim negidsagu tumbat,NA,kikim negidasgu tumbat,,NA,132,Fri Feb 28 11:59:28 2020
5nom18,extrapolation,unmarked,initial,sa,gu,ComplexPhrase_Typing,kick_cowboy_sg_waitress_pl,waitress,kikim norksagu negid,NA,kikim norkasgu negid,,NA,133,Fri Feb 28 11:59:34 2020
5nom18,extrapolation,unmarked,initial,sa,gu,ComplexPhrase_Typing,point_burglar_sg_cowboy_pl,cowboy,poinim vaemsagu nork,NA,poinim vaemasgu nork,,NA,134,Fri Feb 28 11:59:44 2020
5nom18,extrapolation,unmarked,initial,sa,gu,ComplexPhrase_Typing,kick_waitress_sg_chef_pl,chef,kikim negidsagu tumbat,NA,kikim negidasgu tumbat,,NA,135,Fri Feb 28 11:59:54 2020
5nom18,extrapolation,unmarked,initial,sa,gu,ComplexPhrase_Typing,punch_burglar_sg_chef_pl,chef,straikim vaemsagu tumbat,NA,straikim vaemesgu tumbat,,NA,136,Fri Feb 28 12:00:15 2020
5nom18,extrapolation,unmarked,initial,sa,gu,ComplexPhrase_Testing,kick_chef_sg_waitress_pl,waitress,kikim tumbatsagu negid,NA,NA,,NA,137,Fri Feb 28 12:00:58 2020
5nom18,extrapolation,unmarked,initial,sa,gu,ComplexPhrase_Testing,punch_cowboy_pl_waitress_pl,waitress,straikim norkgu negid,NA,NA,,NA,138,Fri Feb 28 12:01:07 2020
5nom18,extrapolation,unmarked,initial,sa,gu,ComplexPhrase_Testing,punch_chef_sg_cowboy_pl,cowboy,straikim tumbatsagu nork,NA,NA,,NA,139,Fri Feb 28 12:01:20 2020
5nom18,extrapolation,unmarked,initial,sa,gu,ComplexPhrase_Testing,point_burglar_sg_waitress_pl,waitress,poinim vaemsagu negid,NA,NA,,NA,140,Fri Feb 28 12:01:27 2020
5nom18,extrapolation,unmarked,initial,sa,gu,ComplexPhrase_Testing,kick_cowboy_pl_chef_sg,NA,kikim norkgu tumbatsa,NA,NA,,NA,141,Fri Feb 28 12:01:36 2020
5nom18,extrapolation,unmarked,initial,sa,gu,ComplexPhrase_Testing,kick_chef_pl_waitress_sg,NA,kikim tumbatgu negidsa,NA,NA,,NA,142,Fri Feb 28 12:01:45 2020
5nom18,extrapolation,unmarked,initial,sa,gu,ComplexPhrase_Testing,cowboy_two,NA,nork,NA,NA,,NA,143,Fri Feb 28 12:01:51 2020
5nom18,extrapolation,unmarked,initial,sa,gu,ComplexPhrase_Testing,kick_burglar_sg_waitress_pl,waitress,kikim vaemsagu negid,NA,NA,,NA,144,Fri Feb 28 12:01:59 2020
5nom18,extrapolation,unmarked,initial,sa,gu,ComplexPhrase_Testing,kick_cowboy_sg_waitress_pl,waitress,kikim norksagu negid,NA,NA,,NA,145,Fri Feb 28 12:02:05 2020
5nom18,extrapolation,unmarked,initial,sa,gu,ComplexPhrase_Testing,point_chef_pl_burglar_pl,burglar,poinim tumbatgu vaem,NA,NA,,NA,146,Fri Feb 28 12:02:13 2020
5nom18,extrapolation,unmarked,initial,sa,gu,ComplexPhrase_Testing,kick_cowboy_sg_burglar_pl,burglar,kikim norksagu vaem,NA,NA,,NA,147,Fri Feb 28 12:02:23 2020
5nom18,extrapolation,unmarked,initial,sa,gu,ComplexPhrase_Testing,kick_waitress_sg_cowboy_pl,cowboy,kikim negidsagu nork,NA,NA,,NA,148,Fri Feb 28 12:02:29 2020
5nom18,extrapolation,unmarked,initial,sa,gu,ComplexPhrase_Testing,punch_waitress_sg_burglar_pl,burglar,straikim negidsagu vaem,NA,NA,,NA,149,Fri Feb 28 12:02:34 2020
5nom18,extrapolation,unmarked,initial,sa,gu,ComplexPhrase_Testing,point_waitress_sg_chef_pl,chef,poinim negidsagu tumbat,NA,NA,,NA,150,Fri Feb 28 12:02:41 2020
5nom18,extrapolation,unmarked,initial,sa,gu,ComplexPhrase_Testing,kick_cowboy_sg_burglar_pl,burglar,kikim norksagu vaem,NA,NA,,NA,151,Fri Feb 28 12:02:49 2020
5nom18,extrapolation,unmarked,initial,sa,gu,ComplexPhrase_Testing,point_chef_sg_waitress_pl,waitress,poinim tumbatsagu negid,NA,NA,,NA,152,Fri Feb 28 12:03:02 2020
5nom18,extrapolation,unmarked,initial,sa,gu,ComplexPhrase_Testing,point_waitress_sg_chef_pl,chef,poinim negidsagu tumbat,NA,NA,,NA,153,Fri Feb 28 12:03:08 2020
5nom18,extrapolation,unmarked,initial,sa,gu,ComplexPhrase_Testing,kick_burglar_sg_waitress_pl,waitress,kikim vaemsagu negid,NA,NA,,NA,154,Fri Feb 28 12:03:17 2020
5nom18,extrapolation,unmarked,initial,sa,gu,ComplexPhrase_Testing,punch_cowboy_pl_chef_sg,NA,straikim norkgu tumbatsa,NA,NA,,NA,155,Fri Feb 28 12:03:25 2020
5nom18,extrapolation,unmarked,initial,sa,gu,ComplexPhrase_Testing,kick_waitress_sg_cowboy_pl,cowboy,kikim negidsagu nork,NA,NA,,NA,156,Fri Feb 28 12:03:35 2020
5nom18,extrapolation,unmarked,initial,sa,gu,ComplexPhrase_Testing,burglar_two,NA,vaem,NA,NA,,NA,157,Fri Feb 28 12:03:38 2020
5nom18,extrapolation,unmarked,initial,sa,gu,ComplexPhrase_Testing,kick_chef_sg_waitress_pl,waitress,kikim tumbatsagu negid,NA,NA,,NA,158,Fri Feb 28 12:03:49 2020
5nom18,extrapolation,unmarked,initial,sa,gu,ComplexPhrase_Testing,kick_cowboy_sg_waitress_pl,waitress,kikim norksagu negid,NA,NA,,NA,159,Fri Feb 28 12:03:53 2020
5nom18,extrapolation,unmarked,initial,sa,gu,ComplexPhrase_Testing,kick_waitress_sg_chef_pl,chef,kikim negidsagu tumbat,NA,NA,,NA,160,Fri Feb 28 12:03:58 2020
5nom18,extrapolation,unmarked,initial,sa,gu,ComplexPhrase_Testing,point_burglar_pl_waitress_pl,waitress,poinim vaemgu negid,NA,NA,,NA,161,Fri Feb 28 12:04:09 2020
5nom18,extrapolation,unmarked,initial,sa,gu,ComplexPhrase_Testing,kick_cowboy_sg_waitress_pl,waitress,kikim norksagu negid,NA,NA,,NA,162,Fri Feb 28 12:04:22 2020
5nom18,extrapolation,unmarked,initial,sa,gu,ComplexPhrase_Testing,point_chef_sg_waitress_pl,waitress,poinim tumbatsagu negid,NA,NA,,NA,163,Fri Feb 28 12:04:38 2020
5nom18,extrapolation,unmarked,initial,sa,gu,ComplexPhrase_Testing,kick_burglar_sg_waitress_pl,waitress,kikim vaemsagu negid,NA,NA,,NA,164,Fri Feb 28 12:04:44 2020
5nom18,extrapolation,unmarked,initial,sa,gu,ComplexPhrase_Testing,punch_waitress_sg_burglar_pl,burglar,straikim negidsagu vaem,NA,NA,,NA,165,Fri Feb 28 12:04:57 2020
5nom18,extrapolation,unmarked,initial,sa,gu,ComplexPhrase_Testing,chef_two,NA,tumbat,NA,NA,,NA,166,Fri Feb 28 12:05:01 2020
5nom18,extrapolation,unmarked,initial,sa,gu,ComplexPhrase_Testing,point_waitress_pl_chef_pl,chef,poinim negidgu tumbat,NA,NA,,NA,167,Fri Feb 28 12:05:15 2020
5nom18,extrapolation,unmarked,initial,sa,gu,ComplexPhrase_Testing,punch_cowboy_pl_waitress_sg,NA,straikim norkgu negidsa,NA,NA,,NA,168,Fri Feb 28 12:05:26 2020
5nom18,extrapolation,unmarked,initial,sa,gu,ComplexPhrase_Testing,kick_waitress_sg_chef_pl,chef,kikim negidsagu tumbat,NA,NA,,NA,169,Fri Feb 28 12:05:35 2020
5nom18,extrapolation,unmarked,initial,sa,gu,ComplexPhrase_Testing,punch_chef_sg_cowboy_pl,cowboy,straikim tumbatsagu nork,NA,NA,,NA,170,Fri Feb 28 12:05:43 2020
5nom18,extrapolation,unmarked,initial,sa,gu,ComplexPhrase_Testing,point_burglar_sg_cowboy_pl,cowboy,poinim vaemsagu nork,NA,NA,,NA,171,Fri Feb 28 12:05:53 2020
5nom18,extrapolation,unmarked,initial,sa,gu,ComplexPhrase_Testing,punch_cowboy_pl_chef_pl,chef,straikim norkgu tumbat,NA,NA,,NA,172,Fri Feb 28 12:06:02 2020
5nom18,extrapolation,unmarked,initial,sa,gu,ComplexPhrase_Testing,point_burglar_sg_cowboy_pl,cowboy,poinim vaemsagu nork,NA,NA,,NA,173,Fri Feb 28 12:06:15 2020
5nom18,extrapolation,unmarked,initial,sa,gu,ComplexPhrase_Testing,point_chef_sg_waitress_pl,waitress,poinim tumbatsagu negid,NA,NA,,NA,174,Fri Feb 28 12:06:30 2020
5nom18,extrapolation,unmarked,initial,sa,gu,ComplexPhrase_Testing,point_burglar_pl_waitress_sg,NA,poinim vaemgu negidsa,NA,NA,,NA,175,Fri Feb 28 12:06:40 2020
5nom18,extrapolation,unmarked,initial,sa,gu,ComplexPhrase_Testing,kick_chef_sg_waitress_pl,waitress,kikim tumbatsagu negid,NA,NA,,NA,176,Fri Feb 28 12:06:49 2020
5nom18,extrapolation,unmarked,initial,sa,gu,ComplexPhrase_Testing,punch_chef_sg_cowboy_pl,cowboy,straikim tumbatsagu nork,NA,NA,,NA,177,Fri Feb 28 12:06:57 2020
5nom18,extrapolation,unmarked,initial,sa,gu,ComplexPhrase_Testing,point_burglar_sg_cowboy_pl,cowboy,poinim vaemsagu nork,NA,NA,,NA,178,Fri Feb 28 12:07:04 2020
5nom18,extrapolation,unmarked,initial,sa,gu,ComplexPhrase_Testing,point_burglar_sg_waitress_pl,waitress,poinim vaemsagu negid,NA,NA,,NA,179,Fri Feb 28 12:07:18 2020
5nom18,extrapolation,unmarked,initial,sa,gu,ComplexPhrase_Testing,point_chef_pl_cowboy_sg,NA,poinim tumbatgu norksa,NA,NA,,NA,180,Fri Feb 28 12:07:32 2020
5nom18,extrapolation,unmarked,initial,sa,gu,ComplexPhrase_Testing,punch_waitress_sg_burglar_pl,burglar,straikim negidsagu vaem,NA,NA,,NA,181,Fri Feb 28 12:07:43 2020
5nom18,extrapolation,unmarked,initial,sa,gu,ComplexPhrase_Testing,kick_waitress_sg_chef_pl,chef,kikim negidsagu tumbat,NA,NA,,NA,182,Fri Feb 28 12:07:57 2020
5nom18,extrapolation,unmarked,initial,sa,gu,ComplexPhrase_Testing,point_cowboy_pl_waitress_pl,waitress,poinim norkgu negid,NA,NA,,NA,183,Fri Feb 28 12:08:14 2020
5nom18,extrapolation,unmarked,initial,sa,gu,ComplexPhrase_Testing,waitress_two,NA,negid,NA,NA,,NA,184,Fri Feb 28 12:08:19 2020
5nom18,extrapolation,unmarked,initial,sa,gu,ComplexPhrase_Testing,kick_cowboy_sg_burglar_pl,burglar,kikim norksagu vaem,NA,NA,,NA,185,Fri Feb 28 12:08:27 2020
5nom18,extrapolation,unmarked,initial,sa,gu,ComplexPhrase_Testing,point_burglar_sg_waitress_pl,waitress,poinim vaemsagu negid,NA,NA,,NA,186,Fri Feb 28 12:08:32 2020
5nom18,extrapolation,unmarked,initial,sa,gu,ComplexPhrase_Testing,kick_waitress_sg_cowboy_pl,cowboy,kikim negidsagu nork,NA,NA,,NA,187,Fri Feb 28 12:08:43 2020
5nom18,extrapolation,unmarked,initial,sa,gu,ComplexPhrase_Testing,point_waitress_sg_chef_pl,chef,poinim negidsagu tumbat,NA,NA,,NA,188,Fri Feb 28 12:08:48 2020
5nom18,extrapolation,unmarked,initial,sa,gu,Questionnaire,NA,NA,NA,NA,NA,,singular,MeaningNum,Fri Feb 28 12:09:39 2020
5nom18,extrapolation,unmarked,initial,sa,gu,Questionnaire,NA,NA,NA,NA,NA,,plural,MeaningCase,Fri Feb 28 12:09:39 2020
5nom18,extrapolation,unmarked,initial,sa,gu,Questionnaire,NA,NA,NA,NA,NA,,after,OrderNumNoun,Fri Feb 28 12:09:39 2020
5nom18,extrapolation,unmarked,initial,sa,gu,Questionnaire,NA,NA,NA,NA,NA,,after,OrderCaseNoun,Fri Feb 28 12:09:39 2020
5nom18,extrapolation,unmarked,initial,sa,gu,Questionnaire,NA,NA,NA,NA,NA,,english,Languages,Fri Feb 28 12:09:39 2020
