ID,Condition,MajorityOrder,NounPosition,markerNum,markerCase,Phase,Meaning,NounItem,Noun,BinaryResp,InputSentence,Selection,TypedResponse,SpokenResponse,AnswerQuest,Trial,date&time
5nom07,extrapolation,unmarked,initial,gu,ti,Noun_Training,chef_two,NA,,,negid,NA,NA,,NA,1,Fri Feb  7 13:08:52 2020
5nom07,extrapolation,unmarked,initial,gu,ti,Noun_Training,waitress_two,NA,,,tumbat,NA,NA,,NA,2,Fri Feb  7 13:08:57 2020
5nom07,extrapolation,unmarked,initial,gu,ti,Noun_Training,waitress_two,NA,,,tumbat,NA,NA,,NA,3,Fri Feb  7 13:09:02 2020
5nom07,extrapolation,unmarked,initial,gu,ti,Noun_Training,cowboy_two,NA,,,vaem,NA,NA,,NA,4,Fri Feb  7 13:09:06 2020
5nom07,extrapolation,unmarked,initial,gu,ti,Noun_Training,burglar_two,NA,,,nork,NA,NA,,NA,5,Fri Feb  7 13:09:11 2020
5nom07,extrapolation,unmarked,initial,gu,ti,Noun_Training,cowboy_two,NA,,,vaem,NA,NA,,NA,6,Fri Feb  7 13:09:16 2020
5nom07,extrapolation,unmarked,initial,gu,ti,Noun_Training,chef_two,NA,,,negid,NA,NA,,NA,7,Fri Feb  7 13:09:21 2020
5nom07,extrapolation,unmarked,initial,gu,ti,Noun_Training,chef_two,NA,,,negid,NA,NA,,NA,8,Fri Feb  7 13:09:26 2020
5nom07,extrapolation,unmarked,initial,gu,ti,Noun_Training,cowboy_two,NA,,,vaem,NA,NA,,NA,9,Fri Feb  7 13:09:30 2020
5nom07,extrapolation,unmarked,initial,gu,ti,Noun_Training,burglar_two,NA,,,nork,NA,NA,,NA,10,Fri Feb  7 13:09:35 2020
5nom07,extrapolation,unmarked,initial,gu,ti,Noun_Training,chef_two,NA,,,negid,NA,NA,,NA,11,Fri Feb  7 13:09:40 2020
5nom07,extrapolation,unmarked,initial,gu,ti,Noun_Training,waitress_two,NA,,,tumbat,NA,NA,,NA,12,Fri Feb  7 13:09:45 2020
5nom07,extrapolation,unmarked,initial,gu,ti,Noun_Training,burglar_two,NA,,,nork,NA,NA,,NA,13,Fri Feb  7 13:09:50 2020
5nom07,extrapolation,unmarked,initial,gu,ti,Noun_Training,burglar_two,NA,,,nork,NA,NA,,NA,14,Fri Feb  7 13:09:55 2020
5nom07,extrapolation,unmarked,initial,gu,ti,Noun_Training,chef_two,NA,,,negid,NA,NA,,NA,15,Fri Feb  7 13:10:00 2020
5nom07,extrapolation,unmarked,initial,gu,ti,Noun_Training,chef_two,NA,,,negid,NA,NA,,NA,16,Fri Feb  7 13:10:04 2020
5nom07,extrapolation,unmarked,initial,gu,ti,Noun_Training,cowboy_two,NA,,,vaem,NA,NA,,NA,17,Fri Feb  7 13:10:09 2020
5nom07,extrapolation,unmarked,initial,gu,ti,Noun_Training,burglar_two,NA,,,nork,NA,NA,,NA,18,Fri Feb  7 13:10:14 2020
5nom07,extrapolation,unmarked,initial,gu,ti,Noun_Training,waitress_two,NA,,,tumbat,NA,NA,,NA,19,Fri Feb  7 13:10:19 2020
5nom07,extrapolation,unmarked,initial,gu,ti,Noun_Training,cowboy_two,NA,,,vaem,NA,NA,,NA,20,Fri Feb  7 13:10:24 2020
5nom07,extrapolation,unmarked,initial,gu,ti,Noun_Training,waitress_two,NA,,,tumbat,NA,NA,,NA,21,Fri Feb  7 13:10:29 2020
5nom07,extrapolation,unmarked,initial,gu,ti,Noun_Training,cowboy_two,NA,,,vaem,NA,NA,,NA,22,Fri Feb  7 13:10:33 2020
5nom07,extrapolation,unmarked,initial,gu,ti,Noun_Training,waitress_two,NA,,,tumbat,NA,NA,,NA,23,Fri Feb  7 13:10:38 2020
5nom07,extrapolation,unmarked,initial,gu,ti,Noun_Training,burglar_two,NA,,,nork,NA,NA,,NA,24,Fri Feb  7 13:10:43 2020
5nom07,extrapolation,unmarked,initial,gu,ti,Noun_Selection,cowboy_two,NA,,,vaem,correct,NA,,NA,25,Fri Feb  7 13:11:06 2020
5nom07,extrapolation,unmarked,initial,gu,ti,Noun_Selection,burglar_two,NA,,,nork,correct,NA,,NA,26,Fri Feb  7 13:11:10 2020
5nom07,extrapolation,unmarked,initial,gu,ti,Noun_Selection,cowboy_two,NA,,,vaem,correct,NA,,NA,27,Fri Feb  7 13:11:15 2020
5nom07,extrapolation,unmarked,initial,gu,ti,Noun_Selection,chef_two,NA,,,negid,correct,NA,,NA,28,Fri Feb  7 13:11:18 2020
5nom07,extrapolation,unmarked,initial,gu,ti,Noun_Selection,chef_two,NA,,,negid,correct,NA,,NA,29,Fri Feb  7 13:11:23 2020
5nom07,extrapolation,unmarked,initial,gu,ti,Noun_Selection,waitress_two,NA,,,tumbat,correct,NA,,NA,30,Fri Feb  7 13:11:26 2020
5nom07,extrapolation,unmarked,initial,gu,ti,Noun_Selection,burglar_two,NA,,,nork,correct,NA,,NA,31,Fri Feb  7 13:11:30 2020
5nom07,extrapolation,unmarked,initial,gu,ti,Noun_Selection,waitress_two,NA,,,tumbat,correct,NA,,NA,32,Fri Feb  7 13:11:34 2020
5nom07,extrapolation,unmarked,initial,gu,ti,Noun_Selection,burglar_two,NA,,,nork,correct,NA,,NA,33,Fri Feb  7 13:11:38 2020
5nom07,extrapolation,unmarked,initial,gu,ti,Noun_Selection,chef_two,NA,,,negid,correct,NA,,NA,34,Fri Feb  7 13:11:42 2020
5nom07,extrapolation,unmarked,initial,gu,ti,Noun_Selection,waitress_two,NA,,,tumbat,correct,NA,,NA,35,Fri Feb  7 13:11:46 2020
5nom07,extrapolation,unmarked,initial,gu,ti,Noun_Selection,cowboy_two,NA,,,vaem,correct,NA,,NA,36,Fri Feb  7 13:11:49 2020
5nom07,extrapolation,unmarked,initial,gu,ti,Noun_Testing,burglar_two,NA,,,nork,NA,NA,nork,NA,37,Fri Feb  7 13:12:15 2020
5nom07,extrapolation,unmarked,initial,gu,ti,Noun_Testing,chef_two,NA,,,negid,NA,NA,negid,NA,38,Fri Feb  7 13:12:20 2020
5nom07,extrapolation,unmarked,initial,gu,ti,Noun_Testing,burglar_two,NA,,,nork,NA,NA,,NA,39,Fri Feb  7 13:12:22 2020
5nom07,extrapolation,unmarked,initial,gu,ti,Noun_Testing,cowboy_two,NA,,,vaem,NA,NA,vaem,NA,40,Fri Feb  7 13:12:28 2020
5nom07,extrapolation,unmarked,initial,gu,ti,Noun_Testing,waitress_two,NA,,,tumbat,NA,NA,tumbat,NA,41,Fri Feb  7 13:12:34 2020
5nom07,extrapolation,unmarked,initial,gu,ti,Noun_Testing,chef_two,NA,,,negid,NA,NA,negid,NA,42,Fri Feb  7 13:12:38 2020
5nom07,extrapolation,unmarked,initial,gu,ti,Noun_Testing,waitress_two,NA,,,tumbat,NA,NA,tumbat,NA,43,Fri Feb  7 13:12:42 2020
5nom07,extrapolation,unmarked,initial,gu,ti,Noun_Testing,burglar_two,NA,,,nork,NA,NA,,NA,44,Fri Feb  7 13:12:44 2020
5nom07,extrapolation,unmarked,initial,gu,ti,Noun_Testing,cowboy_two,NA,,,vaem,NA,NA,vaem,NA,45,Fri Feb  7 13:12:49 2020
5nom07,extrapolation,unmarked,initial,gu,ti,Noun_Testing,chef_two,NA,,,negid,NA,NA,negid,NA,46,Fri Feb  7 13:12:53 2020
5nom07,extrapolation,unmarked,initial,gu,ti,Noun_Testing,waitress_two,NA,,,tumbat,NA,NA,tumbat,NA,47,Fri Feb  7 13:12:58 2020
5nom07,extrapolation,unmarked,initial,gu,ti,Noun_Testing,cowboy_two,NA,,,vaem,NA,NA,vaem,NA,48,Fri Feb  7 13:13:01 2020
5nom07,extrapolation,unmarked,initial,gu,ti,SimplePhrase_Training,point_burglar_pl_chef_pl,NA,,,poinim norkti negid,NA,NA,,NA,49,Fri Feb  7 13:14:01 2020
5nom07,extrapolation,unmarked,initial,gu,ti,SimplePhrase_Training,kick_chef_pl_waitress_sg,NA,,,kikim negidti tumbatgu,NA,NA,,NA,50,Fri Feb  7 13:14:08 2020
5nom07,extrapolation,unmarked,initial,gu,ti,SimplePhrase_Training,point_chef_pl_waitress_sg,NA,,,poinim negidti tumbatgu,NA,NA,,NA,51,Fri Feb  7 13:14:16 2020
5nom07,extrapolation,unmarked,initial,gu,ti,SimplePhrase_Training,point_burglar_pl_waitress_pl,NA,,,poinim norkti tumbat,NA,NA,,NA,52,Fri Feb  7 13:14:23 2020
5nom07,extrapolation,unmarked,initial,gu,ti,SimplePhrase_Training,cowboy_two,NA,,,vaem,NA,NA,,NA,53,Fri Feb  7 13:14:28 2020
5nom07,extrapolation,unmarked,initial,gu,ti,SimplePhrase_Training,punch_burglar_pl_cowboy_sg,NA,,,straikim norkti vaemgu,NA,NA,,NA,54,Fri Feb  7 13:14:36 2020
5nom07,extrapolation,unmarked,initial,gu,ti,SimplePhrase_Training,point_waitress_pl_cowboy_pl,NA,,,poinim tumbatti vaem,NA,NA,,NA,55,Fri Feb  7 13:14:43 2020
5nom07,extrapolation,unmarked,initial,gu,ti,SimplePhrase_Training,point_chef_pl_cowboy_sg,NA,,,poinim negidti vaemgu,NA,NA,,NA,56,Fri Feb  7 13:14:51 2020
5nom07,extrapolation,unmarked,initial,gu,ti,SimplePhrase_Training,waitress_two,NA,,,tumbat,NA,NA,,NA,57,Fri Feb  7 13:14:55 2020
5nom07,extrapolation,unmarked,initial,gu,ti,SimplePhrase_Training,kick_waitress_pl_cowboy_sg,NA,,,kikim tumbatti vaemgu,NA,NA,,NA,58,Fri Feb  7 13:15:03 2020
5nom07,extrapolation,unmarked,initial,gu,ti,SimplePhrase_Training,punch_chef_pl_waitress_pl,NA,,,straikim negidti tumbat,NA,NA,,NA,59,Fri Feb  7 13:15:10 2020
5nom07,extrapolation,unmarked,initial,gu,ti,SimplePhrase_Training,kick_cowboy_pl_burglar_pl,NA,,,kikim vaemti nork,NA,NA,,NA,60,Fri Feb  7 13:15:18 2020
5nom07,extrapolation,unmarked,initial,gu,ti,SimplePhrase_Training,point_burglar_pl_cowboy_sg,NA,,,poinim norkti vaemgu,NA,NA,,NA,61,Fri Feb  7 13:15:25 2020
5nom07,extrapolation,unmarked,initial,gu,ti,SimplePhrase_Training,kick_burglar_pl_cowboy_sg,NA,,,kikim norkti vaemgu,NA,NA,,NA,62,Fri Feb  7 13:15:33 2020
5nom07,extrapolation,unmarked,initial,gu,ti,SimplePhrase_Training,punch_burglar_pl_chef_sg,NA,,,straikim norkti negidgu,NA,NA,,NA,63,Fri Feb  7 13:15:41 2020
5nom07,extrapolation,unmarked,initial,gu,ti,SimplePhrase_Training,kick_waitress_pl_burglar_pl,NA,,,kikim tumbatti nork,NA,NA,,NA,64,Fri Feb  7 13:15:48 2020
5nom07,extrapolation,unmarked,initial,gu,ti,SimplePhrase_Training,punch_chef_pl_burglar_pl,NA,,,straikim negidti nork,NA,NA,,NA,65,Fri Feb  7 13:15:56 2020
5nom07,extrapolation,unmarked,initial,gu,ti,SimplePhrase_Training,point_waitress_pl_chef_pl,NA,,,poinim tumbatti negid,NA,NA,,NA,66,Fri Feb  7 13:16:03 2020
5nom07,extrapolation,unmarked,initial,gu,ti,SimplePhrase_Training,punch_chef_pl_cowboy_pl,NA,,,straikim negidti vaem,NA,NA,,NA,67,Fri Feb  7 13:16:11 2020
5nom07,extrapolation,unmarked,initial,gu,ti,SimplePhrase_Training,kick_chef_pl_burglar_pl,NA,,,kikim negidti nork,NA,NA,,NA,68,Fri Feb  7 13:16:18 2020
5nom07,extrapolation,unmarked,initial,gu,ti,SimplePhrase_Training,point_cowboy_pl_burglar_sg,NA,,,poinim vaemti norkgu,NA,NA,,NA,69,Fri Feb  7 13:16:26 2020
5nom07,extrapolation,unmarked,initial,gu,ti,SimplePhrase_Training,chef_two,NA,,,negid,NA,NA,,NA,70,Fri Feb  7 13:16:30 2020
5nom07,extrapolation,unmarked,initial,gu,ti,SimplePhrase_Training,punch_cowboy_pl_burglar_pl,NA,,,straikim vaemti nork,NA,NA,,NA,71,Fri Feb  7 13:16:38 2020
5nom07,extrapolation,unmarked,initial,gu,ti,SimplePhrase_Training,kick_cowboy_pl_waitress_pl,NA,,,kikim vaemti tumbat,NA,NA,,NA,72,Fri Feb  7 13:16:45 2020
5nom07,extrapolation,unmarked,initial,gu,ti,SimplePhrase_Training,point_cowboy_pl_waitress_sg,NA,,,poinim vaemti tumbatgu,NA,NA,,NA,73,Fri Feb  7 13:16:53 2020
5nom07,extrapolation,unmarked,initial,gu,ti,SimplePhrase_Training,kick_burglar_pl_waitress_sg,NA,,,kikim norkti tumbatgu,NA,NA,,NA,74,Fri Feb  7 13:17:00 2020
5nom07,extrapolation,unmarked,initial,gu,ti,SimplePhrase_Training,punch_burglar_pl_waitress_pl,NA,,,straikim norkti tumbat,NA,NA,,NA,75,Fri Feb  7 13:17:08 2020
5nom07,extrapolation,unmarked,initial,gu,ti,SimplePhrase_Training,burglar_two,NA,,,nork,NA,NA,,NA,76,Fri Feb  7 13:17:13 2020
5nom07,extrapolation,unmarked,initial,gu,ti,SimplePhrase_Training,kick_burglar_pl_chef_sg,NA,,,kikim norkti negidgu,NA,NA,,NA,77,Fri Feb  7 13:17:21 2020
5nom07,extrapolation,unmarked,initial,gu,ti,SimplePhrase_Training,point_chef_pl_burglar_sg,NA,,,poinim negidti norkgu,NA,NA,,NA,78,Fri Feb  7 13:17:28 2020
5nom07,extrapolation,unmarked,initial,gu,ti,SimplePhrase_Training,kick_waitress_pl_chef_pl,NA,,,kikim tumbatti negid,NA,NA,,NA,79,Fri Feb  7 13:17:35 2020
5nom07,extrapolation,unmarked,initial,gu,ti,SimplePhrase_Training,kick_cowboy_pl_chef_pl,NA,,,kikim vaemti negid,NA,NA,,NA,80,Fri Feb  7 13:17:43 2020
5nom07,extrapolation,unmarked,initial,gu,ti,SimplePhrase_Training,point_cowboy_pl_chef_pl,NA,,,poinim vaemti negid,NA,NA,,NA,81,Fri Feb  7 13:17:50 2020
5nom07,extrapolation,unmarked,initial,gu,ti,SimplePhrase_Training,waitress_two,NA,,,tumbat,NA,NA,,NA,82,Fri Feb  7 13:17:55 2020
5nom07,extrapolation,unmarked,initial,gu,ti,SimplePhrase_Training,point_waitress_pl_burglar_sg,NA,,,poinim tumbatti norkgu,NA,NA,,NA,83,Fri Feb  7 13:18:02 2020
5nom07,extrapolation,unmarked,initial,gu,ti,SimplePhrase_Training,chef_two,NA,,,negid,NA,NA,,NA,84,Fri Feb  7 13:18:07 2020
5nom07,extrapolation,unmarked,initial,gu,ti,SimplePhrase_Training,kick_chef_pl_cowboy_pl,NA,,,kikim negidti vaem,NA,NA,,NA,85,Fri Feb  7 13:18:14 2020
5nom07,extrapolation,unmarked,initial,gu,ti,SimplePhrase_Training,punch_waitress_pl_burglar_sg,NA,,,straikim tumbatti norkgu,NA,NA,,NA,86,Fri Feb  7 13:18:22 2020
5nom07,extrapolation,unmarked,initial,gu,ti,SimplePhrase_Training,burglar_two,NA,,,nork,NA,NA,,NA,87,Fri Feb  7 13:18:27 2020
5nom07,extrapolation,unmarked,initial,gu,ti,SimplePhrase_Training,punch_cowboy_pl_waitress_sg,NA,,,straikim vaemti tumbatgu,NA,NA,,NA,88,Fri Feb  7 13:18:35 2020
5nom07,extrapolation,unmarked,initial,gu,ti,SimplePhrase_Training,cowboy_two,NA,,,vaem,NA,NA,,NA,89,Fri Feb  7 13:18:39 2020
5nom07,extrapolation,unmarked,initial,gu,ti,SimplePhrase_Training,punch_cowboy_pl_chef_sg,NA,,,straikim vaemti negidgu,NA,NA,,NA,90,Fri Feb  7 13:18:47 2020
5nom07,extrapolation,unmarked,initial,gu,ti,SimplePhrase_Training,punch_waitress_pl_chef_pl,NA,,,straikim tumbatti negid,NA,NA,,NA,91,Fri Feb  7 13:18:55 2020
5nom07,extrapolation,unmarked,initial,gu,ti,SimplePhrase_Training,punch_waitress_pl_cowboy_sg,NA,,,straikim tumbatti vaemgu,NA,NA,,NA,92,Fri Feb  7 13:19:02 2020
5nom07,extrapolation,unmarked,initial,gu,ti,SimplePhrase_Comprehension,kick_cowboy_pl_burglar_sg,NA,,,kikim vaemti norkgu,correct,NA,,NA,93,Fri Feb  7 13:19:25 2020
5nom07,extrapolation,unmarked,initial,gu,ti,SimplePhrase_Comprehension,kick_chef_pl_waitress_pl,NA,,,kikim negidti tumbat,correct,NA,,NA,94,Fri Feb  7 13:19:32 2020
5nom07,extrapolation,unmarked,initial,gu,ti,SimplePhrase_Comprehension,point_waitress_pl_cowboy_sg,NA,,,poinim tumbatti vaemgu,correct,NA,,NA,95,Fri Feb  7 13:19:38 2020
5nom07,extrapolation,unmarked,initial,gu,ti,SimplePhrase_Comprehension,punch_cowboy_pl_chef_pl,NA,,,straikim vaemti negid,correct,NA,,NA,96,Fri Feb  7 13:19:44 2020
5nom07,extrapolation,unmarked,initial,gu,ti,SimplePhrase_Comprehension,kick_burglar_pl_chef_pl,NA,,,kikim norkti negid,correct,NA,,NA,97,Fri Feb  7 13:19:51 2020
5nom07,extrapolation,unmarked,initial,gu,ti,SimplePhrase_Comprehension,punch_cowboy_pl_burglar_sg,NA,,,straikim vaemti norkgu,correct,NA,,NA,98,Fri Feb  7 13:20:00 2020
5nom07,extrapolation,unmarked,initial,gu,ti,SimplePhrase_Comprehension,punch_burglar_pl_cowboy_pl,NA,,,straikim norkti vaem,correct,NA,,NA,99,Fri Feb  7 13:20:06 2020
5nom07,extrapolation,unmarked,initial,gu,ti,SimplePhrase_Comprehension,point_chef_pl_cowboy_pl,NA,,,poinim negidti vaem,correct,NA,,NA,100,Fri Feb  7 13:20:11 2020
5nom07,extrapolation,unmarked,initial,gu,ti,SimplePhrase_Comprehension,kick_waitress_pl_cowboy_pl,NA,,,kikim tumbatti vaem,correct,NA,,NA,101,Fri Feb  7 13:20:18 2020
5nom07,extrapolation,unmarked,initial,gu,ti,SimplePhrase_Comprehension,kick_waitress_pl_burglar_sg,NA,,,kikim tumbatti norkgu,correct,NA,,NA,102,Fri Feb  7 13:20:24 2020
5nom07,extrapolation,unmarked,initial,gu,ti,SimplePhrase_Comprehension,kick_chef_pl_cowboy_sg,NA,,,kikim negidti vaemgu,correct,NA,,NA,103,Fri Feb  7 13:20:32 2020
5nom07,extrapolation,unmarked,initial,gu,ti,SimplePhrase_Comprehension,kick_cowboy_pl_waitress_sg,NA,,,kikim vaemti tumbatgu,correct,NA,,NA,104,Fri Feb  7 13:20:38 2020
5nom07,extrapolation,unmarked,initial,gu,ti,SimplePhrase_Comprehension,punch_chef_pl_waitress_sg,NA,,,straikim negidti tumbatgu,correct,NA,,NA,105,Fri Feb  7 13:20:45 2020
5nom07,extrapolation,unmarked,initial,gu,ti,SimplePhrase_Comprehension,point_burglar_pl_waitress_sg,NA,,,poinim norkti tumbatgu,correct,NA,,NA,106,Fri Feb  7 13:20:51 2020
5nom07,extrapolation,unmarked,initial,gu,ti,SimplePhrase_Comprehension,point_burglar_pl_chef_sg,NA,,,poinim norkti negidgu,correct,NA,,NA,107,Fri Feb  7 13:20:57 2020
5nom07,extrapolation,unmarked,initial,gu,ti,SimplePhrase_Comprehension,point_chef_pl_waitress_pl,NA,,,poinim negidti tumbat,correct,NA,,NA,108,Fri Feb  7 13:21:03 2020
5nom07,extrapolation,unmarked,initial,gu,ti,SimplePhrase_Comprehension,punch_chef_pl_cowboy_sg,NA,,,straikim negidti vaemgu,correct,NA,,NA,109,Fri Feb  7 13:21:09 2020
5nom07,extrapolation,unmarked,initial,gu,ti,SimplePhrase_Comprehension,point_burglar_pl_cowboy_pl,NA,,,poinim norkti vaem,correct,NA,,NA,110,Fri Feb  7 13:21:14 2020
5nom07,extrapolation,unmarked,initial,gu,ti,SimplePhrase_Comprehension,kick_burglar_pl_waitress_pl,NA,,,kikim norkti tumbat,correct,NA,,NA,111,Fri Feb  7 13:21:20 2020
5nom07,extrapolation,unmarked,initial,gu,ti,SimplePhrase_Comprehension,point_waitress_pl_burglar_pl,NA,,,poinim tumbatti nork,correct,NA,,NA,112,Fri Feb  7 13:21:26 2020
5nom07,extrapolation,unmarked,initial,gu,ti,SimplePhrase_Typing,point_chef_pl_waitress_sg,NA,,,poinim negidti tumbatgu,NA,poinim negidti tumbatgu,,NA,113,Fri Feb  7 13:22:08 2020
5nom07,extrapolation,unmarked,initial,gu,ti,SimplePhrase_Typing,waitress_two,NA,,,tumbat,NA,tumbat,,NA,114,Fri Feb  7 13:22:15 2020
5nom07,extrapolation,unmarked,initial,gu,ti,SimplePhrase_Typing,burglar_two,NA,,,nork,NA,nork,,NA,115,Fri Feb  7 13:22:22 2020
5nom07,extrapolation,unmarked,initial,gu,ti,SimplePhrase_Typing,kick_waitress_pl_cowboy_sg,NA,,,kikim tumbatti vaemgu,NA,kikim tumbatti vaemgu,,NA,116,Fri Feb  7 13:22:34 2020
5nom07,extrapolation,unmarked,initial,gu,ti,SimplePhrase_Typing,punch_waitress_pl_chef_pl,NA,,,straikim tumbatti negid,NA,straikim tumbatti negid,,NA,117,Fri Feb  7 13:22:45 2020
5nom07,extrapolation,unmarked,initial,gu,ti,SimplePhrase_Typing,cowboy_two,NA,,,vaem,NA,vaem,,NA,118,Fri Feb  7 13:22:52 2020
5nom07,extrapolation,unmarked,initial,gu,ti,SimplePhrase_Typing,punch_chef_pl_cowboy_pl,NA,,,straikim negidti vaem,NA,straikim negidti vaem,,NA,119,Fri Feb  7 13:23:04 2020
5nom07,extrapolation,unmarked,initial,gu,ti,SimplePhrase_Typing,chef_two,NA,,,negid,NA,negid,,NA,120,Fri Feb  7 13:23:12 2020
5nom07,extrapolation,unmarked,initial,gu,ti,SimplePhrase_Typing,punch_chef_pl_waitress_pl,NA,,,straikim negidti tumbat,NA,straikim negidti tumbat,,NA,121,Fri Feb  7 13:23:22 2020
5nom07,extrapolation,unmarked,initial,gu,ti,SimplePhrase_Typing,kick_chef_pl_burglar_pl,NA,,,kikim negidti nork,NA,kikim negidti nork,,NA,122,Fri Feb  7 13:23:32 2020
5nom07,extrapolation,unmarked,initial,gu,ti,SimplePhrase_Typing,point_cowboy_pl_burglar_sg,NA,,,poinim vaemti norkgu,NA,poinim vaemti norkgu,,NA,123,Fri Feb  7 13:23:42 2020
5nom07,extrapolation,unmarked,initial,gu,ti,SimplePhrase_Typing,punch_waitress_pl_cowboy_sg,NA,,,straikim tumbatti vaemgu,NA,straikim tumbatti vaemgu,,NA,124,Fri Feb  7 13:23:52 2020
5nom07,extrapolation,unmarked,initial,gu,ti,ComplexPhrase_Typing,kick_waitress_sg_cowboy_pl,cowboy,,0,kikim tumbatguti vaem,NA,kikim tumbattigu vaem,,NA,125,Fri Feb  7 13:24:27 2020
5nom07,extrapolation,unmarked,initial,gu,ti,ComplexPhrase_Typing,point_burglar_sg_chef_pl,chef,,0,poinim norkguti negid,NA,poinim norktigu negid,,NA,126,Fri Feb  7 13:24:36 2020
5nom07,extrapolation,unmarked,initial,gu,ti,ComplexPhrase_Typing,punch_chef_sg_burglar_pl,burglar,,0,straikim negidguti nork,NA,straikim negidtigu nork,,NA,127,Fri Feb  7 13:24:43 2020
5nom07,extrapolation,unmarked,initial,gu,ti,ComplexPhrase_Typing,kick_cowboy_sg_waitress_pl,waitress,,0,kikim vaemguti tumbat,NA,kikim vaemtigu tumbat,,NA,128,Fri Feb  7 13:24:52 2020
5nom07,extrapolation,unmarked,initial,gu,ti,ComplexPhrase_Typing,point_burglar_sg_chef_pl,chef,,0,poinim norkguti negid,NA,poinim norktigu negid,,NA,129,Fri Feb  7 13:25:04 2020
5nom07,extrapolation,unmarked,initial,gu,ti,ComplexPhrase_Typing,kick_cowboy_sg_waitress_pl,waitress,,0,kikim vaemguti tumbat,NA,kikim vaemtigu tumbat,,NA,130,Fri Feb  7 13:25:09 2020
5nom07,extrapolation,unmarked,initial,gu,ti,ComplexPhrase_Typing,kick_waitress_sg_cowboy_pl,cowboy,,0,kikim tumbatguti vaem,NA,kikim tumbattigu vaem,,NA,131,Fri Feb  7 13:25:14 2020
5nom07,extrapolation,unmarked,initial,gu,ti,ComplexPhrase_Typing,punch_chef_sg_burglar_pl,burglar,,0,straikim negidguti nork,NA,straikim negidtigu nork,,NA,132,Fri Feb  7 13:25:25 2020
5nom07,extrapolation,unmarked,initial,gu,ti,ComplexPhrase_Typing,point_burglar_sg_chef_pl,chef,,0,poinim norkguti negid,NA,poinim norktigu negid,,NA,133,Fri Feb  7 13:25:34 2020
5nom07,extrapolation,unmarked,initial,gu,ti,ComplexPhrase_Typing,punch_chef_sg_burglar_pl,burglar,,0,straikim negidguti nork,NA,straikim negidtigu nork,,NA,134,Fri Feb  7 13:25:38 2020
5nom07,extrapolation,unmarked,initial,gu,ti,ComplexPhrase_Typing,kick_cowboy_sg_waitress_pl,waitress,,0,kikim vaemguti tumbat,NA,kikim vaemtigu tumbat,,NA,135,Fri Feb  7 13:25:45 2020
5nom07,extrapolation,unmarked,initial,gu,ti,ComplexPhrase_Typing,kick_waitress_sg_cowboy_pl,cowboy,,0,kikim tumbatguti vaem,NA,kikim tumbattigu vaem,,NA,136,Fri Feb  7 13:25:51 2020
5nom07,extrapolation,unmarked,initial,gu,ti,ComplexPhrase_Testing,point_chef_sg_waitress_pl,waitress,,,poinim negidguti tumbat,NA,NA,,NA,137,Fri Feb  7 13:26:30 2020
5nom07,extrapolation,unmarked,initial,gu,ti,ComplexPhrase_Testing,kick_chef_sg_waitress_pl,waitress,,,kikim negidguti tumbat,NA,NA,,NA,138,Fri Feb  7 13:26:36 2020
5nom07,extrapolation,unmarked,initial,gu,ti,ComplexPhrase_Testing,point_waitress_sg_chef_pl,chef,,,poinim tumbatguti negid,NA,NA,,NA,139,Fri Feb  7 13:26:44 2020
5nom07,extrapolation,unmarked,initial,gu,ti,ComplexPhrase_Testing,burglar_two,NA,,,nork,NA,NA,,NA,140,Fri Feb  7 13:26:46 2020
5nom07,extrapolation,unmarked,initial,gu,ti,ComplexPhrase_Testing,point_burglar_sg_cowboy_pl,cowboy,,,poinim norkguti vaem,NA,NA,,NA,141,Fri Feb  7 13:26:55 2020
5nom07,extrapolation,unmarked,initial,gu,ti,ComplexPhrase_Testing,point_cowboy_sg_burglar_pl,burglar,,,poinim vaemguti nork,NA,NA,,NA,142,Fri Feb  7 13:27:00 2020
5nom07,extrapolation,unmarked,initial,gu,ti,ComplexPhrase_Testing,point_cowboy_sg_burglar_pl,burglar,,,poinim vaemguti nork,NA,NA,,NA,143,Fri Feb  7 13:27:05 2020
5nom07,extrapolation,unmarked,initial,gu,ti,ComplexPhrase_Testing,point_cowboy_sg_waitress_pl,waitress,,,poinim vaemguti tumbat,NA,NA,,NA,144,Fri Feb  7 13:27:19 2020
5nom07,extrapolation,unmarked,initial,gu,ti,ComplexPhrase_Testing,point_waitress_sg_chef_pl,chef,,,poinim tumbatguti negid,NA,NA,,NA,145,Fri Feb  7 13:27:25 2020
5nom07,extrapolation,unmarked,initial,gu,ti,ComplexPhrase_Testing,kick_waitress_sg_burglar_pl,burglar,,,kikim tumbatguti nork,NA,NA,,NA,146,Fri Feb  7 13:27:29 2020
5nom07,extrapolation,unmarked,initial,gu,ti,ComplexPhrase_Testing,point_burglar_sg_cowboy_pl,cowboy,,,poinim norkguti vaem,NA,NA,,NA,147,Fri Feb  7 13:27:33 2020
5nom07,extrapolation,unmarked,initial,gu,ti,ComplexPhrase_Testing,point_chef_sg_cowboy_pl,cowboy,,,poinim negidguti vaem,NA,NA,,NA,148,Fri Feb  7 13:27:36 2020
5nom07,extrapolation,unmarked,initial,gu,ti,ComplexPhrase_Testing,point_burglar_sg_chef_pl,chef,,,poinim norkguti negid,NA,NA,,NA,149,Fri Feb  7 13:27:40 2020
5nom07,extrapolation,unmarked,initial,gu,ti,ComplexPhrase_Testing,kick_waitress_pl_cowboy_sg,NA,,,kikim tumbatti vaemgu,NA,NA,,NA,150,Fri Feb  7 13:27:50 2020
5nom07,extrapolation,unmarked,initial,gu,ti,ComplexPhrase_Testing,kick_waitress_pl_chef_pl,chef,,,kikim tumbatti negid,NA,NA,,NA,151,Fri Feb  7 13:27:58 2020
5nom07,extrapolation,unmarked,initial,gu,ti,ComplexPhrase_Testing,kick_waitress_sg_burglar_pl,burglar,,,kikim tumbatguti nork,NA,NA,,NA,152,Fri Feb  7 13:28:08 2020
5nom07,extrapolation,unmarked,initial,gu,ti,ComplexPhrase_Testing,point_chef_sg_waitress_pl,waitress,,,poinim negidguti tumbat,NA,NA,,NA,153,Fri Feb  7 13:28:14 2020
5nom07,extrapolation,unmarked,initial,gu,ti,ComplexPhrase_Testing,point_waitress_pl_cowboy_pl,cowboy,,,poinim tumbatti vaem,NA,NA,,NA,154,Fri Feb  7 13:28:19 2020
5nom07,extrapolation,unmarked,initial,gu,ti,ComplexPhrase_Testing,kick_cowboy_sg_burglar_pl,burglar,,,kikim vaemguti nork,NA,NA,,NA,155,Fri Feb  7 13:28:24 2020
5nom07,extrapolation,unmarked,initial,gu,ti,ComplexPhrase_Testing,kick_chef_pl_burglar_pl,burglar,,,kikim negidti nork,NA,NA,,NA,156,Fri Feb  7 13:28:30 2020
5nom07,extrapolation,unmarked,initial,gu,ti,ComplexPhrase_Testing,kick_chef_sg_waitress_pl,waitress,,,kikim negidguti tumbat,NA,NA,,NA,157,Fri Feb  7 13:28:40 2020
5nom07,extrapolation,unmarked,initial,gu,ti,ComplexPhrase_Testing,punch_chef_pl_waitress_sg,NA,,,straikim negidti tumbatgu,NA,NA,,NA,158,Fri Feb  7 13:28:48 2020
5nom07,extrapolation,unmarked,initial,gu,ti,ComplexPhrase_Testing,point_cowboy_pl_burglar_sg,NA,,,poinim vaemti norkgu,NA,NA,,NA,159,Fri Feb  7 13:28:59 2020
5nom07,extrapolation,unmarked,initial,gu,ti,ComplexPhrase_Testing,kick_waitress_sg_burglar_pl,burglar,,,kikim tumbatguti nork,NA,NA,,NA,160,Fri Feb  7 13:29:08 2020
5nom07,extrapolation,unmarked,initial,gu,ti,ComplexPhrase_Testing,point_burglar_sg_waitress_pl,waitress,,,poinim norkguti tumbat,NA,NA,,NA,161,Fri Feb  7 13:29:13 2020
5nom07,extrapolation,unmarked,initial,gu,ti,ComplexPhrase_Testing,point_burglar_sg_waitress_pl,waitress,,,poinim norkguti tumbat,NA,NA,,NA,162,Fri Feb  7 13:29:19 2020
5nom07,extrapolation,unmarked,initial,gu,ti,ComplexPhrase_Testing,point_burglar_sg_chef_pl,chef,,,poinim norkguti negid,NA,NA,,NA,163,Fri Feb  7 13:29:23 2020
5nom07,extrapolation,unmarked,initial,gu,ti,ComplexPhrase_Testing,point_chef_sg_cowboy_pl,cowboy,,,poinim negidguti vaem,NA,NA,,NA,164,Fri Feb  7 13:29:27 2020
5nom07,extrapolation,unmarked,initial,gu,ti,ComplexPhrase_Testing,kick_cowboy_sg_burglar_pl,burglar,,,kikim vaemguti nork,NA,NA,,NA,165,Fri Feb  7 13:29:32 2020
5nom07,extrapolation,unmarked,initial,gu,ti,ComplexPhrase_Testing,kick_cowboy_sg_waitress_pl,waitress,,,kikim vaemguti tumbat,NA,NA,,NA,166,Fri Feb  7 13:29:36 2020
5nom07,extrapolation,unmarked,initial,gu,ti,ComplexPhrase_Testing,kick_cowboy_pl_burglar_sg,NA,,,kikim vaemti norkgu,NA,NA,,NA,167,Fri Feb  7 13:29:42 2020
5nom07,extrapolation,unmarked,initial,gu,ti,ComplexPhrase_Testing,kick_burglar_pl_cowboy_pl,cowboy,,,kikim norkti vaem,NA,NA,,NA,168,Fri Feb  7 13:29:50 2020
5nom07,extrapolation,unmarked,initial,gu,ti,ComplexPhrase_Testing,point_burglar_sg_chef_pl,chef,,,poinim norkguti negid,NA,NA,,NA,169,Fri Feb  7 13:29:59 2020
5nom07,extrapolation,unmarked,initial,gu,ti,ComplexPhrase_Testing,punch_cowboy_pl_burglar_pl,burglar,,,straikim vaemti nork,NA,NA,,NA,170,Fri Feb  7 13:30:05 2020
5nom07,extrapolation,unmarked,initial,gu,ti,ComplexPhrase_Testing,kick_cowboy_pl_chef_pl,chef,,,kikim vaemti negid,NA,NA,,NA,171,Fri Feb  7 13:30:13 2020
5nom07,extrapolation,unmarked,initial,gu,ti,ComplexPhrase_Testing,chef_two,NA,,,negid,NA,NA,,NA,172,Fri Feb  7 13:30:19 2020
5nom07,extrapolation,unmarked,initial,gu,ti,ComplexPhrase_Testing,punch_cowboy_pl_burglar_sg,NA,,,straikim vaemti norkgu,NA,NA,,NA,173,Fri Feb  7 13:30:26 2020
5nom07,extrapolation,unmarked,initial,gu,ti,ComplexPhrase_Testing,point_chef_sg_waitress_pl,waitress,,,poinim negidguti tumbat,NA,NA,,NA,174,Fri Feb  7 13:30:37 2020
5nom07,extrapolation,unmarked,initial,gu,ti,ComplexPhrase_Testing,kick_chef_sg_waitress_pl,waitress,,,kikim negidguti tumbat,NA,NA,,NA,175,Fri Feb  7 13:30:45 2020
5nom07,extrapolation,unmarked,initial,gu,ti,ComplexPhrase_Testing,point_cowboy_sg_waitress_pl,waitress,,,poinim vaemguti tumbat,NA,NA,,NA,176,Fri Feb  7 13:30:50 2020
5nom07,extrapolation,unmarked,initial,gu,ti,ComplexPhrase_Testing,point_cowboy_pl_chef_sg,NA,,,poinim vaemti negidgu,NA,NA,,NA,177,Fri Feb  7 13:30:54 2020
5nom07,extrapolation,unmarked,initial,gu,ti,ComplexPhrase_Testing,point_burglar_sg_waitress_pl,waitress,,,poinim norkguti tumbat,NA,NA,,NA,178,Fri Feb  7 13:30:59 2020
5nom07,extrapolation,unmarked,initial,gu,ti,ComplexPhrase_Testing,point_cowboy_sg_burglar_pl,burglar,,,poinim vaemguti nork,NA,NA,,NA,179,Fri Feb  7 13:31:06 2020
5nom07,extrapolation,unmarked,initial,gu,ti,ComplexPhrase_Testing,point_burglar_sg_cowboy_pl,cowboy,,,poinim norkguti vaem,NA,NA,,NA,180,Fri Feb  7 13:31:12 2020
5nom07,extrapolation,unmarked,initial,gu,ti,ComplexPhrase_Testing,kick_cowboy_sg_burglar_pl,burglar,,,kikim vaemguti nork,NA,NA,,NA,181,Fri Feb  7 13:31:18 2020
5nom07,extrapolation,unmarked,initial,gu,ti,ComplexPhrase_Testing,point_cowboy_sg_waitress_pl,waitress,,,poinim vaemguti tumbat,NA,NA,,NA,182,Fri Feb  7 13:31:23 2020
5nom07,extrapolation,unmarked,initial,gu,ti,ComplexPhrase_Testing,kick_cowboy_sg_waitress_pl,waitress,,,kikim vaemguti tumbat,NA,NA,,NA,183,Fri Feb  7 13:31:27 2020
5nom07,extrapolation,unmarked,initial,gu,ti,ComplexPhrase_Testing,kick_cowboy_sg_waitress_pl,waitress,,,kikim vaemguti tumbat,NA,NA,,NA,184,Fri Feb  7 13:31:31 2020
5nom07,extrapolation,unmarked,initial,gu,ti,ComplexPhrase_Testing,cowboy_two,NA,,,vaem,NA,NA,,NA,185,Fri Feb  7 13:31:33 2020
5nom07,extrapolation,unmarked,initial,gu,ti,ComplexPhrase_Testing,waitress_two,NA,,,tumbat,NA,NA,,NA,186,Fri Feb  7 13:31:38 2020
5nom07,extrapolation,unmarked,initial,gu,ti,ComplexPhrase_Testing,point_waitress_sg_chef_pl,chef,,,poinim tumbatguti negid,NA,NA,,NA,187,Fri Feb  7 13:31:44 2020
5nom07,extrapolation,unmarked,initial,gu,ti,ComplexPhrase_Testing,point_chef_sg_cowboy_pl,cowboy,,,poinim negidguti vaem,NA,NA,,NA,188,Fri Feb  7 13:31:50 2020
5nom07,extrapolation,unmarked,initial,gu,ti,Questionnaire,NA,NA,,,NA,NA,NA,,when a plural noun is performing an action ,MeaningCase,Fri Feb  7 13:33:05 2020
5nom07,extrapolation,unmarked,initial,gu,ti,Questionnaire,NA,NA,,,NA,NA,NA,,a singular noun,MeaningNum,Fri Feb  7 13:33:05 2020
5nom07,extrapolation,unmarked,initial,gu,ti,Questionnaire,NA,NA,,,NA,NA,NA,,after ,OrderCaseNoun,Fri Feb  7 13:33:05 2020
5nom07,extrapolation,unmarked,initial,gu,ti,Questionnaire,NA,NA,,,NA,NA,NA,,after ,OrderNumNoun,Fri Feb  7 13:33:05 2020
5nom07,extrapolation,unmarked,initial,gu,ti,Questionnaire,NA,NA,,,NA,NA,NA,,english and french ,Languages,Fri Feb  7 13:33:05 2020