ID,Condition,MajorityOrder,NounPosition,markerNum,markerCase,Phase,Meaning,NounItem,Noun,binaryResp,InputSentence,Selection,TypedResponse,SpokenResponse,AnswerQuest,Trial,date&time
5b04,extrapolation,unmarked,initial,sa,gu,Noun_Training,cowboy,NA,NA,,negid,NA,NA,,NA,1,Wed May 16 12:21:37 2018
5b04,extrapolation,unmarked,initial,sa,gu,Noun_Training,burglar,NA,NA,,vaem,NA,NA,,NA,2,Wed May 16 12:21:41 2018
5b04,extrapolation,unmarked,initial,sa,gu,Noun_Training,burglar,NA,NA,,vaem,NA,NA,,NA,3,Wed May 16 12:21:46 2018
5b04,extrapolation,unmarked,initial,sa,gu,Noun_Training,burglar,NA,NA,,vaem,NA,NA,,NA,4,Wed May 16 12:21:51 2018
5b04,extrapolation,unmarked,initial,sa,gu,Noun_Training,cowboy,NA,NA,,negid,NA,NA,,NA,5,Wed May 16 12:21:56 2018
5b04,extrapolation,unmarked,initial,sa,gu,Noun_Training,cowboy,NA,NA,,negid,NA,NA,,NA,6,Wed May 16 12:22:01 2018
5b04,extrapolation,unmarked,initial,sa,gu,Noun_Training,chef,NA,NA,,nork,NA,NA,,NA,7,Wed May 16 12:22:05 2018
5b04,extrapolation,unmarked,initial,sa,gu,Noun_Training,waitress,NA,NA,,tumbat,NA,NA,,NA,8,Wed May 16 12:22:10 2018
5b04,extrapolation,unmarked,initial,sa,gu,Noun_Training,waitress,NA,NA,,tumbat,NA,NA,,NA,9,Wed May 16 12:22:15 2018
5b04,extrapolation,unmarked,initial,sa,gu,Noun_Training,chef,NA,NA,,nork,NA,NA,,NA,10,Wed May 16 12:22:20 2018
5b04,extrapolation,unmarked,initial,sa,gu,Noun_Training,waitress,NA,NA,,tumbat,NA,NA,,NA,11,Wed May 16 12:22:25 2018
5b04,extrapolation,unmarked,initial,sa,gu,Noun_Training,waitress,NA,NA,,tumbat,NA,NA,,NA,12,Wed May 16 12:22:30 2018
5b04,extrapolation,unmarked,initial,sa,gu,Noun_Training,chef,NA,NA,,nork,NA,NA,,NA,13,Wed May 16 12:22:35 2018
5b04,extrapolation,unmarked,initial,sa,gu,Noun_Training,waitress,NA,NA,,tumbat,NA,NA,,NA,14,Wed May 16 12:22:40 2018
5b04,extrapolation,unmarked,initial,sa,gu,Noun_Training,chef,NA,NA,,nork,NA,NA,,NA,15,Wed May 16 12:22:45 2018
5b04,extrapolation,unmarked,initial,sa,gu,Noun_Training,chef,NA,NA,,nork,NA,NA,,NA,16,Wed May 16 12:22:50 2018
5b04,extrapolation,unmarked,initial,sa,gu,Noun_Training,chef,NA,NA,,nork,NA,NA,,NA,17,Wed May 16 12:22:55 2018
5b04,extrapolation,unmarked,initial,sa,gu,Noun_Training,cowboy,NA,NA,,negid,NA,NA,,NA,18,Wed May 16 12:22:59 2018
5b04,extrapolation,unmarked,initial,sa,gu,Noun_Training,waitress,NA,NA,,tumbat,NA,NA,,NA,19,Wed May 16 12:23:04 2018
5b04,extrapolation,unmarked,initial,sa,gu,Noun_Training,burglar,NA,NA,,vaem,NA,NA,,NA,20,Wed May 16 12:23:09 2018
5b04,extrapolation,unmarked,initial,sa,gu,Noun_Training,burglar,NA,NA,,vaem,NA,NA,,NA,21,Wed May 16 12:23:14 2018
5b04,extrapolation,unmarked,initial,sa,gu,Noun_Training,burglar,NA,NA,,vaem,NA,NA,,NA,22,Wed May 16 12:23:19 2018
5b04,extrapolation,unmarked,initial,sa,gu,Noun_Training,cowboy,NA,NA,,negid,NA,NA,,NA,23,Wed May 16 12:23:23 2018
5b04,extrapolation,unmarked,initial,sa,gu,Noun_Training,cowboy,NA,NA,,negid,NA,NA,,NA,24,Wed May 16 12:23:28 2018
5b04,extrapolation,unmarked,initial,sa,gu,Noun_Selection,waitress,NA,NA,,tumbat,correct,NA,,NA,25,Wed May 16 12:23:52 2018
5b04,extrapolation,unmarked,initial,sa,gu,Noun_Selection,burglar,NA,NA,,vaem,correct,NA,,NA,26,Wed May 16 12:23:58 2018
5b04,extrapolation,unmarked,initial,sa,gu,Noun_Selection,chef,NA,NA,,nork,correct,NA,,NA,27,Wed May 16 12:24:03 2018
5b04,extrapolation,unmarked,initial,sa,gu,Noun_Selection,burglar,NA,NA,,vaem,correct,NA,,NA,28,Wed May 16 12:24:07 2018
5b04,extrapolation,unmarked,initial,sa,gu,Noun_Selection,cowboy,NA,NA,,negid,correct,NA,,NA,29,Wed May 16 12:24:10 2018
5b04,extrapolation,unmarked,initial,sa,gu,Noun_Selection,chef,NA,NA,,nork,correct,NA,,NA,30,Wed May 16 12:24:13 2018
5b04,extrapolation,unmarked,initial,sa,gu,Noun_Selection,chef,NA,NA,,nork,correct,NA,,NA,31,Wed May 16 12:24:18 2018
5b04,extrapolation,unmarked,initial,sa,gu,Noun_Selection,waitress,NA,NA,,tumbat,correct,NA,,NA,32,Wed May 16 12:24:22 2018
5b04,extrapolation,unmarked,initial,sa,gu,Noun_Selection,waitress,NA,NA,,tumbat,correct,NA,,NA,33,Wed May 16 12:24:25 2018
5b04,extrapolation,unmarked,initial,sa,gu,Noun_Selection,cowboy,NA,NA,,negid,correct,NA,,NA,34,Wed May 16 12:24:28 2018
5b04,extrapolation,unmarked,initial,sa,gu,Noun_Selection,burglar,NA,NA,,vaem,correct,NA,,NA,35,Wed May 16 12:24:31 2018
5b04,extrapolation,unmarked,initial,sa,gu,Noun_Selection,cowboy,NA,NA,,negid,correct,NA,,NA,36,Wed May 16 12:24:35 2018
5b04,extrapolation,unmarked,initial,sa,gu,Noun_Testing,cowboy,NA,NA,,negid,NA,NA,negid,NA,37,Wed May 16 12:25:03 2018
5b04,extrapolation,unmarked,initial,sa,gu,Noun_Testing,chef,NA,NA,,nork,NA,NA,nork,NA,38,Wed May 16 12:25:08 2018
5b04,extrapolation,unmarked,initial,sa,gu,Noun_Testing,burglar,NA,NA,,vaem,NA,NA,vaem,NA,39,Wed May 16 12:25:12 2018
5b04,extrapolation,unmarked,initial,sa,gu,Noun_Testing,cowboy,NA,NA,,negid,NA,NA,negid,NA,40,Wed May 16 12:25:17 2018
5b04,extrapolation,unmarked,initial,sa,gu,Noun_Testing,cowboy,NA,NA,,negid,NA,NA,negid,NA,41,Wed May 16 12:25:21 2018
5b04,extrapolation,unmarked,initial,sa,gu,Noun_Testing,waitress,NA,NA,,tumbat,NA,NA,tumbat,NA,42,Wed May 16 12:25:25 2018
5b04,extrapolation,unmarked,initial,sa,gu,Noun_Testing,chef,NA,NA,,nork,NA,NA,nork,NA,43,Wed May 16 12:25:29 2018
5b04,extrapolation,unmarked,initial,sa,gu,Noun_Testing,burglar,NA,NA,,vaem,NA,NA,vaem,NA,44,Wed May 16 12:25:33 2018
5b04,extrapolation,unmarked,initial,sa,gu,Noun_Testing,burglar,NA,NA,,vaem,NA,NA,vaem,NA,45,Wed May 16 12:25:36 2018
5b04,extrapolation,unmarked,initial,sa,gu,Noun_Testing,waitress,NA,NA,,tumbat,NA,NA,tumbat,NA,46,Wed May 16 12:25:40 2018
5b04,extrapolation,unmarked,initial,sa,gu,Noun_Testing,waitress,NA,NA,,tumbat,NA,NA,tumbat,NA,47,Wed May 16 12:25:44 2018
5b04,extrapolation,unmarked,initial,sa,gu,Noun_Testing,chef,NA,NA,,nork,NA,NA,nork,NA,48,Wed May 16 12:25:47 2018
5b04,extrapolation,unmarked,initial,sa,gu,SimplePhrase_Training,chef_two,NA,NA,,norksa,NA,NA,,NA,49,Wed May 16 12:26:21 2018
5b04,extrapolation,unmarked,initial,sa,gu,SimplePhrase_Training,chef_three,NA,NA,,norksa,NA,NA,,NA,50,Wed May 16 12:26:26 2018
5b04,extrapolation,unmarked,initial,sa,gu,SimplePhrase_Training,point_cowboy_pl_chef_sg,NA,NA,,poinim negidsa norkgu,NA,NA,,NA,51,Wed May 16 12:26:33 2018
5b04,extrapolation,unmarked,initial,sa,gu,SimplePhrase_Training,kick_chef_sg_waitress_sg,NA,NA,,kikim nork tumbatgu,NA,NA,,NA,52,Wed May 16 12:26:41 2018
5b04,extrapolation,unmarked,initial,sa,gu,SimplePhrase_Training,point_burglar_sg_chef_sg,NA,NA,,poinim vaem norkgu,NA,NA,,NA,53,Wed May 16 12:26:48 2018
5b04,extrapolation,unmarked,initial,sa,gu,SimplePhrase_Training,burglar_three,NA,NA,,vaemsa,NA,NA,,NA,54,Wed May 16 12:26:53 2018
5b04,extrapolation,unmarked,initial,sa,gu,SimplePhrase_Training,kick_chef_sg_burglar_sg,NA,NA,,kikim nork vaemgu,NA,NA,,NA,55,Wed May 16 12:27:00 2018
5b04,extrapolation,unmarked,initial,sa,gu,SimplePhrase_Training,burglar_two,NA,NA,,vaemsa,NA,NA,,NA,56,Wed May 16 12:27:05 2018
5b04,extrapolation,unmarked,initial,sa,gu,SimplePhrase_Training,punch_cowboy_sg_waitress_sg,NA,NA,,straikim negid tumbatgu,NA,NA,,NA,57,Wed May 16 12:27:13 2018
5b04,extrapolation,unmarked,initial,sa,gu,SimplePhrase_Training,chef,NA,NA,,nork,NA,NA,,NA,58,Wed May 16 12:27:18 2018
5b04,extrapolation,unmarked,initial,sa,gu,SimplePhrase_Training,cowboy_three,NA,NA,,negidsa,NA,NA,,NA,59,Wed May 16 12:27:23 2018
5b04,extrapolation,unmarked,initial,sa,gu,SimplePhrase_Training,waitress_two,NA,NA,,tumbatsa,NA,NA,,NA,60,Wed May 16 12:27:28 2018
5b04,extrapolation,unmarked,initial,sa,gu,SimplePhrase_Training,cowboy_four,NA,NA,,negidsa,NA,NA,,NA,61,Wed May 16 12:27:33 2018
5b04,extrapolation,unmarked,initial,sa,gu,SimplePhrase_Training,point_cowboy_pl_burglar_sg,NA,NA,,poinim negidsa vaemgu,NA,NA,,NA,62,Wed May 16 12:27:40 2018
5b04,extrapolation,unmarked,initial,sa,gu,SimplePhrase_Training,punch_waitress_pl_burglar_sg,NA,NA,,straikim tumbatsa vaemgu,NA,NA,,NA,63,Wed May 16 12:27:48 2018
5b04,extrapolation,unmarked,initial,sa,gu,SimplePhrase_Training,chef,NA,NA,,nork,NA,NA,,NA,64,Wed May 16 12:27:53 2018
5b04,extrapolation,unmarked,initial,sa,gu,SimplePhrase_Training,kick_burglar_sg_waitress_sg,NA,NA,,kikim vaem tumbatgu,NA,NA,,NA,65,Wed May 16 12:28:00 2018
5b04,extrapolation,unmarked,initial,sa,gu,SimplePhrase_Training,burglar_four,NA,NA,,vaemsa,NA,NA,,NA,66,Wed May 16 12:28:05 2018
5b04,extrapolation,unmarked,initial,sa,gu,SimplePhrase_Training,kick_chef_sg_cowboy_sg,NA,NA,,kikim nork negidgu,NA,NA,,NA,67,Wed May 16 12:28:12 2018
5b04,extrapolation,unmarked,initial,sa,gu,SimplePhrase_Training,waitress_four,NA,NA,,tumbatsa,NA,NA,,NA,68,Wed May 16 12:28:17 2018
5b04,extrapolation,unmarked,initial,sa,gu,SimplePhrase_Training,burglar,NA,NA,,vaem,NA,NA,,NA,69,Wed May 16 12:28:22 2018
5b04,extrapolation,unmarked,initial,sa,gu,SimplePhrase_Training,punch_chef_pl_waitress_sg,NA,NA,,straikim norksa tumbatgu,NA,NA,,NA,70,Wed May 16 12:28:30 2018
5b04,extrapolation,unmarked,initial,sa,gu,SimplePhrase_Training,point_burglar_sg_cowboy_sg,NA,NA,,poinim vaem negidgu,NA,NA,,NA,71,Wed May 16 12:28:37 2018
5b04,extrapolation,unmarked,initial,sa,gu,SimplePhrase_Training,cowboy,NA,NA,,negid,NA,NA,,NA,72,Wed May 16 12:28:42 2018
5b04,extrapolation,unmarked,initial,sa,gu,SimplePhrase_Training,burglar_two,NA,NA,,vaemsa,NA,NA,,NA,73,Wed May 16 12:28:47 2018
5b04,extrapolation,unmarked,initial,sa,gu,SimplePhrase_Training,kick_waitress_sg_burglar_sg,NA,NA,,kikim tumbat vaemgu,NA,NA,,NA,74,Wed May 16 12:28:54 2018
5b04,extrapolation,unmarked,initial,sa,gu,SimplePhrase_Training,point_waitress_sg_chef_sg,NA,NA,,poinim tumbat norkgu,NA,NA,,NA,75,Wed May 16 12:29:01 2018
5b04,extrapolation,unmarked,initial,sa,gu,SimplePhrase_Training,kick_waitress_sg_chef_sg,NA,NA,,kikim tumbat norkgu,NA,NA,,NA,76,Wed May 16 12:29:09 2018
5b04,extrapolation,unmarked,initial,sa,gu,SimplePhrase_Training,cowboy,NA,NA,,negid,NA,NA,,NA,77,Wed May 16 12:29:13 2018
5b04,extrapolation,unmarked,initial,sa,gu,SimplePhrase_Training,point_burglar_pl_waitress_sg,NA,NA,,poinim vaemsa tumbatgu,NA,NA,,NA,78,Wed May 16 12:29:21 2018
5b04,extrapolation,unmarked,initial,sa,gu,SimplePhrase_Training,burglar,NA,NA,,vaem,NA,NA,,NA,79,Wed May 16 12:29:26 2018
5b04,extrapolation,unmarked,initial,sa,gu,SimplePhrase_Training,point_chef_sg_waitress_sg,NA,NA,,poinim nork tumbatgu,NA,NA,,NA,80,Wed May 16 12:29:33 2018
5b04,extrapolation,unmarked,initial,sa,gu,SimplePhrase_Training,chef_four,NA,NA,,norksa,NA,NA,,NA,81,Wed May 16 12:29:38 2018
5b04,extrapolation,unmarked,initial,sa,gu,SimplePhrase_Training,kick_burglar_pl_chef_sg,NA,NA,,kikim vaemsa norkgu,NA,NA,,NA,82,Wed May 16 12:29:46 2018
5b04,extrapolation,unmarked,initial,sa,gu,SimplePhrase_Training,punch_burglar_pl_cowboy_sg,NA,NA,,straikim vaemsa negidgu,NA,NA,,NA,83,Wed May 16 12:29:53 2018
5b04,extrapolation,unmarked,initial,sa,gu,SimplePhrase_Training,chef_two,NA,NA,,norksa,NA,NA,,NA,84,Wed May 16 12:29:58 2018
5b04,extrapolation,unmarked,initial,sa,gu,SimplePhrase_Training,point_chef_pl_burglar_sg,NA,NA,,poinim norksa vaemgu,NA,NA,,NA,85,Wed May 16 12:30:06 2018
5b04,extrapolation,unmarked,initial,sa,gu,SimplePhrase_Training,cowboy_two,NA,NA,,negidsa,NA,NA,,NA,86,Wed May 16 12:30:11 2018
5b04,extrapolation,unmarked,initial,sa,gu,SimplePhrase_Training,waitress,NA,NA,,tumbat,NA,NA,,NA,87,Wed May 16 12:30:16 2018
5b04,extrapolation,unmarked,initial,sa,gu,SimplePhrase_Training,burglar_four,NA,NA,,vaemsa,NA,NA,,NA,88,Wed May 16 12:30:21 2018
5b04,extrapolation,unmarked,initial,sa,gu,SimplePhrase_Training,punch_burglar_pl_waitress_sg,NA,NA,,straikim vaemsa tumbatgu,NA,NA,,NA,89,Wed May 16 12:30:28 2018
5b04,extrapolation,unmarked,initial,sa,gu,SimplePhrase_Training,kick_cowboy_sg_burglar_sg,NA,NA,,kikim negid vaemgu,NA,NA,,NA,90,Wed May 16 12:30:36 2018
5b04,extrapolation,unmarked,initial,sa,gu,SimplePhrase_Training,kick_waitress_pl_cowboy_sg,NA,NA,,kikim tumbatsa negidgu,NA,NA,,NA,91,Wed May 16 12:30:43 2018
5b04,extrapolation,unmarked,initial,sa,gu,SimplePhrase_Training,punch_waitress_sg_cowboy_sg,NA,NA,,straikim tumbat negidgu,NA,NA,,NA,92,Wed May 16 12:30:51 2018
5b04,extrapolation,unmarked,initial,sa,gu,SimplePhrase_Training,punch_cowboy_sg_burglar_sg,NA,NA,,straikim negid vaemgu,NA,NA,,NA,93,Wed May 16 12:30:58 2018
5b04,extrapolation,unmarked,initial,sa,gu,SimplePhrase_Training,punch_burglar_sg_chef_sg,NA,NA,,straikim vaem norkgu,NA,NA,,NA,94,Wed May 16 12:31:05 2018
5b04,extrapolation,unmarked,initial,sa,gu,SimplePhrase_Training,point_waitress_pl_burglar_sg,NA,NA,,poinim tumbatsa vaemgu,NA,NA,,NA,95,Wed May 16 12:31:13 2018
5b04,extrapolation,unmarked,initial,sa,gu,SimplePhrase_Training,punch_cowboy_pl_chef_sg,NA,NA,,straikim negidsa norkgu,NA,NA,,NA,96,Wed May 16 12:31:21 2018
5b04,extrapolation,unmarked,initial,sa,gu,SimplePhrase_Training,waitress,NA,NA,,tumbat,NA,NA,,NA,97,Wed May 16 12:31:25 2018
5b04,extrapolation,unmarked,initial,sa,gu,SimplePhrase_Training,cowboy_three,NA,NA,,negidsa,NA,NA,,NA,98,Wed May 16 12:31:30 2018
5b04,extrapolation,unmarked,initial,sa,gu,SimplePhrase_Training,punch_waitress_pl_chef_sg,NA,NA,,straikim tumbatsa norkgu,NA,NA,,NA,99,Wed May 16 12:31:38 2018
5b04,extrapolation,unmarked,initial,sa,gu,SimplePhrase_Training,kick_burglar_pl_cowboy_sg,NA,NA,,kikim vaemsa negidgu,NA,NA,,NA,100,Wed May 16 12:31:46 2018
5b04,extrapolation,unmarked,initial,sa,gu,SimplePhrase_Training,point_cowboy_pl_waitress_sg,NA,NA,,poinim negidsa tumbatgu,NA,NA,,NA,101,Wed May 16 12:31:53 2018
5b04,extrapolation,unmarked,initial,sa,gu,SimplePhrase_Training,cowboy_four,NA,NA,,negidsa,NA,NA,,NA,102,Wed May 16 12:31:58 2018
5b04,extrapolation,unmarked,initial,sa,gu,SimplePhrase_Training,kick_cowboy_pl_chef_sg,NA,NA,,kikim negidsa norkgu,NA,NA,,NA,103,Wed May 16 12:32:05 2018
5b04,extrapolation,unmarked,initial,sa,gu,SimplePhrase_Training,punch_chef_sg_cowboy_sg,NA,NA,,straikim nork negidgu,NA,NA,,NA,104,Wed May 16 12:32:13 2018
5b04,extrapolation,unmarked,initial,sa,gu,SimplePhrase_Training,kick_cowboy_pl_waitress_sg,NA,NA,,kikim negidsa tumbatgu,NA,NA,,NA,105,Wed May 16 12:32:20 2018
5b04,extrapolation,unmarked,initial,sa,gu,SimplePhrase_Training,waitress_three,NA,NA,,tumbatsa,NA,NA,,NA,106,Wed May 16 12:32:25 2018
5b04,extrapolation,unmarked,initial,sa,gu,SimplePhrase_Training,point_chef_sg_cowboy_sg,NA,NA,,poinim nork negidgu,NA,NA,,NA,107,Wed May 16 12:32:33 2018
5b04,extrapolation,unmarked,initial,sa,gu,SimplePhrase_Training,punch_chef_sg_burglar_sg,NA,NA,,straikim nork vaemgu,NA,NA,,NA,108,Wed May 16 12:32:40 2018
5b04,extrapolation,unmarked,initial,sa,gu,SimplePhrase_Training,point_waitress_pl_cowboy_sg,NA,NA,,poinim tumbatsa negidgu,NA,NA,,NA,109,Wed May 16 12:32:48 2018
5b04,extrapolation,unmarked,initial,sa,gu,SimplePhrase_Training,chef_three,NA,NA,,norksa,NA,NA,,NA,110,Wed May 16 12:32:53 2018
5b04,extrapolation,unmarked,initial,sa,gu,SimplePhrase_Comprehension,burglar,NA,NA,,vaem,correct,NA,,NA,111,Wed May 16 12:33:14 2018
5b04,extrapolation,unmarked,initial,sa,gu,SimplePhrase_Comprehension,waitress,NA,NA,,tumbat,correct,NA,,NA,112,Wed May 16 12:33:18 2018
5b04,extrapolation,unmarked,initial,sa,gu,SimplePhrase_Comprehension,point_chef_sg_burglar_sg,NA,NA,,poinim nork vaemgu,correct,NA,,NA,113,Wed May 16 12:33:25 2018
5b04,extrapolation,unmarked,initial,sa,gu,SimplePhrase_Comprehension,cowboy,NA,NA,,negid,correct,NA,,NA,114,Wed May 16 12:33:29 2018
5b04,extrapolation,unmarked,initial,sa,gu,SimplePhrase_Comprehension,punch_waitress_sg_chef_sg,NA,NA,,straikim tumbat norkgu,correct,NA,,NA,115,Wed May 16 12:33:36 2018
5b04,extrapolation,unmarked,initial,sa,gu,SimplePhrase_Comprehension,kick_cowboy_sg_waitress_sg,NA,NA,,kikim negid tumbatgu,correct,NA,,NA,116,Wed May 16 12:33:42 2018
5b04,extrapolation,unmarked,initial,sa,gu,SimplePhrase_Comprehension,cowboy_three,NA,NA,,negidsa,correct,NA,,NA,117,Wed May 16 12:33:47 2018
5b04,extrapolation,unmarked,initial,sa,gu,SimplePhrase_Comprehension,chef_two,NA,NA,,norksa,correct,NA,,NA,118,Wed May 16 12:33:51 2018
5b04,extrapolation,unmarked,initial,sa,gu,SimplePhrase_Comprehension,waitress_four,NA,NA,,tumbatsa,correct,NA,,NA,119,Wed May 16 12:33:55 2018
5b04,extrapolation,unmarked,initial,sa,gu,SimplePhrase_Comprehension,burglar_three,NA,NA,,vaemsa,correct,NA,,NA,120,Wed May 16 12:33:59 2018
5b04,extrapolation,unmarked,initial,sa,gu,SimplePhrase_Comprehension,burglar_four,NA,NA,,vaemsa,correct,NA,,NA,121,Wed May 16 12:34:04 2018
5b04,extrapolation,unmarked,initial,sa,gu,SimplePhrase_Comprehension,waitress_three,NA,NA,,tumbatsa,correct,NA,,NA,122,Wed May 16 12:34:09 2018
5b04,extrapolation,unmarked,initial,sa,gu,SimplePhrase_Comprehension,cowboy_four,NA,NA,,negidsa,correct,NA,,NA,123,Wed May 16 12:34:13 2018
5b04,extrapolation,unmarked,initial,sa,gu,SimplePhrase_Comprehension,point_cowboy_sg_burglar_sg,NA,NA,,poinim negid vaemgu,correct,NA,,NA,124,Wed May 16 12:34:20 2018
5b04,extrapolation,unmarked,initial,sa,gu,SimplePhrase_Comprehension,kick_chef_pl_waitress_sg,NA,NA,,kikim norksa tumbatgu,correct,NA,,NA,125,Wed May 16 12:34:26 2018
5b04,extrapolation,unmarked,initial,sa,gu,SimplePhrase_Comprehension,kick_chef_pl_burglar_sg,NA,NA,,kikim norksa vaemgu,correct,NA,,NA,126,Wed May 16 12:34:32 2018
5b04,extrapolation,unmarked,initial,sa,gu,SimplePhrase_Comprehension,kick_waitress_pl_chef_sg,NA,NA,,kikim tumbatsa norkgu,correct,NA,,NA,127,Wed May 16 12:34:37 2018
5b04,extrapolation,unmarked,initial,sa,gu,SimplePhrase_Comprehension,kick_burglar_pl_waitress_sg,NA,NA,,kikim vaemsa tumbatgu,correct,NA,,NA,128,Wed May 16 12:34:43 2018
5b04,extrapolation,unmarked,initial,sa,gu,SimplePhrase_Comprehension,punch_burglar_sg_waitress_sg,NA,NA,,straikim vaem tumbatgu,correct,NA,,NA,129,Wed May 16 12:34:48 2018
5b04,extrapolation,unmarked,initial,sa,gu,SimplePhrase_Comprehension,kick_burglar_sg_chef_sg,NA,NA,,kikim vaem norkgu,correct,NA,,NA,130,Wed May 16 12:34:54 2018
5b04,extrapolation,unmarked,initial,sa,gu,SimplePhrase_Comprehension,point_burglar_sg_waitress_sg,NA,NA,,poinim vaem tumbatgu,correct,NA,,NA,131,Wed May 16 12:34:59 2018
5b04,extrapolation,unmarked,initial,sa,gu,SimplePhrase_Comprehension,chef_three,NA,NA,,norksa,correct,NA,,NA,132,Wed May 16 12:35:03 2018
5b04,extrapolation,unmarked,initial,sa,gu,SimplePhrase_Comprehension,kick_cowboy_pl_burglar_sg,NA,NA,,kikim negidsa vaemgu,correct,NA,,NA,133,Wed May 16 12:35:09 2018
5b04,extrapolation,unmarked,initial,sa,gu,SimplePhrase_Comprehension,punch_cowboy_pl_burglar_sg,NA,NA,,straikim negidsa vaemgu,correct,NA,,NA,134,Wed May 16 12:35:15 2018
5b04,extrapolation,unmarked,initial,sa,gu,SimplePhrase_Comprehension,punch_waitress_pl_cowboy_sg,NA,NA,,straikim tumbatsa negidgu,correct,NA,,NA,135,Wed May 16 12:35:21 2018
5b04,extrapolation,unmarked,initial,sa,gu,SimplePhrase_Comprehension,burglar_two,NA,NA,,vaemsa,correct,NA,,NA,136,Wed May 16 12:35:26 2018
5b04,extrapolation,unmarked,initial,sa,gu,SimplePhrase_Comprehension,chef,NA,NA,,nork,correct,NA,,NA,137,Wed May 16 12:35:30 2018
5b04,extrapolation,unmarked,initial,sa,gu,SimplePhrase_Comprehension,point_cowboy_sg_waitress_sg,NA,NA,,poinim negid tumbatgu,correct,NA,,NA,138,Wed May 16 12:35:35 2018
5b04,extrapolation,unmarked,initial,sa,gu,SimplePhrase_Comprehension,kick_chef_pl_cowboy_sg,NA,NA,,kikim norksa negidgu,correct,NA,,NA,139,Wed May 16 12:35:41 2018
5b04,extrapolation,unmarked,initial,sa,gu,SimplePhrase_Comprehension,point_chef_pl_cowboy_sg,NA,NA,,poinim norksa negidgu,correct,NA,,NA,140,Wed May 16 12:35:49 2018
5b04,extrapolation,unmarked,initial,sa,gu,SimplePhrase_Comprehension,punch_waitress_sg_burglar_sg,NA,NA,,straikim tumbat vaemgu,correct,NA,,NA,141,Wed May 16 12:35:54 2018
5b04,extrapolation,unmarked,initial,sa,gu,SimplePhrase_Comprehension,point_burglar_pl_cowboy_sg,NA,NA,,poinim vaemsa negidgu,correct,NA,,NA,142,Wed May 16 12:36:00 2018
5b04,extrapolation,unmarked,initial,sa,gu,SimplePhrase_Comprehension,point_waitress_sg_burglar_sg,NA,NA,,poinim tumbat vaemgu,correct,NA,,NA,143,Wed May 16 12:36:06 2018
5b04,extrapolation,unmarked,initial,sa,gu,SimplePhrase_Comprehension,waitress_two,NA,NA,,tumbatsa,correct,NA,,NA,144,Wed May 16 12:36:10 2018
5b04,extrapolation,unmarked,initial,sa,gu,SimplePhrase_Typing,chef,NA,NA,,nork,NA,nork,,NA,145,Wed May 16 12:36:42 2018
5b04,extrapolation,unmarked,initial,sa,gu,SimplePhrase_Typing,punch_waitress_pl_burglar_sg,NA,NA,,straikim tumbatsa vaemgu,NA,straikim tumbstsa  vaemgu,,NA,146,Wed May 16 12:37:13 2018
5b04,extrapolation,unmarked,initial,sa,gu,SimplePhrase_Typing,point_cowboy_pl_waitress_sg,NA,NA,,poinim negidsa tumbatgu,NA,poinim negidsa tambatgu,,NA,147,Wed May 16 12:38:06 2018
5b04,extrapolation,unmarked,initial,sa,gu,SimplePhrase_Typing,waitress_three,NA,NA,,tumbatsa,NA,tumbatsa,,NA,148,Wed May 16 12:38:17 2018
5b04,extrapolation,unmarked,initial,sa,gu,SimplePhrase_Typing,chef_four,NA,NA,,norksa,NA,norksa,,NA,149,Wed May 16 12:38:26 2018
5b04,extrapolation,unmarked,initial,sa,gu,SimplePhrase_Typing,kick_chef_sg_waitress_sg,NA,NA,,kikim nork tumbatgu,NA,kikim nork tambutgu,,NA,150,Wed May 16 12:38:45 2018
5b04,extrapolation,unmarked,initial,sa,gu,SimplePhrase_Typing,punch_burglar_sg_chef_sg,NA,NA,,straikim vaem norkgu,NA,straikim vaem norkgu,,NA,151,Wed May 16 12:39:10 2018
5b04,extrapolation,unmarked,initial,sa,gu,SimplePhrase_Typing,waitress,NA,NA,,tumbat,NA,tumbat,,NA,152,Wed May 16 12:39:22 2018
5b04,extrapolation,unmarked,initial,sa,gu,SimplePhrase_Typing,kick_cowboy_pl_waitress_sg,NA,NA,,kikim negidsa tumbatgu,NA,kikim negidsa tumbatgu,,NA,153,Wed May 16 12:39:38 2018
5b04,extrapolation,unmarked,initial,sa,gu,SimplePhrase_Typing,burglar,NA,NA,,vaem,NA,vaem,,NA,154,Wed May 16 12:39:44 2018
5b04,extrapolation,unmarked,initial,sa,gu,SimplePhrase_Typing,burglar_four,NA,NA,,vaemsa,NA,vaemsa,,NA,155,Wed May 16 12:39:52 2018
5b04,extrapolation,unmarked,initial,sa,gu,SimplePhrase_Typing,punch_cowboy_sg_waitress_sg,NA,NA,,straikim negid tumbatgu,NA,straikim negid tumbatgu,,NA,156,Wed May 16 12:40:09 2018
5b04,extrapolation,unmarked,initial,sa,gu,SimplePhrase_Typing,waitress_four,NA,NA,,tumbatsa,NA,tumbatsa,,NA,157,Wed May 16 12:40:18 2018
5b04,extrapolation,unmarked,initial,sa,gu,SimplePhrase_Typing,cowboy,NA,NA,,negid,NA,negid,,NA,158,Wed May 16 12:40:26 2018
5b04,extrapolation,unmarked,initial,sa,gu,SimplePhrase_Typing,punch_chef_sg_burglar_sg,NA,NA,,straikim nork vaemgu,NA,straikim nork vaemgu,,NA,159,Wed May 16 12:40:41 2018
5b04,extrapolation,unmarked,initial,sa,gu,SimplePhrase_Typing,kick_cowboy_pl_chef_sg,NA,NA,,kikim negidsa norkgu,NA,kikim negidsa norkgu,,NA,160,Wed May 16 12:41:00 2018
5b04,extrapolation,unmarked,initial,sa,gu,ComplexPhrase_Typing,kick_waitress_sg_cowboy_pl,cowboy,negid,1,kikim tumbat negidsagu,NA,kikim tumbat negidsagu,,NA,161,Wed May 16 12:41:52 2018
5b04,extrapolation,unmarked,initial,sa,gu,ComplexPhrase_Typing,point_cowboy_sg_burglar_pl,burglar,vaem,1,poinim negid vaemsagu,NA,poinim negid vaemsagu,,NA,162,Wed May 16 12:42:08 2018
5b04,extrapolation,unmarked,initial,sa,gu,ComplexPhrase_Typing,punch_burglar_sg_chef_pl,chef,nork,1,straikim vaem norksagu,NA,straikim vaem norksagu,,NA,163,Wed May 16 12:42:16 2018
5b04,extrapolation,unmarked,initial,sa,gu,ComplexPhrase_Typing,kick_cowboy_sg_chef_pl,chef,nork,1,kikim negid norksagu,NA,kikim negid norksagu,,NA,164,Wed May 16 12:42:27 2018
5b04,extrapolation,unmarked,initial,sa,gu,ComplexPhrase_Typing,point_cowboy_sg_burglar_pl,burglar,vaem,1,poinim negid vaemsagu,NA,poinim negid vaemsagu,,NA,165,Wed May 16 12:42:36 2018
5b04,extrapolation,unmarked,initial,sa,gu,ComplexPhrase_Typing,punch_burglar_sg_chef_pl,chef,nork,1,straikim vaem norksagu,NA,straikim vaem norlsagu,,NA,166,Wed May 16 12:42:44 2018
5b04,extrapolation,unmarked,initial,sa,gu,ComplexPhrase_Typing,kick_cowboy_sg_chef_pl,chef,nork,1,kikim negid norksagu,NA,kikim negid norksagu,,NA,167,Wed May 16 12:42:52 2018
5b04,extrapolation,unmarked,initial,sa,gu,ComplexPhrase_Typing,kick_waitress_sg_cowboy_pl,cowboy,negid,1,kikim tumbat negidsagu,NA,kikim tumbat negidsagu,,NA,168,Wed May 16 12:43:01 2018
5b04,extrapolation,unmarked,initial,sa,gu,ComplexPhrase_Typing,punch_burglar_sg_chef_pl,chef,nork,1,straikim vaem norksagu,NA,straikim vaem norksagu,,NA,169,Wed May 16 12:43:08 2018
5b04,extrapolation,unmarked,initial,sa,gu,ComplexPhrase_Typing,kick_waitress_sg_cowboy_pl,cowboy,negid,1,kikim tumbat negidsagu,NA,kikim tumbat negidsagu,,NA,170,Wed May 16 12:43:18 2018
5b04,extrapolation,unmarked,initial,sa,gu,ComplexPhrase_Typing,kick_cowboy_sg_chef_pl,chef,nork,1,kikim negid norksagu,NA,kikim negid norksagu,,NA,171,Wed May 16 12:43:29 2018
5b04,extrapolation,unmarked,initial,sa,gu,ComplexPhrase_Typing,point_cowboy_sg_burglar_pl,burglar,vaem,1,poinim negid vaemsagu,NA,poinim negid vaemsagu,,NA,172,Wed May 16 12:43:38 2018
5b04,extrapolation,unmarked,initial,sa,gu,ComplexPhrase_Testing,point_waitress_sg_burglar_pl,burglar,vaem,1,poinim tumbat vaemsagu,NA,NA,poinim tumbat vaemsagu,NA,173,Wed May 16 12:44:25 2018
5b04,extrapolation,unmarked,initial,sa,gu,ComplexPhrase_Testing,point_waitress_sg_cowboy_pl,cowboy,negid,1,poinim tumbat negidsagu,NA,NA,poinim tumbat negidsagu,NA,174,Wed May 16 12:44:30 2018
5b04,extrapolation,unmarked,initial,sa,gu,ComplexPhrase_Testing,punch_cowboy_sg_waitress_sg,NA,NA,,straikim negid tumbatgu,NA,NA,straikim negid tumbatgu,NA,175,Wed May 16 12:44:38 2018
5b04,extrapolation,unmarked,initial,sa,gu,ComplexPhrase_Testing,kick_cowboy_sg_chef_pl,chef,nork,1,kikim negid norksagu,NA,NA,kikim negid norksagu,NA,176,Wed May 16 12:44:48 2018
5b04,extrapolation,unmarked,initial,sa,gu,ComplexPhrase_Testing,punch_waitress_sg_burglar_pl,burglar,vaem,1,straikim tumbat vaemsagu,NA,NA,straikim tumbat vaemsagu,NA,177,Wed May 16 12:44:55 2018
5b04,extrapolation,unmarked,initial,sa,gu,ComplexPhrase_Testing,punch_burglar_sg_cowboy_pl,cowboy,negid,1,straikim vaem negidsagu,NA,NA,straikim vaem negidsagu,NA,178,Wed May 16 12:45:01 2018
5b04,extrapolation,unmarked,initial,sa,gu,ComplexPhrase_Testing,punch_waitress_sg_chef_sg,NA,NA,,straikim tumbat norkgu,NA,NA,straikim tumbat norkgu,NA,179,Wed May 16 12:45:06 2018
5b04,extrapolation,unmarked,initial,sa,gu,ComplexPhrase_Testing,punch_waitress_sg_burglar_pl,burglar,vaem,1,straikim tumbat vaemsagu,NA,NA,straikim tumbat vaemsagu,NA,180,Wed May 16 12:45:15 2018
5b04,extrapolation,unmarked,initial,sa,gu,ComplexPhrase_Testing,burglar_three,NA,NA,,vaemsa,NA,NA,vaemsa,NA,181,Wed May 16 12:45:17 2018
5b04,extrapolation,unmarked,initial,sa,gu,ComplexPhrase_Testing,kick_waitress_sg_chef_pl,chef,nork,1,kikim tumbat norksagu,NA,NA,kikim tumbat norksagu,NA,182,Wed May 16 12:45:25 2018
5b04,extrapolation,unmarked,initial,sa,gu,ComplexPhrase_Testing,chef_four,NA,NA,,norksa,NA,NA,norksa,NA,183,Wed May 16 12:45:29 2018
5b04,extrapolation,unmarked,initial,sa,gu,ComplexPhrase_Testing,punch_waitress_sg_cowboy_pl,cowboy,negid,1,straikim tumbat negidsagu,NA,NA,straikim tumbat negidsagu,NA,184,Wed May 16 12:45:37 2018
5b04,extrapolation,unmarked,initial,sa,gu,ComplexPhrase_Testing,cowboy_two,NA,NA,,negidsa,NA,NA,negidsa,NA,185,Wed May 16 12:45:39 2018
5b04,extrapolation,unmarked,initial,sa,gu,ComplexPhrase_Testing,kick_burglar_sg_waitress_pl,waitress,tumbat,1,kikim vaem tumbatsagu,NA,NA,kikim vaem tumbatsagu,NA,186,Wed May 16 12:45:46 2018
5b04,extrapolation,unmarked,initial,sa,gu,ComplexPhrase_Testing,point_chef_sg_cowboy_pl,cowboy,negid,1,poinim nork negidsagu,NA,NA,poinim nork negidsagu,NA,187,Wed May 16 12:45:52 2018
5b04,extrapolation,unmarked,initial,sa,gu,ComplexPhrase_Testing,punch_cowboy_pl_waitress_sg,NA,NA,,straikim negidsa tumbatgu,NA,NA,straikim negidsa tumbatgu,NA,188,Wed May 16 12:46:01 2018
5b04,extrapolation,unmarked,initial,sa,gu,ComplexPhrase_Testing,point_cowboy_pl_chef_sg,NA,NA,,poinim negidsa norkgu,NA,NA,poinim negidsa norkgu,NA,189,Wed May 16 12:46:09 2018
5b04,extrapolation,unmarked,initial,sa,gu,ComplexPhrase_Testing,punch_burglar_sg_cowboy_pl,cowboy,negid,1,straikim vaem negidsagu,NA,NA,straikim vaem negidsagu,NA,190,Wed May 16 12:46:18 2018
5b04,extrapolation,unmarked,initial,sa,gu,ComplexPhrase_Testing,kick_waitress_sg_cowboy_pl,cowboy,negid,1,kikim tumbat negidsagu,NA,NA,kikim tumbat negidsagu,NA,191,Wed May 16 12:46:24 2018
5b04,extrapolation,unmarked,initial,sa,gu,ComplexPhrase_Testing,kick_chef_pl_burglar_sg,NA,NA,,kikim norksa vaemgu,NA,NA,kikim norksa vaemgu,NA,192,Wed May 16 12:46:29 2018
5b04,extrapolation,unmarked,initial,sa,gu,ComplexPhrase_Testing,point_waitress_sg_burglar_pl,burglar,vaem,1,poinim tumbat vaemsagu,NA,NA,poinim tumbat vaemsagu,NA,193,Wed May 16 12:46:37 2018
5b04,extrapolation,unmarked,initial,sa,gu,ComplexPhrase_Testing,waitress_three,NA,NA,,tumbatsa,NA,NA,tumbatsa,NA,194,Wed May 16 12:46:40 2018
5b04,extrapolation,unmarked,initial,sa,gu,ComplexPhrase_Testing,point_waitress_sg_burglar_pl,burglar,vaem,1,poinim tumbat vaemsagu,NA,NA,poinim tumbat vaemsagu,NA,195,Wed May 16 12:46:46 2018
5b04,extrapolation,unmarked,initial,sa,gu,ComplexPhrase_Testing,punch_cowboy_pl_burglar_sg,NA,NA,,straikim negidsa vaemgu,NA,NA,straikim negidsa vaemgu,NA,196,Wed May 16 12:46:50 2018
5b04,extrapolation,unmarked,initial,sa,gu,ComplexPhrase_Testing,kick_waitress_sg_cowboy_pl,cowboy,negid,1,kikim tumbat negidsagu,NA,NA,kikim tumbat negidsagu,NA,197,Wed May 16 12:46:59 2018
5b04,extrapolation,unmarked,initial,sa,gu,ComplexPhrase_Testing,point_burglar_pl_chef_sg,NA,NA,,poinim vaemsa norkgu,NA,NA,poinim vaemsa norkgu,NA,198,Wed May 16 12:47:02 2018
5b04,extrapolation,unmarked,initial,sa,gu,ComplexPhrase_Testing,punch_cowboy_sg_waitress_pl,waitress,tumbat,1,straikim negid tumbatsagu,NA,NA,straikim negid tumbatsagu,NA,199,Wed May 16 12:47:11 2018
5b04,extrapolation,unmarked,initial,sa,gu,ComplexPhrase_Testing,kick_waitress_sg_cowboy_pl,cowboy,negid,1,kikim tumbat negidsagu,NA,NA,kikim tumbat negidsagu,NA,200,Wed May 16 12:47:15 2018
5b04,extrapolation,unmarked,initial,sa,gu,ComplexPhrase_Testing,point_waitress_sg_cowboy_pl,cowboy,negid,1,poinim tumbat negidsagu,NA,NA,poinim tumbat negidsagu,NA,201,Wed May 16 12:47:20 2018
5b04,extrapolation,unmarked,initial,sa,gu,ComplexPhrase_Testing,chef,NA,NA,,nork,NA,NA,nork,NA,202,Wed May 16 12:47:21 2018
5b04,extrapolation,unmarked,initial,sa,gu,ComplexPhrase_Testing,punch_burglar_sg_waitress_pl,waitress,tumbat,1,straikim vaem tumbatsagu,NA,NA,straikim vaem tumbatsagu,NA,203,Wed May 16 12:47:28 2018
5b04,extrapolation,unmarked,initial,sa,gu,ComplexPhrase_Testing,punch_burglar_sg_chef_sg,NA,NA,,straikim vaem norkgu,NA,NA,straikim vaem norkgu,NA,204,Wed May 16 12:47:32 2018
5b04,extrapolation,unmarked,initial,sa,gu,ComplexPhrase_Testing,kick_waitress_sg_chef_pl,chef,nork,1,kikim tumbat norksagu,NA,NA,kikim tumbat norksagu,NA,205,Wed May 16 12:47:41 2018
5b04,extrapolation,unmarked,initial,sa,gu,ComplexPhrase_Testing,kick_cowboy_sg_chef_pl,chef,nork,1,kikim negid norksagu,NA,NA,kikim negid norksagu,NA,206,Wed May 16 12:47:44 2018
5b04,extrapolation,unmarked,initial,sa,gu,ComplexPhrase_Testing,burglar,NA,NA,,vaem,NA,NA,vaem,NA,207,Wed May 16 12:47:46 2018
5b04,extrapolation,unmarked,initial,sa,gu,ComplexPhrase_Testing,punch_cowboy_sg_waitress_pl,waitress,tumbat,1,straikim negid tumbatsagu,NA,NA,straikim negid tumbatsagu,NA,208,Wed May 16 12:47:53 2018
5b04,extrapolation,unmarked,initial,sa,gu,ComplexPhrase_Testing,kick_cowboy_sg_chef_pl,chef,nork,1,kikim negid norksagu,NA,NA,kikim negid norksagu,NA,209,Wed May 16 12:47:57 2018
5b04,extrapolation,unmarked,initial,sa,gu,ComplexPhrase_Testing,chef_three,NA,NA,,norksa,NA,NA,norksa,NA,210,Wed May 16 12:47:59 2018
5b04,extrapolation,unmarked,initial,sa,gu,ComplexPhrase_Testing,kick_waitress_sg_chef_pl,chef,nork,1,kikim tumbat norksagu,NA,NA,kikim tumbat norksagu,NA,211,Wed May 16 12:48:06 2018
5b04,extrapolation,unmarked,initial,sa,gu,ComplexPhrase_Testing,cowboy,NA,NA,,negid,NA,NA,negid,NA,212,Wed May 16 12:48:08 2018
5b04,extrapolation,unmarked,initial,sa,gu,ComplexPhrase_Testing,punch_waitress_sg_cowboy_pl,cowboy,negid,1,straikim tumbat negidsagu,NA,NA,straikim tumbat negidsagu,NA,213,Wed May 16 12:48:14 2018
5b04,extrapolation,unmarked,initial,sa,gu,ComplexPhrase_Testing,point_waitress_sg_burglar_sg,NA,NA,,poinim tumbat vaemgu,NA,NA,poinim tumbat vaemgu,NA,214,Wed May 16 12:48:18 2018
5b04,extrapolation,unmarked,initial,sa,gu,ComplexPhrase_Testing,punch_chef_sg_burglar_sg,NA,NA,,straikim nork vaemgu,NA,NA,straikim nork vaemgu,NA,215,Wed May 16 12:48:26 2018
5b04,extrapolation,unmarked,initial,sa,gu,ComplexPhrase_Testing,waitress,NA,NA,,tumbat,NA,NA,tumbat,NA,216,Wed May 16 12:48:32 2018
5b04,extrapolation,unmarked,initial,sa,gu,ComplexPhrase_Testing,point_chef_sg_cowboy_pl,cowboy,negid,1,poinim nork negidsagu,NA,NA,poinim nork negidsagu,NA,217,Wed May 16 12:48:39 2018
5b04,extrapolation,unmarked,initial,sa,gu,ComplexPhrase_Testing,punch_waitress_sg_cowboy_pl,cowboy,negid,1,straikim tumbat negidsagu,NA,NA,straikim tumbat negidsagu,NA,218,Wed May 16 12:48:45 2018
5b04,extrapolation,unmarked,initial,sa,gu,ComplexPhrase_Testing,punch_cowboy_sg_waitress_pl,waitress,tumbat,1,straikim negid tumbatsagu,NA,NA,straikim negid tumbatsagu,NA,219,Wed May 16 12:48:49 2018
5b04,extrapolation,unmarked,initial,sa,gu,ComplexPhrase_Testing,punch_burglar_sg_waitress_pl,waitress,tumbat,1,straikim vaem tumbatsagu,NA,NA,straikim vaem tumbatsagu,NA,220,Wed May 16 12:48:52 2018
5b04,extrapolation,unmarked,initial,sa,gu,ComplexPhrase_Testing,point_burglar_pl_cowboy_sg,NA,NA,,poinim vaemsa negidgu,NA,NA,poinim vaemsa negidgu,NA,221,Wed May 16 12:48:55 2018
5b04,extrapolation,unmarked,initial,sa,gu,ComplexPhrase_Testing,kick_burglar_sg_waitress_pl,waitress,tumbat,1,kikim vaem tumbatsagu,NA,NA,kikim vaem tumbatsagu,NA,222,Wed May 16 12:49:03 2018
5b04,extrapolation,unmarked,initial,sa,gu,ComplexPhrase_Testing,kick_chef_sg_cowboy_sg,NA,NA,,kikim nork negidgu,NA,NA,kikim nork negidgu,NA,223,Wed May 16 12:49:07 2018
5b04,extrapolation,unmarked,initial,sa,gu,ComplexPhrase_Testing,punch_waitress_sg_burglar_pl,burglar,vaem,1,straikim tumbat vaemsagu,NA,NA,straikim tumbat vaemsagu,NA,224,Wed May 16 12:49:15 2018
5b04,extrapolation,unmarked,initial,sa,gu,ComplexPhrase_Testing,point_chef_sg_cowboy_pl,cowboy,negid,1,poinim nork negidsagu,NA,NA,poinim nork negidsagu,NA,225,Wed May 16 12:49:19 2018
5b04,extrapolation,unmarked,initial,sa,gu,ComplexPhrase_Testing,point_waitress_sg_cowboy_pl,cowboy,negid,1,poinim tumbat negidsagu,NA,NA,poinim tumbat negidsagu,NA,226,Wed May 16 12:49:24 2018
5b04,extrapolation,unmarked,initial,sa,gu,ComplexPhrase_Testing,punch_burglar_sg_waitress_pl,waitress,tumbat,1,straikim vaem tumbatsagu,NA,NA,straikim vaem tumbatsagu,NA,227,Wed May 16 12:49:28 2018
5b04,extrapolation,unmarked,initial,sa,gu,ComplexPhrase_Testing,waitress_two,NA,NA,,tumbatsa,NA,NA,tumbatsa,NA,228,Wed May 16 12:49:34 2018
5b04,extrapolation,unmarked,initial,sa,gu,ComplexPhrase_Testing,punch_burglar_sg_cowboy_pl,cowboy,negid,1,straikim vaem negidsagu,NA,NA,straikim vaem negidsagu,NA,229,Wed May 16 12:49:40 2018
5b04,extrapolation,unmarked,initial,sa,gu,ComplexPhrase_Testing,kick_burglar_sg_waitress_pl,waitress,tumbat,1,kikim vaem tumbatsagu,NA,NA,kikim vaem tumbatsagu,NA,230,Wed May 16 12:49:44 2018
5b04,extrapolation,unmarked,initial,sa,gu,Questionnaire,NA,NA,NA,,NA,NA,NA,,plural,MeaningNum,Wed May 16 12:52:02 2018
5b04,extrapolation,unmarked,initial,sa,gu,Questionnaire,NA,NA,NA,,NA,NA,NA,,"it is a reference to something or someone, when gu is tagged to the end of the name it means that person/object was affected by something. for example a strike or being pointed at",MeaningCase,Wed May 16 12:52:02 2018
5b04,extrapolation,unmarked,initial,sa,gu,Questionnaire,NA,NA,NA,,NA,NA,NA,,after,OrderNumNoun,Wed May 16 12:52:02 2018
5b04,extrapolation,unmarked,initial,sa,gu,Questionnaire,NA,NA,NA,,NA,NA,NA,,after,OrderCaseNoun,Wed May 16 12:52:02 2018
5b04,extrapolation,unmarked,initial,sa,gu,Questionnaire,NA,NA,NA,,NA,NA,NA,,english,Languages,Wed May 16 12:52:02 2018