ID,Condition,MajorityOrder,NounPosition,markerNum,markerCase,Phase,Meaning,NounItem,Noun,binaryResp,InputSentence,Selection,TypedResponse,SpokenResponse,AnswerQuest,Trial,date&time
5b07,extrapolation,unmarked,initial,sa,gu,Noun_Training,chef,NA,NA,,negid,NA,NA,,NA,1,Fri Jun 15 13:35:58 2018
5b07,extrapolation,unmarked,initial,sa,gu,Noun_Training,chef,NA,NA,,negid,NA,NA,,NA,2,Fri Jun 15 13:36:03 2018
5b07,extrapolation,unmarked,initial,sa,gu,Noun_Training,burglar,NA,NA,,nork,NA,NA,,NA,3,Fri Jun 15 13:36:08 2018
5b07,extrapolation,unmarked,initial,sa,gu,Noun_Training,cowboy,NA,NA,,tumbat,NA,NA,,NA,4,Fri Jun 15 13:36:13 2018
5b07,extrapolation,unmarked,initial,sa,gu,Noun_Training,waitress,NA,NA,,vaem,NA,NA,,NA,5,Fri Jun 15 13:36:17 2018
5b07,extrapolation,unmarked,initial,sa,gu,Noun_Training,waitress,NA,NA,,vaem,NA,NA,,NA,6,Fri Jun 15 13:36:22 2018
5b07,extrapolation,unmarked,initial,sa,gu,Noun_Training,burglar,NA,NA,,nork,NA,NA,,NA,7,Fri Jun 15 13:36:27 2018
5b07,extrapolation,unmarked,initial,sa,gu,Noun_Training,cowboy,NA,NA,,tumbat,NA,NA,,NA,8,Fri Jun 15 13:36:32 2018
5b07,extrapolation,unmarked,initial,sa,gu,Noun_Training,waitress,NA,NA,,vaem,NA,NA,,NA,9,Fri Jun 15 13:36:37 2018
5b07,extrapolation,unmarked,initial,sa,gu,Noun_Training,burglar,NA,NA,,nork,NA,NA,,NA,10,Fri Jun 15 13:36:42 2018
5b07,extrapolation,unmarked,initial,sa,gu,Noun_Training,chef,NA,NA,,negid,NA,NA,,NA,11,Fri Jun 15 13:36:47 2018
5b07,extrapolation,unmarked,initial,sa,gu,Noun_Training,waitress,NA,NA,,vaem,NA,NA,,NA,12,Fri Jun 15 13:36:51 2018
5b07,extrapolation,unmarked,initial,sa,gu,Noun_Training,chef,NA,NA,,negid,NA,NA,,NA,13,Fri Jun 15 13:36:56 2018
5b07,extrapolation,unmarked,initial,sa,gu,Noun_Training,burglar,NA,NA,,nork,NA,NA,,NA,14,Fri Jun 15 13:37:01 2018
5b07,extrapolation,unmarked,initial,sa,gu,Noun_Training,burglar,NA,NA,,nork,NA,NA,,NA,15,Fri Jun 15 13:37:06 2018
5b07,extrapolation,unmarked,initial,sa,gu,Noun_Training,cowboy,NA,NA,,tumbat,NA,NA,,NA,16,Fri Jun 15 13:37:11 2018
5b07,extrapolation,unmarked,initial,sa,gu,Noun_Training,cowboy,NA,NA,,tumbat,NA,NA,,NA,17,Fri Jun 15 13:37:16 2018
5b07,extrapolation,unmarked,initial,sa,gu,Noun_Training,waitress,NA,NA,,vaem,NA,NA,,NA,18,Fri Jun 15 13:37:20 2018
5b07,extrapolation,unmarked,initial,sa,gu,Noun_Training,cowboy,NA,NA,,tumbat,NA,NA,,NA,19,Fri Jun 15 13:37:25 2018
5b07,extrapolation,unmarked,initial,sa,gu,Noun_Training,chef,NA,NA,,negid,NA,NA,,NA,20,Fri Jun 15 13:37:30 2018
5b07,extrapolation,unmarked,initial,sa,gu,Noun_Training,burglar,NA,NA,,nork,NA,NA,,NA,21,Fri Jun 15 13:37:35 2018
5b07,extrapolation,unmarked,initial,sa,gu,Noun_Training,chef,NA,NA,,negid,NA,NA,,NA,22,Fri Jun 15 13:37:40 2018
5b07,extrapolation,unmarked,initial,sa,gu,Noun_Training,cowboy,NA,NA,,tumbat,NA,NA,,NA,23,Fri Jun 15 13:37:45 2018
5b07,extrapolation,unmarked,initial,sa,gu,Noun_Training,waitress,NA,NA,,vaem,NA,NA,,NA,24,Fri Jun 15 13:37:49 2018
5b07,extrapolation,unmarked,initial,sa,gu,Noun_Selection,cowboy,NA,NA,,tumbat,correct,NA,,NA,25,Fri Jun 15 13:38:13 2018
5b07,extrapolation,unmarked,initial,sa,gu,Noun_Selection,burglar,NA,NA,,nork,correct,NA,,NA,26,Fri Jun 15 13:38:16 2018
5b07,extrapolation,unmarked,initial,sa,gu,Noun_Selection,cowboy,NA,NA,,tumbat,correct,NA,,NA,27,Fri Jun 15 13:38:21 2018
5b07,extrapolation,unmarked,initial,sa,gu,Noun_Selection,waitress,NA,NA,,vaem,correct,NA,,NA,28,Fri Jun 15 13:38:25 2018
5b07,extrapolation,unmarked,initial,sa,gu,Noun_Selection,burglar,NA,NA,,nork,correct,NA,,NA,29,Fri Jun 15 13:38:30 2018
5b07,extrapolation,unmarked,initial,sa,gu,Noun_Selection,waitress,NA,NA,,vaem,correct,NA,,NA,30,Fri Jun 15 13:38:33 2018
5b07,extrapolation,unmarked,initial,sa,gu,Noun_Selection,chef,NA,NA,,negid,correct,NA,,NA,31,Fri Jun 15 13:38:38 2018
5b07,extrapolation,unmarked,initial,sa,gu,Noun_Selection,chef,NA,NA,,negid,correct,NA,,NA,32,Fri Jun 15 13:38:41 2018
5b07,extrapolation,unmarked,initial,sa,gu,Noun_Selection,cowboy,NA,NA,,tumbat,correct,NA,,NA,33,Fri Jun 15 13:38:45 2018
5b07,extrapolation,unmarked,initial,sa,gu,Noun_Selection,waitress,NA,NA,,vaem,correct,NA,,NA,34,Fri Jun 15 13:38:49 2018
5b07,extrapolation,unmarked,initial,sa,gu,Noun_Selection,burglar,NA,NA,,nork,correct,NA,,NA,35,Fri Jun 15 13:38:52 2018
5b07,extrapolation,unmarked,initial,sa,gu,Noun_Selection,chef,NA,NA,,negid,correct,NA,,NA,36,Fri Jun 15 13:38:56 2018
5b07,extrapolation,unmarked,initial,sa,gu,Noun_Testing,cowboy,NA,NA,,tumbat,NA,NA,tumbat,NA,37,Fri Jun 15 13:39:29 2018
5b07,extrapolation,unmarked,initial,sa,gu,Noun_Testing,waitress,NA,NA,,vaem,NA,NA,vaem,NA,38,Fri Jun 15 13:39:33 2018
5b07,extrapolation,unmarked,initial,sa,gu,Noun_Testing,cowboy,NA,NA,,tumbat,NA,NA,tumbat,NA,39,Fri Jun 15 13:39:38 2018
5b07,extrapolation,unmarked,initial,sa,gu,Noun_Testing,waitress,NA,NA,,vaem,NA,NA,vaem,NA,40,Fri Jun 15 13:39:42 2018
5b07,extrapolation,unmarked,initial,sa,gu,Noun_Testing,cowboy,NA,NA,,tumbat,NA,NA,tumbat,NA,41,Fri Jun 15 13:39:46 2018
5b07,extrapolation,unmarked,initial,sa,gu,Noun_Testing,burglar,NA,NA,,nork,NA,NA,nork,NA,42,Fri Jun 15 13:39:50 2018
5b07,extrapolation,unmarked,initial,sa,gu,Noun_Testing,waitress,NA,NA,,vaem,NA,NA,vaem,NA,43,Fri Jun 15 13:39:54 2018
5b07,extrapolation,unmarked,initial,sa,gu,Noun_Testing,chef,NA,NA,,negid,NA,NA,negid,NA,44,Fri Jun 15 13:40:06 2018
5b07,extrapolation,unmarked,initial,sa,gu,Noun_Testing,chef,NA,NA,,negid,NA,NA,negid,NA,45,Fri Jun 15 13:40:10 2018
5b07,extrapolation,unmarked,initial,sa,gu,Noun_Testing,burglar,NA,NA,,nork,NA,NA,nork,NA,46,Fri Jun 15 13:40:14 2018
5b07,extrapolation,unmarked,initial,sa,gu,Noun_Testing,burglar,NA,NA,,nork,NA,NA,nork,NA,47,Fri Jun 15 13:40:18 2018
5b07,extrapolation,unmarked,initial,sa,gu,Noun_Testing,chef,NA,NA,,negid,NA,NA,negid,NA,48,Fri Jun 15 13:40:22 2018
5b07,extrapolation,unmarked,initial,sa,gu,SimplePhrase_Training,kick_cowboy_pl_waitress_sg,NA,NA,,kikim tumbatsa vaemgu,NA,NA,,NA,49,Fri Jun 15 13:40:57 2018
5b07,extrapolation,unmarked,initial,sa,gu,SimplePhrase_Training,punch_cowboy_sg_chef_sg,NA,NA,,straikim tumbat negidgu,NA,NA,,NA,50,Fri Jun 15 13:41:05 2018
5b07,extrapolation,unmarked,initial,sa,gu,SimplePhrase_Training,cowboy_four,NA,NA,,tumbatsa,NA,NA,,NA,51,Fri Jun 15 13:41:10 2018
5b07,extrapolation,unmarked,initial,sa,gu,SimplePhrase_Training,waitress_four,NA,NA,,vaemsa,NA,NA,,NA,52,Fri Jun 15 13:41:15 2018
5b07,extrapolation,unmarked,initial,sa,gu,SimplePhrase_Training,kick_chef_sg_waitress_sg,NA,NA,,kikim negid vaemgu,NA,NA,,NA,53,Fri Jun 15 13:41:22 2018
5b07,extrapolation,unmarked,initial,sa,gu,SimplePhrase_Training,burglar_three,NA,NA,,norksa,NA,NA,,NA,54,Fri Jun 15 13:41:27 2018
5b07,extrapolation,unmarked,initial,sa,gu,SimplePhrase_Training,point_chef_sg_burglar_sg,NA,NA,,poinim negid norkgu,NA,NA,,NA,55,Fri Jun 15 13:41:34 2018
5b07,extrapolation,unmarked,initial,sa,gu,SimplePhrase_Training,point_waitress_sg_chef_sg,NA,NA,,poinim vaem negidgu,NA,NA,,NA,56,Fri Jun 15 13:41:42 2018
5b07,extrapolation,unmarked,initial,sa,gu,SimplePhrase_Training,kick_burglar_sg_cowboy_sg,NA,NA,,kikim nork tumbatgu,NA,NA,,NA,57,Fri Jun 15 13:41:49 2018
5b07,extrapolation,unmarked,initial,sa,gu,SimplePhrase_Training,burglar_four,NA,NA,,norksa,NA,NA,,NA,58,Fri Jun 15 13:41:54 2018
5b07,extrapolation,unmarked,initial,sa,gu,SimplePhrase_Training,burglar,NA,NA,,nork,NA,NA,,NA,59,Fri Jun 15 13:41:59 2018
5b07,extrapolation,unmarked,initial,sa,gu,SimplePhrase_Training,punch_chef_pl_cowboy_sg,NA,NA,,straikim negidsa tumbatgu,NA,NA,,NA,60,Fri Jun 15 13:42:07 2018
5b07,extrapolation,unmarked,initial,sa,gu,SimplePhrase_Training,kick_chef_pl_cowboy_sg,NA,NA,,kikim negidsa tumbatgu,NA,NA,,NA,61,Fri Jun 15 13:42:14 2018
5b07,extrapolation,unmarked,initial,sa,gu,SimplePhrase_Training,cowboy_four,NA,NA,,tumbatsa,NA,NA,,NA,62,Fri Jun 15 13:42:19 2018
5b07,extrapolation,unmarked,initial,sa,gu,SimplePhrase_Training,point_chef_sg_cowboy_sg,NA,NA,,poinim negid tumbatgu,NA,NA,,NA,63,Fri Jun 15 13:42:26 2018
5b07,extrapolation,unmarked,initial,sa,gu,SimplePhrase_Training,waitress_three,NA,NA,,vaemsa,NA,NA,,NA,64,Fri Jun 15 13:42:31 2018
5b07,extrapolation,unmarked,initial,sa,gu,SimplePhrase_Training,punch_cowboy_pl_waitress_sg,NA,NA,,straikim tumbatsa vaemgu,NA,NA,,NA,65,Fri Jun 15 13:42:39 2018
5b07,extrapolation,unmarked,initial,sa,gu,SimplePhrase_Training,kick_burglar_pl_chef_sg,NA,NA,,kikim norksa negidgu,NA,NA,,NA,66,Fri Jun 15 13:42:47 2018
5b07,extrapolation,unmarked,initial,sa,gu,SimplePhrase_Training,punch_waitress_pl_cowboy_sg,NA,NA,,straikim vaemsa tumbatgu,NA,NA,,NA,67,Fri Jun 15 13:42:54 2018
5b07,extrapolation,unmarked,initial,sa,gu,SimplePhrase_Training,waitress_two,NA,NA,,vaemsa,NA,NA,,NA,68,Fri Jun 15 13:42:59 2018
5b07,extrapolation,unmarked,initial,sa,gu,SimplePhrase_Training,kick_waitress_pl_chef_sg,NA,NA,,kikim vaemsa negidgu,NA,NA,,NA,69,Fri Jun 15 13:43:07 2018
5b07,extrapolation,unmarked,initial,sa,gu,SimplePhrase_Training,kick_cowboy_sg_burglar_sg,NA,NA,,kikim tumbat norkgu,NA,NA,,NA,70,Fri Jun 15 13:43:14 2018
5b07,extrapolation,unmarked,initial,sa,gu,SimplePhrase_Training,cowboy,NA,NA,,tumbat,NA,NA,,NA,71,Fri Jun 15 13:43:19 2018
5b07,extrapolation,unmarked,initial,sa,gu,SimplePhrase_Training,kick_burglar_pl_waitress_sg,NA,NA,,kikim norksa vaemgu,NA,NA,,NA,72,Fri Jun 15 13:43:26 2018
5b07,extrapolation,unmarked,initial,sa,gu,SimplePhrase_Training,chef,NA,NA,,negid,NA,NA,,NA,73,Fri Jun 15 13:43:31 2018
5b07,extrapolation,unmarked,initial,sa,gu,SimplePhrase_Training,point_cowboy_sg_chef_sg,NA,NA,,poinim tumbat negidgu,NA,NA,,NA,74,Fri Jun 15 13:43:39 2018
5b07,extrapolation,unmarked,initial,sa,gu,SimplePhrase_Training,point_burglar_sg_chef_sg,NA,NA,,poinim nork negidgu,NA,NA,,NA,75,Fri Jun 15 13:43:46 2018
5b07,extrapolation,unmarked,initial,sa,gu,SimplePhrase_Training,point_cowboy_sg_waitress_sg,NA,NA,,poinim tumbat vaemgu,NA,NA,,NA,76,Fri Jun 15 13:43:53 2018
5b07,extrapolation,unmarked,initial,sa,gu,SimplePhrase_Training,waitress_four,NA,NA,,vaemsa,NA,NA,,NA,77,Fri Jun 15 13:43:58 2018
5b07,extrapolation,unmarked,initial,sa,gu,SimplePhrase_Training,burglar_three,NA,NA,,norksa,NA,NA,,NA,78,Fri Jun 15 13:44:04 2018
5b07,extrapolation,unmarked,initial,sa,gu,SimplePhrase_Training,point_waitress_sg_burglar_sg,NA,NA,,poinim vaem norkgu,NA,NA,,NA,79,Fri Jun 15 13:44:11 2018
5b07,extrapolation,unmarked,initial,sa,gu,SimplePhrase_Training,kick_waitress_sg_burglar_sg,NA,NA,,kikim vaem norkgu,NA,NA,,NA,80,Fri Jun 15 13:44:18 2018
5b07,extrapolation,unmarked,initial,sa,gu,SimplePhrase_Training,chef_two,NA,NA,,negidsa,NA,NA,,NA,81,Fri Jun 15 13:44:23 2018
5b07,extrapolation,unmarked,initial,sa,gu,SimplePhrase_Training,burglar_two,NA,NA,,norksa,NA,NA,,NA,82,Fri Jun 15 13:44:28 2018
5b07,extrapolation,unmarked,initial,sa,gu,SimplePhrase_Training,chef_four,NA,NA,,negidsa,NA,NA,,NA,83,Fri Jun 15 13:44:33 2018
5b07,extrapolation,unmarked,initial,sa,gu,SimplePhrase_Training,kick_waitress_pl_cowboy_sg,NA,NA,,kikim vaemsa tumbatgu,NA,NA,,NA,84,Fri Jun 15 13:44:40 2018
5b07,extrapolation,unmarked,initial,sa,gu,SimplePhrase_Training,waitress,NA,NA,,vaem,NA,NA,,NA,85,Fri Jun 15 13:44:45 2018
5b07,extrapolation,unmarked,initial,sa,gu,SimplePhrase_Training,cowboy,NA,NA,,tumbat,NA,NA,,NA,86,Fri Jun 15 13:44:50 2018
5b07,extrapolation,unmarked,initial,sa,gu,SimplePhrase_Training,kick_chef_sg_burglar_sg,NA,NA,,kikim negid norkgu,NA,NA,,NA,87,Fri Jun 15 13:44:57 2018
5b07,extrapolation,unmarked,initial,sa,gu,SimplePhrase_Training,punch_chef_sg_waitress_sg,NA,NA,,straikim negid vaemgu,NA,NA,,NA,88,Fri Jun 15 13:45:05 2018
5b07,extrapolation,unmarked,initial,sa,gu,SimplePhrase_Training,waitress_three,NA,NA,,vaemsa,NA,NA,,NA,89,Fri Jun 15 13:45:10 2018
5b07,extrapolation,unmarked,initial,sa,gu,SimplePhrase_Training,punch_burglar_pl_cowboy_sg,NA,NA,,straikim norksa tumbatgu,NA,NA,,NA,90,Fri Jun 15 13:45:17 2018
5b07,extrapolation,unmarked,initial,sa,gu,SimplePhrase_Training,cowboy_two,NA,NA,,tumbatsa,NA,NA,,NA,91,Fri Jun 15 13:45:22 2018
5b07,extrapolation,unmarked,initial,sa,gu,SimplePhrase_Training,point_burglar_pl_cowboy_sg,NA,NA,,poinim norksa tumbatgu,NA,NA,,NA,92,Fri Jun 15 13:45:30 2018
5b07,extrapolation,unmarked,initial,sa,gu,SimplePhrase_Training,chef_two,NA,NA,,negidsa,NA,NA,,NA,93,Fri Jun 15 13:45:35 2018
5b07,extrapolation,unmarked,initial,sa,gu,SimplePhrase_Training,punch_waitress_sg_burglar_sg,NA,NA,,straikim vaem norkgu,NA,NA,,NA,94,Fri Jun 15 13:45:42 2018
5b07,extrapolation,unmarked,initial,sa,gu,SimplePhrase_Training,point_burglar_pl_waitress_sg,NA,NA,,poinim norksa vaemgu,NA,NA,,NA,95,Fri Jun 15 13:45:50 2018
5b07,extrapolation,unmarked,initial,sa,gu,SimplePhrase_Training,chef_three,NA,NA,,negidsa,NA,NA,,NA,96,Fri Jun 15 13:45:55 2018
5b07,extrapolation,unmarked,initial,sa,gu,SimplePhrase_Training,punch_waitress_sg_chef_sg,NA,NA,,straikim vaem negidgu,NA,NA,,NA,97,Fri Jun 15 13:46:02 2018
5b07,extrapolation,unmarked,initial,sa,gu,SimplePhrase_Training,punch_cowboy_sg_burglar_sg,NA,NA,,straikim tumbat norkgu,NA,NA,,NA,98,Fri Jun 15 13:46:10 2018
5b07,extrapolation,unmarked,initial,sa,gu,SimplePhrase_Training,chef,NA,NA,,negid,NA,NA,,NA,99,Fri Jun 15 13:46:15 2018
5b07,extrapolation,unmarked,initial,sa,gu,SimplePhrase_Training,punch_burglar_pl_chef_sg,NA,NA,,straikim norksa negidgu,NA,NA,,NA,100,Fri Jun 15 13:46:22 2018
5b07,extrapolation,unmarked,initial,sa,gu,SimplePhrase_Training,point_chef_pl_waitress_sg,NA,NA,,poinim negidsa vaemgu,NA,NA,,NA,101,Fri Jun 15 13:46:30 2018
5b07,extrapolation,unmarked,initial,sa,gu,SimplePhrase_Training,cowboy_three,NA,NA,,tumbatsa,NA,NA,,NA,102,Fri Jun 15 13:46:35 2018
5b07,extrapolation,unmarked,initial,sa,gu,SimplePhrase_Training,point_cowboy_pl_burglar_sg,NA,NA,,poinim tumbatsa norkgu,NA,NA,,NA,103,Fri Jun 15 13:46:42 2018
5b07,extrapolation,unmarked,initial,sa,gu,SimplePhrase_Training,burglar,NA,NA,,nork,NA,NA,,NA,104,Fri Jun 15 13:46:47 2018
5b07,extrapolation,unmarked,initial,sa,gu,SimplePhrase_Training,kick_cowboy_sg_chef_sg,NA,NA,,kikim tumbat negidgu,NA,NA,,NA,105,Fri Jun 15 13:46:55 2018
5b07,extrapolation,unmarked,initial,sa,gu,SimplePhrase_Training,punch_burglar_pl_waitress_sg,NA,NA,,straikim norksa vaemgu,NA,NA,,NA,106,Fri Jun 15 13:47:02 2018
5b07,extrapolation,unmarked,initial,sa,gu,SimplePhrase_Training,punch_chef_pl_burglar_sg,NA,NA,,straikim negidsa norkgu,NA,NA,,NA,107,Fri Jun 15 13:47:10 2018
5b07,extrapolation,unmarked,initial,sa,gu,SimplePhrase_Training,burglar_two,NA,NA,,norksa,NA,NA,,NA,108,Fri Jun 15 13:47:15 2018
5b07,extrapolation,unmarked,initial,sa,gu,SimplePhrase_Training,waitress,NA,NA,,vaem,NA,NA,,NA,109,Fri Jun 15 13:47:20 2018
5b07,extrapolation,unmarked,initial,sa,gu,SimplePhrase_Training,point_waitress_pl_cowboy_sg,NA,NA,,poinim vaemsa tumbatgu,NA,NA,,NA,110,Fri Jun 15 13:47:27 2018
5b07,extrapolation,unmarked,initial,sa,gu,SimplePhrase_Comprehension,point_waitress_pl_chef_sg,NA,NA,,poinim vaemsa negidgu,correct,NA,,NA,111,Fri Jun 15 13:47:51 2018
5b07,extrapolation,unmarked,initial,sa,gu,SimplePhrase_Comprehension,cowboy_four,NA,NA,,tumbatsa,correct,NA,,NA,112,Fri Jun 15 13:47:57 2018
5b07,extrapolation,unmarked,initial,sa,gu,SimplePhrase_Comprehension,point_waitress_sg_cowboy_sg,NA,NA,,poinim vaem tumbatgu,correct,NA,,NA,113,Fri Jun 15 13:48:03 2018
5b07,extrapolation,unmarked,initial,sa,gu,SimplePhrase_Comprehension,point_cowboy_sg_burglar_sg,NA,NA,,poinim tumbat norkgu,correct,NA,,NA,114,Fri Jun 15 13:48:08 2018
5b07,extrapolation,unmarked,initial,sa,gu,SimplePhrase_Comprehension,waitress_four,NA,NA,,vaemsa,correct,NA,,NA,115,Fri Jun 15 13:48:13 2018
5b07,extrapolation,unmarked,initial,sa,gu,SimplePhrase_Comprehension,point_burglar_sg_cowboy_sg,NA,NA,,poinim nork tumbatgu,correct,NA,,NA,116,Fri Jun 15 13:48:18 2018
5b07,extrapolation,unmarked,initial,sa,gu,SimplePhrase_Comprehension,burglar_two,NA,NA,,norksa,correct,NA,,NA,117,Fri Jun 15 13:48:23 2018
5b07,extrapolation,unmarked,initial,sa,gu,SimplePhrase_Comprehension,kick_burglar_sg_chef_sg,NA,NA,,kikim nork negidgu,correct,NA,,NA,118,Fri Jun 15 13:48:28 2018
5b07,extrapolation,unmarked,initial,sa,gu,SimplePhrase_Comprehension,chef,NA,NA,,negid,correct,NA,,NA,119,Fri Jun 15 13:48:32 2018
5b07,extrapolation,unmarked,initial,sa,gu,SimplePhrase_Comprehension,cowboy_two,NA,NA,,tumbatsa,correct,NA,,NA,120,Fri Jun 15 13:48:36 2018
5b07,extrapolation,unmarked,initial,sa,gu,SimplePhrase_Comprehension,punch_cowboy_pl_chef_sg,NA,NA,,straikim tumbatsa negidgu,correct,NA,,NA,121,Fri Jun 15 13:48:42 2018
5b07,extrapolation,unmarked,initial,sa,gu,SimplePhrase_Comprehension,cowboy,NA,NA,,tumbat,correct,NA,,NA,122,Fri Jun 15 13:48:46 2018
5b07,extrapolation,unmarked,initial,sa,gu,SimplePhrase_Comprehension,chef_four,NA,NA,,negidsa,correct,NA,,NA,123,Fri Jun 15 13:48:51 2018
5b07,extrapolation,unmarked,initial,sa,gu,SimplePhrase_Comprehension,punch_chef_sg_burglar_sg,NA,NA,,straikim negid norkgu,correct,NA,,NA,124,Fri Jun 15 13:48:56 2018
5b07,extrapolation,unmarked,initial,sa,gu,SimplePhrase_Comprehension,point_cowboy_pl_waitress_sg,NA,NA,,poinim tumbatsa vaemgu,correct,NA,,NA,125,Fri Jun 15 13:49:02 2018
5b07,extrapolation,unmarked,initial,sa,gu,SimplePhrase_Comprehension,waitress,NA,NA,,vaem,correct,NA,,NA,126,Fri Jun 15 13:49:06 2018
5b07,extrapolation,unmarked,initial,sa,gu,SimplePhrase_Comprehension,waitress_three,NA,NA,,vaemsa,correct,NA,,NA,127,Fri Jun 15 13:49:10 2018
5b07,extrapolation,unmarked,initial,sa,gu,SimplePhrase_Comprehension,punch_cowboy_sg_waitress_sg,NA,NA,,straikim tumbat vaemgu,correct,NA,,NA,128,Fri Jun 15 13:49:16 2018
5b07,extrapolation,unmarked,initial,sa,gu,SimplePhrase_Comprehension,kick_chef_sg_cowboy_sg,NA,NA,,kikim negid tumbatgu,correct,NA,,NA,129,Fri Jun 15 13:49:21 2018
5b07,extrapolation,unmarked,initial,sa,gu,SimplePhrase_Comprehension,kick_cowboy_sg_waitress_sg,NA,NA,,kikim tumbat vaemgu,correct,NA,,NA,130,Fri Jun 15 13:49:27 2018
5b07,extrapolation,unmarked,initial,sa,gu,SimplePhrase_Comprehension,burglar,NA,NA,,nork,correct,NA,,NA,131,Fri Jun 15 13:49:31 2018
5b07,extrapolation,unmarked,initial,sa,gu,SimplePhrase_Comprehension,chef_three,NA,NA,,negidsa,correct,NA,,NA,132,Fri Jun 15 13:49:35 2018
5b07,extrapolation,unmarked,initial,sa,gu,SimplePhrase_Comprehension,burglar_three,NA,NA,,norksa,correct,NA,,NA,133,Fri Jun 15 13:49:40 2018
5b07,extrapolation,unmarked,initial,sa,gu,SimplePhrase_Comprehension,chef_two,NA,NA,,negidsa,correct,NA,,NA,134,Fri Jun 15 13:49:44 2018
5b07,extrapolation,unmarked,initial,sa,gu,SimplePhrase_Comprehension,kick_cowboy_pl_burglar_sg,NA,NA,,kikim tumbatsa norkgu,correct,NA,,NA,135,Fri Jun 15 13:49:50 2018
5b07,extrapolation,unmarked,initial,sa,gu,SimplePhrase_Comprehension,point_waitress_pl_burglar_sg,NA,NA,,poinim vaemsa norkgu,correct,NA,,NA,136,Fri Jun 15 13:49:55 2018
5b07,extrapolation,unmarked,initial,sa,gu,SimplePhrase_Comprehension,burglar_four,NA,NA,,norksa,correct,NA,,NA,137,Fri Jun 15 13:50:00 2018
5b07,extrapolation,unmarked,initial,sa,gu,SimplePhrase_Comprehension,kick_chef_pl_burglar_sg,NA,NA,,kikim negidsa norkgu,correct,NA,,NA,138,Fri Jun 15 13:50:07 2018
5b07,extrapolation,unmarked,initial,sa,gu,SimplePhrase_Comprehension,kick_burglar_sg_waitress_sg,NA,NA,,kikim nork vaemgu,correct,NA,,NA,139,Fri Jun 15 13:50:13 2018
5b07,extrapolation,unmarked,initial,sa,gu,SimplePhrase_Comprehension,punch_waitress_pl_chef_sg,NA,NA,,straikim vaemsa negidgu,correct,NA,,NA,140,Fri Jun 15 13:50:19 2018
5b07,extrapolation,unmarked,initial,sa,gu,SimplePhrase_Comprehension,point_chef_pl_burglar_sg,NA,NA,,poinim negidsa norkgu,correct,NA,,NA,141,Fri Jun 15 13:50:24 2018
5b07,extrapolation,unmarked,initial,sa,gu,SimplePhrase_Comprehension,point_chef_sg_waitress_sg,NA,NA,,poinim negid vaemgu,correct,NA,,NA,142,Fri Jun 15 13:50:30 2018
5b07,extrapolation,unmarked,initial,sa,gu,SimplePhrase_Comprehension,punch_chef_pl_waitress_sg,NA,NA,,straikim negidsa vaemgu,correct,NA,,NA,143,Fri Jun 15 13:50:36 2018
5b07,extrapolation,unmarked,initial,sa,gu,SimplePhrase_Comprehension,punch_waitress_pl_burglar_sg,NA,NA,,straikim vaemsa norkgu,correct,NA,,NA,144,Fri Jun 15 13:50:42 2018
5b07,extrapolation,unmarked,initial,sa,gu,SimplePhrase_Typing,punch_cowboy_sg_chef_sg,NA,NA,,straikim tumbat negidgu,NA,straikim tumbat negidsu,,NA,145,Fri Jun 15 13:51:23 2018
5b07,extrapolation,unmarked,initial,sa,gu,SimplePhrase_Typing,waitress_four,NA,NA,,vaemsa,NA,vaemsa,,NA,146,Fri Jun 15 13:51:30 2018
5b07,extrapolation,unmarked,initial,sa,gu,SimplePhrase_Typing,burglar_two,NA,NA,,norksa,NA,norksa,,NA,147,Fri Jun 15 13:51:37 2018
5b07,extrapolation,unmarked,initial,sa,gu,SimplePhrase_Typing,point_burglar_pl_cowboy_sg,NA,NA,,poinim norksa tumbatgu,NA,poinim norksa tumbatgu,,NA,148,Fri Jun 15 13:51:52 2018
5b07,extrapolation,unmarked,initial,sa,gu,SimplePhrase_Typing,waitress,NA,NA,,vaem,NA,vaem,,NA,149,Fri Jun 15 13:51:58 2018
5b07,extrapolation,unmarked,initial,sa,gu,SimplePhrase_Typing,burglar,NA,NA,,nork,NA,nork,,NA,150,Fri Jun 15 13:52:03 2018
5b07,extrapolation,unmarked,initial,sa,gu,SimplePhrase_Typing,cowboy,NA,NA,,tumbat,NA,tumbat,,NA,151,Fri Jun 15 13:52:10 2018
5b07,extrapolation,unmarked,initial,sa,gu,SimplePhrase_Typing,punch_chef_pl_cowboy_sg,NA,NA,,straikim negidsa tumbatgu,NA,straikim negidsa tumbatgu,,NA,152,Fri Jun 15 13:52:27 2018
5b07,extrapolation,unmarked,initial,sa,gu,SimplePhrase_Typing,point_cowboy_pl_burglar_sg,NA,NA,,poinim tumbatsa norkgu,NA,poinim tumbatsa norkgu,,NA,153,Fri Jun 15 13:52:39 2018
5b07,extrapolation,unmarked,initial,sa,gu,SimplePhrase_Typing,point_cowboy_sg_chef_sg,NA,NA,,poinim tumbat negidgu,NA,poinim tumbat negidgu,,NA,154,Fri Jun 15 13:52:50 2018
5b07,extrapolation,unmarked,initial,sa,gu,SimplePhrase_Typing,kick_burglar_pl_chef_sg,NA,NA,,kikim norksa negidgu,NA,kikim norksa negidgu,,NA,155,Fri Jun 15 13:53:02 2018
5b07,extrapolation,unmarked,initial,sa,gu,SimplePhrase_Typing,point_burglar_sg_chef_sg,NA,NA,,poinim nork negidgu,NA,poinim nork negidgu,,NA,156,Fri Jun 15 13:53:14 2018
5b07,extrapolation,unmarked,initial,sa,gu,SimplePhrase_Typing,waitress_two,NA,NA,,vaemsa,NA,vaemsa,,NA,157,Fri Jun 15 13:53:21 2018
5b07,extrapolation,unmarked,initial,sa,gu,SimplePhrase_Typing,burglar_four,NA,NA,,norksa,NA,norksa,,NA,158,Fri Jun 15 13:53:28 2018
5b07,extrapolation,unmarked,initial,sa,gu,SimplePhrase_Typing,point_cowboy_sg_waitress_sg,NA,NA,,poinim tumbat vaemgu,NA,poinim tumbat vaemgu,,NA,159,Fri Jun 15 13:53:39 2018
5b07,extrapolation,unmarked,initial,sa,gu,SimplePhrase_Typing,chef,NA,NA,,negid,NA,negid,,NA,160,Fri Jun 15 13:53:50 2018
5b07,extrapolation,unmarked,initial,sa,gu,ComplexPhrase_Typing,point_cowboy_sg_waitress_pl,waitress,vaem,1,poinim tumbat vaemsagu,NA,poinim tumbat vaemsagu,,NA,161,Fri Jun 15 13:54:27 2018
5b07,extrapolation,unmarked,initial,sa,gu,ComplexPhrase_Typing,kick_waitress_sg_burglar_pl,burglar,nork,1,kikim vaem norksagu,NA,kikim vaem norksagu,,NA,162,Fri Jun 15 13:54:37 2018
5b07,extrapolation,unmarked,initial,sa,gu,ComplexPhrase_Typing,point_waitress_sg_burglar_pl,burglar,nork,1,poinim vaem norksagu,NA,poinim vaem norksagu,,NA,163,Fri Jun 15 13:54:44 2018
5b07,extrapolation,unmarked,initial,sa,gu,ComplexPhrase_Typing,punch_chef_sg_burglar_pl,burglar,nork,1,straikim negid norksagu,NA,straikim negid norksagu,,NA,164,Fri Jun 15 13:54:51 2018
5b07,extrapolation,unmarked,initial,sa,gu,ComplexPhrase_Typing,kick_waitress_sg_burglar_pl,burglar,nork,1,kikim vaem norksagu,NA,kikim vaem norksagu,,NA,165,Fri Jun 15 13:54:55 2018
5b07,extrapolation,unmarked,initial,sa,gu,ComplexPhrase_Typing,point_waitress_sg_burglar_pl,burglar,nork,1,poinim vaem norksagu,NA,poinim vaem norksagu,,NA,166,Fri Jun 15 13:55:01 2018
5b07,extrapolation,unmarked,initial,sa,gu,ComplexPhrase_Typing,punch_chef_sg_burglar_pl,burglar,nork,1,straikim negid norksagu,NA,straikim negid norksagu,,NA,167,Fri Jun 15 13:55:06 2018
5b07,extrapolation,unmarked,initial,sa,gu,ComplexPhrase_Typing,point_cowboy_sg_waitress_pl,waitress,vaem,1,poinim tumbat vaemsagu,NA,poinim tumbat vaemsagu,,NA,168,Fri Jun 15 13:55:11 2018
5b07,extrapolation,unmarked,initial,sa,gu,ComplexPhrase_Typing,point_cowboy_sg_waitress_pl,waitress,vaem,1,poinim tumbat vaemsagu,NA,poinim tumbat vaemsagu,,NA,169,Fri Jun 15 13:55:22 2018
5b07,extrapolation,unmarked,initial,sa,gu,ComplexPhrase_Typing,point_waitress_sg_burglar_pl,burglar,nork,1,poinim vaem norksagu,NA,poinim vaem norksagu,,NA,170,Fri Jun 15 13:55:30 2018
5b07,extrapolation,unmarked,initial,sa,gu,ComplexPhrase_Typing,kick_waitress_sg_burglar_pl,burglar,nork,1,kikim vaem norksagu,NA,kikim vaem norksagu,,NA,171,Fri Jun 15 13:55:34 2018
5b07,extrapolation,unmarked,initial,sa,gu,ComplexPhrase_Typing,punch_chef_sg_burglar_pl,burglar,nork,1,straikim negid norksagu,NA,straikim negid norksagu,,NA,172,Fri Jun 15 13:55:38 2018
5b07,extrapolation,unmarked,initial,sa,gu,ComplexPhrase_Testing,punch_cowboy_pl_waitress_sg,NA,NA,,straikim tumbatsa vaemgu,NA,NA,straikim tumbatsa vaemgu,NA,173,Fri Jun 15 13:56:21 2018
5b07,extrapolation,unmarked,initial,sa,gu,ComplexPhrase_Testing,point_chef_sg_burglar_pl,burglar,nork,1,poinim negid norksagu,NA,NA,poinim negid norksagu,NA,174,Fri Jun 15 13:56:33 2018
5b07,extrapolation,unmarked,initial,sa,gu,ComplexPhrase_Testing,burglar_three,NA,NA,,norksa,NA,NA,norksa,NA,175,Fri Jun 15 13:56:38 2018
5b07,extrapolation,unmarked,initial,sa,gu,ComplexPhrase_Testing,punch_burglar_sg_chef_pl,chef,negid,1,straikim nork negidsagu,NA,NA,straikim nork negidsagu,NA,176,Fri Jun 15 13:56:50 2018
5b07,extrapolation,unmarked,initial,sa,gu,ComplexPhrase_Testing,punch_waitress_sg_burglar_pl,burglar,nork,1,straikim vaem norksagu,NA,NA,straikim vaem norksagu,NA,177,Fri Jun 15 13:56:56 2018
5b07,extrapolation,unmarked,initial,sa,gu,ComplexPhrase_Testing,kick_cowboy_sg_burglar_pl,burglar,nork,1,kikim tumbat norksagu,NA,NA,kikim tumbat norksagu,NA,178,Fri Jun 15 13:57:01 2018
5b07,extrapolation,unmarked,initial,sa,gu,ComplexPhrase_Testing,burglar,NA,NA,,nork,NA,NA,nork,NA,179,Fri Jun 15 13:57:02 2018
5b07,extrapolation,unmarked,initial,sa,gu,ComplexPhrase_Testing,waitress,NA,NA,,vaem,NA,NA,vaem,NA,180,Fri Jun 15 13:57:06 2018
5b07,extrapolation,unmarked,initial,sa,gu,ComplexPhrase_Testing,kick_chef_sg_waitress_pl,waitress,vaem,1,kikim negid vaemsagu,NA,NA,kikim negid vaemsagu,NA,181,Fri Jun 15 13:57:13 2018
5b07,extrapolation,unmarked,initial,sa,gu,ComplexPhrase_Testing,point_waitress_pl_cowboy_sg,NA,NA,,poinim vaemsa tumbatgu,NA,NA,poinim vaemsa tumbatgu,NA,182,Fri Jun 15 13:57:21 2018
5b07,extrapolation,unmarked,initial,sa,gu,ComplexPhrase_Testing,cowboy_three,NA,NA,,tumbatsa,NA,NA,tumbatsa,NA,183,Fri Jun 15 13:57:27 2018
5b07,extrapolation,unmarked,initial,sa,gu,ComplexPhrase_Testing,punch_chef_sg_cowboy_pl,cowboy,tumbat,1,straikim negid tumbatsagu,NA,NA,straikim negid tumbatsagu,NA,184,Fri Jun 15 13:57:31 2018
5b07,extrapolation,unmarked,initial,sa,gu,ComplexPhrase_Testing,punch_burglar_sg_chef_sg,NA,NA,,straikim nork negidgu,NA,NA,straikim nork negidgu,NA,185,Fri Jun 15 13:57:41 2018
5b07,extrapolation,unmarked,initial,sa,gu,ComplexPhrase_Testing,punch_chef_sg_burglar_pl,burglar,nork,1,straikim negid norksagu,NA,NA,straikim negid norksagu,NA,186,Fri Jun 15 13:57:51 2018
5b07,extrapolation,unmarked,initial,sa,gu,ComplexPhrase_Testing,waitress_four,NA,NA,,vaemsa,NA,NA,vaemsa,NA,187,Fri Jun 15 13:57:53 2018
5b07,extrapolation,unmarked,initial,sa,gu,ComplexPhrase_Testing,kick_chef_sg_waitress_pl,waitress,vaem,1,kikim negid vaemsagu,NA,NA,kikim negid vaemsagu,NA,188,Fri Jun 15 13:58:01 2018
5b07,extrapolation,unmarked,initial,sa,gu,ComplexPhrase_Testing,point_chef_pl_burglar_sg,NA,NA,,poinim negidsa norkgu,NA,NA,poinim negidsa norkgu,NA,189,Fri Jun 15 13:58:06 2018
5b07,extrapolation,unmarked,initial,sa,gu,ComplexPhrase_Testing,point_waitress_sg_burglar_pl,burglar,nork,1,poinim vaem norksagu,NA,NA,poinim vaem norksagu,NA,190,Fri Jun 15 13:58:15 2018
5b07,extrapolation,unmarked,initial,sa,gu,ComplexPhrase_Testing,chef,NA,NA,,negid,NA,NA,negid,NA,191,Fri Jun 15 13:58:17 2018
5b07,extrapolation,unmarked,initial,sa,gu,ComplexPhrase_Testing,point_cowboy_sg_chef_pl,chef,negid,1,poinim tumbat negidsagu,NA,NA,poinim tumbat negidsagu,NA,192,Fri Jun 15 13:58:28 2018
5b07,extrapolation,unmarked,initial,sa,gu,ComplexPhrase_Testing,point_cowboy_sg_burglar_pl,burglar,nork,1,poinim tumbat norksagu,NA,NA,poinim tumbat norksagu,NA,193,Fri Jun 15 13:58:32 2018
5b07,extrapolation,unmarked,initial,sa,gu,ComplexPhrase_Testing,point_cowboy_sg_waitress_pl,waitress,vaem,1,poinim tumbat vaemsagu,NA,NA,poinim tumbat vaemsagu,NA,194,Fri Jun 15 13:58:35 2018
5b07,extrapolation,unmarked,initial,sa,gu,ComplexPhrase_Testing,point_chef_sg_burglar_pl,burglar,nork,1,poinim negid norksagu,NA,NA,poinim negid norksagu,NA,195,Fri Jun 15 13:58:39 2018
5b07,extrapolation,unmarked,initial,sa,gu,ComplexPhrase_Testing,point_cowboy_sg_waitress_pl,waitress,vaem,1,poinim tumbat vaemsagu,NA,NA,poinim tumbat vaemsagu,NA,196,Fri Jun 15 13:58:42 2018
5b07,extrapolation,unmarked,initial,sa,gu,ComplexPhrase_Testing,kick_waitress_pl_cowboy_sg,NA,NA,,kikim vaemsa tumbatgu,NA,NA,kikim vaemsa tumbatgu,NA,197,Fri Jun 15 13:58:47 2018
5b07,extrapolation,unmarked,initial,sa,gu,ComplexPhrase_Testing,point_cowboy_sg_burglar_pl,burglar,nork,1,poinim tumbat norksagu,NA,NA,poinim tumbat norksagu,NA,198,Fri Jun 15 13:58:53 2018
5b07,extrapolation,unmarked,initial,sa,gu,ComplexPhrase_Testing,point_waitress_sg_burglar_sg,NA,NA,,poinim vaem norkgu,NA,NA,poinim vaem norkgu,NA,199,Fri Jun 15 13:58:57 2018
5b07,extrapolation,unmarked,initial,sa,gu,ComplexPhrase_Testing,point_cowboy_sg_burglar_pl,burglar,nork,1,poinim tumbat norksagu,NA,NA,poinim tumbat norksagu,NA,200,Fri Jun 15 13:59:04 2018
5b07,extrapolation,unmarked,initial,sa,gu,ComplexPhrase_Testing,point_chef_sg_cowboy_sg,NA,NA,,poinim negid tumbatgu,NA,NA,poinim negid tumbatgu,NA,201,Fri Jun 15 13:59:08 2018
5b07,extrapolation,unmarked,initial,sa,gu,ComplexPhrase_Testing,punch_chef_sg_cowboy_pl,cowboy,tumbat,1,straikim negid tumbatsagu,NA,NA,straikim negid tumbatsagu,NA,202,Fri Jun 15 13:59:19 2018
5b07,extrapolation,unmarked,initial,sa,gu,ComplexPhrase_Testing,point_waitress_sg_burglar_pl,burglar,nork,1,poinim vaem norksagu,NA,NA,poinim vaem norksagu,NA,203,Fri Jun 15 13:59:24 2018
5b07,extrapolation,unmarked,initial,sa,gu,ComplexPhrase_Testing,kick_cowboy_sg_waitress_pl,waitress,vaem,1,kikim tumbat vaemsagu,NA,NA,kikim tumbat vaemsagu,NA,204,Fri Jun 15 13:59:28 2018
5b07,extrapolation,unmarked,initial,sa,gu,ComplexPhrase_Testing,kick_burglar_sg_chef_sg,NA,NA,,kikim nork negidgu,NA,NA,kikim nork negidgu,NA,205,Fri Jun 15 13:59:33 2018
5b07,extrapolation,unmarked,initial,sa,gu,ComplexPhrase_Testing,waitress_two,NA,NA,,vaemsa,NA,NA,vaemsa,NA,206,Fri Jun 15 13:59:38 2018
5b07,extrapolation,unmarked,initial,sa,gu,ComplexPhrase_Testing,punch_chef_sg_burglar_pl,burglar,nork,1,straikim negid norksagu,NA,NA,straikim negid norksagu,NA,207,Fri Jun 15 13:59:44 2018
5b07,extrapolation,unmarked,initial,sa,gu,ComplexPhrase_Testing,point_cowboy_pl_chef_sg,NA,NA,,poinim tumbatsa negidgu,NA,NA,poinim tumbatsa negidgu,NA,208,Fri Jun 15 13:59:51 2018
5b07,extrapolation,unmarked,initial,sa,gu,ComplexPhrase_Testing,kick_cowboy_sg_burglar_pl,burglar,nork,1,kikim tumbat norksagu,NA,NA,kikim tumbat norksagu,NA,209,Fri Jun 15 13:59:58 2018
5b07,extrapolation,unmarked,initial,sa,gu,ComplexPhrase_Testing,kick_cowboy_sg_waitress_pl,waitress,vaem,1,kikim tumbat vaemsagu,NA,NA,kikim tumbat vaemsagu,NA,210,Fri Jun 15 14:00:02 2018
5b07,extrapolation,unmarked,initial,sa,gu,ComplexPhrase_Testing,kick_chef_sg_waitress_pl,waitress,vaem,1,kikim negid vaemsagu,NA,NA,kikim negid vaemsagu,NA,211,Fri Jun 15 14:00:07 2018
5b07,extrapolation,unmarked,initial,sa,gu,ComplexPhrase_Testing,chef_three,NA,NA,,negidsa,NA,NA,negidsa,NA,212,Fri Jun 15 14:00:10 2018
5b07,extrapolation,unmarked,initial,sa,gu,ComplexPhrase_Testing,point_cowboy_sg_waitress_pl,waitress,vaem,1,poinim tumbat vaemsagu,NA,NA,poinim tumbat vaemsagu,NA,213,Fri Jun 15 14:00:15 2018
5b07,extrapolation,unmarked,initial,sa,gu,ComplexPhrase_Testing,punch_burglar_sg_chef_pl,chef,negid,1,straikim nork negidsagu,NA,NA,straikim nork negidsagu,NA,214,Fri Jun 15 14:00:20 2018
5b07,extrapolation,unmarked,initial,sa,gu,ComplexPhrase_Testing,punch_chef_sg_cowboy_pl,cowboy,tumbat,1,straikim negid tumbatsagu,NA,NA,straikim negid tumbatsagu,NA,215,Fri Jun 15 14:00:26 2018
5b07,extrapolation,unmarked,initial,sa,gu,ComplexPhrase_Testing,cowboy,NA,NA,,tumbat,NA,NA,tumbat,NA,216,Fri Jun 15 14:00:28 2018
5b07,extrapolation,unmarked,initial,sa,gu,ComplexPhrase_Testing,punch_waitress_sg_burglar_pl,burglar,NA,,straikim vaem norksagu,NA,NA,,NA,217,Fri Jun 15 14:00:32 2018
5b07,extrapolation,unmarked,initial,sa,gu,ComplexPhrase_Testing,point_cowboy_sg_chef_pl,chef,negid,,poinim tumbat negidsagu,NA,NA,poinim tumbat negidsagu,NA,218,Fri Jun 15 14:00:39 2018
5b07,extrapolation,unmarked,initial,sa,gu,ComplexPhrase_Testing,burglar_two,NA,NA,,norksa,NA,NA,norksa,NA,219,Fri Jun 15 14:00:42 2018
5b07,extrapolation,unmarked,initial,sa,gu,ComplexPhrase_Testing,punch_chef_sg_burglar_pl,burglar,nork,1,straikim negid norksagu,NA,NA,straikim negid norksagu,NA,220,Fri Jun 15 14:00:49 2018
5b07,extrapolation,unmarked,initial,sa,gu,ComplexPhrase_Testing,kick_cowboy_sg_burglar_pl,burglar,nork,1,kikim tumbat norksagu,NA,NA,kikim tumbat norksagu,NA,221,Fri Jun 15 14:00:52 2018
5b07,extrapolation,unmarked,initial,sa,gu,ComplexPhrase_Testing,point_waitress_sg_burglar_pl,burglar,nork,1,poinim vaem norksagu,NA,NA,poinim vaem norksagu,NA,222,Fri Jun 15 14:00:55 2018
5b07,extrapolation,unmarked,initial,sa,gu,ComplexPhrase_Testing,punch_chef_sg_waitress_sg,NA,NA,,straikim negid vaemgu,NA,NA,straikim negid vaemgu,NA,223,Fri Jun 15 14:01:02 2018
5b07,extrapolation,unmarked,initial,sa,gu,ComplexPhrase_Testing,point_cowboy_sg_chef_pl,chef,negid,1,poinim tumbat negidsagu,NA,NA,poinim tumbat negidsagu,NA,224,Fri Jun 15 14:01:11 2018
5b07,extrapolation,unmarked,initial,sa,gu,ComplexPhrase_Testing,point_chef_sg_burglar_pl,burglar,nork,1,poinim negid norksagu,NA,NA,poinim negid norksagu,NA,225,Fri Jun 15 14:01:17 2018
5b07,extrapolation,unmarked,initial,sa,gu,ComplexPhrase_Testing,kick_cowboy_sg_waitress_pl,waitress,vaem,1,kikim tumbat vaemsagu,NA,NA,kikim tumbat vaemsagu,NA,226,Fri Jun 15 14:01:20 2018
5b07,extrapolation,unmarked,initial,sa,gu,ComplexPhrase_Testing,punch_burglar_sg_chef_pl,chef,negid,1,straikim nork negidsagu,NA,NA,straikim nork negidsagu,NA,227,Fri Jun 15 14:01:25 2018
5b07,extrapolation,unmarked,initial,sa,gu,ComplexPhrase_Testing,punch_waitress_sg_burglar_pl,burglar,nork,1,straikim vaem norksagu,NA,NA,straikim vaem norksagu,NA,228,Fri Jun 15 14:01:28 2018
5b07,extrapolation,unmarked,initial,sa,gu,ComplexPhrase_Testing,point_cowboy_sg_burglar_sg,NA,NA,,poinim tumbat norkgu,NA,NA,poinim tumbat norkgu,NA,229,Fri Jun 15 14:01:32 2018
5b07,extrapolation,unmarked,initial,sa,gu,ComplexPhrase_Testing,point_burglar_pl_waitress_sg,NA,NA,,poinim norksa vaemgu,NA,NA,poinim norksa vaemgu,NA,230,Fri Jun 15 14:01:40 2018
5b07,extrapolation,unmarked,initial,sa,gu,Questionnaire,NA,NA,NA,,NA,NA,NA,,plural,MeaningNum,Fri Jun 15 14:02:57 2018
5b07,extrapolation,unmarked,initial,sa,gu,Questionnaire,NA,NA,NA,,NA,NA,NA,,"the person/object that receives the action, that the action is being done on",MeaningCase,Fri Jun 15 14:02:57 2018
5b07,extrapolation,unmarked,initial,sa,gu,Questionnaire,NA,NA,NA,,NA,NA,NA,,after,OrderNumNoun,Fri Jun 15 14:02:57 2018
5b07,extrapolation,unmarked,initial,sa,gu,Questionnaire,NA,NA,NA,,NA,NA,NA,,after,OrderCaseNoun,Fri Jun 15 14:02:57 2018
5b07,extrapolation,unmarked,initial,sa,gu,Questionnaire,NA,NA,NA,,NA,NA,NA,,"english, polish",Languages,Fri Jun 15 14:02:57 2018