ID,Condition,MajorityOrder,NounPosition,markerNum,markerCase,Phase,Meaning,NounItem,Noun,binaryResp,InputSentence,Selection,TypedResponse,SpokenResponse,AnswerQuest,Trial,date&time
6b06,extrapolation,unmarked,final,sa,ti,Noun_Training,waitress,NA,NA,,tumbat,NA,NA,,NA,1,Fri May 18 12:21:18 2018
6b06,extrapolation,unmarked,final,sa,ti,Noun_Training,cowboy,NA,NA,,vaem,NA,NA,,NA,2,Fri May 18 12:21:23 2018
6b06,extrapolation,unmarked,final,sa,ti,Noun_Training,chef,NA,NA,,negid,NA,NA,,NA,3,Fri May 18 12:21:27 2018
6b06,extrapolation,unmarked,final,sa,ti,Noun_Training,burglar,NA,NA,,nork,NA,NA,,NA,4,Fri May 18 12:21:32 2018
6b06,extrapolation,unmarked,final,sa,ti,Noun_Training,chef,NA,NA,,negid,NA,NA,,NA,5,Fri May 18 12:21:37 2018
6b06,extrapolation,unmarked,final,sa,ti,Noun_Training,cowboy,NA,NA,,vaem,NA,NA,,NA,6,Fri May 18 12:21:42 2018
6b06,extrapolation,unmarked,final,sa,ti,Noun_Training,waitress,NA,NA,,tumbat,NA,NA,,NA,7,Fri May 18 12:21:47 2018
6b06,extrapolation,unmarked,final,sa,ti,Noun_Training,waitress,NA,NA,,tumbat,NA,NA,,NA,8,Fri May 18 12:21:52 2018
6b06,extrapolation,unmarked,final,sa,ti,Noun_Training,waitress,NA,NA,,tumbat,NA,NA,,NA,9,Fri May 18 12:21:56 2018
6b06,extrapolation,unmarked,final,sa,ti,Noun_Training,chef,NA,NA,,negid,NA,NA,,NA,10,Fri May 18 12:22:01 2018
6b06,extrapolation,unmarked,final,sa,ti,Noun_Training,chef,NA,NA,,negid,NA,NA,,NA,11,Fri May 18 12:22:06 2018
6b06,extrapolation,unmarked,final,sa,ti,Noun_Training,cowboy,NA,NA,,vaem,NA,NA,,NA,12,Fri May 18 12:22:11 2018
6b06,extrapolation,unmarked,final,sa,ti,Noun_Training,waitress,NA,NA,,tumbat,NA,NA,,NA,13,Fri May 18 12:22:16 2018
6b06,extrapolation,unmarked,final,sa,ti,Noun_Training,chef,NA,NA,,negid,NA,NA,,NA,14,Fri May 18 12:22:20 2018
6b06,extrapolation,unmarked,final,sa,ti,Noun_Training,cowboy,NA,NA,,vaem,NA,NA,,NA,15,Fri May 18 12:22:25 2018
6b06,extrapolation,unmarked,final,sa,ti,Noun_Training,waitress,NA,NA,,tumbat,NA,NA,,NA,16,Fri May 18 12:22:30 2018
6b06,extrapolation,unmarked,final,sa,ti,Noun_Training,cowboy,NA,NA,,vaem,NA,NA,,NA,17,Fri May 18 12:22:35 2018
6b06,extrapolation,unmarked,final,sa,ti,Noun_Training,burglar,NA,NA,,nork,NA,NA,,NA,18,Fri May 18 12:22:40 2018
6b06,extrapolation,unmarked,final,sa,ti,Noun_Training,cowboy,NA,NA,,vaem,NA,NA,,NA,19,Fri May 18 12:22:45 2018
6b06,extrapolation,unmarked,final,sa,ti,Noun_Training,burglar,NA,NA,,nork,NA,NA,,NA,20,Fri May 18 12:22:49 2018
6b06,extrapolation,unmarked,final,sa,ti,Noun_Training,burglar,NA,NA,,nork,NA,NA,,NA,21,Fri May 18 12:22:54 2018
6b06,extrapolation,unmarked,final,sa,ti,Noun_Training,chef,NA,NA,,negid,NA,NA,,NA,22,Fri May 18 12:22:59 2018
6b06,extrapolation,unmarked,final,sa,ti,Noun_Training,burglar,NA,NA,,nork,NA,NA,,NA,23,Fri May 18 12:23:04 2018
6b06,extrapolation,unmarked,final,sa,ti,Noun_Training,burglar,NA,NA,,nork,NA,NA,,NA,24,Fri May 18 12:23:09 2018
6b06,extrapolation,unmarked,final,sa,ti,Noun_Selection,waitress,NA,NA,,tumbat,correct,NA,,NA,25,Fri May 18 12:23:31 2018
6b06,extrapolation,unmarked,final,sa,ti,Noun_Selection,chef,NA,NA,,negid,correct,NA,,NA,26,Fri May 18 12:23:34 2018
6b06,extrapolation,unmarked,final,sa,ti,Noun_Selection,cowboy,NA,NA,,vaem,correct,NA,,NA,27,Fri May 18 12:23:38 2018
6b06,extrapolation,unmarked,final,sa,ti,Noun_Selection,waitress,NA,NA,,tumbat,correct,NA,,NA,28,Fri May 18 12:23:42 2018
6b06,extrapolation,unmarked,final,sa,ti,Noun_Selection,chef,NA,NA,,negid,correct,NA,,NA,29,Fri May 18 12:23:45 2018
6b06,extrapolation,unmarked,final,sa,ti,Noun_Selection,burglar,NA,NA,,nork,correct,NA,,NA,30,Fri May 18 12:23:49 2018
6b06,extrapolation,unmarked,final,sa,ti,Noun_Selection,burglar,NA,NA,,nork,correct,NA,,NA,31,Fri May 18 12:23:52 2018
6b06,extrapolation,unmarked,final,sa,ti,Noun_Selection,waitress,NA,NA,,tumbat,correct,NA,,NA,32,Fri May 18 12:23:55 2018
6b06,extrapolation,unmarked,final,sa,ti,Noun_Selection,burglar,NA,NA,,nork,correct,NA,,NA,33,Fri May 18 12:23:58 2018
6b06,extrapolation,unmarked,final,sa,ti,Noun_Selection,chef,NA,NA,,negid,correct,NA,,NA,34,Fri May 18 12:24:02 2018
6b06,extrapolation,unmarked,final,sa,ti,Noun_Selection,cowboy,NA,NA,,vaem,correct,NA,,NA,35,Fri May 18 12:24:06 2018
6b06,extrapolation,unmarked,final,sa,ti,Noun_Selection,cowboy,NA,NA,,vaem,correct,NA,,NA,36,Fri May 18 12:24:09 2018
6b06,extrapolation,unmarked,final,sa,ti,Noun_Testing,waitress,NA,NA,,tumbat,NA,NA,tumbat,NA,37,Fri May 18 12:24:36 2018
6b06,extrapolation,unmarked,final,sa,ti,Noun_Testing,chef,NA,NA,,negid,NA,NA,negid,NA,38,Fri May 18 12:24:43 2018
6b06,extrapolation,unmarked,final,sa,ti,Noun_Testing,chef,NA,NA,,negid,NA,NA,negid,NA,39,Fri May 18 12:24:47 2018
6b06,extrapolation,unmarked,final,sa,ti,Noun_Testing,burglar,NA,NA,,nork,NA,NA,nork,NA,40,Fri May 18 12:24:52 2018
6b06,extrapolation,unmarked,final,sa,ti,Noun_Testing,cowboy,NA,NA,,vaem,NA,NA,vaem,NA,41,Fri May 18 12:24:56 2018
6b06,extrapolation,unmarked,final,sa,ti,Noun_Testing,burglar,NA,NA,,nork,NA,NA,nork,NA,42,Fri May 18 12:25:01 2018
6b06,extrapolation,unmarked,final,sa,ti,Noun_Testing,waitress,NA,NA,,tumbat,NA,NA,tumbat,NA,43,Fri May 18 12:25:05 2018
6b06,extrapolation,unmarked,final,sa,ti,Noun_Testing,waitress,NA,NA,,tumbat,NA,NA,tumbat,NA,44,Fri May 18 12:25:10 2018
6b06,extrapolation,unmarked,final,sa,ti,Noun_Testing,cowboy,NA,NA,,vaem,NA,NA,vaem,NA,45,Fri May 18 12:25:14 2018
6b06,extrapolation,unmarked,final,sa,ti,Noun_Testing,burglar,NA,NA,,nork,NA,NA,nork,NA,46,Fri May 18 12:25:19 2018
6b06,extrapolation,unmarked,final,sa,ti,Noun_Testing,cowboy,NA,NA,,vaem,NA,NA,vaem,NA,47,Fri May 18 12:25:24 2018
6b06,extrapolation,unmarked,final,sa,ti,Noun_Testing,chef,NA,NA,,negid,NA,NA,negid,NA,48,Fri May 18 12:25:28 2018
6b06,extrapolation,unmarked,final,sa,ti,SimplePhrase_Training,chef,NA,NA,,negid,NA,NA,,NA,49,Fri May 18 12:26:01 2018
6b06,extrapolation,unmarked,final,sa,ti,SimplePhrase_Training,kick_chef_sg_waitress_sg,NA,NA,,kikim negid titumbat,NA,NA,,NA,50,Fri May 18 12:26:08 2018
6b06,extrapolation,unmarked,final,sa,ti,SimplePhrase_Training,waitress_four,NA,NA,,satumbat,NA,NA,,NA,51,Fri May 18 12:26:13 2018
6b06,extrapolation,unmarked,final,sa,ti,SimplePhrase_Training,burglar_four,NA,NA,,sanork,NA,NA,,NA,52,Fri May 18 12:26:18 2018
6b06,extrapolation,unmarked,final,sa,ti,SimplePhrase_Training,cowboy_four,NA,NA,,savaem,NA,NA,,NA,53,Fri May 18 12:26:23 2018
6b06,extrapolation,unmarked,final,sa,ti,SimplePhrase_Training,kick_cowboy_sg_burglar_sg,NA,NA,,kikim vaem tinork,NA,NA,,NA,54,Fri May 18 12:26:31 2018
6b06,extrapolation,unmarked,final,sa,ti,SimplePhrase_Training,point_chef_sg_waitress_sg,NA,NA,,poinim negid titumbat,NA,NA,,NA,55,Fri May 18 12:26:38 2018
6b06,extrapolation,unmarked,final,sa,ti,SimplePhrase_Training,punch_waitress_pl_cowboy_sg,NA,NA,,straikim satumbat tivaem,NA,NA,,NA,56,Fri May 18 12:26:46 2018
6b06,extrapolation,unmarked,final,sa,ti,SimplePhrase_Training,kick_cowboy_sg_chef_sg,NA,NA,,kikim vaem tinegid,NA,NA,,NA,57,Fri May 18 12:26:53 2018
6b06,extrapolation,unmarked,final,sa,ti,SimplePhrase_Training,waitress_two,NA,NA,,satumbat,NA,NA,,NA,58,Fri May 18 12:26:58 2018
6b06,extrapolation,unmarked,final,sa,ti,SimplePhrase_Training,kick_cowboy_pl_waitress_sg,NA,NA,,kikim savaem titumbat,NA,NA,,NA,59,Fri May 18 12:27:05 2018
6b06,extrapolation,unmarked,final,sa,ti,SimplePhrase_Training,kick_waitress_pl_chef_sg,NA,NA,,kikim satumbat tinegid,NA,NA,,NA,60,Fri May 18 12:27:13 2018
6b06,extrapolation,unmarked,final,sa,ti,SimplePhrase_Training,chef_two,NA,NA,,sanegid,NA,NA,,NA,61,Fri May 18 12:27:18 2018
6b06,extrapolation,unmarked,final,sa,ti,SimplePhrase_Training,chef,NA,NA,,negid,NA,NA,,NA,62,Fri May 18 12:27:22 2018
6b06,extrapolation,unmarked,final,sa,ti,SimplePhrase_Training,punch_burglar_pl_chef_sg,NA,NA,,straikim sanork tinegid,NA,NA,,NA,63,Fri May 18 12:27:30 2018
6b06,extrapolation,unmarked,final,sa,ti,SimplePhrase_Training,cowboy_three,NA,NA,,savaem,NA,NA,,NA,64,Fri May 18 12:27:35 2018
6b06,extrapolation,unmarked,final,sa,ti,SimplePhrase_Training,kick_waitress_sg_burglar_sg,NA,NA,,kikim tumbat tinork,NA,NA,,NA,65,Fri May 18 12:27:42 2018
6b06,extrapolation,unmarked,final,sa,ti,SimplePhrase_Training,chef_four,NA,NA,,sanegid,NA,NA,,NA,66,Fri May 18 12:27:47 2018
6b06,extrapolation,unmarked,final,sa,ti,SimplePhrase_Training,waitress,NA,NA,,tumbat,NA,NA,,NA,67,Fri May 18 12:27:52 2018
6b06,extrapolation,unmarked,final,sa,ti,SimplePhrase_Training,kick_chef_pl_cowboy_sg,NA,NA,,kikim sanegid tivaem,NA,NA,,NA,68,Fri May 18 12:27:59 2018
6b06,extrapolation,unmarked,final,sa,ti,SimplePhrase_Training,burglar,NA,NA,,nork,NA,NA,,NA,69,Fri May 18 12:28:04 2018
6b06,extrapolation,unmarked,final,sa,ti,SimplePhrase_Training,kick_waitress_sg_cowboy_sg,NA,NA,,kikim tumbat tivaem,NA,NA,,NA,70,Fri May 18 12:28:12 2018
6b06,extrapolation,unmarked,final,sa,ti,SimplePhrase_Training,kick_burglar_pl_cowboy_sg,NA,NA,,kikim sanork tivaem,NA,NA,,NA,71,Fri May 18 12:28:19 2018
6b06,extrapolation,unmarked,final,sa,ti,SimplePhrase_Training,point_burglar_sg_cowboy_sg,NA,NA,,poinim nork tivaem,NA,NA,,NA,72,Fri May 18 12:28:26 2018
6b06,extrapolation,unmarked,final,sa,ti,SimplePhrase_Training,point_cowboy_sg_chef_sg,NA,NA,,poinim vaem tinegid,NA,NA,,NA,73,Fri May 18 12:28:33 2018
6b06,extrapolation,unmarked,final,sa,ti,SimplePhrase_Training,point_chef_sg_cowboy_sg,NA,NA,,poinim negid tivaem,NA,NA,,NA,74,Fri May 18 12:28:40 2018
6b06,extrapolation,unmarked,final,sa,ti,SimplePhrase_Training,punch_chef_sg_waitress_sg,NA,NA,,straikim negid titumbat,NA,NA,,NA,75,Fri May 18 12:28:48 2018
6b06,extrapolation,unmarked,final,sa,ti,SimplePhrase_Training,cowboy_two,NA,NA,,savaem,NA,NA,,NA,76,Fri May 18 12:28:53 2018
6b06,extrapolation,unmarked,final,sa,ti,SimplePhrase_Training,punch_burglar_sg_waitress_sg,NA,NA,,straikim nork titumbat,NA,NA,,NA,77,Fri May 18 12:29:01 2018
6b06,extrapolation,unmarked,final,sa,ti,SimplePhrase_Training,kick_burglar_sg_chef_sg,NA,NA,,kikim nork tinegid,NA,NA,,NA,78,Fri May 18 12:29:08 2018
6b06,extrapolation,unmarked,final,sa,ti,SimplePhrase_Training,point_waitress_pl_burglar_sg,NA,NA,,poinim satumbat tinork,NA,NA,,NA,79,Fri May 18 12:29:15 2018
6b06,extrapolation,unmarked,final,sa,ti,SimplePhrase_Training,point_burglar_pl_waitress_sg,NA,NA,,poinim sanork titumbat,NA,NA,,NA,80,Fri May 18 12:29:23 2018
6b06,extrapolation,unmarked,final,sa,ti,SimplePhrase_Training,punch_chef_pl_burglar_sg,NA,NA,,straikim sanegid tinork,NA,NA,,NA,81,Fri May 18 12:29:31 2018
6b06,extrapolation,unmarked,final,sa,ti,SimplePhrase_Training,punch_burglar_pl_cowboy_sg,NA,NA,,straikim sanork tivaem,NA,NA,,NA,82,Fri May 18 12:29:38 2018
6b06,extrapolation,unmarked,final,sa,ti,SimplePhrase_Training,punch_cowboy_pl_burglar_sg,NA,NA,,straikim savaem tinork,NA,NA,,NA,83,Fri May 18 12:29:46 2018
6b06,extrapolation,unmarked,final,sa,ti,SimplePhrase_Training,punch_cowboy_pl_chef_sg,NA,NA,,straikim savaem tinegid,NA,NA,,NA,84,Fri May 18 12:29:53 2018
6b06,extrapolation,unmarked,final,sa,ti,SimplePhrase_Training,point_waitress_sg_cowboy_sg,NA,NA,,poinim tumbat tivaem,NA,NA,,NA,85,Fri May 18 12:30:01 2018
6b06,extrapolation,unmarked,final,sa,ti,SimplePhrase_Training,burglar_four,NA,NA,,sanork,NA,NA,,NA,86,Fri May 18 12:30:06 2018
6b06,extrapolation,unmarked,final,sa,ti,SimplePhrase_Training,point_burglar_sg_chef_sg,NA,NA,,poinim nork tinegid,NA,NA,,NA,87,Fri May 18 12:30:13 2018
6b06,extrapolation,unmarked,final,sa,ti,SimplePhrase_Training,kick_chef_sg_burglar_sg,NA,NA,,kikim negid tinork,NA,NA,,NA,88,Fri May 18 12:30:20 2018
6b06,extrapolation,unmarked,final,sa,ti,SimplePhrase_Training,point_chef_pl_burglar_sg,NA,NA,,poinim sanegid tinork,NA,NA,,NA,89,Fri May 18 12:30:28 2018
6b06,extrapolation,unmarked,final,sa,ti,SimplePhrase_Training,chef_four,NA,NA,,sanegid,NA,NA,,NA,90,Fri May 18 12:30:33 2018
6b06,extrapolation,unmarked,final,sa,ti,SimplePhrase_Training,punch_cowboy_pl_waitress_sg,NA,NA,,straikim savaem titumbat,NA,NA,,NA,91,Fri May 18 12:30:40 2018
6b06,extrapolation,unmarked,final,sa,ti,SimplePhrase_Training,waitress_four,NA,NA,,satumbat,NA,NA,,NA,92,Fri May 18 12:30:46 2018
6b06,extrapolation,unmarked,final,sa,ti,SimplePhrase_Training,punch_chef_pl_cowboy_sg,NA,NA,,straikim sanegid tivaem,NA,NA,,NA,93,Fri May 18 12:30:53 2018
6b06,extrapolation,unmarked,final,sa,ti,SimplePhrase_Training,chef_three,NA,NA,,sanegid,NA,NA,,NA,94,Fri May 18 12:30:58 2018
6b06,extrapolation,unmarked,final,sa,ti,SimplePhrase_Training,chef_two,NA,NA,,sanegid,NA,NA,,NA,95,Fri May 18 12:31:03 2018
6b06,extrapolation,unmarked,final,sa,ti,SimplePhrase_Training,kick_burglar_sg_waitress_sg,NA,NA,,kikim nork titumbat,NA,NA,,NA,96,Fri May 18 12:31:10 2018
6b06,extrapolation,unmarked,final,sa,ti,SimplePhrase_Training,point_cowboy_pl_burglar_sg,NA,NA,,poinim savaem tinork,NA,NA,,NA,97,Fri May 18 12:31:18 2018
6b06,extrapolation,unmarked,final,sa,ti,SimplePhrase_Training,burglar_two,NA,NA,,sanork,NA,NA,,NA,98,Fri May 18 12:31:23 2018
6b06,extrapolation,unmarked,final,sa,ti,SimplePhrase_Training,punch_waitress_pl_chef_sg,NA,NA,,straikim satumbat tinegid,NA,NA,,NA,99,Fri May 18 12:31:31 2018
6b06,extrapolation,unmarked,final,sa,ti,SimplePhrase_Training,cowboy,NA,NA,,vaem,NA,NA,,NA,100,Fri May 18 12:31:35 2018
6b06,extrapolation,unmarked,final,sa,ti,SimplePhrase_Training,waitress,NA,NA,,tumbat,NA,NA,,NA,101,Fri May 18 12:31:40 2018
6b06,extrapolation,unmarked,final,sa,ti,SimplePhrase_Training,point_cowboy_pl_waitress_sg,NA,NA,,poinim savaem titumbat,NA,NA,,NA,102,Fri May 18 12:31:48 2018
6b06,extrapolation,unmarked,final,sa,ti,SimplePhrase_Training,point_waitress_sg_chef_sg,NA,NA,,poinim tumbat tinegid,NA,NA,,NA,103,Fri May 18 12:31:55 2018
6b06,extrapolation,unmarked,final,sa,ti,SimplePhrase_Training,cowboy,NA,NA,,vaem,NA,NA,,NA,104,Fri May 18 12:32:00 2018
6b06,extrapolation,unmarked,final,sa,ti,SimplePhrase_Training,waitress_three,NA,NA,,satumbat,NA,NA,,NA,105,Fri May 18 12:32:05 2018
6b06,extrapolation,unmarked,final,sa,ti,SimplePhrase_Training,burglar,NA,NA,,nork,NA,NA,,NA,106,Fri May 18 12:32:10 2018
6b06,extrapolation,unmarked,final,sa,ti,SimplePhrase_Training,burglar_three,NA,NA,,sanork,NA,NA,,NA,107,Fri May 18 12:32:15 2018
6b06,extrapolation,unmarked,final,sa,ti,SimplePhrase_Training,burglar_two,NA,NA,,sanork,NA,NA,,NA,108,Fri May 18 12:32:20 2018
6b06,extrapolation,unmarked,final,sa,ti,SimplePhrase_Training,waitress_two,NA,NA,,satumbat,NA,NA,,NA,109,Fri May 18 12:32:25 2018
6b06,extrapolation,unmarked,final,sa,ti,SimplePhrase_Training,punch_waitress_sg_burglar_sg,NA,NA,,straikim tumbat tinork,NA,NA,,NA,110,Fri May 18 12:32:33 2018
6b06,extrapolation,unmarked,final,sa,ti,SimplePhrase_Comprehension,kick_burglar_sg_cowboy_sg,NA,NA,,kikim nork tivaem,correct,NA,,NA,111,Fri May 18 12:33:03 2018
6b06,extrapolation,unmarked,final,sa,ti,SimplePhrase_Comprehension,waitress_three,NA,NA,,satumbat,correct,NA,,NA,112,Fri May 18 12:33:07 2018
6b06,extrapolation,unmarked,final,sa,ti,SimplePhrase_Comprehension,kick_cowboy_pl_burglar_sg,NA,NA,,kikim savaem tinork,correct,NA,,NA,113,Fri May 18 12:33:15 2018
6b06,extrapolation,unmarked,final,sa,ti,SimplePhrase_Comprehension,kick_waitress_pl_cowboy_sg,NA,NA,,kikim satumbat tivaem,correct,NA,,NA,114,Fri May 18 12:33:21 2018
6b06,extrapolation,unmarked,final,sa,ti,SimplePhrase_Comprehension,burglar,NA,NA,,nork,correct,NA,,NA,115,Fri May 18 12:33:25 2018
6b06,extrapolation,unmarked,final,sa,ti,SimplePhrase_Comprehension,kick_burglar_pl_waitress_sg,NA,NA,,kikim sanork titumbat,correct,NA,,NA,116,Fri May 18 12:33:31 2018
6b06,extrapolation,unmarked,final,sa,ti,SimplePhrase_Comprehension,chef,NA,NA,,negid,correct,NA,,NA,117,Fri May 18 12:33:35 2018
6b06,extrapolation,unmarked,final,sa,ti,SimplePhrase_Comprehension,point_waitress_pl_cowboy_sg,NA,NA,,poinim satumbat tivaem,correct,NA,,NA,118,Fri May 18 12:33:40 2018
6b06,extrapolation,unmarked,final,sa,ti,SimplePhrase_Comprehension,kick_burglar_pl_chef_sg,NA,NA,,kikim sanork tinegid,correct,NA,,NA,119,Fri May 18 12:33:46 2018
6b06,extrapolation,unmarked,final,sa,ti,SimplePhrase_Comprehension,punch_chef_sg_burglar_sg,NA,NA,,straikim negid tinork,correct,NA,,NA,120,Fri May 18 12:33:52 2018
6b06,extrapolation,unmarked,final,sa,ti,SimplePhrase_Comprehension,kick_cowboy_sg_waitress_sg,NA,NA,,kikim vaem titumbat,correct,NA,,NA,121,Fri May 18 12:33:58 2018
6b06,extrapolation,unmarked,final,sa,ti,SimplePhrase_Comprehension,point_cowboy_sg_waitress_sg,NA,NA,,poinim vaem titumbat,correct,NA,,NA,122,Fri May 18 12:34:04 2018
6b06,extrapolation,unmarked,final,sa,ti,SimplePhrase_Comprehension,chef_four,NA,NA,,sanegid,correct,NA,,NA,123,Fri May 18 12:34:08 2018
6b06,extrapolation,unmarked,final,sa,ti,SimplePhrase_Comprehension,point_chef_sg_burglar_sg,NA,NA,,poinim negid tinork,correct,NA,,NA,124,Fri May 18 12:34:14 2018
6b06,extrapolation,unmarked,final,sa,ti,SimplePhrase_Comprehension,point_burglar_pl_chef_sg,NA,NA,,poinim sanork tinegid,correct,NA,,NA,125,Fri May 18 12:34:21 2018
6b06,extrapolation,unmarked,final,sa,ti,SimplePhrase_Comprehension,burglar_three,NA,NA,,sanork,correct,NA,,NA,126,Fri May 18 12:34:25 2018
6b06,extrapolation,unmarked,final,sa,ti,SimplePhrase_Comprehension,cowboy_three,NA,NA,,savaem,correct,NA,,NA,127,Fri May 18 12:34:29 2018
6b06,extrapolation,unmarked,final,sa,ti,SimplePhrase_Comprehension,chef_three,NA,NA,,sanegid,correct,NA,,NA,128,Fri May 18 12:34:33 2018
6b06,extrapolation,unmarked,final,sa,ti,SimplePhrase_Comprehension,punch_cowboy_sg_burglar_sg,NA,NA,,straikim vaem tinork,correct,NA,,NA,129,Fri May 18 12:34:39 2018
6b06,extrapolation,unmarked,final,sa,ti,SimplePhrase_Comprehension,punch_burglar_pl_waitress_sg,NA,NA,,straikim sanork titumbat,correct,NA,,NA,130,Fri May 18 12:34:45 2018
6b06,extrapolation,unmarked,final,sa,ti,SimplePhrase_Comprehension,kick_cowboy_pl_chef_sg,NA,NA,,kikim savaem tinegid,correct,NA,,NA,131,Fri May 18 12:34:51 2018
6b06,extrapolation,unmarked,final,sa,ti,SimplePhrase_Comprehension,waitress_four,NA,NA,,satumbat,correct,NA,,NA,132,Fri May 18 12:34:55 2018
6b06,extrapolation,unmarked,final,sa,ti,SimplePhrase_Comprehension,point_chef_pl_waitress_sg,NA,NA,,poinim sanegid titumbat,correct,NA,,NA,133,Fri May 18 12:35:01 2018
6b06,extrapolation,unmarked,final,sa,ti,SimplePhrase_Comprehension,point_burglar_sg_waitress_sg,NA,NA,,poinim nork titumbat,correct,NA,,NA,134,Fri May 18 12:35:06 2018
6b06,extrapolation,unmarked,final,sa,ti,SimplePhrase_Comprehension,burglar_four,NA,NA,,sanork,correct,NA,,NA,135,Fri May 18 12:35:11 2018
6b06,extrapolation,unmarked,final,sa,ti,SimplePhrase_Comprehension,kick_waitress_pl_burglar_sg,NA,NA,,kikim satumbat tinork,correct,NA,,NA,136,Fri May 18 12:35:16 2018
6b06,extrapolation,unmarked,final,sa,ti,SimplePhrase_Comprehension,cowboy,NA,NA,,vaem,correct,NA,,NA,137,Fri May 18 12:35:20 2018
6b06,extrapolation,unmarked,final,sa,ti,SimplePhrase_Comprehension,punch_cowboy_sg_chef_sg,NA,NA,,straikim vaem tinegid,correct,NA,,NA,138,Fri May 18 12:35:27 2018
6b06,extrapolation,unmarked,final,sa,ti,SimplePhrase_Comprehension,burglar_two,NA,NA,,sanork,correct,NA,,NA,139,Fri May 18 12:35:31 2018
6b06,extrapolation,unmarked,final,sa,ti,SimplePhrase_Comprehension,waitress,NA,NA,,tumbat,correct,NA,,NA,140,Fri May 18 12:35:35 2018
6b06,extrapolation,unmarked,final,sa,ti,SimplePhrase_Comprehension,point_cowboy_sg_burglar_sg,NA,NA,,poinim vaem tinork,correct,NA,,NA,141,Fri May 18 12:35:41 2018
6b06,extrapolation,unmarked,final,sa,ti,SimplePhrase_Comprehension,cowboy_two,NA,NA,,savaem,correct,NA,,NA,142,Fri May 18 12:35:45 2018
6b06,extrapolation,unmarked,final,sa,ti,SimplePhrase_Comprehension,waitress_two,NA,NA,,satumbat,correct,NA,,NA,143,Fri May 18 12:35:50 2018
6b06,extrapolation,unmarked,final,sa,ti,SimplePhrase_Comprehension,punch_waitress_sg_cowboy_sg,NA,NA,,straikim tumbat tivaem,correct,NA,,NA,144,Fri May 18 12:35:55 2018
6b06,extrapolation,unmarked,final,sa,ti,SimplePhrase_Typing,waitress_two,NA,NA,,satumbat,NA,satumbat,,NA,145,Fri May 18 12:36:27 2018
6b06,extrapolation,unmarked,final,sa,ti,SimplePhrase_Typing,waitress,NA,NA,,tumbat,NA,tumbat,,NA,146,Fri May 18 12:36:37 2018
6b06,extrapolation,unmarked,final,sa,ti,SimplePhrase_Typing,kick_waitress_sg_burglar_sg,NA,NA,,kikim tumbat tinork,NA,kikim tumbat tinork,,NA,147,Fri May 18 12:36:49 2018
6b06,extrapolation,unmarked,final,sa,ti,SimplePhrase_Typing,burglar_three,NA,NA,,sanork,NA,sanork,,NA,148,Fri May 18 12:36:56 2018
6b06,extrapolation,unmarked,final,sa,ti,SimplePhrase_Typing,cowboy,NA,NA,,vaem,NA,vaem,,NA,149,Fri May 18 12:37:01 2018
6b06,extrapolation,unmarked,final,sa,ti,SimplePhrase_Typing,kick_chef_sg_burglar_sg,NA,NA,,kikim negid tinork,NA,kikim negid tinork,,NA,150,Fri May 18 12:37:12 2018
6b06,extrapolation,unmarked,final,sa,ti,SimplePhrase_Typing,punch_burglar_pl_cowboy_sg,NA,NA,,straikim sanork tivaem,NA,straikim sanork tivaem,,NA,151,Fri May 18 12:37:23 2018
6b06,extrapolation,unmarked,final,sa,ti,SimplePhrase_Typing,kick_waitress_pl_chef_sg,NA,NA,,kikim satumbat tinegid,NA,kikim satumbat tinegid,,NA,152,Fri May 18 12:37:33 2018
6b06,extrapolation,unmarked,final,sa,ti,SimplePhrase_Typing,chef_four,NA,NA,,sanegid,NA,sanegid,,NA,153,Fri May 18 12:37:42 2018
6b06,extrapolation,unmarked,final,sa,ti,SimplePhrase_Typing,chef,NA,NA,,negid,NA,negid,,NA,154,Fri May 18 12:37:49 2018
6b06,extrapolation,unmarked,final,sa,ti,SimplePhrase_Typing,kick_burglar_sg_chef_sg,NA,NA,,kikim nork tinegid,NA,kikim nork tinegid,,NA,155,Fri May 18 12:38:00 2018
6b06,extrapolation,unmarked,final,sa,ti,SimplePhrase_Typing,burglar,NA,NA,,nork,NA,nork,,NA,156,Fri May 18 12:38:08 2018
6b06,extrapolation,unmarked,final,sa,ti,SimplePhrase_Typing,point_cowboy_sg_chef_sg,NA,NA,,poinim vaem tinegid,NA,poinim caem tinegid,,NA,157,Fri May 18 12:38:17 2018
6b06,extrapolation,unmarked,final,sa,ti,SimplePhrase_Typing,punch_cowboy_pl_burglar_sg,NA,NA,,straikim savaem tinork,NA,straikim savaem tinork,,NA,158,Fri May 18 12:38:29 2018
6b06,extrapolation,unmarked,final,sa,ti,SimplePhrase_Typing,point_cowboy_pl_waitress_sg,NA,NA,,poinim savaem titumbat,NA,poinim savaem titumbat,,NA,159,Fri May 18 12:38:40 2018
6b06,extrapolation,unmarked,final,sa,ti,SimplePhrase_Typing,chef_three,NA,NA,,sanegid,NA,sanegid,,NA,160,Fri May 18 12:38:46 2018
6b06,extrapolation,unmarked,final,sa,ti,ComplexPhrase_Typing,kick_waitress_sg_cowboy_pl,cowboy,vaem,1,kikim tumbat tisavaem,NA,kikim tumbat tisavaem,,NA,161,Fri May 18 12:39:19 2018
6b06,extrapolation,unmarked,final,sa,ti,ComplexPhrase_Typing,punch_chef_sg_cowboy_pl,cowboy,vaem,1,straikim negid tisavaem,NA,straikim negid tisavaem,,NA,162,Fri May 18 12:39:30 2018
6b06,extrapolation,unmarked,final,sa,ti,ComplexPhrase_Typing,point_cowboy_sg_chef_pl,chef,negid,1,poinim vaem tisanegid,NA,poinim vaem tisanegid,,NA,163,Fri May 18 12:39:37 2018
6b06,extrapolation,unmarked,final,sa,ti,ComplexPhrase_Typing,punch_chef_sg_burglar_pl,burglar,nork,1,straikim negid tisanork,NA,straikim negid tisanork,,NA,164,Fri May 18 12:39:43 2018
6b06,extrapolation,unmarked,final,sa,ti,ComplexPhrase_Typing,punch_chef_sg_burglar_pl,burglar,nork,1,straikim negid tisanork,NA,straikim negid tisanork,,NA,165,Fri May 18 12:39:52 2018
6b06,extrapolation,unmarked,final,sa,ti,ComplexPhrase_Typing,kick_waitress_sg_cowboy_pl,cowboy,vaem,1,kikim tumbat tisavaem,NA,kikim tumbat tisavaem,,NA,166,Fri May 18 12:39:58 2018
6b06,extrapolation,unmarked,final,sa,ti,ComplexPhrase_Typing,point_cowboy_sg_chef_pl,chef,negid,1,poinim vaem tisanegid,NA,poinim vaem tisanegid,,NA,167,Fri May 18 12:40:07 2018
6b06,extrapolation,unmarked,final,sa,ti,ComplexPhrase_Typing,punch_chef_sg_cowboy_pl,cowboy,vaem,1,straikim negid tisavaem,NA,straikim negid tisavaem,,NA,168,Fri May 18 12:40:13 2018
6b06,extrapolation,unmarked,final,sa,ti,ComplexPhrase_Typing,kick_waitress_sg_cowboy_pl,cowboy,vaem,1,kikim tumbat tisavaem,NA,kikim tumbat tisavaem,,NA,169,Fri May 18 12:40:21 2018
6b06,extrapolation,unmarked,final,sa,ti,ComplexPhrase_Typing,punch_chef_sg_burglar_pl,burglar,nork,1,straikim negid tisanork,NA,straikim negid tisanork,,NA,170,Fri May 18 12:40:34 2018
6b06,extrapolation,unmarked,final,sa,ti,ComplexPhrase_Typing,punch_chef_sg_cowboy_pl,cowboy,vaem,1,straikim negid tisavaem,NA,straikim negid tisavaem,,NA,171,Fri May 18 12:40:42 2018
6b06,extrapolation,unmarked,final,sa,ti,ComplexPhrase_Typing,point_cowboy_sg_chef_pl,chef,negid,1,poinim vaem tisanegid,NA,poinim vaem tisanegid,,NA,172,Fri May 18 12:40:47 2018
6b06,extrapolation,unmarked,final,sa,ti,ComplexPhrase_Testing,point_burglar_pl_chef_sg,NA,NA,,poinim sanork tinegid,NA,NA,…,NA,173,Fri May 18 12:41:20 2018
6b06,extrapolation,unmarked,final,sa,ti,ComplexPhrase_Testing,punch_cowboy_sg_chef_pl,chef,negid,1,straikim vaem tisanegid,NA,NA,straikim vaem tisanegid,NA,174,Fri May 18 12:41:31 2018
6b06,extrapolation,unmarked,final,sa,ti,ComplexPhrase_Testing,waitress,NA,NA,,tumbat,NA,NA,tumbat,NA,175,Fri May 18 12:41:35 2018
6b06,extrapolation,unmarked,final,sa,ti,ComplexPhrase_Testing,punch_cowboy_sg_chef_pl,chef,negid,1,straikim vaem tisanegid,NA,NA,straikim vaem tisanegid,NA,176,Fri May 18 12:41:45 2018
6b06,extrapolation,unmarked,final,sa,ti,ComplexPhrase_Testing,chef_three,NA,NA,,sanegid,NA,NA,sanegid,NA,177,Fri May 18 12:41:48 2018
6b06,extrapolation,unmarked,final,sa,ti,ComplexPhrase_Testing,kick_waitress_sg_cowboy_pl,cowboy,vaem,1,kikim tumbat tisavaem,NA,NA,kikim tumbat tisavaem,NA,178,Fri May 18 12:41:55 2018
6b06,extrapolation,unmarked,final,sa,ti,ComplexPhrase_Testing,waitress_two,NA,NA,,satumbat,NA,NA,satumbat,NA,179,Fri May 18 12:41:58 2018
6b06,extrapolation,unmarked,final,sa,ti,ComplexPhrase_Testing,kick_chef_sg_burglar_pl,burglar,nork,1,kikim negid tisanork,NA,NA,kikim negid tisanork,NA,180,Fri May 18 12:42:06 2018
6b06,extrapolation,unmarked,final,sa,ti,ComplexPhrase_Testing,chef_four,NA,NA,,sanegid,NA,NA,sanegid,NA,181,Fri May 18 12:42:09 2018
6b06,extrapolation,unmarked,final,sa,ti,ComplexPhrase_Testing,point_chef_sg_waitress_sg,NA,NA,,poinim negid titumbat,NA,NA,poinim negid titumbat,NA,182,Fri May 18 12:42:15 2018
6b06,extrapolation,unmarked,final,sa,ti,ComplexPhrase_Testing,point_cowboy_sg_chef_pl,chef,negid,1,poinim vaem tisanegid,NA,NA,poinim vaem tisanegid,NA,183,Fri May 18 12:42:23 2018
6b06,extrapolation,unmarked,final,sa,ti,ComplexPhrase_Testing,kick_waitress_sg_cowboy_pl,cowboy,vaem,1,kikim tumbat tisavaem,NA,NA,kikim tumbat tisavaem,NA,184,Fri May 18 12:42:29 2018
6b06,extrapolation,unmarked,final,sa,ti,ComplexPhrase_Testing,point_cowboy_sg_burglar_pl,burglar,nork,1,poinim vaem tisanork,NA,NA,poinim vaem tisanork,NA,185,Fri May 18 12:42:35 2018
6b06,extrapolation,unmarked,final,sa,ti,ComplexPhrase_Testing,point_cowboy_sg_burglar_sg,NA,NA,,poinim vaem tinork,NA,NA,poinim vaem tinork,NA,186,Fri May 18 12:42:38 2018
6b06,extrapolation,unmarked,final,sa,ti,ComplexPhrase_Testing,point_cowboy_sg_burglar_pl,burglar,nork,1,poinim vaem tisanork,NA,NA,poinim vaem tisanork,NA,187,Fri May 18 12:42:46 2018
6b06,extrapolation,unmarked,final,sa,ti,ComplexPhrase_Testing,point_waitress_pl_cowboy_sg,NA,NA,,poinim satumbat tivaem,NA,NA,poinim satumbat tivaem,NA,188,Fri May 18 12:42:51 2018
6b06,extrapolation,unmarked,final,sa,ti,ComplexPhrase_Testing,punch_chef_sg_cowboy_pl,cowboy,vaem,1,straikim negid tisavaem,NA,NA,straikim negid tisavaem,NA,189,Fri May 18 12:42:59 2018
6b06,extrapolation,unmarked,final,sa,ti,ComplexPhrase_Testing,punch_cowboy_sg_waitress_pl,waitress,tumbat,1,straikim vaem tisatumbat,NA,NA,straikim vaem tisatumbat,NA,190,Fri May 18 12:43:04 2018
6b06,extrapolation,unmarked,final,sa,ti,ComplexPhrase_Testing,kick_burglar_sg_cowboy_pl,cowboy,vaem,1,kikim nork tisavaem,NA,NA,kikim nork tisavaem,NA,191,Fri May 18 12:43:08 2018
6b06,extrapolation,unmarked,final,sa,ti,ComplexPhrase_Testing,punch_chef_sg_cowboy_pl,cowboy,vaem,1,straikim negid tisavaem,NA,NA,straikim negid tisavaem,NA,192,Fri May 18 12:43:13 2018
6b06,extrapolation,unmarked,final,sa,ti,ComplexPhrase_Testing,kick_burglar_sg_cowboy_pl,cowboy,vaem,1,kikim nork tisavaem,NA,NA,kikim nork tisavaem,NA,193,Fri May 18 12:43:17 2018
6b06,extrapolation,unmarked,final,sa,ti,ComplexPhrase_Testing,waitress_four,NA,NA,,satumbat,NA,NA,satumbat,NA,194,Fri May 18 12:43:19 2018
6b06,extrapolation,unmarked,final,sa,ti,ComplexPhrase_Testing,point_cowboy_sg_waitress_pl,waitress,tumbat,1,poinim vaem tisatumbat,NA,NA,poinim vaem tisatumbat,NA,195,Fri May 18 12:43:26 2018
6b06,extrapolation,unmarked,final,sa,ti,ComplexPhrase_Testing,point_cowboy_sg_waitress_pl,waitress,tumbat,1,poinim vaem tisatumbat,NA,NA,poinim vaem tisatumbat,NA,196,Fri May 18 12:43:30 2018
6b06,extrapolation,unmarked,final,sa,ti,ComplexPhrase_Testing,point_cowboy_sg_burglar_pl,burglar,nork,1,poinim vaem tisanork,NA,NA,poinim vaem tisanork,NA,197,Fri May 18 12:43:33 2018
6b06,extrapolation,unmarked,final,sa,ti,ComplexPhrase_Testing,punch_waitress_sg_chef_pl,chef,negid,1,straikim tumbat tisanegid,NA,NA,straikim tumbat tisanegid,NA,198,Fri May 18 12:43:39 2018
6b06,extrapolation,unmarked,final,sa,ti,ComplexPhrase_Testing,burglar_two,NA,NA,,sanork,NA,NA,sanork,NA,199,Fri May 18 12:43:41 2018
6b06,extrapolation,unmarked,final,sa,ti,ComplexPhrase_Testing,punch_cowboy_sg_chef_pl,chef,negid,1,straikim vaem tisanegid,NA,NA,straikim vaem tisanegid,NA,200,Fri May 18 12:43:47 2018
6b06,extrapolation,unmarked,final,sa,ti,ComplexPhrase_Testing,punch_chef_sg_cowboy_pl,cowboy,vaem,1,straikim negid tisavaem,NA,NA,straikim negid tisavaem,NA,201,Fri May 18 12:43:50 2018
6b06,extrapolation,unmarked,final,sa,ti,ComplexPhrase_Testing,punch_waitress_sg_chef_pl,chef,negid,1,straikim tumbat tisanegid,NA,NA,straikim tumbat tisanegid,NA,202,Fri May 18 12:43:53 2018
6b06,extrapolation,unmarked,final,sa,ti,ComplexPhrase_Testing,kick_chef_sg_burglar_pl,burglar,nork,1,kikim negid tisanork,NA,NA,kikim negid tisanork,NA,203,Fri May 18 12:43:58 2018
6b06,extrapolation,unmarked,final,sa,ti,ComplexPhrase_Testing,point_cowboy_pl_waitress_sg,NA,NA,,poinim savaem titumbat,NA,NA,poinim savaem titumbat,NA,204,Fri May 18 12:44:03 2018
6b06,extrapolation,unmarked,final,sa,ti,ComplexPhrase_Testing,kick_waitress_sg_cowboy_pl,cowboy,vaem,1,kikim tumbat tisavaem,NA,NA,kikim tumbat tisavaem,NA,205,Fri May 18 12:44:10 2018
6b06,extrapolation,unmarked,final,sa,ti,ComplexPhrase_Testing,punch_chef_sg_waitress_pl,waitress,tumbat,1,straikim negid tisatumbat,NA,NA,straikim negid tisatumbat,NA,206,Fri May 18 12:44:14 2018
6b06,extrapolation,unmarked,final,sa,ti,ComplexPhrase_Testing,burglar,NA,NA,,nork,NA,NA,nork,NA,207,Fri May 18 12:44:16 2018
6b06,extrapolation,unmarked,final,sa,ti,ComplexPhrase_Testing,point_waitress_pl_chef_sg,NA,NA,,poinim satumbat tinegid,NA,NA,poinim satumbat tinegid,NA,208,Fri May 18 12:44:21 2018
6b06,extrapolation,unmarked,final,sa,ti,ComplexPhrase_Testing,kick_cowboy_pl_burglar_sg,NA,NA,,kikim savaem tinork,NA,NA,kikim savaem tinork,NA,209,Fri May 18 12:44:29 2018
6b06,extrapolation,unmarked,final,sa,ti,ComplexPhrase_Testing,chef,NA,NA,,negid,NA,NA,negid,NA,210,Fri May 18 12:44:35 2018
6b06,extrapolation,unmarked,final,sa,ti,ComplexPhrase_Testing,point_burglar_pl_waitress_sg,NA,NA,,poinim sanork titumbat,NA,NA,poinim sanork titumbat,NA,211,Fri May 18 12:44:40 2018
6b06,extrapolation,unmarked,final,sa,ti,ComplexPhrase_Testing,point_cowboy_sg_waitress_sg,NA,NA,,poinim vaem titumbat,NA,NA,poinim vaem titumbat,NA,212,Fri May 18 12:44:47 2018
6b06,extrapolation,unmarked,final,sa,ti,ComplexPhrase_Testing,kick_burglar_sg_cowboy_pl,cowboy,vaem,1,kikim nork tisavaem,NA,NA,kikim nork tisavaem,NA,213,Fri May 18 12:44:54 2018
6b06,extrapolation,unmarked,final,sa,ti,ComplexPhrase_Testing,cowboy_four,NA,NA,,savaem,NA,NA,savaem,NA,214,Fri May 18 12:44:56 2018
6b06,extrapolation,unmarked,final,sa,ti,ComplexPhrase_Testing,cowboy,NA,NA,,vaem,NA,NA,vaem,NA,215,Fri May 18 12:45:00 2018
6b06,extrapolation,unmarked,final,sa,ti,ComplexPhrase_Testing,point_cowboy_sg_chef_pl,chef,negid,1,poinim vaem tisanegid,NA,NA,poinim vaem tisanegid,NA,216,Fri May 18 12:45:05 2018
6b06,extrapolation,unmarked,final,sa,ti,ComplexPhrase_Testing,punch_cowboy_sg_waitress_pl,waitress,tumbat,1,straikim vaem tisatumbat,NA,NA,straikim vaem tisatumbat,NA,217,Fri May 18 12:45:10 2018
6b06,extrapolation,unmarked,final,sa,ti,ComplexPhrase_Testing,punch_chef_sg_waitress_pl,waitress,tumbat,1,straikim negid tisatumbat,NA,NA,straikim negid tisatumbat,NA,218,Fri May 18 12:45:14 2018
6b06,extrapolation,unmarked,final,sa,ti,ComplexPhrase_Testing,point_waitress_sg_cowboy_pl,cowboy,vaem,1,poinim tumbat tisavaem,NA,NA,poinim tumbat tisavaem,NA,219,Fri May 18 12:45:18 2018
6b06,extrapolation,unmarked,final,sa,ti,ComplexPhrase_Testing,kick_chef_sg_burglar_sg,NA,NA,,kikim negid tinork,NA,NA,kikim negid tinork,NA,220,Fri May 18 12:45:22 2018
6b06,extrapolation,unmarked,final,sa,ti,ComplexPhrase_Testing,point_cowboy_sg_chef_pl,chef,negid,1,poinim vaem tisanegid,NA,NA,poinim vaem tisanegid,NA,221,Fri May 18 12:45:30 2018
6b06,extrapolation,unmarked,final,sa,ti,ComplexPhrase_Testing,punch_burglar_sg_cowboy_sg,NA,NA,,straikim nork tivaem,NA,NA,straikim nork tivaem,NA,222,Fri May 18 12:45:33 2018
6b06,extrapolation,unmarked,final,sa,ti,ComplexPhrase_Testing,point_waitress_sg_cowboy_pl,cowboy,vaem,1,poinim tumbat tisavaem,NA,NA,poinim tumbat tisavaem,NA,223,Fri May 18 12:45:41 2018
6b06,extrapolation,unmarked,final,sa,ti,ComplexPhrase_Testing,point_cowboy_sg_waitress_pl,waitress,tumbat,1,poinim vaem tisatumbat,NA,NA,poinim vaem tisatumbat,NA,224,Fri May 18 12:45:44 2018
6b06,extrapolation,unmarked,final,sa,ti,ComplexPhrase_Testing,kick_chef_sg_cowboy_sg,NA,NA,,kikim negid tivaem,NA,NA,kikim negid tivaem,NA,225,Fri May 18 12:45:47 2018
6b06,extrapolation,unmarked,final,sa,ti,ComplexPhrase_Testing,kick_chef_sg_burglar_pl,burglar,nork,1,kikim negid tisanork,NA,NA,kikim negid tisanork,NA,226,Fri May 18 12:45:54 2018
6b06,extrapolation,unmarked,final,sa,ti,ComplexPhrase_Testing,punch_cowboy_sg_waitress_pl,waitress,tumbat,1,straikim vaem tisatumbat,NA,NA,straikim vaem tisatumbat,NA,227,Fri May 18 12:45:58 2018
6b06,extrapolation,unmarked,final,sa,ti,ComplexPhrase_Testing,punch_waitress_sg_chef_pl,chef,negid,1,straikim tumbat tisanegid,NA,NA,straikim tumbat tisanegid,NA,228,Fri May 18 12:46:03 2018
6b06,extrapolation,unmarked,final,sa,ti,ComplexPhrase_Testing,point_waitress_sg_cowboy_pl,cowboy,vaem,1,poinim tumbat tisavaem,NA,NA,poinim tumbat tisavaem,NA,229,Fri May 18 12:46:07 2018
6b06,extrapolation,unmarked,final,sa,ti,ComplexPhrase_Testing,punch_chef_sg_waitress_pl,waitress,tumbat,1,straikim negid tisatumbat,NA,NA,straikim negid tisatumbat,NA,230,Fri May 18 12:46:11 2018
6b06,extrapolation,unmarked,final,sa,ti,Questionnaire,NA,NA,NA,,NA,NA,NA,,to,MeaningCase,Fri May 18 12:46:49 2018
6b06,extrapolation,unmarked,final,sa,ti,Questionnaire,NA,NA,NA,,NA,NA,NA,,many,MeaningNum,Fri May 18 12:46:49 2018
6b06,extrapolation,unmarked,final,sa,ti,Questionnaire,NA,NA,NA,,NA,NA,NA,,before,OrderCaseNoun,Fri May 18 12:46:49 2018
6b06,extrapolation,unmarked,final,sa,ti,Questionnaire,NA,NA,NA,,NA,NA,NA,,before,OrderNumNoun,Fri May 18 12:46:49 2018
6b06,extrapolation,unmarked,final,sa,ti,Questionnaire,NA,NA,NA,,NA,NA,NA,,bengali,Languages,Fri May 18 12:46:49 2018