ID,Condition,MajorityOrder,NounPosition,markerNum,markerCase,Phase,Meaning,NounItem,Noun,binaryResp,InputSentence,Selection,TypedResponse,SpokenResponse,AnswerQuest,Trial,date&time
5508,extrapolation,unmarked,initial,gu,ti,Noun_Training,cowboy,NA,NA,,nork,NA,NA,,NA,1,Wed May 16 10:34:25 2018
5508,extrapolation,unmarked,initial,gu,ti,Noun_Training,chef,NA,NA,,negid,NA,NA,,NA,2,Wed May 16 10:34:29 2018
5508,extrapolation,unmarked,initial,gu,ti,Noun_Training,burglar,NA,NA,,vaem,NA,NA,,NA,3,Wed May 16 10:34:34 2018
5508,extrapolation,unmarked,initial,gu,ti,Noun_Training,cowboy,NA,NA,,nork,NA,NA,,NA,4,Wed May 16 10:34:39 2018
5508,extrapolation,unmarked,initial,gu,ti,Noun_Training,waitress,NA,NA,,tumbat,NA,NA,,NA,5,Wed May 16 10:34:44 2018
5508,extrapolation,unmarked,initial,gu,ti,Noun_Training,waitress,NA,NA,,tumbat,NA,NA,,NA,6,Wed May 16 10:34:49 2018
5508,extrapolation,unmarked,initial,gu,ti,Noun_Training,cowboy,NA,NA,,nork,NA,NA,,NA,7,Wed May 16 10:34:54 2018
5508,extrapolation,unmarked,initial,gu,ti,Noun_Training,cowboy,NA,NA,,nork,NA,NA,,NA,8,Wed May 16 10:34:59 2018
5508,extrapolation,unmarked,initial,gu,ti,Noun_Training,cowboy,NA,NA,,nork,NA,NA,,NA,9,Wed May 16 10:35:04 2018
5508,extrapolation,unmarked,initial,gu,ti,Noun_Training,burglar,NA,NA,,vaem,NA,NA,,NA,10,Wed May 16 10:35:08 2018
5508,extrapolation,unmarked,initial,gu,ti,Noun_Training,chef,NA,NA,,negid,NA,NA,,NA,11,Wed May 16 10:35:13 2018
5508,extrapolation,unmarked,initial,gu,ti,Noun_Training,chef,NA,NA,,negid,NA,NA,,NA,12,Wed May 16 10:35:18 2018
5508,extrapolation,unmarked,initial,gu,ti,Noun_Training,waitress,NA,NA,,tumbat,NA,NA,,NA,13,Wed May 16 10:35:23 2018
5508,extrapolation,unmarked,initial,gu,ti,Noun_Training,waitress,NA,NA,,tumbat,NA,NA,,NA,14,Wed May 16 10:35:28 2018
5508,extrapolation,unmarked,initial,gu,ti,Noun_Training,burglar,NA,NA,,vaem,NA,NA,,NA,15,Wed May 16 10:35:32 2018
5508,extrapolation,unmarked,initial,gu,ti,Noun_Training,burglar,NA,NA,,vaem,NA,NA,,NA,16,Wed May 16 10:35:37 2018
5508,extrapolation,unmarked,initial,gu,ti,Noun_Training,waitress,NA,NA,,tumbat,NA,NA,,NA,17,Wed May 16 10:35:42 2018
5508,extrapolation,unmarked,initial,gu,ti,Noun_Training,waitress,NA,NA,,tumbat,NA,NA,,NA,18,Wed May 16 10:35:47 2018
5508,extrapolation,unmarked,initial,gu,ti,Noun_Training,cowboy,NA,NA,,nork,NA,NA,,NA,19,Wed May 16 10:35:52 2018
5508,extrapolation,unmarked,initial,gu,ti,Noun_Training,chef,NA,NA,,negid,NA,NA,,NA,20,Wed May 16 10:35:57 2018
5508,extrapolation,unmarked,initial,gu,ti,Noun_Training,chef,NA,NA,,negid,NA,NA,,NA,21,Wed May 16 10:36:01 2018
5508,extrapolation,unmarked,initial,gu,ti,Noun_Training,chef,NA,NA,,negid,NA,NA,,NA,22,Wed May 16 10:36:06 2018
5508,extrapolation,unmarked,initial,gu,ti,Noun_Training,burglar,NA,NA,,vaem,NA,NA,,NA,23,Wed May 16 10:36:11 2018
5508,extrapolation,unmarked,initial,gu,ti,Noun_Training,burglar,NA,NA,,vaem,NA,NA,,NA,24,Wed May 16 10:36:16 2018
5508,extrapolation,unmarked,initial,gu,ti,Noun_Selection,waitress,NA,NA,,tumbat,correct,NA,,NA,25,Wed May 16 10:36:42 2018
5508,extrapolation,unmarked,initial,gu,ti,Noun_Selection,chef,NA,NA,,negid,correct,NA,,NA,26,Wed May 16 10:36:47 2018
5508,extrapolation,unmarked,initial,gu,ti,Noun_Selection,waitress,NA,NA,,tumbat,correct,NA,,NA,27,Wed May 16 10:36:51 2018
5508,extrapolation,unmarked,initial,gu,ti,Noun_Selection,cowboy,NA,NA,,nork,correct,NA,,NA,28,Wed May 16 10:36:54 2018
5508,extrapolation,unmarked,initial,gu,ti,Noun_Selection,cowboy,NA,NA,,nork,correct,NA,,NA,29,Wed May 16 10:36:58 2018
5508,extrapolation,unmarked,initial,gu,ti,Noun_Selection,waitress,NA,NA,,tumbat,correct,NA,,NA,30,Wed May 16 10:37:01 2018
5508,extrapolation,unmarked,initial,gu,ti,Noun_Selection,burglar,NA,NA,,vaem,correct,NA,,NA,31,Wed May 16 10:37:05 2018
5508,extrapolation,unmarked,initial,gu,ti,Noun_Selection,chef,NA,NA,,negid,correct,NA,,NA,32,Wed May 16 10:37:09 2018
5508,extrapolation,unmarked,initial,gu,ti,Noun_Selection,burglar,NA,NA,,vaem,correct,NA,,NA,33,Wed May 16 10:37:13 2018
5508,extrapolation,unmarked,initial,gu,ti,Noun_Selection,cowboy,NA,NA,,nork,correct,NA,,NA,34,Wed May 16 10:37:17 2018
5508,extrapolation,unmarked,initial,gu,ti,Noun_Selection,burglar,NA,NA,,vaem,correct,NA,,NA,35,Wed May 16 10:37:21 2018
5508,extrapolation,unmarked,initial,gu,ti,Noun_Selection,chef,NA,NA,,negid,correct,NA,,NA,36,Wed May 16 10:37:24 2018
5508,extrapolation,unmarked,initial,gu,ti,Noun_Testing,waitress,NA,NA,,tumbat,NA,NA,tumbat,NA,37,Wed May 16 10:38:00 2018
5508,extrapolation,unmarked,initial,gu,ti,Noun_Testing,cowboy,NA,NA,,nork,NA,NA,nork,NA,38,Wed May 16 10:38:04 2018
5508,extrapolation,unmarked,initial,gu,ti,Noun_Testing,waitress,NA,NA,,tumbat,NA,NA,tumbat,NA,39,Wed May 16 10:38:09 2018
5508,extrapolation,unmarked,initial,gu,ti,Noun_Testing,cowboy,NA,NA,,nork,NA,NA,nork,NA,40,Wed May 16 10:38:13 2018
5508,extrapolation,unmarked,initial,gu,ti,Noun_Testing,burglar,NA,NA,,vaem,NA,NA,vaem,NA,41,Wed May 16 10:38:18 2018
5508,extrapolation,unmarked,initial,gu,ti,Noun_Testing,burglar,NA,NA,,vaem,NA,NA,vaem,NA,42,Wed May 16 10:38:22 2018
5508,extrapolation,unmarked,initial,gu,ti,Noun_Testing,chef,NA,NA,,negid,NA,NA,negid,NA,43,Wed May 16 10:38:27 2018
5508,extrapolation,unmarked,initial,gu,ti,Noun_Testing,burglar,NA,NA,,vaem,NA,NA,vaem,NA,44,Wed May 16 10:38:31 2018
5508,extrapolation,unmarked,initial,gu,ti,Noun_Testing,chef,NA,NA,,negid,NA,NA,negid,NA,45,Wed May 16 10:38:36 2018
5508,extrapolation,unmarked,initial,gu,ti,Noun_Testing,chef,NA,NA,,negid,NA,NA,negid,NA,46,Wed May 16 10:38:42 2018
5508,extrapolation,unmarked,initial,gu,ti,Noun_Testing,waitress,NA,NA,,tumbat,NA,NA,tumbat,NA,47,Wed May 16 10:38:47 2018
5508,extrapolation,unmarked,initial,gu,ti,Noun_Testing,cowboy,NA,NA,,nork,NA,NA,nork,NA,48,Wed May 16 10:38:51 2018
5508,extrapolation,unmarked,initial,gu,ti,SimplePhrase_Training,punch_burglar_sg_waitress_sg,NA,NA,,straikim vaem tumbat ti,NA,NA,,NA,49,Wed May 16 10:39:30 2018
5508,extrapolation,unmarked,initial,gu,ti,SimplePhrase_Training,point_chef_sg_cowboy_sg,NA,NA,,poinim negid nork ti,NA,NA,,NA,50,Wed May 16 10:39:37 2018
5508,extrapolation,unmarked,initial,gu,ti,SimplePhrase_Training,point_cowboy_sg_waitress_sg,NA,NA,,poinim nork tumbat ti,NA,NA,,NA,51,Wed May 16 10:39:45 2018
5508,extrapolation,unmarked,initial,gu,ti,SimplePhrase_Training,punch_cowboy_pl_waitress_sg,NA,NA,,straikim nork gu tumbat ti,NA,NA,,NA,52,Wed May 16 10:39:52 2018
5508,extrapolation,unmarked,initial,gu,ti,SimplePhrase_Training,point_burglar_pl_chef_sg,NA,NA,,poinim vaem gu negid ti,NA,NA,,NA,53,Wed May 16 10:40:00 2018
5508,extrapolation,unmarked,initial,gu,ti,SimplePhrase_Training,kick_burglar_pl_cowboy_sg,NA,NA,,kikim vaem gu nork ti,NA,NA,,NA,54,Wed May 16 10:40:08 2018
5508,extrapolation,unmarked,initial,gu,ti,SimplePhrase_Training,point_waitress_sg_chef_sg,NA,NA,,poinim tumbat negid ti,NA,NA,,NA,55,Wed May 16 10:40:15 2018
5508,extrapolation,unmarked,initial,gu,ti,SimplePhrase_Training,kick_chef_sg_burglar_sg,NA,NA,,kikim negid vaem ti,NA,NA,,NA,56,Wed May 16 10:40:22 2018
5508,extrapolation,unmarked,initial,gu,ti,SimplePhrase_Training,punch_chef_pl_burglar_sg,NA,NA,,straikim negid gu vaem ti,NA,NA,,NA,57,Wed May 16 10:40:30 2018
5508,extrapolation,unmarked,initial,gu,ti,SimplePhrase_Training,punch_waitress_pl_cowboy_sg,NA,NA,,straikim tumbat gu nork ti,NA,NA,,NA,58,Wed May 16 10:40:38 2018
5508,extrapolation,unmarked,initial,gu,ti,SimplePhrase_Training,punch_waitress_pl_chef_sg,NA,NA,,straikim tumbat gu negid ti,NA,NA,,NA,59,Wed May 16 10:40:45 2018
5508,extrapolation,unmarked,initial,gu,ti,SimplePhrase_Training,point_burglar_sg_waitress_sg,NA,NA,,poinim vaem tumbat ti,NA,NA,,NA,60,Wed May 16 10:40:53 2018
5508,extrapolation,unmarked,initial,gu,ti,SimplePhrase_Training,kick_chef_sg_cowboy_sg,NA,NA,,kikim negid nork ti,NA,NA,,NA,61,Wed May 16 10:41:00 2018
5508,extrapolation,unmarked,initial,gu,ti,SimplePhrase_Training,waitress,NA,NA,,tumbat,NA,NA,,NA,62,Wed May 16 10:41:05 2018
5508,extrapolation,unmarked,initial,gu,ti,SimplePhrase_Training,point_waitress_sg_cowboy_sg,NA,NA,,poinim tumbat nork ti,NA,NA,,NA,63,Wed May 16 10:41:12 2018
5508,extrapolation,unmarked,initial,gu,ti,SimplePhrase_Training,punch_burglar_pl_chef_sg,NA,NA,,straikim vaem gu negid ti,NA,NA,,NA,64,Wed May 16 10:41:20 2018
5508,extrapolation,unmarked,initial,gu,ti,SimplePhrase_Training,punch_cowboy_pl_chef_sg,NA,NA,,straikim nork gu negid ti,NA,NA,,NA,65,Wed May 16 10:41:28 2018
5508,extrapolation,unmarked,initial,gu,ti,SimplePhrase_Training,punch_cowboy_sg_burglar_sg,NA,NA,,straikim nork vaem ti,NA,NA,,NA,66,Wed May 16 10:41:35 2018
5508,extrapolation,unmarked,initial,gu,ti,SimplePhrase_Training,point_chef_sg_burglar_sg,NA,NA,,poinim negid vaem ti,NA,NA,,NA,67,Wed May 16 10:41:43 2018
5508,extrapolation,unmarked,initial,gu,ti,SimplePhrase_Training,cowboy,NA,NA,,nork,NA,NA,,NA,68,Wed May 16 10:41:48 2018
5508,extrapolation,unmarked,initial,gu,ti,SimplePhrase_Training,punch_burglar_sg_cowboy_sg,NA,NA,,straikim vaem nork ti,NA,NA,,NA,69,Wed May 16 10:41:55 2018
5508,extrapolation,unmarked,initial,gu,ti,SimplePhrase_Training,kick_burglar_pl_chef_sg,NA,NA,,kikim vaem gu negid ti,NA,NA,,NA,70,Wed May 16 10:42:03 2018
5508,extrapolation,unmarked,initial,gu,ti,SimplePhrase_Training,chef,NA,NA,,negid,NA,NA,,NA,71,Wed May 16 10:42:07 2018
5508,extrapolation,unmarked,initial,gu,ti,SimplePhrase_Training,kick_burglar_pl_waitress_sg,NA,NA,,kikim vaem gu tumbat ti,NA,NA,,NA,72,Wed May 16 10:42:15 2018
5508,extrapolation,unmarked,initial,gu,ti,SimplePhrase_Training,cowboy,NA,NA,,nork,NA,NA,,NA,73,Wed May 16 10:42:20 2018
5508,extrapolation,unmarked,initial,gu,ti,SimplePhrase_Training,kick_chef_sg_waitress_sg,NA,NA,,kikim negid tumbat ti,NA,NA,,NA,74,Wed May 16 10:42:27 2018
5508,extrapolation,unmarked,initial,gu,ti,SimplePhrase_Training,burglar,NA,NA,,vaem,NA,NA,,NA,75,Wed May 16 10:42:32 2018
5508,extrapolation,unmarked,initial,gu,ti,SimplePhrase_Training,point_cowboy_pl_chef_sg,NA,NA,,poinim nork gu negid ti,NA,NA,,NA,76,Wed May 16 10:42:39 2018
5508,extrapolation,unmarked,initial,gu,ti,SimplePhrase_Training,chef,NA,NA,,negid,NA,NA,,NA,77,Wed May 16 10:42:44 2018
5508,extrapolation,unmarked,initial,gu,ti,SimplePhrase_Training,burglar,NA,NA,,vaem,NA,NA,,NA,78,Wed May 16 10:42:49 2018
5508,extrapolation,unmarked,initial,gu,ti,SimplePhrase_Training,waitress,NA,NA,,tumbat,NA,NA,,NA,79,Wed May 16 10:42:54 2018
5508,extrapolation,unmarked,initial,gu,ti,SimplePhrase_Training,punch_chef_pl_cowboy_sg,NA,NA,,straikim negid gu nork ti,NA,NA,,NA,80,Wed May 16 10:43:02 2018
5508,extrapolation,unmarked,initial,gu,ti,SimplePhrase_Training,point_waitress_pl_burglar_sg,NA,NA,,poinim tumbat gu vaem ti,NA,NA,,NA,81,Wed May 16 10:43:09 2018
5508,extrapolation,unmarked,initial,gu,ti,SimplePhrase_Training,kick_waitress_pl_burglar_sg,NA,NA,,kikim tumbat gu vaem ti,NA,NA,,NA,82,Wed May 16 10:43:16 2018
5508,extrapolation,unmarked,initial,gu,ti,SimplePhrase_Training,kick_waitress_sg_chef_sg,NA,NA,,kikim tumbat negid ti,NA,NA,,NA,83,Wed May 16 10:43:24 2018
5508,extrapolation,unmarked,initial,gu,ti,SimplePhrase_Training,punch_waitress_pl_burglar_sg,NA,NA,,straikim tumbat gu vaem ti,NA,NA,,NA,84,Wed May 16 10:43:32 2018
5508,extrapolation,unmarked,initial,gu,ti,SimplePhrase_Training,kick_cowboy_pl_waitress_sg,NA,NA,,kikim nork gu tumbat ti,NA,NA,,NA,85,Wed May 16 10:43:39 2018
5508,extrapolation,unmarked,initial,gu,ti,SimplePhrase_Training,kick_waitress_sg_cowboy_sg,NA,NA,,kikim tumbat nork ti,NA,NA,,NA,86,Wed May 16 10:43:46 2018
5508,extrapolation,unmarked,initial,gu,ti,SimplePhrase_Training,punch_chef_sg_waitress_sg,NA,NA,,straikim negid tumbat ti,NA,NA,,NA,87,Wed May 16 10:43:54 2018
5508,extrapolation,unmarked,initial,gu,ti,SimplePhrase_Training,point_burglar_pl_cowboy_sg,NA,NA,,poinim vaem gu nork ti,NA,NA,,NA,88,Wed May 16 10:44:01 2018
5508,extrapolation,unmarked,initial,gu,ti,SimplePhrase_Training,point_cowboy_sg_burglar_sg,NA,NA,,poinim nork vaem ti,NA,NA,,NA,89,Wed May 16 10:44:09 2018
5508,extrapolation,unmarked,initial,gu,ti,SimplePhrase_Training,kick_cowboy_pl_chef_sg,NA,NA,,kikim nork gu negid ti,NA,NA,,NA,90,Wed May 16 10:44:16 2018
5508,extrapolation,unmarked,initial,gu,ti,SimplePhrase_Training,point_chef_sg_waitress_sg,NA,NA,,poinim negid tumbat ti,NA,NA,,NA,91,Wed May 16 10:44:24 2018
5508,extrapolation,unmarked,initial,gu,ti,SimplePhrase_Training,kick_cowboy_sg_burglar_sg,NA,NA,,kikim nork vaem ti,NA,NA,,NA,92,Wed May 16 10:44:31 2018
5508,extrapolation,unmarked,initial,gu,ti,SimplePhrase_Comprehension,point_waitress_pl_chef_sg,NA,NA,,poinim tumbat gu negid ti,correct,NA,,NA,93,Wed May 16 10:44:54 2018
5508,extrapolation,unmarked,initial,gu,ti,SimplePhrase_Comprehension,punch_waitress_sg_chef_sg,NA,NA,,straikim tumbat negid ti,correct,NA,,NA,94,Wed May 16 10:45:01 2018
5508,extrapolation,unmarked,initial,gu,ti,SimplePhrase_Comprehension,point_burglar_sg_cowboy_sg,NA,NA,,poinim vaem nork ti,correct,NA,,NA,95,Wed May 16 10:45:09 2018
5508,extrapolation,unmarked,initial,gu,ti,SimplePhrase_Comprehension,kick_chef_pl_burglar_sg,NA,NA,,kikim negid gu vaem ti,correct,NA,,NA,96,Wed May 16 10:45:16 2018
5508,extrapolation,unmarked,initial,gu,ti,SimplePhrase_Comprehension,point_burglar_sg_chef_sg,NA,NA,,poinim vaem negid ti,correct,NA,,NA,97,Wed May 16 10:45:21 2018
5508,extrapolation,unmarked,initial,gu,ti,SimplePhrase_Comprehension,point_cowboy_pl_burglar_sg,NA,NA,,poinim nork gu vaem ti,correct,NA,,NA,98,Wed May 16 10:45:28 2018
5508,extrapolation,unmarked,initial,gu,ti,SimplePhrase_Comprehension,point_chef_pl_cowboy_sg,NA,NA,,poinim negid gu nork ti,correct,NA,,NA,99,Wed May 16 10:45:34 2018
5508,extrapolation,unmarked,initial,gu,ti,SimplePhrase_Comprehension,point_burglar_pl_waitress_sg,NA,NA,,poinim vaem gu tumbat ti,correct,NA,,NA,100,Wed May 16 10:45:40 2018
5508,extrapolation,unmarked,initial,gu,ti,SimplePhrase_Comprehension,point_chef_pl_burglar_sg,NA,NA,,poinim negid gu vaem ti,correct,NA,,NA,101,Wed May 16 10:45:46 2018
5508,extrapolation,unmarked,initial,gu,ti,SimplePhrase_Comprehension,punch_cowboy_sg_waitress_sg,NA,NA,,straikim nork tumbat ti,correct,NA,,NA,102,Wed May 16 10:45:52 2018
5508,extrapolation,unmarked,initial,gu,ti,SimplePhrase_Comprehension,kick_cowboy_sg_chef_sg,NA,NA,,kikim nork negid ti,correct,NA,,NA,103,Wed May 16 10:45:58 2018
5508,extrapolation,unmarked,initial,gu,ti,SimplePhrase_Comprehension,punch_burglar_sg_chef_sg,NA,NA,,straikim vaem negid ti,correct,NA,,NA,104,Wed May 16 10:46:03 2018
5508,extrapolation,unmarked,initial,gu,ti,SimplePhrase_Comprehension,punch_chef_pl_waitress_sg,NA,NA,,straikim negid gu tumbat ti,correct,NA,,NA,105,Wed May 16 10:46:10 2018
5508,extrapolation,unmarked,initial,gu,ti,SimplePhrase_Comprehension,kick_waitress_pl_chef_sg,NA,NA,,kikim tumbat gu negid ti,correct,NA,,NA,106,Wed May 16 10:46:15 2018
5508,extrapolation,unmarked,initial,gu,ti,SimplePhrase_Comprehension,kick_chef_pl_waitress_sg,NA,NA,,kikim negid gu tumbat ti,correct,NA,,NA,107,Wed May 16 10:46:21 2018
5508,extrapolation,unmarked,initial,gu,ti,SimplePhrase_Comprehension,kick_burglar_sg_chef_sg,NA,NA,,kikim vaem negid ti,correct,NA,,NA,108,Wed May 16 10:46:27 2018
5508,extrapolation,unmarked,initial,gu,ti,SimplePhrase_Comprehension,punch_waitress_sg_burglar_sg,NA,NA,,straikim tumbat vaem ti,correct,NA,,NA,109,Wed May 16 10:46:32 2018
5508,extrapolation,unmarked,initial,gu,ti,SimplePhrase_Comprehension,kick_burglar_sg_cowboy_sg,NA,NA,,kikim vaem nork ti,correct,NA,,NA,110,Wed May 16 10:46:38 2018
5508,extrapolation,unmarked,initial,gu,ti,SimplePhrase_Comprehension,kick_cowboy_pl_burglar_sg,NA,NA,,kikim nork gu vaem ti,correct,NA,,NA,111,Wed May 16 10:46:46 2018
5508,extrapolation,unmarked,initial,gu,ti,SimplePhrase_Comprehension,punch_chef_sg_burglar_sg,NA,NA,,straikim negid vaem ti,correct,NA,,NA,112,Wed May 16 10:46:52 2018
5508,extrapolation,unmarked,initial,gu,ti,SimplePhrase_Typing,kick_cowboy_sg_burglar_sg,NA,NA,,kikim nork vaem ti,NA,kikim nork vaem ti,,NA,113,Wed May 16 10:47:49 2018
5508,extrapolation,unmarked,initial,gu,ti,SimplePhrase_Typing,kick_chef_sg_cowboy_sg,NA,NA,,kikim negid nork ti,NA,kikim negit nork ti,,NA,114,Wed May 16 10:48:03 2018
5508,extrapolation,unmarked,initial,gu,ti,SimplePhrase_Typing,waitress,NA,NA,,tumbat,NA,tumbet,,NA,115,Wed May 16 10:48:13 2018
5508,extrapolation,unmarked,initial,gu,ti,SimplePhrase_Typing,punch_chef_pl_cowboy_sg,NA,NA,,straikim negid gu nork ti,NA,straikim negit gu nork ti,,NA,116,Wed May 16 10:48:36 2018
5508,extrapolation,unmarked,initial,gu,ti,SimplePhrase_Typing,punch_waitress_pl_chef_sg,NA,NA,,straikim tumbat gu negid ti,NA,straikim tambet gu negid ti,,NA,117,Wed May 16 10:49:08 2018
5508,extrapolation,unmarked,initial,gu,ti,SimplePhrase_Typing,point_chef_sg_burglar_sg,NA,NA,,poinim negid vaem ti,NA,poinim negid vaem ti,,NA,118,Wed May 16 10:49:25 2018
5508,extrapolation,unmarked,initial,gu,ti,SimplePhrase_Typing,kick_waitress_pl_burglar_sg,NA,NA,,kikim tumbat gu vaem ti,NA,kikim tumbat gu vaem ti,,NA,119,Wed May 16 10:49:40 2018
5508,extrapolation,unmarked,initial,gu,ti,SimplePhrase_Typing,cowboy,NA,NA,,nork,NA,nork,,NA,120,Wed May 16 10:49:47 2018
5508,extrapolation,unmarked,initial,gu,ti,SimplePhrase_Typing,chef,NA,NA,,negid,NA,negid,,NA,121,Wed May 16 10:49:53 2018
5508,extrapolation,unmarked,initial,gu,ti,SimplePhrase_Typing,point_waitress_sg_cowboy_sg,NA,NA,,poinim tumbat nork ti,NA,poinim tumbat nork ti,,NA,122,Wed May 16 10:50:06 2018
5508,extrapolation,unmarked,initial,gu,ti,SimplePhrase_Typing,punch_waitress_pl_cowboy_sg,NA,NA,,straikim tumbat gu nork ti,NA,straikim tumbat gu nork ti,,NA,123,Wed May 16 10:50:19 2018
5508,extrapolation,unmarked,initial,gu,ti,SimplePhrase_Typing,burglar,NA,NA,,vaem,NA,vaem,,NA,124,Wed May 16 10:50:25 2018
5508,extrapolation,unmarked,initial,gu,ti,ComplexPhrase_Typing,punch_burglar_sg_cowboy_pl,cowboy,nork,1,straikim vaem nork gu ti,NA,straikim vaem nork gu ti,,NA,125,Wed May 16 10:51:08 2018
5508,extrapolation,unmarked,initial,gu,ti,ComplexPhrase_Typing,point_waitress_sg_chef_pl,chef,negid,1,poinim tumbat negid gu ti,NA,poinim tumbat negid gu ti,,NA,126,Wed May 16 10:51:33 2018
5508,extrapolation,unmarked,initial,gu,ti,ComplexPhrase_Typing,point_waitress_sg_cowboy_pl,cowboy,nork,1,poinim tumbat nork gu ti,NA,poinim tubmat nork gu ti,,NA,127,Wed May 16 10:51:39 2018
5508,extrapolation,unmarked,initial,gu,ti,ComplexPhrase_Typing,kick_waitress_sg_chef_pl,chef,negid,1,kikim tumbat negid gu ti,NA,kikim tumbat negid gu ti,,NA,128,Wed May 16 10:51:54 2018
5508,extrapolation,unmarked,initial,gu,ti,ComplexPhrase_Typing,kick_waitress_sg_chef_pl,chef,negid,1,kikim tumbat negid gu ti,NA,kikim tumbat negid gu ti,,NA,129,Wed May 16 10:52:05 2018
5508,extrapolation,unmarked,initial,gu,ti,ComplexPhrase_Typing,point_waitress_sg_chef_pl,chef,negid,1,poinim tumbat negid gu ti,NA,poinim tumbat negid gu ti,,NA,130,Wed May 16 10:52:13 2018
5508,extrapolation,unmarked,initial,gu,ti,ComplexPhrase_Typing,punch_burglar_sg_cowboy_pl,cowboy,nork,1,straikim vaem nork gu ti,NA,straikim vaem nork gu ti,,NA,131,Wed May 16 10:52:26 2018
5508,extrapolation,unmarked,initial,gu,ti,ComplexPhrase_Typing,point_waitress_sg_cowboy_pl,cowboy,nork,1,poinim tumbat nork gu ti,NA,poinim tumbat nork gu ti,,NA,132,Wed May 16 10:52:35 2018
5508,extrapolation,unmarked,initial,gu,ti,ComplexPhrase_Typing,point_waitress_sg_chef_pl,chef,negid,1,poinim tumbat negid gu ti,NA,poinim tumbat negid gu ti,,NA,133,Wed May 16 10:52:50 2018
5508,extrapolation,unmarked,initial,gu,ti,ComplexPhrase_Typing,punch_burglar_sg_cowboy_pl,cowboy,nork,1,straikim vaem nork gu ti,NA,straikim vaem nork gu ti,,NA,134,Wed May 16 10:52:57 2018
5508,extrapolation,unmarked,initial,gu,ti,ComplexPhrase_Typing,kick_waitress_sg_chef_pl,chef,negid,1,kikim tumbat negid gu ti,NA,kikim tumbat negid gu ti,,NA,135,Wed May 16 10:53:07 2018
5508,extrapolation,unmarked,initial,gu,ti,ComplexPhrase_Typing,point_waitress_sg_cowboy_pl,cowboy,nork,1,poinim tumbat nork gu ti,NA,poinim tumbat nork gu ti,,NA,136,Wed May 16 10:53:12 2018
5508,extrapolation,unmarked,initial,gu,ti,ComplexPhrase_Testing,point_waitress_sg_burglar_pl,burglar,vaem,1,poinim tumbat vaem gu ti,NA,NA,poinim tumbat vaem gu ti,NA,137,Wed May 16 10:53:54 2018
5508,extrapolation,unmarked,initial,gu,ti,ComplexPhrase_Testing,point_burglar_sg_waitress_pl,waitress,tumbat,1,poinim vaem tumbat gu ti,NA,NA,poinim vaem tumbat gu ti,NA,138,Wed May 16 10:54:01 2018
5508,extrapolation,unmarked,initial,gu,ti,ComplexPhrase_Testing,kick_cowboy_sg_burglar_pl,burglar,vaem,1,kikim nork vaem gu ti,NA,NA,kikim nork vaem gu ti,NA,139,Wed May 16 10:54:07 2018
5508,extrapolation,unmarked,initial,gu,ti,ComplexPhrase_Testing,punch_waitress_pl_chef_sg,NA,NA,,straikim tumbat gu negid ti,NA,NA,straikim tumbat gu negid ti,NA,140,Wed May 16 10:54:13 2018
5508,extrapolation,unmarked,initial,gu,ti,ComplexPhrase_Testing,punch_cowboy_sg_chef_sg,NA,NA,,straikim nork negid ti,NA,NA,straikim nork negid ti,NA,141,Wed May 16 10:54:24 2018
5508,extrapolation,unmarked,initial,gu,ti,ComplexPhrase_Testing,kick_waitress_sg_chef_pl,chef,negid,1,kikim tumbat negid gu ti,NA,NA,kikim tumbat negid gu ti,NA,142,Wed May 16 10:54:33 2018
5508,extrapolation,unmarked,initial,gu,ti,ComplexPhrase_Testing,cowboy,NA,NA,,nork,NA,NA,nork,NA,143,Wed May 16 10:54:36 2018
5508,extrapolation,unmarked,initial,gu,ti,ComplexPhrase_Testing,punch_cowboy_sg_burglar_sg,NA,NA,,straikim nork vaem ti,NA,NA,straikim nork vaem ti,NA,144,Wed May 16 10:54:41 2018
5508,extrapolation,unmarked,initial,gu,ti,ComplexPhrase_Testing,kick_cowboy_sg_burglar_pl,burglar,vaem,1,kikim nork vaem gu ti,NA,NA,kikim nork vaem gu ti,NA,145,Wed May 16 10:54:49 2018
5508,extrapolation,unmarked,initial,gu,ti,ComplexPhrase_Testing,point_waitress_sg_burglar_pl,burglar,vaem,1,poinim tumbat vaem gu ti,NA,NA,poinim tumbat vaem gu ti,NA,146,Wed May 16 10:54:54 2018
5508,extrapolation,unmarked,initial,gu,ti,ComplexPhrase_Testing,point_cowboy_sg_chef_pl,chef,negid,1,poinim nork negid gu ti,NA,NA,poinim nork negid gu ti,NA,147,Wed May 16 10:54:59 2018
5508,extrapolation,unmarked,initial,gu,ti,ComplexPhrase_Testing,kick_burglar_sg_waitress_pl,waitress,tumbat,1,kikim vaem tumbat gu ti,NA,NA,kikim vaem tumbat gu ti,NA,148,Wed May 16 10:55:09 2018
5508,extrapolation,unmarked,initial,gu,ti,ComplexPhrase_Testing,point_waitress_sg_cowboy_pl,cowboy,nork,1,poinim tumbat nork gu ti,NA,NA,poinim tumbat nork gu ti,NA,149,Wed May 16 10:55:15 2018
5508,extrapolation,unmarked,initial,gu,ti,ComplexPhrase_Testing,waitress,NA,NA,,tumbat,NA,NA,tumbat,NA,150,Wed May 16 10:55:17 2018
5508,extrapolation,unmarked,initial,gu,ti,ComplexPhrase_Testing,point_chef_sg_waitress_pl,waitress,tumbat,1,poinim negid tumbat gu ti,NA,NA,poinim negid tumbat gu ti,NA,151,Wed May 16 10:55:24 2018
5508,extrapolation,unmarked,initial,gu,ti,ComplexPhrase_Testing,point_cowboy_sg_chef_pl,chef,negid,1,poinim nork negid gu ti,NA,NA,poinim nork negid gu ti,NA,152,Wed May 16 10:55:28 2018
5508,extrapolation,unmarked,initial,gu,ti,ComplexPhrase_Testing,punch_burglar_sg_cowboy_pl,cowboy,nork,1,straikim vaem nork gu ti,NA,NA,straikim vaem nork gu ti,NA,153,Wed May 16 10:55:34 2018
5508,extrapolation,unmarked,initial,gu,ti,ComplexPhrase_Testing,point_cowboy_sg_chef_pl,chef,negid,1,poinim nork negid gu ti,NA,NA,poinim nork negid gu ti,NA,154,Wed May 16 10:55:38 2018
5508,extrapolation,unmarked,initial,gu,ti,ComplexPhrase_Testing,punch_cowboy_sg_chef_pl,chef,negid,1,straikim nork negid gu ti,NA,NA,straikim nork negid gu ti,NA,155,Wed May 16 10:55:43 2018
5508,extrapolation,unmarked,initial,gu,ti,ComplexPhrase_Testing,punch_burglar_sg_cowboy_pl,cowboy,nork,1,straikim vaem nork gu ti,NA,NA,straikim vaem nork gu ti,NA,156,Wed May 16 10:55:47 2018
5508,extrapolation,unmarked,initial,gu,ti,ComplexPhrase_Testing,point_cowboy_sg_burglar_pl,burglar,vaem,1,poinim nork vaem gu ti,NA,NA,poinim nork vaem gu ti,NA,157,Wed May 16 10:55:51 2018
5508,extrapolation,unmarked,initial,gu,ti,ComplexPhrase_Testing,point_waitress_sg_burglar_pl,burglar,vaem,1,poinim tumbat vaem gu ti,NA,NA,poinim tumbat vaem gu ti,NA,158,Wed May 16 10:55:55 2018
5508,extrapolation,unmarked,initial,gu,ti,ComplexPhrase_Testing,point_cowboy_sg_burglar_pl,burglar,vaem,1,poinim nork vaem gu ti,NA,NA,poinim nork vaem gu ti,NA,159,Wed May 16 10:55:59 2018
5508,extrapolation,unmarked,initial,gu,ti,ComplexPhrase_Testing,kick_burglar_sg_waitress_pl,waitress,tumbat,1,kikim vaem tumbat gu ti,NA,NA,kikim vaem tumbat gu ti,NA,160,Wed May 16 10:56:03 2018
5508,extrapolation,unmarked,initial,gu,ti,ComplexPhrase_Testing,punch_chef_pl_cowboy_sg,NA,NA,,straikim negid gu nork ti,NA,NA,straikim negid gu nork ti,NA,161,Wed May 16 10:56:09 2018
5508,extrapolation,unmarked,initial,gu,ti,ComplexPhrase_Testing,point_cowboy_sg_burglar_pl,burglar,vaem,1,poinim nork vaem gu ti,NA,NA,poinim nork vaem gu ti,NA,162,Wed May 16 10:56:17 2018
5508,extrapolation,unmarked,initial,gu,ti,ComplexPhrase_Testing,kick_cowboy_pl_waitress_sg,NA,NA,,kikim nork gu tumbat ti,NA,NA,kikim nork gu tumbat ti,NA,163,Wed May 16 10:56:21 2018
5508,extrapolation,unmarked,initial,gu,ti,ComplexPhrase_Testing,point_waitress_sg_cowboy_pl,cowboy,nork,1,poinim tumbat nork gu ti,NA,NA,poinim tumbat nork gu ti,NA,164,Wed May 16 10:56:29 2018
5508,extrapolation,unmarked,initial,gu,ti,ComplexPhrase_Testing,point_burglar_pl_cowboy_sg,NA,NA,,poinim vaem gu nork ti,NA,NA,poinim vaem gu nork ti,NA,165,Wed May 16 10:56:34 2018
5508,extrapolation,unmarked,initial,gu,ti,ComplexPhrase_Testing,kick_chef_sg_waitress_pl,waitress,tumbat,1,kikim negid tumbat gu ti,NA,NA,kikim negid tumbat gu ti,NA,166,Wed May 16 10:56:44 2018
5508,extrapolation,unmarked,initial,gu,ti,ComplexPhrase_Testing,kick_chef_sg_waitress_pl,waitress,tumbat,1,kikim negid tumbat gu ti,NA,NA,kikim negid tumbat gu ti,NA,167,Wed May 16 10:56:48 2018
5508,extrapolation,unmarked,initial,gu,ti,ComplexPhrase_Testing,punch_cowboy_sg_chef_pl,chef,negid,1,straikim nork negid gu ti,NA,NA,straikim nork negid gu ti,NA,168,Wed May 16 10:56:52 2018
5508,extrapolation,unmarked,initial,gu,ti,ComplexPhrase_Testing,kick_chef_sg_waitress_pl,waitress,tumbat,1,kikim negid tumbat gu ti,NA,NA,kikim negid tumbat gu ti,NA,169,Wed May 16 10:56:56 2018
5508,extrapolation,unmarked,initial,gu,ti,ComplexPhrase_Testing,kick_waitress_sg_chef_pl,chef,negid,1,kikim tumbat negid gu ti,NA,NA,kikim tumbat negid gu ti,NA,170,Wed May 16 10:57:01 2018
5508,extrapolation,unmarked,initial,gu,ti,ComplexPhrase_Testing,point_waitress_sg_cowboy_pl,cowboy,nork,1,poinim tumbat nork gu ti,NA,NA,poinim tumbat nork gu ti,NA,171,Wed May 16 10:57:05 2018
5508,extrapolation,unmarked,initial,gu,ti,ComplexPhrase_Testing,kick_cowboy_sg_chef_sg,NA,NA,,kikim nork negid ti,NA,NA,kikim nork negid ti,NA,172,Wed May 16 10:57:10 2018
5508,extrapolation,unmarked,initial,gu,ti,ComplexPhrase_Testing,burglar,NA,NA,,vaem,NA,NA,vaem,NA,173,Wed May 16 10:57:17 2018
5508,extrapolation,unmarked,initial,gu,ti,ComplexPhrase_Testing,point_waitress_sg_cowboy_sg,NA,NA,,poinim tumbat nork ti,NA,NA,poinim tumbat nork ti,NA,174,Wed May 16 10:57:22 2018
5508,extrapolation,unmarked,initial,gu,ti,ComplexPhrase_Testing,kick_cowboy_sg_waitress_sg,NA,NA,,kikim nork tumbat ti,NA,NA,kikim nork tumbat ti,NA,175,Wed May 16 10:57:29 2018
5508,extrapolation,unmarked,initial,gu,ti,ComplexPhrase_Testing,kick_cowboy_pl_chef_sg,NA,NA,,kikim nork gu negid ti,NA,NA,kikim nork gu negid ti,NA,176,Wed May 16 10:57:36 2018
5508,extrapolation,unmarked,initial,gu,ti,ComplexPhrase_Testing,kick_burglar_sg_waitress_pl,waitress,tumbat,1,kikim vaem tumbat gu ti,NA,NA,kikim vaem tumbat gu ti,NA,177,Wed May 16 10:57:45 2018
5508,extrapolation,unmarked,initial,gu,ti,ComplexPhrase_Testing,point_chef_sg_waitress_pl,waitress,tumbat,1,poinim negid tumbat gu ti,NA,NA,poinim negid tumbat gu ti,NA,178,Wed May 16 10:57:49 2018
5508,extrapolation,unmarked,initial,gu,ti,ComplexPhrase_Testing,point_chef_sg_waitress_pl,waitress,tumbat,1,poinim negid tumbat gu ti,NA,NA,poinim negid tumbat gu ti,NA,179,Wed May 16 10:57:53 2018
5508,extrapolation,unmarked,initial,gu,ti,ComplexPhrase_Testing,point_burglar_sg_waitress_pl,waitress,tumbat,1,poinim vaem tumbat gu ti,NA,NA,poinim vaem tumbat gu ti,NA,180,Wed May 16 10:57:57 2018
5508,extrapolation,unmarked,initial,gu,ti,ComplexPhrase_Testing,kick_waitress_sg_chef_pl,chef,negid,1,kikim tumbat negid gu ti,NA,NA,kikim tumbat negid gu ti,NA,181,Wed May 16 10:58:02 2018
5508,extrapolation,unmarked,initial,gu,ti,ComplexPhrase_Testing,chef,NA,NA,,negid,NA,NA,negid,NA,182,Wed May 16 10:58:04 2018
5508,extrapolation,unmarked,initial,gu,ti,ComplexPhrase_Testing,punch_burglar_sg_cowboy_pl,cowboy,nork,1,straikim vaem nork gu ti,NA,NA,straikim vaem nork gu ti,NA,183,Wed May 16 10:58:11 2018
5508,extrapolation,unmarked,initial,gu,ti,ComplexPhrase_Testing,point_burglar_sg_waitress_pl,waitress,tumbat,1,poinim vaem tumbat gu ti,NA,NA,poinim vaem tumbat gu ti,NA,184,Wed May 16 10:58:16 2018
5508,extrapolation,unmarked,initial,gu,ti,ComplexPhrase_Testing,kick_cowboy_pl_burglar_sg,NA,NA,,kikim nork gu vaem ti,NA,NA,kikim nork gu vaem ti,NA,185,Wed May 16 10:58:20 2018
5508,extrapolation,unmarked,initial,gu,ti,ComplexPhrase_Testing,punch_cowboy_sg_chef_pl,chef,negid,1,straikim nork negid gu ti,NA,NA,straikim nork negid gu ti,NA,186,Wed May 16 10:58:28 2018
5508,extrapolation,unmarked,initial,gu,ti,ComplexPhrase_Testing,punch_waitress_sg_cowboy_sg,NA,NA,,straikim tumbat nork ti,NA,NA,straikim tumbat nork ti,NA,187,Wed May 16 10:58:33 2018
5508,extrapolation,unmarked,initial,gu,ti,ComplexPhrase_Testing,kick_cowboy_sg_burglar_pl,burglar,vaem,1,kikim nork vaem gu ti,NA,NA,kikim nork vaem gu ti,NA,188,Wed May 16 10:58:40 2018
5508,extrapolation,unmarked,initial,gu,ti,Questionnaire,NA,NA,NA,,NA,NA,NA,,"It’s the plural indicator, so the equivalent to -s in English.",MeaningNum,Wed May 16 10:59:50 2018
5508,extrapolation,unmarked,initial,gu,ti,Questionnaire,NA,NA,NA,,NA,NA,NA,,"I guess it is just a verb or sentence ending, perharps a full stop?",MeaningCase,Wed May 16 10:59:50 2018
5508,extrapolation,unmarked,initial,gu,ti,Questionnaire,NA,NA,NA,,NA,NA,NA,,After,OrderNumNoun,Wed May 16 10:59:50 2018
5508,extrapolation,unmarked,initial,gu,ti,Questionnaire,NA,NA,NA,,NA,NA,NA,,After,OrderCaseNoun,Wed May 16 10:59:50 2018
5508,extrapolation,unmarked,initial,gu,ti,Questionnaire,NA,NA,NA,,NA,NA,NA,,"English, German and Farsi",Languages,Wed May 16 10:59:50 2018