ID,Condition,MajorityOrder,NounPosition,markerNum,markerCase,Phase,Meaning,NounItem,Noun,binaryResp,InputSentence,Selection,TypedResponse,SpokenResponse,AnswerQuest,Trial,date&time
5509,extrapolation,unmarked,initial,gu,sa,Noun_Training,cowboy,NA,NA,,tumbat,NA,NA,,NA,1,Mon Jun 18 12:31:07 2018
5509,extrapolation,unmarked,initial,gu,sa,Noun_Training,burglar,NA,NA,,nork,NA,NA,,NA,2,Mon Jun 18 12:31:12 2018
5509,extrapolation,unmarked,initial,gu,sa,Noun_Training,chef,NA,NA,,negid,NA,NA,,NA,3,Mon Jun 18 12:31:17 2018
5509,extrapolation,unmarked,initial,gu,sa,Noun_Training,waitress,NA,NA,,vaem,NA,NA,,NA,4,Mon Jun 18 12:31:22 2018
5509,extrapolation,unmarked,initial,gu,sa,Noun_Training,cowboy,NA,NA,,tumbat,NA,NA,,NA,5,Mon Jun 18 12:31:27 2018
5509,extrapolation,unmarked,initial,gu,sa,Noun_Training,cowboy,NA,NA,,tumbat,NA,NA,,NA,6,Mon Jun 18 12:31:32 2018
5509,extrapolation,unmarked,initial,gu,sa,Noun_Training,burglar,NA,NA,,nork,NA,NA,,NA,7,Mon Jun 18 12:31:36 2018
5509,extrapolation,unmarked,initial,gu,sa,Noun_Training,waitress,NA,NA,,vaem,NA,NA,,NA,8,Mon Jun 18 12:31:41 2018
5509,extrapolation,unmarked,initial,gu,sa,Noun_Training,chef,NA,NA,,negid,NA,NA,,NA,9,Mon Jun 18 12:31:46 2018
5509,extrapolation,unmarked,initial,gu,sa,Noun_Training,burglar,NA,NA,,nork,NA,NA,,NA,10,Mon Jun 18 12:31:51 2018
5509,extrapolation,unmarked,initial,gu,sa,Noun_Training,burglar,NA,NA,,nork,NA,NA,,NA,11,Mon Jun 18 12:31:56 2018
5509,extrapolation,unmarked,initial,gu,sa,Noun_Training,burglar,NA,NA,,nork,NA,NA,,NA,12,Mon Jun 18 12:32:01 2018
5509,extrapolation,unmarked,initial,gu,sa,Noun_Training,chef,NA,NA,,negid,NA,NA,,NA,13,Mon Jun 18 12:32:06 2018
5509,extrapolation,unmarked,initial,gu,sa,Noun_Training,waitress,NA,NA,,vaem,NA,NA,,NA,14,Mon Jun 18 12:32:10 2018
5509,extrapolation,unmarked,initial,gu,sa,Noun_Training,chef,NA,NA,,negid,NA,NA,,NA,15,Mon Jun 18 12:32:15 2018
5509,extrapolation,unmarked,initial,gu,sa,Noun_Training,waitress,NA,NA,,vaem,NA,NA,,NA,16,Mon Jun 18 12:32:20 2018
5509,extrapolation,unmarked,initial,gu,sa,Noun_Training,cowboy,NA,NA,,tumbat,NA,NA,,NA,17,Mon Jun 18 12:32:25 2018
5509,extrapolation,unmarked,initial,gu,sa,Noun_Training,waitress,NA,NA,,vaem,NA,NA,,NA,18,Mon Jun 18 12:32:30 2018
5509,extrapolation,unmarked,initial,gu,sa,Noun_Training,cowboy,NA,NA,,tumbat,NA,NA,,NA,19,Mon Jun 18 12:32:34 2018
5509,extrapolation,unmarked,initial,gu,sa,Noun_Training,burglar,NA,NA,,nork,NA,NA,,NA,20,Mon Jun 18 12:32:39 2018
5509,extrapolation,unmarked,initial,gu,sa,Noun_Training,chef,NA,NA,,negid,NA,NA,,NA,21,Mon Jun 18 12:32:44 2018
5509,extrapolation,unmarked,initial,gu,sa,Noun_Training,cowboy,NA,NA,,tumbat,NA,NA,,NA,22,Mon Jun 18 12:32:49 2018
5509,extrapolation,unmarked,initial,gu,sa,Noun_Training,waitress,NA,NA,,vaem,NA,NA,,NA,23,Mon Jun 18 12:32:54 2018
5509,extrapolation,unmarked,initial,gu,sa,Noun_Training,chef,NA,NA,,negid,NA,NA,,NA,24,Mon Jun 18 12:32:59 2018
5509,extrapolation,unmarked,initial,gu,sa,Noun_Selection,burglar,NA,NA,,nork,correct,NA,,NA,25,Mon Jun 18 12:33:22 2018
5509,extrapolation,unmarked,initial,gu,sa,Noun_Selection,waitress,NA,NA,,vaem,correct,NA,,NA,26,Mon Jun 18 12:33:28 2018
5509,extrapolation,unmarked,initial,gu,sa,Noun_Selection,waitress,NA,NA,,vaem,correct,NA,,NA,27,Mon Jun 18 12:33:32 2018
5509,extrapolation,unmarked,initial,gu,sa,Noun_Selection,waitress,NA,NA,,vaem,correct,NA,,NA,28,Mon Jun 18 12:33:35 2018
5509,extrapolation,unmarked,initial,gu,sa,Noun_Selection,burglar,NA,NA,,nork,correct,NA,,NA,29,Mon Jun 18 12:33:39 2018
5509,extrapolation,unmarked,initial,gu,sa,Noun_Selection,cowboy,NA,NA,,tumbat,correct,NA,,NA,30,Mon Jun 18 12:33:42 2018
5509,extrapolation,unmarked,initial,gu,sa,Noun_Selection,chef,NA,NA,,negid,correct,NA,,NA,31,Mon Jun 18 12:33:46 2018
5509,extrapolation,unmarked,initial,gu,sa,Noun_Selection,cowboy,NA,NA,,tumbat,correct,NA,,NA,32,Mon Jun 18 12:33:49 2018
5509,extrapolation,unmarked,initial,gu,sa,Noun_Selection,chef,NA,NA,,negid,correct,NA,,NA,33,Mon Jun 18 12:33:52 2018
5509,extrapolation,unmarked,initial,gu,sa,Noun_Selection,chef,NA,NA,,negid,correct,NA,,NA,34,Mon Jun 18 12:33:56 2018
5509,extrapolation,unmarked,initial,gu,sa,Noun_Selection,cowboy,NA,NA,,tumbat,correct,NA,,NA,35,Mon Jun 18 12:33:59 2018
5509,extrapolation,unmarked,initial,gu,sa,Noun_Selection,burglar,NA,NA,,nork,correct,NA,,NA,36,Mon Jun 18 12:34:02 2018
5509,extrapolation,unmarked,initial,gu,sa,Noun_Testing,burglar,NA,NA,,nork,NA,NA,nork,NA,37,Mon Jun 18 12:34:23 2018
5509,extrapolation,unmarked,initial,gu,sa,Noun_Testing,chef,NA,NA,,negid,NA,NA,negid,NA,38,Mon Jun 18 12:34:28 2018
5509,extrapolation,unmarked,initial,gu,sa,Noun_Testing,waitress,NA,NA,,vaem,NA,NA,vaem,NA,39,Mon Jun 18 12:34:33 2018
5509,extrapolation,unmarked,initial,gu,sa,Noun_Testing,chef,NA,NA,,negid,NA,NA,negid,NA,40,Mon Jun 18 12:34:37 2018
5509,extrapolation,unmarked,initial,gu,sa,Noun_Testing,cowboy,NA,NA,,tumbat,NA,NA,tumbat,NA,41,Mon Jun 18 12:34:41 2018
5509,extrapolation,unmarked,initial,gu,sa,Noun_Testing,cowboy,NA,NA,,tumbat,NA,NA,tumbat,NA,42,Mon Jun 18 12:34:46 2018
5509,extrapolation,unmarked,initial,gu,sa,Noun_Testing,cowboy,NA,NA,,tumbat,NA,NA,tumbat,NA,43,Mon Jun 18 12:34:50 2018
5509,extrapolation,unmarked,initial,gu,sa,Noun_Testing,waitress,NA,NA,,vaem,NA,NA,vaem,NA,44,Mon Jun 18 12:34:54 2018
5509,extrapolation,unmarked,initial,gu,sa,Noun_Testing,burglar,NA,NA,,nork,NA,NA,nork,NA,45,Mon Jun 18 12:34:58 2018
5509,extrapolation,unmarked,initial,gu,sa,Noun_Testing,chef,NA,NA,,negid,NA,NA,negid,NA,46,Mon Jun 18 12:35:03 2018
5509,extrapolation,unmarked,initial,gu,sa,Noun_Testing,waitress,NA,NA,,vaem,NA,NA,vaem,NA,47,Mon Jun 18 12:35:07 2018
5509,extrapolation,unmarked,initial,gu,sa,Noun_Testing,burglar,NA,NA,,nork,NA,NA,nork,NA,48,Mon Jun 18 12:35:11 2018
5509,extrapolation,unmarked,initial,gu,sa,SimplePhrase_Training,punch_burglar_pl_waitress_sg,NA,NA,,straikim nork gu vaem sa,NA,NA,,NA,49,Mon Jun 18 12:35:47 2018
5509,extrapolation,unmarked,initial,gu,sa,SimplePhrase_Training,point_waitress_pl_burglar_sg,NA,NA,,poinim vaem gu nork sa,NA,NA,,NA,50,Mon Jun 18 12:35:55 2018
5509,extrapolation,unmarked,initial,gu,sa,SimplePhrase_Training,kick_waitress_sg_chef_sg,NA,NA,,kikim vaem negid sa,NA,NA,,NA,51,Mon Jun 18 12:36:02 2018
5509,extrapolation,unmarked,initial,gu,sa,SimplePhrase_Training,point_chef_sg_waitress_sg,NA,NA,,poinim negid vaem sa,NA,NA,,NA,52,Mon Jun 18 12:36:09 2018
5509,extrapolation,unmarked,initial,gu,sa,SimplePhrase_Training,kick_chef_sg_burglar_sg,NA,NA,,kikim negid nork sa,NA,NA,,NA,53,Mon Jun 18 12:36:17 2018
5509,extrapolation,unmarked,initial,gu,sa,SimplePhrase_Training,punch_burglar_sg_chef_sg,NA,NA,,straikim nork negid sa,NA,NA,,NA,54,Mon Jun 18 12:36:24 2018
5509,extrapolation,unmarked,initial,gu,sa,SimplePhrase_Training,point_cowboy_pl_waitress_sg,NA,NA,,poinim tumbat gu vaem sa,NA,NA,,NA,55,Mon Jun 18 12:36:32 2018
5509,extrapolation,unmarked,initial,gu,sa,SimplePhrase_Training,cowboy,NA,NA,,tumbat,NA,NA,,NA,56,Mon Jun 18 12:36:37 2018
5509,extrapolation,unmarked,initial,gu,sa,SimplePhrase_Training,punch_cowboy_sg_waitress_sg,NA,NA,,straikim tumbat vaem sa,NA,NA,,NA,57,Mon Jun 18 12:36:44 2018
5509,extrapolation,unmarked,initial,gu,sa,SimplePhrase_Training,kick_burglar_pl_cowboy_sg,NA,NA,,kikim nork gu tumbat sa,NA,NA,,NA,58,Mon Jun 18 12:36:52 2018
5509,extrapolation,unmarked,initial,gu,sa,SimplePhrase_Training,point_burglar_pl_waitress_sg,NA,NA,,poinim nork gu vaem sa,NA,NA,,NA,59,Mon Jun 18 12:36:59 2018
5509,extrapolation,unmarked,initial,gu,sa,SimplePhrase_Training,point_chef_sg_burglar_sg,NA,NA,,poinim negid nork sa,NA,NA,,NA,60,Mon Jun 18 12:37:06 2018
5509,extrapolation,unmarked,initial,gu,sa,SimplePhrase_Training,punch_waitress_sg_burglar_sg,NA,NA,,straikim vaem nork sa,NA,NA,,NA,61,Mon Jun 18 12:37:14 2018
5509,extrapolation,unmarked,initial,gu,sa,SimplePhrase_Training,punch_cowboy_sg_chef_sg,NA,NA,,straikim tumbat negid sa,NA,NA,,NA,62,Mon Jun 18 12:37:21 2018
5509,extrapolation,unmarked,initial,gu,sa,SimplePhrase_Training,kick_cowboy_sg_waitress_sg,NA,NA,,kikim tumbat vaem sa,NA,NA,,NA,63,Mon Jun 18 12:37:29 2018
5509,extrapolation,unmarked,initial,gu,sa,SimplePhrase_Training,kick_waitress_sg_cowboy_sg,NA,NA,,kikim vaem tumbat sa,NA,NA,,NA,64,Mon Jun 18 12:37:36 2018
5509,extrapolation,unmarked,initial,gu,sa,SimplePhrase_Training,punch_chef_sg_cowboy_sg,NA,NA,,straikim negid tumbat sa,NA,NA,,NA,65,Mon Jun 18 12:37:43 2018
5509,extrapolation,unmarked,initial,gu,sa,SimplePhrase_Training,point_cowboy_pl_burglar_sg,NA,NA,,poinim tumbat gu nork sa,NA,NA,,NA,66,Mon Jun 18 12:37:51 2018
5509,extrapolation,unmarked,initial,gu,sa,SimplePhrase_Training,chef,NA,NA,,negid,NA,NA,,NA,67,Mon Jun 18 12:37:55 2018
5509,extrapolation,unmarked,initial,gu,sa,SimplePhrase_Training,kick_burglar_sg_chef_sg,NA,NA,,kikim nork negid sa,NA,NA,,NA,68,Mon Jun 18 12:38:03 2018
5509,extrapolation,unmarked,initial,gu,sa,SimplePhrase_Training,point_waitress_sg_chef_sg,NA,NA,,poinim vaem negid sa,NA,NA,,NA,69,Mon Jun 18 12:38:10 2018
5509,extrapolation,unmarked,initial,gu,sa,SimplePhrase_Training,punch_cowboy_pl_burglar_sg,NA,NA,,straikim tumbat gu nork sa,NA,NA,,NA,70,Mon Jun 18 12:38:18 2018
5509,extrapolation,unmarked,initial,gu,sa,SimplePhrase_Training,punch_chef_pl_waitress_sg,NA,NA,,straikim negid gu vaem sa,NA,NA,,NA,71,Mon Jun 18 12:38:25 2018
5509,extrapolation,unmarked,initial,gu,sa,SimplePhrase_Training,burglar,NA,NA,,nork,NA,NA,,NA,72,Mon Jun 18 12:38:30 2018
5509,extrapolation,unmarked,initial,gu,sa,SimplePhrase_Training,waitress,NA,NA,,vaem,NA,NA,,NA,73,Mon Jun 18 12:38:35 2018
5509,extrapolation,unmarked,initial,gu,sa,SimplePhrase_Training,kick_cowboy_pl_chef_sg,NA,NA,,kikim tumbat gu negid sa,NA,NA,,NA,74,Mon Jun 18 12:38:43 2018
5509,extrapolation,unmarked,initial,gu,sa,SimplePhrase_Training,kick_chef_pl_waitress_sg,NA,NA,,kikim negid gu vaem sa,NA,NA,,NA,75,Mon Jun 18 12:38:50 2018
5509,extrapolation,unmarked,initial,gu,sa,SimplePhrase_Training,chef,NA,NA,,negid,NA,NA,,NA,76,Mon Jun 18 12:38:55 2018
5509,extrapolation,unmarked,initial,gu,sa,SimplePhrase_Training,point_burglar_sg_cowboy_sg,NA,NA,,poinim nork tumbat sa,NA,NA,,NA,77,Mon Jun 18 12:39:02 2018
5509,extrapolation,unmarked,initial,gu,sa,SimplePhrase_Training,point_burglar_sg_chef_sg,NA,NA,,poinim nork negid sa,NA,NA,,NA,78,Mon Jun 18 12:39:10 2018
5509,extrapolation,unmarked,initial,gu,sa,SimplePhrase_Training,waitress,NA,NA,,vaem,NA,NA,,NA,79,Mon Jun 18 12:39:14 2018
5509,extrapolation,unmarked,initial,gu,sa,SimplePhrase_Training,kick_burglar_pl_waitress_sg,NA,NA,,kikim nork gu vaem sa,NA,NA,,NA,80,Mon Jun 18 12:39:22 2018
5509,extrapolation,unmarked,initial,gu,sa,SimplePhrase_Training,burglar,NA,NA,,nork,NA,NA,,NA,81,Mon Jun 18 12:39:27 2018
5509,extrapolation,unmarked,initial,gu,sa,SimplePhrase_Training,punch_waitress_pl_chef_sg,NA,NA,,straikim vaem gu negid sa,NA,NA,,NA,82,Mon Jun 18 12:39:34 2018
5509,extrapolation,unmarked,initial,gu,sa,SimplePhrase_Training,cowboy,NA,NA,,tumbat,NA,NA,,NA,83,Mon Jun 18 12:39:39 2018
5509,extrapolation,unmarked,initial,gu,sa,SimplePhrase_Training,point_cowboy_pl_chef_sg,NA,NA,,poinim tumbat gu negid sa,NA,NA,,NA,84,Mon Jun 18 12:39:47 2018
5509,extrapolation,unmarked,initial,gu,sa,SimplePhrase_Training,kick_waitress_sg_burglar_sg,NA,NA,,kikim vaem nork sa,NA,NA,,NA,85,Mon Jun 18 12:39:54 2018
5509,extrapolation,unmarked,initial,gu,sa,SimplePhrase_Training,point_waitress_pl_cowboy_sg,NA,NA,,poinim vaem gu tumbat sa,NA,NA,,NA,86,Mon Jun 18 12:40:02 2018
5509,extrapolation,unmarked,initial,gu,sa,SimplePhrase_Training,punch_burglar_sg_cowboy_sg,NA,NA,,straikim nork tumbat sa,NA,NA,,NA,87,Mon Jun 18 12:40:09 2018
5509,extrapolation,unmarked,initial,gu,sa,SimplePhrase_Training,kick_cowboy_pl_burglar_sg,NA,NA,,kikim tumbat gu nork sa,NA,NA,,NA,88,Mon Jun 18 12:40:17 2018
5509,extrapolation,unmarked,initial,gu,sa,SimplePhrase_Training,punch_chef_pl_burglar_sg,NA,NA,,straikim negid gu nork sa,NA,NA,,NA,89,Mon Jun 18 12:40:24 2018
5509,extrapolation,unmarked,initial,gu,sa,SimplePhrase_Training,punch_waitress_pl_cowboy_sg,NA,NA,,straikim vaem gu tumbat sa,NA,NA,,NA,90,Mon Jun 18 12:40:32 2018
5509,extrapolation,unmarked,initial,gu,sa,SimplePhrase_Training,point_chef_sg_cowboy_sg,NA,NA,,poinim negid tumbat sa,NA,NA,,NA,91,Mon Jun 18 12:40:39 2018
5509,extrapolation,unmarked,initial,gu,sa,SimplePhrase_Training,kick_chef_pl_cowboy_sg,NA,NA,,kikim negid gu tumbat sa,NA,NA,,NA,92,Mon Jun 18 12:40:47 2018
5509,extrapolation,unmarked,initial,gu,sa,SimplePhrase_Comprehension,point_cowboy_sg_waitress_sg,NA,NA,,poinim tumbat vaem sa,correct,NA,,NA,93,Mon Jun 18 12:41:12 2018
5509,extrapolation,unmarked,initial,gu,sa,SimplePhrase_Comprehension,punch_burglar_sg_waitress_sg,NA,NA,,straikim nork vaem sa,correct,NA,,NA,94,Mon Jun 18 12:41:18 2018
5509,extrapolation,unmarked,initial,gu,sa,SimplePhrase_Comprehension,punch_burglar_pl_chef_sg,NA,NA,,straikim nork gu negid sa,correct,NA,,NA,95,Mon Jun 18 12:41:25 2018
5509,extrapolation,unmarked,initial,gu,sa,SimplePhrase_Comprehension,kick_burglar_sg_waitress_sg,NA,NA,,kikim nork vaem sa,correct,NA,,NA,96,Mon Jun 18 12:41:30 2018
5509,extrapolation,unmarked,initial,gu,sa,SimplePhrase_Comprehension,punch_chef_sg_burglar_sg,NA,NA,,straikim negid nork sa,correct,NA,,NA,97,Mon Jun 18 12:41:36 2018
5509,extrapolation,unmarked,initial,gu,sa,SimplePhrase_Comprehension,kick_waitress_pl_burglar_sg,NA,NA,,kikim vaem gu nork sa,correct,NA,,NA,98,Mon Jun 18 12:41:42 2018
5509,extrapolation,unmarked,initial,gu,sa,SimplePhrase_Comprehension,point_burglar_pl_chef_sg,NA,NA,,poinim nork gu negid sa,correct,NA,,NA,99,Mon Jun 18 12:41:50 2018
5509,extrapolation,unmarked,initial,gu,sa,SimplePhrase_Comprehension,kick_cowboy_sg_burglar_sg,NA,NA,,kikim tumbat nork sa,correct,NA,,NA,100,Mon Jun 18 12:41:56 2018
5509,extrapolation,unmarked,initial,gu,sa,SimplePhrase_Comprehension,point_cowboy_sg_burglar_sg,NA,NA,,poinim tumbat nork sa,correct,NA,,NA,101,Mon Jun 18 12:42:02 2018
5509,extrapolation,unmarked,initial,gu,sa,SimplePhrase_Comprehension,kick_chef_sg_waitress_sg,NA,NA,,kikim negid vaem sa,correct,NA,,NA,102,Mon Jun 18 12:42:08 2018
5509,extrapolation,unmarked,initial,gu,sa,SimplePhrase_Comprehension,punch_cowboy_pl_chef_sg,NA,NA,,straikim tumbat gu negid sa,correct,NA,,NA,103,Mon Jun 18 12:42:15 2018
5509,extrapolation,unmarked,initial,gu,sa,SimplePhrase_Comprehension,punch_chef_sg_waitress_sg,NA,NA,,straikim negid vaem sa,correct,NA,,NA,104,Mon Jun 18 12:42:21 2018
5509,extrapolation,unmarked,initial,gu,sa,SimplePhrase_Comprehension,point_chef_pl_cowboy_sg,NA,NA,,poinim negid gu tumbat sa,correct,NA,,NA,105,Mon Jun 18 12:42:27 2018
5509,extrapolation,unmarked,initial,gu,sa,SimplePhrase_Comprehension,kick_waitress_pl_cowboy_sg,NA,NA,,kikim vaem gu tumbat sa,correct,NA,,NA,106,Mon Jun 18 12:42:32 2018
5509,extrapolation,unmarked,initial,gu,sa,SimplePhrase_Comprehension,punch_burglar_pl_cowboy_sg,NA,NA,,straikim nork gu tumbat sa,correct,NA,,NA,107,Mon Jun 18 12:42:40 2018
5509,extrapolation,unmarked,initial,gu,sa,SimplePhrase_Comprehension,punch_waitress_pl_burglar_sg,NA,NA,,straikim vaem gu nork sa,correct,NA,,NA,108,Mon Jun 18 12:42:45 2018
5509,extrapolation,unmarked,initial,gu,sa,SimplePhrase_Comprehension,point_waitress_sg_cowboy_sg,NA,NA,,poinim vaem tumbat sa,correct,NA,,NA,109,Mon Jun 18 12:42:51 2018
5509,extrapolation,unmarked,initial,gu,sa,SimplePhrase_Comprehension,kick_burglar_sg_cowboy_sg,NA,NA,,kikim nork tumbat sa,correct,NA,,NA,110,Mon Jun 18 12:42:56 2018
5509,extrapolation,unmarked,initial,gu,sa,SimplePhrase_Comprehension,point_burglar_pl_cowboy_sg,NA,NA,,poinim nork gu tumbat sa,correct,NA,,NA,111,Mon Jun 18 12:43:03 2018
5509,extrapolation,unmarked,initial,gu,sa,SimplePhrase_Comprehension,punch_chef_pl_cowboy_sg,NA,NA,,straikim negid gu tumbat sa,correct,NA,,NA,112,Mon Jun 18 12:43:09 2018
5509,extrapolation,unmarked,initial,gu,sa,SimplePhrase_Typing,burglar,NA,NA,,nork,NA,nork,,NA,113,Mon Jun 18 12:43:42 2018
5509,extrapolation,unmarked,initial,gu,sa,SimplePhrase_Typing,punch_chef_pl_burglar_sg,NA,NA,,straikim negid gu nork sa,NA,straikim negid gu nork sa,,NA,114,Mon Jun 18 12:43:58 2018
5509,extrapolation,unmarked,initial,gu,sa,SimplePhrase_Typing,chef,NA,NA,,negid,NA,negid,,NA,115,Mon Jun 18 12:44:04 2018
5509,extrapolation,unmarked,initial,gu,sa,SimplePhrase_Typing,kick_burglar_sg_chef_sg,NA,NA,,kikim nork negid sa,NA,kikim nork negid sa,,NA,116,Mon Jun 18 12:44:20 2018
5509,extrapolation,unmarked,initial,gu,sa,SimplePhrase_Typing,kick_chef_pl_cowboy_sg,NA,NA,,kikim negid gu tumbat sa,NA,kikim negid gu tumbat sa,,NA,117,Mon Jun 18 12:44:36 2018
5509,extrapolation,unmarked,initial,gu,sa,SimplePhrase_Typing,point_chef_sg_cowboy_sg,NA,NA,,poinim negid tumbat sa,NA,poinim negid tumbat sa,,NA,118,Mon Jun 18 12:44:47 2018
5509,extrapolation,unmarked,initial,gu,sa,SimplePhrase_Typing,kick_burglar_pl_waitress_sg,NA,NA,,kikim nork gu vaem sa,NA,kikim nork gu vaem sa,,NA,119,Mon Jun 18 12:44:58 2018
5509,extrapolation,unmarked,initial,gu,sa,SimplePhrase_Typing,punch_burglar_pl_waitress_sg,NA,NA,,straikim nork gu vaem sa,NA,straikim nork gu vaem sa,,NA,120,Mon Jun 18 12:45:10 2018
5509,extrapolation,unmarked,initial,gu,sa,SimplePhrase_Typing,punch_cowboy_sg_chef_sg,NA,NA,,straikim tumbat negid sa,NA,straikim tumbat negid sa,,NA,121,Mon Jun 18 12:45:21 2018
5509,extrapolation,unmarked,initial,gu,sa,SimplePhrase_Typing,cowboy,NA,NA,,tumbat,NA,tumbat,,NA,122,Mon Jun 18 12:45:27 2018
5509,extrapolation,unmarked,initial,gu,sa,SimplePhrase_Typing,point_chef_sg_waitress_sg,NA,NA,,poinim negid vaem sa,NA,poinim negid vaem sa,,NA,123,Mon Jun 18 12:45:40 2018
5509,extrapolation,unmarked,initial,gu,sa,SimplePhrase_Typing,waitress,NA,NA,,vaem,NA,vaem,,NA,124,Mon Jun 18 12:45:46 2018
5509,extrapolation,unmarked,initial,gu,sa,ComplexPhrase_Typing,point_cowboy_sg_burglar_pl,burglar,nork,1,poinim tumbat nork gu sa,NA,poinim tumbat nork gu sa,,NA,125,Mon Jun 18 12:46:24 2018
5509,extrapolation,unmarked,initial,gu,sa,ComplexPhrase_Typing,point_waitress_sg_burglar_pl,burglar,nork,1,poinim vaem nork gu sa,NA,poinim vaem nork gu sa,,NA,126,Mon Jun 18 12:46:46 2018
5509,extrapolation,unmarked,initial,gu,sa,ComplexPhrase_Typing,kick_cowboy_sg_waitress_pl,waitress,vaem,1,kikim tumbat vaem gu sa,NA,kikim tumbat vaem gu sa,,NA,127,Mon Jun 18 12:47:03 2018
5509,extrapolation,unmarked,initial,gu,sa,ComplexPhrase_Typing,kick_chef_sg_cowboy_pl,cowboy,tumbat,1,kikim negid tumbat gu sa,NA,kikim negid tumbat gu sa,,NA,128,Mon Jun 18 12:47:09 2018
5509,extrapolation,unmarked,initial,gu,sa,ComplexPhrase_Typing,kick_cowboy_sg_waitress_pl,waitress,vaem,1,kikim tumbat vaem gu sa,NA,kikim tumbat vaem gu sa,,NA,129,Mon Jun 18 12:47:20 2018
5509,extrapolation,unmarked,initial,gu,sa,ComplexPhrase_Typing,kick_chef_sg_cowboy_pl,cowboy,tumbat,1,kikim negid tumbat gu sa,NA,kikim negid tumbat gu sa,,NA,130,Mon Jun 18 12:47:34 2018
5509,extrapolation,unmarked,initial,gu,sa,ComplexPhrase_Typing,point_cowboy_sg_burglar_pl,burglar,nork,1,poinim tumbat nork gu sa,NA,poinim tumbat nork gu sa,,NA,131,Mon Jun 18 12:47:45 2018
5509,extrapolation,unmarked,initial,gu,sa,ComplexPhrase_Typing,point_waitress_sg_burglar_pl,burglar,nork,1,poinim vaem nork gu sa,NA,poinim vaem nork gu sa,,NA,132,Mon Jun 18 12:47:55 2018
5509,extrapolation,unmarked,initial,gu,sa,ComplexPhrase_Typing,point_waitress_sg_burglar_pl,burglar,nork,1,poinim vaem nork gu sa,NA,poinim vaem nork gu sa,,NA,133,Mon Jun 18 12:48:02 2018
5509,extrapolation,unmarked,initial,gu,sa,ComplexPhrase_Typing,kick_cowboy_sg_waitress_pl,waitress,vaem,1,kikim tumbat vaem gu sa,NA,kikim tumbat vaem gu sa,,NA,134,Mon Jun 18 12:48:12 2018
5509,extrapolation,unmarked,initial,gu,sa,ComplexPhrase_Typing,kick_chef_sg_cowboy_pl,cowboy,tumbat,1,kikim negid tumbat gu sa,NA,kikim negid tumbat gu sa,,NA,135,Mon Jun 18 12:48:18 2018
5509,extrapolation,unmarked,initial,gu,sa,ComplexPhrase_Typing,point_cowboy_sg_burglar_pl,burglar,nork,1,poinim tumbat nork gu sa,NA,poinim tumbat nork gu sa,,NA,136,Mon Jun 18 12:48:26 2018
5509,extrapolation,unmarked,initial,gu,sa,ComplexPhrase_Testing,punch_waitress_sg_cowboy_pl,cowboy,tumbat,1,straikim vaem tumbat gu sa,NA,NA,straikim vaem tumbat gu sa,NA,137,Mon Jun 18 12:49:07 2018
5509,extrapolation,unmarked,initial,gu,sa,ComplexPhrase_Testing,punch_waitress_sg_cowboy_pl,cowboy,tumbat,1,straikim vaem tumbat gu sa,NA,NA,straikim vaem tumbat gu sa,NA,138,Mon Jun 18 12:49:13 2018
5509,extrapolation,unmarked,initial,gu,sa,ComplexPhrase_Testing,point_cowboy_sg_chef_pl,chef,negid,1,poinim tumbat negid gu sa,NA,NA,poinim tumbat negid gu sa,NA,139,Mon Jun 18 12:49:19 2018
5509,extrapolation,unmarked,initial,gu,sa,ComplexPhrase_Testing,kick_burglar_pl_cowboy_sg,NA,NA,,kikim nork gu tumbat sa,NA,NA,kikim nork gu tumbat sa,NA,140,Mon Jun 18 12:49:25 2018
5509,extrapolation,unmarked,initial,gu,sa,ComplexPhrase_Testing,point_cowboy_pl_burglar_sg,NA,NA,,poinim tumbat gu nork sa,NA,NA,poinim tumbat gu nork sa,NA,141,Mon Jun 18 12:49:33 2018
5509,extrapolation,unmarked,initial,gu,sa,ComplexPhrase_Testing,kick_waitress_sg_chef_pl,chef,negid,1,kikim vaem negid gu sa,NA,NA,kikim vaem negid gu sa,NA,142,Mon Jun 18 12:49:48 2018
5509,extrapolation,unmarked,initial,gu,sa,ComplexPhrase_Testing,kick_waitress_sg_burglar_pl,burglar,nork,1,kikim vaem nork gu sa,NA,NA,kikim vaem nork gu sa,NA,143,Mon Jun 18 12:49:54 2018
5509,extrapolation,unmarked,initial,gu,sa,ComplexPhrase_Testing,point_waitress_sg_chef_pl,chef,negid,1,poinim vaem negid gu sa,NA,NA,poinim vaem negid gu sa,NA,144,Mon Jun 18 12:50:01 2018
5509,extrapolation,unmarked,initial,gu,sa,ComplexPhrase_Testing,waitress,NA,NA,,vaem,NA,NA,vaem,NA,145,Mon Jun 18 12:50:03 2018
5509,extrapolation,unmarked,initial,gu,sa,ComplexPhrase_Testing,punch_cowboy_sg_waitress_pl,waitress,vaem,1,straikim tumbat vaem gu sa,NA,NA,straikim tumbat vaem gu sa,NA,146,Mon Jun 18 12:50:10 2018
5509,extrapolation,unmarked,initial,gu,sa,ComplexPhrase_Testing,punch_cowboy_sg_waitress_pl,waitress,vaem,1,straikim tumbat vaem gu sa,NA,NA,straikim tumbat vaem gu sa,NA,147,Mon Jun 18 12:50:15 2018
5509,extrapolation,unmarked,initial,gu,sa,ComplexPhrase_Testing,kick_waitress_sg_cowboy_pl,cowboy,tumbat,1,kikim vaem tumbat gu sa,NA,NA,kikim vaem tumbat gu sa,NA,148,Mon Jun 18 12:50:21 2018
5509,extrapolation,unmarked,initial,gu,sa,ComplexPhrase_Testing,punch_waitress_sg_cowboy_pl,cowboy,tumbat,1,straikim vaem tumbat gu sa,NA,NA,straikim vaem tumbat gu sa,NA,149,Mon Jun 18 12:50:26 2018
5509,extrapolation,unmarked,initial,gu,sa,ComplexPhrase_Testing,kick_waitress_sg_chef_pl,chef,negid,1,kikim vaem negid gu sa,NA,NA,kikim vaem negid gu sa,NA,150,Mon Jun 18 12:50:31 2018
5509,extrapolation,unmarked,initial,gu,sa,ComplexPhrase_Testing,point_cowboy_sg_chef_pl,chef,negid,1,poinim tumbat negid gu sa,NA,NA,poinim tumbat negid gu sa,NA,151,Mon Jun 18 12:50:37 2018
5509,extrapolation,unmarked,initial,gu,sa,ComplexPhrase_Testing,point_waitress_sg_chef_pl,chef,negid,1,poinim vaem negid gu sa,NA,NA,poinim vaem negid gu sa,NA,152,Mon Jun 18 12:50:42 2018
5509,extrapolation,unmarked,initial,gu,sa,ComplexPhrase_Testing,point_waitress_sg_chef_pl,chef,negid,1,poinim vaem negid gu sa,NA,NA,poinim vaem negid gu sa,NA,153,Mon Jun 18 12:50:47 2018
5509,extrapolation,unmarked,initial,gu,sa,ComplexPhrase_Testing,punch_waitress_sg_burglar_pl,burglar,nork,1,straikim vaem nork gu sa,NA,NA,straikim vaem nork gu sa,NA,154,Mon Jun 18 12:50:54 2018
5509,extrapolation,unmarked,initial,gu,sa,ComplexPhrase_Testing,punch_cowboy_sg_burglar_pl,burglar,nork,1,straikim tumbat nork gu sa,NA,NA,straikim tumbat nork gu sa,NA,155,Mon Jun 18 12:50:59 2018
5509,extrapolation,unmarked,initial,gu,sa,ComplexPhrase_Testing,kick_cowboy_sg_chef_pl,chef,negid,1,kikim tumbat negid gu sa,NA,NA,kikim tumbat negid gu sa,NA,156,Mon Jun 18 12:51:05 2018
5509,extrapolation,unmarked,initial,gu,sa,ComplexPhrase_Testing,point_waitress_sg_chef_sg,NA,NA,,poinim vaem negid sa,NA,NA,poinim vaem negid sa,NA,157,Mon Jun 18 12:51:09 2018
5509,extrapolation,unmarked,initial,gu,sa,ComplexPhrase_Testing,point_cowboy_sg_burglar_pl,burglar,nork,1,poinim tumbat nork gu sa,NA,NA,poinim tumbat nork gu sa,NA,158,Mon Jun 18 12:51:17 2018
5509,extrapolation,unmarked,initial,gu,sa,ComplexPhrase_Testing,kick_cowboy_sg_chef_pl,chef,negid,1,kikim tumbat negid gu sa,NA,NA,kikim tumbat negid gu sa,NA,159,Mon Jun 18 12:51:22 2018
5509,extrapolation,unmarked,initial,gu,sa,ComplexPhrase_Testing,punch_waitress_sg_burglar_pl,burglar,nork,1,straikim vaem nork gu sa,NA,NA,straikim vaem nork gu sa,NA,160,Mon Jun 18 12:51:26 2018
5509,extrapolation,unmarked,initial,gu,sa,ComplexPhrase_Testing,point_cowboy_sg_burglar_pl,burglar,nork,1,poinim tumbat nork gu sa,NA,NA,poinim tumbat nork gu sa,NA,161,Mon Jun 18 12:51:31 2018
5509,extrapolation,unmarked,initial,gu,sa,ComplexPhrase_Testing,punch_cowboy_sg_burglar_pl,burglar,nork,1,straikim tumbat nork gu sa,NA,NA,straikim tumbat nork gu sa,NA,162,Mon Jun 18 12:51:37 2018
5509,extrapolation,unmarked,initial,gu,sa,ComplexPhrase_Testing,kick_waitress_sg_burglar_pl,burglar,nork,1,kikim vaem nork gu sa,NA,NA,kikim vaem nork gu sa,NA,163,Mon Jun 18 12:51:42 2018
5509,extrapolation,unmarked,initial,gu,sa,ComplexPhrase_Testing,kick_cowboy_sg_chef_pl,chef,negid,1,kikim tumbat negid gu sa,NA,NA,kikim tumbat negid gu sa,NA,164,Mon Jun 18 12:51:47 2018
5509,extrapolation,unmarked,initial,gu,sa,ComplexPhrase_Testing,punch_cowboy_sg_burglar_pl,burglar,nork,1,straikim tumbat nork gu sa,NA,NA,straikim tumbat nork gu sa,NA,165,Mon Jun 18 12:51:52 2018
5509,extrapolation,unmarked,initial,gu,sa,ComplexPhrase_Testing,punch_chef_sg_cowboy_sg,NA,NA,,straikim negid tumbat sa,NA,NA,straikim negid tumbat sa,NA,166,Mon Jun 18 12:52:02 2018
5509,extrapolation,unmarked,initial,gu,sa,ComplexPhrase_Testing,point_burglar_pl_waitress_sg,NA,NA,,poinim nork gu vaem sa,NA,NA,poinim nork gu vaem sa,NA,167,Mon Jun 18 12:52:07 2018
5509,extrapolation,unmarked,initial,gu,sa,ComplexPhrase_Testing,kick_waitress_sg_burglar_pl,burglar,nork,1,kikim vaem nork gu sa,NA,NA,kikim vaem nork gu sa,NA,168,Mon Jun 18 12:52:18 2018
5509,extrapolation,unmarked,initial,gu,sa,ComplexPhrase_Testing,kick_waitress_sg_cowboy_pl,cowboy,tumbat,1,kikim vaem tumbat gu sa,NA,NA,kikim vaem tumbat gu sa,NA,169,Mon Jun 18 12:52:24 2018
5509,extrapolation,unmarked,initial,gu,sa,ComplexPhrase_Testing,punch_chef_sg_waitress_sg,NA,NA,,straikim negid vaem sa,NA,NA,straikim negid vaem sa,NA,170,Mon Jun 18 12:52:29 2018
5509,extrapolation,unmarked,initial,gu,sa,ComplexPhrase_Testing,point_cowboy_pl_chef_sg,NA,NA,,poinim tumbat gu negid sa,NA,NA,poinim tumbat gu negid sa,NA,171,Mon Jun 18 12:52:40 2018
5509,extrapolation,unmarked,initial,gu,sa,ComplexPhrase_Testing,punch_waitress_sg_burglar_pl,burglar,nork,1,straikim vaem nork gu sa,NA,NA,straikim vaem nork gu sa,NA,172,Mon Jun 18 12:52:48 2018
5509,extrapolation,unmarked,initial,gu,sa,ComplexPhrase_Testing,kick_burglar_sg_waitress_pl,waitress,vaem,1,kikim nork vaem gu sa,NA,NA,kikim nork vaem gu sa,NA,173,Mon Jun 18 12:52:54 2018
5509,extrapolation,unmarked,initial,gu,sa,ComplexPhrase_Testing,kick_burglar_sg_waitress_pl,waitress,vaem,1,kikim nork vaem gu sa,NA,NA,kikim nork vaem gu sa,NA,174,Mon Jun 18 12:52:58 2018
5509,extrapolation,unmarked,initial,gu,sa,ComplexPhrase_Testing,point_burglar_sg_waitress_sg,NA,NA,,poinim nork vaem sa,NA,NA,poinim nork vaem sa,NA,175,Mon Jun 18 12:53:02 2018
5509,extrapolation,unmarked,initial,gu,sa,ComplexPhrase_Testing,chef,NA,NA,,negid,NA,NA,negid,NA,176,Mon Jun 18 12:53:09 2018
5509,extrapolation,unmarked,initial,gu,sa,ComplexPhrase_Testing,point_cowboy_sg_chef_pl,chef,negid,1,poinim tumbat negid gu sa,NA,NA,poinim tumbat negid gu sa,NA,177,Mon Jun 18 12:53:16 2018
5509,extrapolation,unmarked,initial,gu,sa,ComplexPhrase_Testing,kick_cowboy_sg_waitress_sg,NA,NA,,kikim tumbat vaem sa,NA,NA,kikim tumbat vaem sa,NA,178,Mon Jun 18 12:53:21 2018
5509,extrapolation,unmarked,initial,gu,sa,ComplexPhrase_Testing,point_cowboy_sg_burglar_pl,burglar,nork,1,poinim tumbat nork gu sa,NA,NA,poinim tumbat nork gu sa,NA,179,Mon Jun 18 12:53:30 2018
5509,extrapolation,unmarked,initial,gu,sa,ComplexPhrase_Testing,kick_burglar_sg_waitress_pl,waitress,vaem,1,kikim nork vaem gu sa,NA,NA,kikim nork vaem gu sa,NA,180,Mon Jun 18 12:53:35 2018
5509,extrapolation,unmarked,initial,gu,sa,ComplexPhrase_Testing,punch_burglar_pl_cowboy_sg,NA,NA,,straikim nork gu tumbat sa,NA,NA,straikim nork gu tumbat sa,NA,181,Mon Jun 18 12:53:40 2018
5509,extrapolation,unmarked,initial,gu,sa,ComplexPhrase_Testing,point_chef_pl_waitress_sg,NA,NA,,poinim negid gu vaem sa,NA,NA,poinim negid gu vaem sa,NA,182,Mon Jun 18 12:53:47 2018
5509,extrapolation,unmarked,initial,gu,sa,ComplexPhrase_Testing,burglar,NA,NA,,nork,NA,NA,nork,NA,183,Mon Jun 18 12:53:53 2018
5509,extrapolation,unmarked,initial,gu,sa,ComplexPhrase_Testing,punch_cowboy_sg_waitress_pl,waitress,vaem,1,straikim tumbat vaem gu sa,NA,NA,straikim tumbat vaem gu sa,NA,184,Mon Jun 18 12:54:00 2018
5509,extrapolation,unmarked,initial,gu,sa,ComplexPhrase_Testing,kick_waitress_sg_chef_pl,chef,negid,1,kikim vaem negid gu sa,NA,NA,kikim vaem negid gu sa,NA,185,Mon Jun 18 12:54:05 2018
5509,extrapolation,unmarked,initial,gu,sa,ComplexPhrase_Testing,point_burglar_sg_chef_sg,NA,NA,,poinim nork negid sa,NA,NA,poinim nork negid sa,NA,186,Mon Jun 18 12:54:09 2018
5509,extrapolation,unmarked,initial,gu,sa,ComplexPhrase_Testing,kick_waitress_sg_cowboy_pl,cowboy,tumbat,1,kikim vaem tumbat gu sa,NA,NA,kikim vaem tumbat gu sa,NA,187,Mon Jun 18 12:54:17 2018
5509,extrapolation,unmarked,initial,gu,sa,ComplexPhrase_Testing,cowboy,NA,NA,,tumbat,NA,NA,tumbat,NA,188,Mon Jun 18 12:54:19 2018
5509,extrapolation,unmarked,initial,gu,sa,Questionnaire,NA,NA,NA,,NA,NA,NA,,the object,MeaningCase,Mon Jun 18 12:56:03 2018
5509,extrapolation,unmarked,initial,gu,sa,Questionnaire,NA,NA,NA,,NA,NA,NA,,two,MeaningNum,Mon Jun 18 12:56:03 2018
5509,extrapolation,unmarked,initial,gu,sa,Questionnaire,NA,NA,NA,,NA,NA,NA,,,OrderCaseNoun,Mon Jun 18 12:56:03 2018
5509,extrapolation,unmarked,initial,gu,sa,Questionnaire,NA,NA,NA,,NA,NA,NA,,after,OrderNumNoun,Mon Jun 18 12:56:03 2018
5509,extrapolation,unmarked,initial,gu,sa,Questionnaire,NA,NA,NA,,NA,NA,NA,,english,Languages,Mon Jun 18 12:56:03 2018