ID,Condition,MajorityOrder,NounPosition,markerNum,markerCase,Phase,Meaning,NounItem,Noun,binaryResp,InputSentence,Selection,TypedResponse,SpokenResponse,AnswerQuest,Trial,date.time
5ja06,extrapolation,unmarked,initial,セヒ,ギト,Noun_Training,cowboy,NA,NA,NA,ネチビ,NA,NA,,NA,1,Fri Oct  5 13:57:33 2018
5ja06,extrapolation,unmarked,initial,セヒ,ギト,Noun_Training,cowboy,NA,NA,NA,ネチビ,NA,NA,,NA,2,Fri Oct  5 13:57:38 2018
5ja06,extrapolation,unmarked,initial,セヒ,ギト,Noun_Training,cowboy,NA,NA,NA,ネチビ,NA,NA,,NA,3,Fri Oct  5 13:57:43 2018
5ja06,extrapolation,unmarked,initial,セヒ,ギト,Noun_Training,burglar,NA,NA,NA,ダクメ,NA,NA,,NA,4,Fri Oct  5 13:57:48 2018
5ja06,extrapolation,unmarked,initial,セヒ,ギト,Noun_Training,chef,NA,NA,NA,タソヌ,NA,NA,,NA,5,Fri Oct  5 13:57:53 2018
5ja06,extrapolation,unmarked,initial,セヒ,ギト,Noun_Training,chef,NA,NA,NA,タソヌ,NA,NA,,NA,6,Fri Oct  5 13:57:58 2018
5ja06,extrapolation,unmarked,initial,セヒ,ギト,Noun_Training,waitress,NA,NA,NA,ソギナ,NA,NA,,NA,7,Fri Oct  5 13:58:03 2018
5ja06,extrapolation,unmarked,initial,セヒ,ギト,Noun_Training,chef,NA,NA,NA,タソヌ,NA,NA,,NA,8,Fri Oct  5 13:58:07 2018
5ja06,extrapolation,unmarked,initial,セヒ,ギト,Noun_Training,burglar,NA,NA,NA,ダクメ,NA,NA,,NA,9,Fri Oct  5 13:58:12 2018
5ja06,extrapolation,unmarked,initial,セヒ,ギト,Noun_Training,chef,NA,NA,NA,タソヌ,NA,NA,,NA,10,Fri Oct  5 13:58:17 2018
5ja06,extrapolation,unmarked,initial,セヒ,ギト,Noun_Training,chef,NA,NA,NA,タソヌ,NA,NA,,NA,11,Fri Oct  5 13:58:22 2018
5ja06,extrapolation,unmarked,initial,セヒ,ギト,Noun_Training,waitress,NA,NA,NA,ソギナ,NA,NA,,NA,12,Fri Oct  5 13:58:27 2018
5ja06,extrapolation,unmarked,initial,セヒ,ギト,Noun_Training,waitress,NA,NA,NA,ソギナ,NA,NA,,NA,13,Fri Oct  5 13:58:32 2018
5ja06,extrapolation,unmarked,initial,セヒ,ギト,Noun_Training,cowboy,NA,NA,NA,ネチビ,NA,NA,,NA,14,Fri Oct  5 13:58:37 2018
5ja06,extrapolation,unmarked,initial,セヒ,ギト,Noun_Training,burglar,NA,NA,NA,ダクメ,NA,NA,,NA,15,Fri Oct  5 13:58:42 2018
5ja06,extrapolation,unmarked,initial,セヒ,ギト,Noun_Training,burglar,NA,NA,NA,ダクメ,NA,NA,,NA,16,Fri Oct  5 13:58:47 2018
5ja06,extrapolation,unmarked,initial,セヒ,ギト,Noun_Training,burglar,NA,NA,NA,ダクメ,NA,NA,,NA,17,Fri Oct  5 13:58:51 2018
5ja06,extrapolation,unmarked,initial,セヒ,ギト,Noun_Training,cowboy,NA,NA,NA,ネチビ,NA,NA,,NA,18,Fri Oct  5 13:58:56 2018
5ja06,extrapolation,unmarked,initial,セヒ,ギト,Noun_Training,waitress,NA,NA,NA,ソギナ,NA,NA,,NA,19,Fri Oct  5 13:59:01 2018
5ja06,extrapolation,unmarked,initial,セヒ,ギト,Noun_Training,waitress,NA,NA,NA,ソギナ,NA,NA,,NA,20,Fri Oct  5 13:59:06 2018
5ja06,extrapolation,unmarked,initial,セヒ,ギト,Noun_Training,chef,NA,NA,NA,タソヌ,NA,NA,,NA,21,Fri Oct  5 13:59:11 2018
5ja06,extrapolation,unmarked,initial,セヒ,ギト,Noun_Training,waitress,NA,NA,NA,ソギナ,NA,NA,,NA,22,Fri Oct  5 13:59:16 2018
5ja06,extrapolation,unmarked,initial,セヒ,ギト,Noun_Training,burglar,NA,NA,NA,ダクメ,NA,NA,,NA,23,Fri Oct  5 13:59:21 2018
5ja06,extrapolation,unmarked,initial,セヒ,ギト,Noun_Training,cowboy,NA,NA,NA,ネチビ,NA,NA,,NA,24,Fri Oct  5 13:59:26 2018
5ja06,extrapolation,unmarked,initial,セヒ,ギト,Noun_Selection,cowboy,NA,NA,NA,ネチビ,correct,NA,,NA,25,Fri Oct  5 13:59:53 2018
5ja06,extrapolation,unmarked,initial,セヒ,ギト,Noun_Selection,chef,NA,NA,NA,タソヌ,correct,NA,,NA,26,Fri Oct  5 14:00:00 2018
5ja06,extrapolation,unmarked,initial,セヒ,ギト,Noun_Selection,waitress,NA,NA,NA,ソギナ,correct,NA,,NA,27,Fri Oct  5 14:00:04 2018
5ja06,extrapolation,unmarked,initial,セヒ,ギト,Noun_Selection,burglar,NA,NA,NA,ダクメ,correct,NA,,NA,28,Fri Oct  5 14:00:08 2018
5ja06,extrapolation,unmarked,initial,セヒ,ギト,Noun_Selection,cowboy,NA,NA,NA,ネチビ,correct,NA,,NA,29,Fri Oct  5 14:00:11 2018
5ja06,extrapolation,unmarked,initial,セヒ,ギト,Noun_Selection,cowboy,NA,NA,NA,ネチビ,correct,NA,,NA,30,Fri Oct  5 14:00:14 2018
5ja06,extrapolation,unmarked,initial,セヒ,ギト,Noun_Selection,waitress,NA,NA,NA,ソギナ,correct,NA,,NA,31,Fri Oct  5 14:00:17 2018
5ja06,extrapolation,unmarked,initial,セヒ,ギト,Noun_Selection,burglar,NA,NA,NA,ダクメ,correct,NA,,NA,32,Fri Oct  5 14:00:21 2018
5ja06,extrapolation,unmarked,initial,セヒ,ギト,Noun_Selection,chef,NA,NA,NA,タソヌ,correct,NA,,NA,33,Fri Oct  5 14:00:25 2018
5ja06,extrapolation,unmarked,initial,セヒ,ギト,Noun_Selection,burglar,NA,NA,NA,ダクメ,correct,NA,,NA,34,Fri Oct  5 14:00:28 2018
5ja06,extrapolation,unmarked,initial,セヒ,ギト,Noun_Selection,waitress,NA,NA,NA,ソギナ,correct,NA,,NA,35,Fri Oct  5 14:00:31 2018
5ja06,extrapolation,unmarked,initial,セヒ,ギト,Noun_Selection,chef,NA,NA,NA,タソヌ,correct,NA,,NA,36,Fri Oct  5 14:00:34 2018
5ja06,extrapolation,unmarked,initial,セヒ,ギト,Noun_Testing,chef,NA,NA,NA,タソヌ,NA,NA,(),NA,37,Fri Oct  5 14:01:25 2018
5ja06,extrapolation,unmarked,initial,セヒ,ギト,Noun_Testing,chef,NA,NA,NA,タソヌ,NA,NA,タソヌ,NA,38,Fri Oct  5 14:01:31 2018
5ja06,extrapolation,unmarked,initial,セヒ,ギト,Noun_Testing,cowboy,NA,NA,NA,ネチビ,NA,NA,ネチビ,NA,39,Fri Oct  5 14:01:38 2018
5ja06,extrapolation,unmarked,initial,セヒ,ギト,Noun_Testing,burglar,NA,NA,NA,ダクメ,NA,NA,ダクメ,NA,40,Fri Oct  5 14:01:47 2018
5ja06,extrapolation,unmarked,initial,セヒ,ギト,Noun_Testing,chef,NA,NA,NA,タソヌ,NA,NA,(),NA,41,Fri Oct  5 14:02:07 2018
5ja06,extrapolation,unmarked,initial,セヒ,ギト,Noun_Testing,waitress,NA,NA,NA,ソギナ,NA,NA,ソギナ,NA,42,Fri Oct  5 14:02:11 2018
5ja06,extrapolation,unmarked,initial,セヒ,ギト,Noun_Testing,cowboy,NA,NA,NA,ネチビ,NA,NA,ネチビ,NA,43,Fri Oct  5 14:02:16 2018
5ja06,extrapolation,unmarked,initial,セヒ,ギト,Noun_Testing,waitress,NA,NA,NA,ソギナ,NA,NA,ソギナ,NA,44,Fri Oct  5 14:02:21 2018
5ja06,extrapolation,unmarked,initial,セヒ,ギト,Noun_Testing,waitress,NA,NA,NA,ソギナ,NA,NA,ソギナ,NA,45,Fri Oct  5 14:02:25 2018
5ja06,extrapolation,unmarked,initial,セヒ,ギト,Noun_Testing,burglar,NA,NA,NA,ダクメ,NA,NA,ダクメ,NA,46,Fri Oct  5 14:02:37 2018
5ja06,extrapolation,unmarked,initial,セヒ,ギト,Noun_Testing,cowboy,NA,NA,NA,ネチビ,NA,NA,ネチビ,NA,47,Fri Oct  5 14:02:42 2018
5ja06,extrapolation,unmarked,initial,セヒ,ギト,Noun_Testing,burglar,NA,NA,NA,ダクメ,NA,NA,ダクメ,NA,48,Fri Oct  5 14:02:46 2018
5ja06,extrapolation,unmarked,initial,セヒ,ギト,SimplePhrase_Training,kick_cowboy_pl_burglar_sg,NA,NA,NA,ケルラ ネチビ セヒ ダクメ ギト,NA,NA,,NA,49,Fri Oct  5 14:03:35 2018
5ja06,extrapolation,unmarked,initial,セヒ,ギト,SimplePhrase_Training,point_cowboy_sg_burglar_sg,NA,NA,NA,サスラ ネチビ ダクメ ギト,NA,NA,,NA,50,Fri Oct  5 14:03:42 2018
5ja06,extrapolation,unmarked,initial,セヒ,ギト,SimplePhrase_Training,chef_two,NA,NA,NA,タソヌ セヒ,NA,NA,,NA,51,Fri Oct  5 14:03:48 2018
5ja06,extrapolation,unmarked,initial,セヒ,ギト,SimplePhrase_Training,punch_cowboy_sg_chef_sg,NA,NA,NA,ナグラ ネチビ タソヌ ギト,NA,NA,,NA,52,Fri Oct  5 14:03:55 2018
5ja06,extrapolation,unmarked,initial,セヒ,ギト,SimplePhrase_Training,chef_three,NA,NA,NA,タソヌ セヒ,NA,NA,,NA,53,Fri Oct  5 14:04:01 2018
5ja06,extrapolation,unmarked,initial,セヒ,ギト,SimplePhrase_Training,chef,NA,NA,NA,タソヌ,NA,NA,,NA,54,Fri Oct  5 14:04:05 2018
5ja06,extrapolation,unmarked,initial,セヒ,ギト,SimplePhrase_Training,burglar_two,NA,NA,NA,ダクメ セヒ,NA,NA,,NA,55,Fri Oct  5 14:04:11 2018
5ja06,extrapolation,unmarked,initial,セヒ,ギト,SimplePhrase_Training,kick_chef_sg_waitress_sg,NA,NA,NA,ケルラ タソヌ ソギナ ギト,NA,NA,,NA,56,Fri Oct  5 14:04:18 2018
5ja06,extrapolation,unmarked,initial,セヒ,ギト,SimplePhrase_Training,point_waitress_pl_burglar_sg,NA,NA,NA,サスラ ソギナ セヒ ダクメ ギト,NA,NA,,NA,57,Fri Oct  5 14:04:26 2018
5ja06,extrapolation,unmarked,initial,セヒ,ギト,SimplePhrase_Training,punch_waitress_pl_burglar_sg,NA,NA,NA,ナグラ ソギナ セヒ ダクメ ギト,NA,NA,,NA,58,Fri Oct  5 14:04:34 2018
5ja06,extrapolation,unmarked,initial,セヒ,ギト,SimplePhrase_Training,cowboy_three,NA,NA,NA,ネチビ セヒ,NA,NA,,NA,59,Fri Oct  5 14:04:39 2018
5ja06,extrapolation,unmarked,initial,セヒ,ギト,SimplePhrase_Training,kick_waitress_sg_cowboy_sg,NA,NA,NA,ケルラ ソギナ ネチビ ギト,NA,NA,,NA,60,Fri Oct  5 14:04:47 2018
5ja06,extrapolation,unmarked,initial,セヒ,ギト,SimplePhrase_Training,kick_burglar_sg_chef_sg,NA,NA,NA,ケルラ ダクメ タソヌ ギト,NA,NA,,NA,61,Fri Oct  5 14:04:55 2018
5ja06,extrapolation,unmarked,initial,セヒ,ギト,SimplePhrase_Training,punch_chef_pl_cowboy_sg,NA,NA,NA,ナグラ タソヌ セヒ ネチビ ギト,NA,NA,,NA,62,Fri Oct  5 14:05:03 2018
5ja06,extrapolation,unmarked,initial,セヒ,ギト,SimplePhrase_Training,kick_cowboy_sg_chef_sg,NA,NA,NA,ケルラ ネチビ タソヌ ギト,NA,NA,,NA,63,Fri Oct  5 14:05:11 2018
5ja06,extrapolation,unmarked,initial,セヒ,ギト,SimplePhrase_Training,burglar,NA,NA,NA,ダクメ,NA,NA,,NA,64,Fri Oct  5 14:05:15 2018
5ja06,extrapolation,unmarked,initial,セヒ,ギト,SimplePhrase_Training,chef_two,NA,NA,NA,タソヌ セヒ,NA,NA,,NA,65,Fri Oct  5 14:05:21 2018
5ja06,extrapolation,unmarked,initial,セヒ,ギト,SimplePhrase_Training,point_cowboy_sg_waitress_sg,NA,NA,NA,サスラ ネチビ ソギナ ギト,NA,NA,,NA,66,Fri Oct  5 14:05:28 2018
5ja06,extrapolation,unmarked,initial,セヒ,ギト,SimplePhrase_Training,cowboy_four,NA,NA,NA,ネチビ セヒ,NA,NA,,NA,67,Fri Oct  5 14:05:33 2018
5ja06,extrapolation,unmarked,initial,セヒ,ギト,SimplePhrase_Training,chef,NA,NA,NA,タソヌ,NA,NA,,NA,68,Fri Oct  5 14:05:38 2018
5ja06,extrapolation,unmarked,initial,セヒ,ギト,SimplePhrase_Training,burglar,NA,NA,NA,ダクメ,NA,NA,,NA,69,Fri Oct  5 14:05:43 2018
5ja06,extrapolation,unmarked,initial,セヒ,ギト,SimplePhrase_Training,point_burglar_sg_cowboy_sg,NA,NA,NA,サスラ ダクメ ネチビ ギト,NA,NA,,NA,70,Fri Oct  5 14:05:51 2018
5ja06,extrapolation,unmarked,initial,セヒ,ギト,SimplePhrase_Training,point_waitress_pl_chef_sg,NA,NA,NA,サスラ ソギナ セヒ タソヌ ギト,NA,NA,,NA,71,Fri Oct  5 14:05:59 2018
5ja06,extrapolation,unmarked,initial,セヒ,ギト,SimplePhrase_Training,punch_chef_pl_burglar_sg,NA,NA,NA,ナグラ タソヌ セヒ ダクメ ギト,NA,NA,,NA,72,Fri Oct  5 14:06:07 2018
5ja06,extrapolation,unmarked,initial,セヒ,ギト,SimplePhrase_Training,point_waitress_pl_cowboy_sg,NA,NA,NA,サスラ ソギナ セヒ ネチビ ギト,NA,NA,,NA,73,Fri Oct  5 14:06:15 2018
5ja06,extrapolation,unmarked,initial,セヒ,ギト,SimplePhrase_Training,point_burglar_sg_waitress_sg,NA,NA,NA,サスラ ダクメ ソギナ ギト,NA,NA,,NA,74,Fri Oct  5 14:06:23 2018
5ja06,extrapolation,unmarked,initial,セヒ,ギト,SimplePhrase_Training,kick_waitress_sg_chef_sg,NA,NA,NA,ケルラ ソギナ タソヌ ギト,NA,NA,,NA,75,Fri Oct  5 14:06:30 2018
5ja06,extrapolation,unmarked,initial,セヒ,ギト,SimplePhrase_Training,waitress,NA,NA,NA,ソギナ,NA,NA,,NA,76,Fri Oct  5 14:06:35 2018
5ja06,extrapolation,unmarked,initial,セヒ,ギト,SimplePhrase_Training,kick_burglar_sg_waitress_sg,NA,NA,NA,ケルラ ダクメ ソギナ ギト,NA,NA,,NA,77,Fri Oct  5 14:06:43 2018
5ja06,extrapolation,unmarked,initial,セヒ,ギト,SimplePhrase_Training,kick_burglar_sg_cowboy_sg,NA,NA,NA,ケルラ ダクメ ネチビ ギト,NA,NA,,NA,78,Fri Oct  5 14:06:51 2018
5ja06,extrapolation,unmarked,initial,セヒ,ギト,SimplePhrase_Training,punch_cowboy_pl_waitress_sg,NA,NA,NA,ナグラ ネチビ セヒ ソギナ ギト,NA,NA,,NA,79,Fri Oct  5 14:06:59 2018
5ja06,extrapolation,unmarked,initial,セヒ,ギト,SimplePhrase_Training,kick_cowboy_pl_waitress_sg,NA,NA,NA,ケルラ ネチビ セヒ ソギナ ギト,NA,NA,,NA,80,Fri Oct  5 14:07:07 2018
5ja06,extrapolation,unmarked,initial,セヒ,ギト,SimplePhrase_Training,point_chef_sg_waitress_sg,NA,NA,NA,サスラ タソヌ ソギナ ギト,NA,NA,,NA,81,Fri Oct  5 14:07:14 2018
5ja06,extrapolation,unmarked,initial,セヒ,ギト,SimplePhrase_Training,punch_burglar_pl_waitress_sg,NA,NA,NA,ナグラ ダクメ セヒ ソギナ ギト,NA,NA,,NA,82,Fri Oct  5 14:07:22 2018
5ja06,extrapolation,unmarked,initial,セヒ,ギト,SimplePhrase_Training,waitress,NA,NA,NA,ソギナ,NA,NA,,NA,83,Fri Oct  5 14:07:27 2018
5ja06,extrapolation,unmarked,initial,セヒ,ギト,SimplePhrase_Training,waitress_three,NA,NA,NA,ソギナ セヒ,NA,NA,,NA,84,Fri Oct  5 14:07:32 2018
5ja06,extrapolation,unmarked,initial,セヒ,ギト,SimplePhrase_Training,waitress_two,NA,NA,NA,ソギナ セヒ,NA,NA,,NA,85,Fri Oct  5 14:07:38 2018
5ja06,extrapolation,unmarked,initial,セヒ,ギト,SimplePhrase_Training,point_chef_pl_burglar_sg,NA,NA,NA,サスラ タソヌ セヒ ダクメ ギト,NA,NA,,NA,86,Fri Oct  5 14:07:46 2018
5ja06,extrapolation,unmarked,initial,セヒ,ギト,SimplePhrase_Training,burglar_three,NA,NA,NA,ダクメ セヒ,NA,NA,,NA,87,Fri Oct  5 14:07:51 2018
5ja06,extrapolation,unmarked,initial,セヒ,ギト,SimplePhrase_Training,kick_chef_pl_cowboy_sg,NA,NA,NA,ケルラ タソヌ セヒ ネチビ ギト,NA,NA,,NA,88,Fri Oct  5 14:07:59 2018
5ja06,extrapolation,unmarked,initial,セヒ,ギト,SimplePhrase_Training,punch_cowboy_pl_burglar_sg,NA,NA,NA,ナグラ ネチビ セヒ ダクメ ギト,NA,NA,,NA,89,Fri Oct  5 14:08:07 2018
5ja06,extrapolation,unmarked,initial,セヒ,ギト,SimplePhrase_Training,point_chef_pl_cowboy_sg,NA,NA,NA,サスラ タソヌ セヒ ネチビ ギト,NA,NA,,NA,90,Fri Oct  5 14:08:15 2018
5ja06,extrapolation,unmarked,initial,セヒ,ギト,SimplePhrase_Training,cowboy_four,NA,NA,NA,ネチビ セヒ,NA,NA,,NA,91,Fri Oct  5 14:08:20 2018
5ja06,extrapolation,unmarked,initial,セヒ,ギト,SimplePhrase_Training,cowboy_two,NA,NA,NA,ネチビ セヒ,NA,NA,,NA,92,Fri Oct  5 14:08:25 2018
5ja06,extrapolation,unmarked,initial,セヒ,ギト,SimplePhrase_Training,point_burglar_pl_chef_sg,NA,NA,NA,サスラ ダクメ セヒ タソヌ ギト,NA,NA,,NA,93,Fri Oct  5 14:08:33 2018
5ja06,extrapolation,unmarked,initial,セヒ,ギト,SimplePhrase_Training,cowboy,NA,NA,NA,ネチビ,NA,NA,,NA,94,Fri Oct  5 14:08:38 2018
5ja06,extrapolation,unmarked,initial,セヒ,ギト,SimplePhrase_Training,punch_burglar_pl_chef_sg,NA,NA,NA,ナグラ ダクメ セヒ タソヌ ギト,NA,NA,,NA,95,Fri Oct  5 14:08:46 2018
5ja06,extrapolation,unmarked,initial,セヒ,ギト,SimplePhrase_Training,waitress_four,NA,NA,NA,ソギナ セヒ,NA,NA,,NA,96,Fri Oct  5 14:08:51 2018
5ja06,extrapolation,unmarked,initial,セヒ,ギト,SimplePhrase_Training,punch_waitress_pl_chef_sg,NA,NA,NA,ナグラ ソギナ セヒ タソヌ ギト,NA,NA,,NA,97,Fri Oct  5 14:08:59 2018
5ja06,extrapolation,unmarked,initial,セヒ,ギト,SimplePhrase_Training,chef_four,NA,NA,NA,タソヌ セヒ,NA,NA,,NA,98,Fri Oct  5 14:09:04 2018
5ja06,extrapolation,unmarked,initial,セヒ,ギト,SimplePhrase_Training,cowboy_three,NA,NA,NA,ネチビ セヒ,NA,NA,,NA,99,Fri Oct  5 14:09:10 2018
5ja06,extrapolation,unmarked,initial,セヒ,ギト,SimplePhrase_Training,burglar_three,NA,NA,NA,ダクメ セヒ,NA,NA,,NA,100,Fri Oct  5 14:09:15 2018
5ja06,extrapolation,unmarked,initial,セヒ,ギト,SimplePhrase_Training,punch_chef_sg_waitress_sg,NA,NA,NA,ナグラ タソヌ ソギナ ギト,NA,NA,,NA,101,Fri Oct  5 14:09:23 2018
5ja06,extrapolation,unmarked,initial,セヒ,ギト,SimplePhrase_Training,burglar_four,NA,NA,NA,ダクメ セヒ,NA,NA,,NA,102,Fri Oct  5 14:09:28 2018
5ja06,extrapolation,unmarked,initial,セヒ,ギト,SimplePhrase_Training,cowboy,NA,NA,NA,ネチビ,NA,NA,,NA,103,Fri Oct  5 14:09:33 2018
5ja06,extrapolation,unmarked,initial,セヒ,ギト,SimplePhrase_Training,chef_three,NA,NA,NA,タソヌ セヒ,NA,NA,,NA,104,Fri Oct  5 14:09:38 2018
5ja06,extrapolation,unmarked,initial,セヒ,ギト,SimplePhrase_Training,kick_chef_sg_burglar_sg,NA,NA,NA,ケルラ タソヌ ダクメ ギト,NA,NA,,NA,105,Fri Oct  5 14:09:45 2018
5ja06,extrapolation,unmarked,initial,セヒ,ギト,SimplePhrase_Training,kick_waitress_pl_burglar_sg,NA,NA,NA,ケルラ ソギナ セヒ ダクメ ギト,NA,NA,,NA,106,Fri Oct  5 14:09:53 2018
5ja06,extrapolation,unmarked,initial,セヒ,ギト,SimplePhrase_Training,point_cowboy_sg_chef_sg,NA,NA,NA,サスラ ネチビ タソヌ ギト,NA,NA,,NA,107,Fri Oct  5 14:10:01 2018
5ja06,extrapolation,unmarked,initial,セヒ,ギト,SimplePhrase_Training,punch_waitress_sg_cowboy_sg,NA,NA,NA,ナグラ ソギナ ネチビ ギト,NA,NA,,NA,108,Fri Oct  5 14:10:09 2018
5ja06,extrapolation,unmarked,initial,セヒ,ギト,SimplePhrase_Training,chef_four,NA,NA,NA,タソヌ セヒ,NA,NA,,NA,109,Fri Oct  5 14:10:14 2018
5ja06,extrapolation,unmarked,initial,セヒ,ギト,SimplePhrase_Training,punch_burglar_sg_cowboy_sg,NA,NA,NA,ナグラ ダクメ ネチビ ギト,NA,NA,,NA,110,Fri Oct  5 14:10:22 2018
5ja06,extrapolation,unmarked,initial,セヒ,ギト,SimplePhrase_Comprehension,kick_burglar_pl_cowboy_sg,NA,NA,NA,ケルラ ダクメ セヒ ネチビ ギト,correct,NA,,NA,111,Fri Oct  5 14:10:50 2018
5ja06,extrapolation,unmarked,initial,セヒ,ギト,SimplePhrase_Comprehension,burglar_four,NA,NA,NA,ダクメ セヒ,correct,NA,,NA,112,Fri Oct  5 14:10:54 2018
5ja06,extrapolation,unmarked,initial,セヒ,ギト,SimplePhrase_Comprehension,chef,NA,NA,NA,タソヌ,correct,NA,,NA,113,Fri Oct  5 14:10:58 2018
5ja06,extrapolation,unmarked,initial,セヒ,ギト,SimplePhrase_Comprehension,kick_chef_pl_waitress_sg,NA,NA,NA,ケルラ タソヌ セヒ ソギナ ギト,correct,NA,,NA,114,Fri Oct  5 14:11:05 2018
5ja06,extrapolation,unmarked,initial,セヒ,ギト,SimplePhrase_Comprehension,point_waitress_sg_cowboy_sg,NA,NA,NA,サスラ ソギナ ネチビ ギト,correct,NA,,NA,115,Fri Oct  5 14:11:11 2018
5ja06,extrapolation,unmarked,initial,セヒ,ギト,SimplePhrase_Comprehension,waitress,NA,NA,NA,ソギナ,correct,NA,,NA,116,Fri Oct  5 14:11:15 2018
5ja06,extrapolation,unmarked,initial,セヒ,ギト,SimplePhrase_Comprehension,punch_waitress_sg_burglar_sg,NA,NA,NA,ナグラ ソギナ ダクメ ギト,correct,NA,,NA,117,Fri Oct  5 14:11:21 2018
5ja06,extrapolation,unmarked,initial,セヒ,ギト,SimplePhrase_Comprehension,punch_waitress_pl_cowboy_sg,NA,NA,NA,ナグラ ソギナ セヒ ネチビ ギト,correct,NA,,NA,118,Fri Oct  5 14:11:27 2018
5ja06,extrapolation,unmarked,initial,セヒ,ギト,SimplePhrase_Comprehension,punch_burglar_sg_chef_sg,NA,NA,NA,ナグラ ダクメ タソヌ ギト,correct,NA,,NA,119,Fri Oct  5 14:11:33 2018
5ja06,extrapolation,unmarked,initial,セヒ,ギト,SimplePhrase_Comprehension,kick_cowboy_sg_burglar_sg,NA,NA,NA,ケルラ ネチビ ダクメ ギト,correct,NA,,NA,120,Fri Oct  5 14:11:39 2018
5ja06,extrapolation,unmarked,initial,セヒ,ギト,SimplePhrase_Comprehension,burglar,NA,NA,NA,ダクメ,correct,NA,,NA,121,Fri Oct  5 14:11:44 2018
5ja06,extrapolation,unmarked,initial,セヒ,ギト,SimplePhrase_Comprehension,point_cowboy_pl_chef_sg,NA,NA,NA,サスラ ネチビ セヒ タソヌ ギト,correct,NA,,NA,122,Fri Oct  5 14:11:51 2018
5ja06,extrapolation,unmarked,initial,セヒ,ギト,SimplePhrase_Comprehension,point_burglar_pl_cowboy_sg,NA,NA,NA,サスラ ダクメ セヒ ネチビ ギト,correct,NA,,NA,123,Fri Oct  5 14:11:57 2018
5ja06,extrapolation,unmarked,initial,セヒ,ギト,SimplePhrase_Comprehension,waitress_three,NA,NA,NA,ソギナ セヒ,correct,NA,,NA,124,Fri Oct  5 14:12:01 2018
5ja06,extrapolation,unmarked,initial,セヒ,ギト,SimplePhrase_Comprehension,waitress_four,NA,NA,NA,ソギナ セヒ,correct,NA,,NA,125,Fri Oct  5 14:12:06 2018
5ja06,extrapolation,unmarked,initial,セヒ,ギト,SimplePhrase_Comprehension,punch_chef_sg_cowboy_sg,NA,NA,NA,ナグラ タソヌ ネチビ ギト,correct,NA,,NA,126,Fri Oct  5 14:12:12 2018
5ja06,extrapolation,unmarked,initial,セヒ,ギト,SimplePhrase_Comprehension,kick_chef_sg_cowboy_sg,NA,NA,NA,ケルラ タソヌ ネチビ ギト,correct,NA,,NA,127,Fri Oct  5 14:12:19 2018
5ja06,extrapolation,unmarked,initial,セヒ,ギト,SimplePhrase_Comprehension,punch_burglar_pl_cowboy_sg,NA,NA,NA,ナグラ ダクメ セヒ ネチビ ギト,correct,NA,,NA,128,Fri Oct  5 14:12:25 2018
5ja06,extrapolation,unmarked,initial,セヒ,ギト,SimplePhrase_Comprehension,cowboy,NA,NA,NA,ネチビ,correct,NA,,NA,129,Fri Oct  5 14:12:29 2018
5ja06,extrapolation,unmarked,initial,セヒ,ギト,SimplePhrase_Comprehension,punch_cowboy_sg_burglar_sg,NA,NA,NA,ナグラ ネチビ ダクメ ギト,correct,NA,,NA,130,Fri Oct  5 14:12:36 2018
5ja06,extrapolation,unmarked,initial,セヒ,ギト,SimplePhrase_Comprehension,point_burglar_sg_chef_sg,NA,NA,NA,サスラ ダクメ タソヌ ギト,correct,NA,,NA,131,Fri Oct  5 14:12:41 2018
5ja06,extrapolation,unmarked,initial,セヒ,ギト,SimplePhrase_Comprehension,cowboy_four,NA,NA,NA,ネチビ セヒ,correct,NA,,NA,132,Fri Oct  5 14:12:46 2018
5ja06,extrapolation,unmarked,initial,セヒ,ギト,SimplePhrase_Comprehension,chef_four,NA,NA,NA,タソヌ セヒ,correct,NA,,NA,133,Fri Oct  5 14:12:50 2018
5ja06,extrapolation,unmarked,initial,セヒ,ギト,SimplePhrase_Comprehension,kick_cowboy_pl_chef_sg,NA,NA,NA,ケルラ ネチビ セヒ タソヌ ギト,correct,NA,,NA,134,Fri Oct  5 14:12:56 2018
5ja06,extrapolation,unmarked,initial,セヒ,ギト,SimplePhrase_Comprehension,cowboy_three,NA,NA,NA,ネチビ セヒ,correct,NA,,NA,135,Fri Oct  5 14:13:01 2018
5ja06,extrapolation,unmarked,initial,セヒ,ギト,SimplePhrase_Comprehension,punch_chef_pl_waitress_sg,NA,NA,NA,ナグラ タソヌ セヒ ソギナ ギト,correct,NA,,NA,136,Fri Oct  5 14:13:09 2018
5ja06,extrapolation,unmarked,initial,セヒ,ギト,SimplePhrase_Comprehension,punch_cowboy_sg_waitress_sg,NA,NA,NA,ナグラ ネチビ ソギナ ギト,correct,NA,,NA,137,Fri Oct  5 14:13:15 2018
5ja06,extrapolation,unmarked,initial,セヒ,ギト,SimplePhrase_Comprehension,punch_chef_sg_burglar_sg,NA,NA,NA,ナグラ タソヌ ダクメ ギト,correct,NA,,NA,138,Fri Oct  5 14:13:22 2018
5ja06,extrapolation,unmarked,initial,セヒ,ギト,SimplePhrase_Comprehension,chef_three,NA,NA,NA,タソヌ セヒ,correct,NA,,NA,139,Fri Oct  5 14:13:27 2018
5ja06,extrapolation,unmarked,initial,セヒ,ギト,SimplePhrase_Comprehension,cowboy_two,NA,NA,NA,ネチビ セヒ,correct,NA,,NA,140,Fri Oct  5 14:13:31 2018
5ja06,extrapolation,unmarked,initial,セヒ,ギト,SimplePhrase_Comprehension,burglar_two,NA,NA,NA,ダクメ セヒ,correct,NA,,NA,141,Fri Oct  5 14:13:35 2018
5ja06,extrapolation,unmarked,initial,セヒ,ギト,SimplePhrase_Comprehension,kick_chef_pl_burglar_sg,NA,NA,NA,ケルラ タソヌ セヒ ダクメ ギト,correct,NA,,NA,142,Fri Oct  5 14:13:42 2018
5ja06,extrapolation,unmarked,initial,セヒ,ギト,SimplePhrase_Comprehension,point_cowboy_pl_waitress_sg,NA,NA,NA,サスラ ネチビ セヒ ソギナ ギト,correct,NA,,NA,143,Fri Oct  5 14:13:48 2018
5ja06,extrapolation,unmarked,initial,セヒ,ギト,SimplePhrase_Comprehension,chef_two,NA,NA,NA,タソヌ セヒ,correct,NA,,NA,144,Fri Oct  5 14:13:52 2018
5ja06,extrapolation,unmarked,initial,セヒ,ギト,SimplePhrase_Typing,waitress,NA,NA,NA,ソギナ,NA,ソギナ,,NA,145,Fri Oct  5 14:14:34 2018
5ja06,extrapolation,unmarked,initial,セヒ,ギト,SimplePhrase_Typing,point_chef_sg_waitress_sg,NA,NA,NA,サスラ タソヌ ソギナ ギト,NA,サスラ タソヌ ソギナ ギト,,NA,146,Fri Oct  5 14:15:10 2018
5ja06,extrapolation,unmarked,initial,セヒ,ギト,SimplePhrase_Typing,chef_three,NA,NA,NA,タソヌ セヒ,NA,タソヌ セヒ,,NA,147,Fri Oct  5 14:15:24 2018
5ja06,extrapolation,unmarked,initial,セヒ,ギト,SimplePhrase_Typing,punch_burglar_pl_waitress_sg,NA,NA,NA,ナグラ ダクメ セヒ ソギナ ギト,NA,ナグラ ダクメ セヒ ソギナ ギト,,NA,148,Fri Oct  5 14:15:44 2018
5ja06,extrapolation,unmarked,initial,セヒ,ギト,SimplePhrase_Typing,chef,NA,NA,NA,タソヌ,NA,タソヌ,,NA,149,Fri Oct  5 14:16:01 2018
5ja06,extrapolation,unmarked,initial,セヒ,ギト,SimplePhrase_Typing,point_cowboy_sg_waitress_sg,NA,NA,NA,サスラ ネチビ ソギナ ギト,NA,サスラ ネチビ ソギナ ギト,,NA,150,Fri Oct  5 14:16:17 2018
5ja06,extrapolation,unmarked,initial,セヒ,ギト,SimplePhrase_Typing,point_burglar_sg_cowboy_sg,NA,NA,NA,サスラ ダクメ ネチビ ギト,NA,サスラ ダクメ ネチビ ギト,,NA,151,Fri Oct  5 14:16:32 2018
5ja06,extrapolation,unmarked,initial,セヒ,ギト,SimplePhrase_Typing,punch_chef_pl_burglar_sg,NA,NA,NA,ナグラ タソヌ セヒ ダクメ ギト,NA,ナグラ タソヌ セヒ ダクメ ギト,,NA,152,Fri Oct  5 14:16:51 2018
5ja06,extrapolation,unmarked,initial,セヒ,ギト,SimplePhrase_Typing,punch_cowboy_pl_waitress_sg,NA,NA,NA,ナグラ ネチビ セヒ ソギナ ギト,NA,ナグラ ネチビ セヒ ソギナ ギト,,NA,153,Fri Oct  5 14:17:06 2018
5ja06,extrapolation,unmarked,initial,セヒ,ギト,SimplePhrase_Typing,cowboy_four,NA,NA,NA,ネチビ セヒ,NA,ネチビ ギト,,NA,154,Fri Oct  5 14:17:14 2018
5ja06,extrapolation,unmarked,initial,セヒ,ギト,SimplePhrase_Typing,cowboy,NA,NA,NA,ネチビ,NA,ネチビ,,NA,155,Fri Oct  5 14:17:21 2018
5ja06,extrapolation,unmarked,initial,セヒ,ギト,SimplePhrase_Typing,burglar,NA,NA,NA,ダクメ,NA,ダクメ,,NA,156,Fri Oct  5 14:17:27 2018
5ja06,extrapolation,unmarked,initial,セヒ,ギト,SimplePhrase_Typing,burglar_three,NA,NA,NA,ダクメ セヒ,NA,ダクエ セヒ,,NA,157,Fri Oct  5 14:17:35 2018
5ja06,extrapolation,unmarked,initial,セヒ,ギト,SimplePhrase_Typing,point_burglar_sg_waitress_sg,NA,NA,NA,サスラ ダクメ ソギナ ギト,NA,サスラ ダクメ ソギナ ギト,,NA,158,Fri Oct  5 14:17:55 2018
5ja06,extrapolation,unmarked,initial,セヒ,ギト,SimplePhrase_Typing,cowboy_two,NA,NA,NA,ネチビ セヒ,NA,ネチビ セヒ,,NA,159,Fri Oct  5 14:18:04 2018
5ja06,extrapolation,unmarked,initial,セヒ,ギト,SimplePhrase_Typing,punch_waitress_pl_burglar_sg,NA,NA,NA,ナグラ ソギナ セヒ ダクメ ギト,NA,ナグラ ソギナ セヒ ダクメ ギト,,NA,160,Fri Oct  5 14:18:18 2018
5ja06,extrapolation,unmarked,initial,セヒ,ギト,ComplexPhrase_Typing,point_chef_sg_cowboy_pl,cowboy,nechibi,1,サスラ タソヌ ネチビ セヒ ギト,NA,サスラ タソヌ ネチビ セヒ ギト,,NA,161,Fri Oct  5 14:19:10 2018
5ja06,extrapolation,unmarked,initial,セヒ,ギト,ComplexPhrase_Typing,punch_chef_sg_waitress_pl,waitress,sogina,1,ナグラ タソヌ ソギナ セヒ ギト,NA,ナグラ タソヌ ソギナ セヒ ギト,,NA,162,Fri Oct  5 14:19:24 2018
5ja06,extrapolation,unmarked,initial,セヒ,ギト,ComplexPhrase_Typing,kick_cowboy_sg_waitress_pl,waitress,sogina,1,ケルラ ネチビ ソギナ セヒ ギト,NA,ケルラ ネチビ ソギナ セヒ ギト,,NA,163,Fri Oct  5 14:19:34 2018
5ja06,extrapolation,unmarked,initial,セヒ,ギト,ComplexPhrase_Typing,punch_burglar_sg_waitress_pl,waitress,sogina,1,ナグラ ダクメ ソギナ セヒ ギト,NA,ナグラ ダクメ ソギナ セヒ ギト,,NA,164,Fri Oct  5 14:19:44 2018
5ja06,extrapolation,unmarked,initial,セヒ,ギト,ComplexPhrase_Typing,punch_chef_sg_waitress_pl,waitress,sogina,1,ナグラ タソヌ ソギナ セヒ ギト,NA,ナグラ タソヌ ソギナ セヒ ギト,,NA,165,Fri Oct  5 14:19:52 2018
5ja06,extrapolation,unmarked,initial,セヒ,ギト,ComplexPhrase_Typing,point_chef_sg_cowboy_pl,cowboy,nechibi,1,サスラ タソヌ ネチビ セヒ ギト,NA,サスラ タソヌ ネチビ セヒ ギト,,NA,166,Fri Oct  5 14:20:01 2018
5ja06,extrapolation,unmarked,initial,セヒ,ギト,ComplexPhrase_Typing,kick_cowboy_sg_waitress_pl,waitress,sogina,1,ケルラ ネチビ ソギナ セヒ ギト,NA,ケルラ ネチビ ソギナ セヒ ギト,,NA,167,Fri Oct  5 14:20:09 2018
5ja06,extrapolation,unmarked,initial,セヒ,ギト,ComplexPhrase_Typing,punch_burglar_sg_waitress_pl,waitress,sogina,1,ナグラ ダクメ ソギナ セヒ ギト,NA,ナグラ ダクメ ソギナ セヒ ギト,,NA,168,Fri Oct  5 14:20:17 2018
5ja06,extrapolation,unmarked,initial,セヒ,ギト,ComplexPhrase_Typing,kick_cowboy_sg_waitress_pl,waitress,sogina,1,ケルラ ネチビ ソギナ セヒ ギト,NA,ケルラ ネチビ ソギナ ネヒ ギト,,NA,169,Fri Oct  5 14:20:27 2018
5ja06,extrapolation,unmarked,initial,セヒ,ギト,ComplexPhrase_Typing,punch_chef_sg_waitress_pl,waitress,sogina,1,ナグラ タソヌ ソギナ セヒ ギト,NA,ナグラ タソヌ ソギナ セヒ ギト,,NA,170,Fri Oct  5 14:20:36 2018
5ja06,extrapolation,unmarked,initial,セヒ,ギト,ComplexPhrase_Typing,punch_burglar_sg_waitress_pl,waitress,sogina,1,ナグラ ダクメ ソギナ セヒ ギト,NA,ナグラ ダクメ ソギナ セヒ ギト,,NA,171,Fri Oct  5 14:20:47 2018
5ja06,extrapolation,unmarked,initial,セヒ,ギト,ComplexPhrase_Typing,point_chef_sg_cowboy_pl,cowboy,nechibi,1,サスラ タソヌ ネチビ セヒ ギト,NA,サスラ タソヌ ネチビ セヒ ギト,,NA,172,Fri Oct  5 14:20:59 2018
5ja06,extrapolation,unmarked,initial,セヒ,ギト,ComplexPhrase_Testing,chef,NA,NA,NA,タソヌ,NA,NA,タソヌ,NA,173,Fri Oct  5 14:21:51 2018
5ja06,extrapolation,unmarked,initial,セヒ,ギト,ComplexPhrase_Testing,point_chef_sg_cowboy_sg,NA,NA,NA,サスラ タソヌ ネチビ ギト,NA,NA,サスラ タソヌ ネチビ ギト,NA,174,Fri Oct  5 14:21:58 2018
5ja06,extrapolation,unmarked,initial,セヒ,ギト,ComplexPhrase_Testing,point_waitress_sg_chef_pl,chef,tasonu,1,サスラ ソギナ タソヌ セヒ ギト,NA,NA,サスラ ソギナ タソヌ セヒ ギト,NA,175,Fri Oct  5 14:22:12 2018
5ja06,extrapolation,unmarked,initial,セヒ,ギト,ComplexPhrase_Testing,point_cowboy_sg_chef_pl,chef,tasonu,1,サスラ ネチビ タソヌ セヒ ギト,NA,NA,サスラ ネチビ タソヌ セヒ ギト,NA,176,Fri Oct  5 14:22:22 2018
5ja06,extrapolation,unmarked,initial,セヒ,ギト,ComplexPhrase_Testing,punch_waitress_sg_cowboy_pl,cowboy,nechibi,1,ナグラ ソギナ ネチビ セヒ ギト,NA,NA,ナグラ ソギナ ネチビ セヒ ギト,NA,177,Fri Oct  5 14:22:32 2018
5ja06,extrapolation,unmarked,initial,セヒ,ギト,ComplexPhrase_Testing,punch_cowboy_sg_chef_pl,chef,tasonu,1,ナグラ ネチビ タソヌ セヒ ギト,NA,NA,ナグラ ネチビ タソヌ セヒ ギト,NA,178,Fri Oct  5 14:22:40 2018
5ja06,extrapolation,unmarked,initial,セヒ,ギト,ComplexPhrase_Testing,point_chef_sg_burglar_pl,burglar,dakume,1,サスラ タソヌ ダクメ セヒ ギト,NA,NA,サスラ タソヌ ダクメ セヒ ギト,NA,179,Fri Oct  5 14:22:48 2018
5ja06,extrapolation,unmarked,initial,セヒ,ギト,ComplexPhrase_Testing,kick_burglar_pl_waitress_sg,NA,NA,NA,ケルラ ダクメ セヒ ソギナ ギト,NA,NA,ケルラ ダクメ セヒ ソギナ ギト,NA,180,Fri Oct  5 14:22:53 2018
5ja06,extrapolation,unmarked,initial,セヒ,ギト,ComplexPhrase_Testing,punch_cowboy_sg_chef_sg,NA,NA,NA,ナグラ ネチビ タソヌ ギト,NA,NA,ナグラ ネチビ タソヌ ギト,NA,181,Fri Oct  5 14:23:05 2018
5ja06,extrapolation,unmarked,initial,セヒ,ギト,ComplexPhrase_Testing,point_waitress_sg_burglar_pl,burglar,dakume,1,サスラ ソギナ ダクメ セヒ ギト,NA,NA,サスラ ソギナ ダクメ セヒ ギト,NA,182,Fri Oct  5 14:23:16 2018
5ja06,extrapolation,unmarked,initial,セヒ,ギト,ComplexPhrase_Testing,punch_waitress_sg_cowboy_pl,cowboy,nechibi,1,ナグラ ソギナ ネチビ セヒ ギト,NA,NA,ナグラ ソギナ ネチビ セヒ ギト,NA,183,Fri Oct  5 14:23:25 2018
5ja06,extrapolation,unmarked,initial,セヒ,ギト,ComplexPhrase_Testing,kick_cowboy_sg_chef_pl,chef,tasonu,1,ケルラ ネチビ タソヌ セヒ ギト,NA,NA,ケルラ ネチビ タソヌ セヒ ギト,NA,184,Fri Oct  5 14:23:35 2018
5ja06,extrapolation,unmarked,initial,セヒ,ギト,ComplexPhrase_Testing,cowboy_three,NA,NA,NA,ネチビ セヒ,NA,NA,ネチビ セヒ,NA,185,Fri Oct  5 14:23:40 2018
5ja06,extrapolation,unmarked,initial,セヒ,ギト,ComplexPhrase_Testing,cowboy_two,NA,NA,NA,ネチビ セヒ,NA,NA,ネチビ セヒ,NA,186,Fri Oct  5 14:23:45 2018
5ja06,extrapolation,unmarked,initial,セヒ,ギト,ComplexPhrase_Testing,kick_waitress_sg_cowboy_pl,cowboy,nechibi,1,ケルラ ソギナ ネチビ セヒ ギト,NA,NA,ケルラ ソギナ ネチビ セヒ ギト,NA,187,Fri Oct  5 14:23:53 2018
5ja06,extrapolation,unmarked,initial,セヒ,ギト,ComplexPhrase_Testing,point_chef_pl_burglar_sg,NA,NA,NA,サスラ タソヌ セヒ ダクメ ギト,NA,NA,サスラ タソヌ セヒ ダクメ ギト,NA,188,Fri Oct  5 14:24:00 2018
5ja06,extrapolation,unmarked,initial,セヒ,ギト,ComplexPhrase_Testing,burglar,NA,NA,NA,ダクメ,NA,NA,ダクメ,NA,189,Fri Oct  5 14:24:06 2018
5ja06,extrapolation,unmarked,initial,セヒ,ギト,ComplexPhrase_Testing,burglar_two,NA,NA,NA,ダクメ セヒ,NA,NA,ダクメ セヒ,NA,190,Fri Oct  5 14:24:11 2018
5ja06,extrapolation,unmarked,initial,セヒ,ギト,ComplexPhrase_Testing,cowboy_four,NA,NA,NA,ネチビ セヒ,NA,NA,ネチビ セヒ,NA,191,Fri Oct  5 14:24:16 2018
5ja06,extrapolation,unmarked,initial,セヒ,ギト,ComplexPhrase_Testing,punch_waitress_pl_cowboy_sg,NA,NA,NA,ナグラ ソギナ セヒ ネチビ ギト,NA,NA,ナグラ ソギナ セヒ ネチビ ギト,NA,192,Fri Oct  5 14:24:26 2018
5ja06,extrapolation,unmarked,initial,セヒ,ギト,ComplexPhrase_Testing,point_chef_sg_burglar_pl,burglar,dakume,1,サスラ タソヌ ダクメ セヒ ギト,NA,NA,サスラ タソヌ ダクメ セヒ ギト,NA,193,Fri Oct  5 14:24:37 2018
5ja06,extrapolation,unmarked,initial,セヒ,ギト,ComplexPhrase_Testing,point_waitress_sg_chef_pl,chef,tasonu,1,サスラ ソギナ タソヌ セヒ ギト,NA,NA,サスラ ソギナ タソヌ セヒ ギト,NA,194,Fri Oct  5 14:24:43 2018
5ja06,extrapolation,unmarked,initial,セヒ,ギト,ComplexPhrase_Testing,kick_chef_sg_cowboy_pl,cowboy,nechibi,1,ケルラ タソヌ ネチビ セヒ ギト,NA,NA,ケルラ タソヌ ネチビ セヒ ギト,NA,195,Fri Oct  5 14:24:48 2018
5ja06,extrapolation,unmarked,initial,セヒ,ギト,ComplexPhrase_Testing,kick_chef_sg_cowboy_pl,cowboy,nechibi,1,ケルラ タソヌ ネチビ セヒ ギト,NA,NA,ケルラ タソヌ ネチビ セヒ ギト,NA,196,Fri Oct  5 14:24:53 2018
5ja06,extrapolation,unmarked,initial,セヒ,ギト,ComplexPhrase_Testing,punch_cowboy_sg_chef_pl,chef,tasonu,1,ナグラ ネチビ タソヌ セヒ ギト,NA,NA,ナグラ ネチビ タソヌ セヒ ギト,NA,197,Fri Oct  5 14:24:58 2018
5ja06,extrapolation,unmarked,initial,セヒ,ギト,ComplexPhrase_Testing,punch_burglar_sg_waitress_pl,waitress,sogina,1,ナグラ ダクメ ソギナ セヒ ギト,NA,NA,ナグラ ダクメ ソギナ セヒ ギト,NA,198,Fri Oct  5 14:25:05 2018
5ja06,extrapolation,unmarked,initial,セヒ,ギト,ComplexPhrase_Testing,point_chef_sg_waitress_sg,NA,NA,NA,サスラ タソヌ ソギナ ギト,NA,NA,サスラ タソヌ ソギナ ギト,NA,199,Fri Oct  5 14:25:13 2018
5ja06,extrapolation,unmarked,initial,セヒ,ギト,ComplexPhrase_Testing,punch_burglar_sg_waitress_pl,waitress,sogina,1,ナグラ ダクメ ソギナ セヒ ギト,NA,NA,ナグラ ダクメ ソギナ セヒ ギト,NA,200,Fri Oct  5 14:25:22 2018
5ja06,extrapolation,unmarked,initial,セヒ,ギト,ComplexPhrase_Testing,kick_waitress_sg_cowboy_pl,cowboy,nechibi,1,ケルラ ソギナ ネチビ セヒ ギト,NA,NA,ケルラ ソギナ ネチビ セヒ ギト,NA,201,Fri Oct  5 14:25:28 2018
5ja06,extrapolation,unmarked,initial,セヒ,ギト,ComplexPhrase_Testing,kick_cowboy_sg_chef_pl,chef,tasonu,1,ケルラ ネチビ タソヌ セヒ ギト,NA,NA,ケルラ ネチビ タソヌ セヒ ギト,NA,202,Fri Oct  5 14:25:33 2018
5ja06,extrapolation,unmarked,initial,セヒ,ギト,ComplexPhrase_Testing,kick_chef_pl_burglar_sg,NA,NA,NA,ケルラ タソヌ セヒ ダクメ ギト,NA,NA,ケルラ タソヌ セヒ ダクメ ギト,NA,203,Fri Oct  5 14:25:37 2018
5ja06,extrapolation,unmarked,initial,セヒ,ギト,ComplexPhrase_Testing,punch_cowboy_sg_chef_pl,chef,tasonu,1,ナグラ ネチビ タソヌ セヒ ギト,NA,NA,ナグラ ネチビ タソヌ セヒ ギト,NA,204,Fri Oct  5 14:25:46 2018
5ja06,extrapolation,unmarked,initial,セヒ,ギト,ComplexPhrase_Testing,point_chef_sg_burglar_pl,burglar,dakume,1,サスラ タソヌ ダクメ セヒ ギト,NA,NA,サスラ タソヌ ダクメ セヒ ギト,NA,205,Fri Oct  5 14:25:52 2018
5ja06,extrapolation,unmarked,initial,セヒ,ギト,ComplexPhrase_Testing,kick_waitress_sg_chef_sg,NA,NA,NA,ケルラ ソギナ タソヌ ギト,NA,NA,ケルラ ソギナ タソヌ ギト,NA,206,Fri Oct  5 14:25:58 2018
5ja06,extrapolation,unmarked,initial,セヒ,ギト,ComplexPhrase_Testing,point_waitress_sg_burglar_pl,burglar,dakume,1,サスラ ソギナ ダクメ セヒ ギト,NA,NA,サスラ ソギナ ダクメ セヒ ギト,NA,207,Fri Oct  5 14:26:09 2018
5ja06,extrapolation,unmarked,initial,セヒ,ギト,ComplexPhrase_Testing,waitress,NA,NA,NA,ソギナ,NA,NA,ソギナ,NA,208,Fri Oct  5 14:26:13 2018
5ja06,extrapolation,unmarked,initial,セヒ,ギト,ComplexPhrase_Testing,point_waitress_sg_chef_pl,chef,tasonu,1,サスラ ソギナ タソヌ セヒ ギト,NA,NA,サスラ ソギナ タソヌ セヒ ギト,NA,209,Fri Oct  5 14:26:20 2018
5ja06,extrapolation,unmarked,initial,セヒ,ギト,ComplexPhrase_Testing,point_cowboy_sg_waitress_pl,waitress,sogina,1,サスラ ネチビ ソギナ セヒ ギト,NA,NA,サスラ ネチビ ソギナ セヒ ギト,NA,210,Fri Oct  5 14:26:35 2018
5ja06,extrapolation,unmarked,initial,セヒ,ギト,ComplexPhrase_Testing,cowboy,NA,NA,NA,ネチビ,NA,NA,ネチビ,NA,211,Fri Oct  5 14:26:38 2018
5ja06,extrapolation,unmarked,initial,セヒ,ギト,ComplexPhrase_Testing,point_cowboy_sg_chef_pl,chef,tasonu,1,サスラ ネチビ タソヌ セヒ ギト,NA,NA,サスラ ネチビ タソヌ セヒ ギト,NA,212,Fri Oct  5 14:26:45 2018
5ja06,extrapolation,unmarked,initial,セヒ,ギト,ComplexPhrase_Testing,waitress_three,NA,NA,NA,ソギナ セヒ,NA,NA,ソギナ セヒ,NA,213,Fri Oct  5 14:26:48 2018
5ja06,extrapolation,unmarked,initial,セヒ,ギト,ComplexPhrase_Testing,kick_chef_sg_cowboy_pl,cowboy,nechibi,1,ケルラ タソヌ ネチビ セヒ ギト,NA,NA,ケルラ タソヌ ネチビ セヒ ギト,NA,214,Fri Oct  5 14:26:56 2018
5ja06,extrapolation,unmarked,initial,セヒ,ギト,ComplexPhrase_Testing,point_waitress_sg_burglar_pl,burglar,dakume,1,サスラ ソギナ ダクメ セヒ ギト,NA,NA,サスラ ソギナ ダクメ セヒ ギト,NA,215,Fri Oct  5 14:27:01 2018
5ja06,extrapolation,unmarked,initial,セヒ,ギト,ComplexPhrase_Testing,point_cowboy_sg_waitress_pl,waitress,sogina,1,サスラ ネチビ ソギナ セヒ ギト,NA,NA,サスラ ネチビ ソギナ セヒ ギト,NA,216,Fri Oct  5 14:27:08 2018
5ja06,extrapolation,unmarked,initial,セヒ,ギト,ComplexPhrase_Testing,punch_waitress_sg_cowboy_pl,cowboy,nechibi,1,ナグラ ソギナ ネチビ セヒ ギト,NA,NA,ナグラ ソギナ ネチビ セヒ ギト,NA,217,Fri Oct  5 14:27:13 2018
5ja06,extrapolation,unmarked,initial,セヒ,ギト,ComplexPhrase_Testing,point_cowboy_sg_chef_pl,chef,tasonu,1,サスラ ネチビ タソヌ セヒ ギト,NA,NA,サスラ ネチビ タソヌ セヒ ギト,NA,218,Fri Oct  5 14:27:18 2018
5ja06,extrapolation,unmarked,initial,セヒ,ギト,ComplexPhrase_Testing,kick_waitress_sg_cowboy_pl,cowboy,nechibi,1,ケルラ ソギナ ネチビ セヒ ギト,NA,NA,ケルラ ソギナ ネチビ セヒ ギト,NA,219,Fri Oct  5 14:27:22 2018
5ja06,extrapolation,unmarked,initial,セヒ,ギト,ComplexPhrase_Testing,punch_burglar_pl_cowboy_sg,NA,NA,NA,ナグラ ダクメ セヒ ネチビ ギト,NA,NA,ナグラ ダクメ セヒ ネチビ ギト,NA,220,Fri Oct  5 14:27:27 2018
5ja06,extrapolation,unmarked,initial,セヒ,ギト,ComplexPhrase_Testing,point_burglar_sg_cowboy_pl,cowboy,nechibi,1,サスラ ダクメ ネチビ セヒ ギト,NA,NA,サスラ ダクメ ネチビ セヒ ギト,NA,221,Fri Oct  5 14:27:37 2018
5ja06,extrapolation,unmarked,initial,セヒ,ギト,ComplexPhrase_Testing,punch_burglar_sg_cowboy_sg,NA,NA,NA,ナグラ ダクメ ネチビ ギト,NA,NA,ナグラ ダクメ ネチビ ギト,NA,222,Fri Oct  5 14:27:43 2018
5ja06,extrapolation,unmarked,initial,セヒ,ギト,ComplexPhrase_Testing,point_waitress_pl_chef_sg,NA,NA,NA,サスラ ソギナ セヒ タソヌ ギト,NA,NA,サスラ ソギナ セヒ タソヌ ギト,NA,223,Fri Oct  5 14:27:53 2018
5ja06,extrapolation,unmarked,initial,セヒ,ギト,ComplexPhrase_Testing,kick_cowboy_sg_chef_pl,chef,tasonu,1,ケルラ ネチビ タソヌ セヒ ギト,NA,NA,ケルラ ネチビ タソヌ セヒ ギト,NA,224,Fri Oct  5 14:28:05 2018
5ja06,extrapolation,unmarked,initial,セヒ,ギト,ComplexPhrase_Testing,point_burglar_sg_cowboy_pl,cowboy,nechibi,1,サスラ ダクメ ネチビ セヒ ギト,NA,NA,サスラ ダクメ ネチビ セヒ ギト,NA,225,Fri Oct  5 14:28:10 2018
5ja06,extrapolation,unmarked,initial,セヒ,ギト,ComplexPhrase_Testing,chef_two,NA,NA,NA,タソヌ セヒ,NA,NA,タソヌ セヒ,NA,226,Fri Oct  5 14:28:13 2018
5ja06,extrapolation,unmarked,initial,セヒ,ギト,ComplexPhrase_Testing,point_cowboy_sg_waitress_pl,waitress,sogina,1,サスラ ネチビ ソギナ セヒ ギト,NA,NA,サスラ ネチビ ソギナ セヒ ギト,NA,227,Fri Oct  5 14:28:20 2018
5ja06,extrapolation,unmarked,initial,セヒ,ギト,ComplexPhrase_Testing,kick_burglar_sg_cowboy_sg,NA,NA,NA,ケルラ ダクメ ネチビ ギト,NA,NA,ケルラ ダクメ ネチビ ギト,NA,228,Fri Oct  5 14:28:25 2018
5ja06,extrapolation,unmarked,initial,セヒ,ギト,ComplexPhrase_Testing,punch_burglar_sg_waitress_pl,waitress,sogina,1,ナグラ ダクメ ソギナ セヒ ギト,NA,NA,ナグラ ダクメ ソギナ セヒ ギト,NA,229,Fri Oct  5 14:28:34 2018
5ja06,extrapolation,unmarked,initial,セヒ,ギト,ComplexPhrase_Testing,point_burglar_sg_cowboy_pl,cowboy,nechibi,1,サスラ ダクメ ネチビ セヒ ギト,NA,NA,サスラ ダクメ ネチビ セヒ ギト,NA,230,Fri Oct  5 14:28:38 2018
5ja06,extrapolation,unmarked,initial,セヒ,ギト,Questionnaire,NA,NA,NA,NA,NA,NA,NA,accusative,ヲ,MeaningCase,Fri Oct  5 14:30:15 2018
5ja06,extrapolation,unmarked,initial,セヒ,ギト,Questionnaire,NA,NA,NA,NA,NA,NA,NA,plural,フクスウ,MeaningNum,Fri Oct  5 14:30:15 2018
5ja06,extrapolation,unmarked,initial,セヒ,ギト,Questionnaire,NA,NA,NA,NA,NA,NA,NA,after,ウシロ,OrderCaseNoun,Fri Oct  5 14:30:15 2018
5ja06,extrapolation,unmarked,initial,セヒ,ギト,Questionnaire,NA,NA,NA,NA,NA,NA,NA,after,ウシロ,OrderNumNoun,Fri Oct  5 14:30:15 2018
5ja06,extrapolation,unmarked,initial,セヒ,ギト,Questionnaire,NA,NA,NA,NA,NA,NA,NA,Japanese,ニホンゴ,Languages,Fri Oct  5 14:30:15 2018