ID,Condition,MajorityOrder,NounPosition,markerNum,markerCase,Phase,Meaning,NounItem,Noun,BinaryResp,InputSentence,Selection,TypedResponse,SpokenResponse,AnswerQuest,Trial,date&time
6nom21,extrapolation,unmarked,final,gu,ti,Noun_Training,chef_two,NA,NA,,nork,NA,NA,,NA,1,Fri Feb 28 13:09:12 2020
6nom21,extrapolation,unmarked,final,gu,ti,Noun_Training,waitress_two,NA,NA,,vaem,NA,NA,,NA,2,Fri Feb 28 13:09:16 2020
6nom21,extrapolation,unmarked,final,gu,ti,Noun_Training,waitress_two,NA,NA,,vaem,NA,NA,,NA,3,Fri Feb 28 13:09:21 2020
6nom21,extrapolation,unmarked,final,gu,ti,Noun_Training,waitress_two,NA,NA,,vaem,NA,NA,,NA,4,Fri Feb 28 13:09:26 2020
6nom21,extrapolation,unmarked,final,gu,ti,Noun_Training,chef_two,NA,NA,,nork,NA,NA,,NA,5,Fri Feb 28 13:09:31 2020
6nom21,extrapolation,unmarked,final,gu,ti,Noun_Training,waitress_two,NA,NA,,vaem,NA,NA,,NA,6,Fri Feb 28 13:09:36 2020
6nom21,extrapolation,unmarked,final,gu,ti,Noun_Training,cowboy_two,NA,NA,,negid,NA,NA,,NA,7,Fri Feb 28 13:09:40 2020
6nom21,extrapolation,unmarked,final,gu,ti,Noun_Training,chef_two,NA,NA,,nork,NA,NA,,NA,8,Fri Feb 28 13:09:45 2020
6nom21,extrapolation,unmarked,final,gu,ti,Noun_Training,cowboy_two,NA,NA,,negid,NA,NA,,NA,9,Fri Feb 28 13:09:50 2020
6nom21,extrapolation,unmarked,final,gu,ti,Noun_Training,waitress_two,NA,NA,,vaem,NA,NA,,NA,10,Fri Feb 28 13:09:55 2020
6nom21,extrapolation,unmarked,final,gu,ti,Noun_Training,burglar_two,NA,NA,,tumbat,NA,NA,,NA,11,Fri Feb 28 13:10:00 2020
6nom21,extrapolation,unmarked,final,gu,ti,Noun_Training,burglar_two,NA,NA,,tumbat,NA,NA,,NA,12,Fri Feb 28 13:10:05 2020
6nom21,extrapolation,unmarked,final,gu,ti,Noun_Training,waitress_two,NA,NA,,vaem,NA,NA,,NA,13,Fri Feb 28 13:10:09 2020
6nom21,extrapolation,unmarked,final,gu,ti,Noun_Training,cowboy_two,NA,NA,,negid,NA,NA,,NA,14,Fri Feb 28 13:10:14 2020
6nom21,extrapolation,unmarked,final,gu,ti,Noun_Training,cowboy_two,NA,NA,,negid,NA,NA,,NA,15,Fri Feb 28 13:10:19 2020
6nom21,extrapolation,unmarked,final,gu,ti,Noun_Training,burglar_two,NA,NA,,tumbat,NA,NA,,NA,16,Fri Feb 28 13:10:24 2020
6nom21,extrapolation,unmarked,final,gu,ti,Noun_Training,chef_two,NA,NA,,nork,NA,NA,,NA,17,Fri Feb 28 13:10:29 2020
6nom21,extrapolation,unmarked,final,gu,ti,Noun_Training,cowboy_two,NA,NA,,negid,NA,NA,,NA,18,Fri Feb 28 13:10:34 2020
6nom21,extrapolation,unmarked,final,gu,ti,Noun_Training,burglar_two,NA,NA,,tumbat,NA,NA,,NA,19,Fri Feb 28 13:10:39 2020
6nom21,extrapolation,unmarked,final,gu,ti,Noun_Training,chef_two,NA,NA,,nork,NA,NA,,NA,20,Fri Feb 28 13:10:43 2020
6nom21,extrapolation,unmarked,final,gu,ti,Noun_Training,chef_two,NA,NA,,nork,NA,NA,,NA,21,Fri Feb 28 13:10:48 2020
6nom21,extrapolation,unmarked,final,gu,ti,Noun_Training,burglar_two,NA,NA,,tumbat,NA,NA,,NA,22,Fri Feb 28 13:10:53 2020
6nom21,extrapolation,unmarked,final,gu,ti,Noun_Training,cowboy_two,NA,NA,,negid,NA,NA,,NA,23,Fri Feb 28 13:10:58 2020
6nom21,extrapolation,unmarked,final,gu,ti,Noun_Training,burglar_two,NA,NA,,tumbat,NA,NA,,NA,24,Fri Feb 28 13:11:03 2020
6nom21,extrapolation,unmarked,final,gu,ti,Noun_Selection,burglar_two,NA,NA,,tumbat,correct,NA,,NA,25,Fri Feb 28 13:11:25 2020
6nom21,extrapolation,unmarked,final,gu,ti,Noun_Selection,chef_two,NA,NA,,nork,correct,NA,,NA,26,Fri Feb 28 13:11:29 2020
6nom21,extrapolation,unmarked,final,gu,ti,Noun_Selection,waitress_two,NA,NA,,vaem,correct,NA,,NA,27,Fri Feb 28 13:11:33 2020
6nom21,extrapolation,unmarked,final,gu,ti,Noun_Selection,burglar_two,NA,NA,,tumbat,correct,NA,,NA,28,Fri Feb 28 13:11:37 2020
6nom21,extrapolation,unmarked,final,gu,ti,Noun_Selection,cowboy_two,NA,NA,,negid,correct,NA,,NA,29,Fri Feb 28 13:11:41 2020
6nom21,extrapolation,unmarked,final,gu,ti,Noun_Selection,burglar_two,NA,NA,,tumbat,correct,NA,,NA,30,Fri Feb 28 13:11:47 2020
6nom21,extrapolation,unmarked,final,gu,ti,Noun_Selection,waitress_two,NA,NA,,vaem,correct,NA,,NA,31,Fri Feb 28 13:11:51 2020
6nom21,extrapolation,unmarked,final,gu,ti,Noun_Selection,chef_two,NA,NA,,nork,correct,NA,,NA,32,Fri Feb 28 13:11:56 2020
6nom21,extrapolation,unmarked,final,gu,ti,Noun_Selection,waitress_two,NA,NA,,vaem,correct,NA,,NA,33,Fri Feb 28 13:12:00 2020
6nom21,extrapolation,unmarked,final,gu,ti,Noun_Selection,chef_two,NA,NA,,nork,correct,NA,,NA,34,Fri Feb 28 13:12:04 2020
6nom21,extrapolation,unmarked,final,gu,ti,Noun_Selection,cowboy_two,NA,NA,,negid,correct,NA,,NA,35,Fri Feb 28 13:12:08 2020
6nom21,extrapolation,unmarked,final,gu,ti,Noun_Selection,cowboy_two,NA,NA,,negid,correct,NA,,NA,36,Fri Feb 28 13:12:13 2020
6nom21,extrapolation,unmarked,final,gu,ti,Noun_Testing,burglar_two,NA,NA,,tumbat,NA,NA,tumbat,NA,37,Fri Feb 28 13:12:39 2020
6nom21,extrapolation,unmarked,final,gu,ti,Noun_Testing,cowboy_two,NA,NA,,negid,NA,NA,negid,NA,38,Fri Feb 28 13:12:44 2020
6nom21,extrapolation,unmarked,final,gu,ti,Noun_Testing,cowboy_two,NA,NA,,negid,NA,NA,negid,NA,39,Fri Feb 28 13:12:48 2020
6nom21,extrapolation,unmarked,final,gu,ti,Noun_Testing,chef_two,NA,NA,,nork,NA,NA,nork,NA,40,Fri Feb 28 13:12:53 2020
6nom21,extrapolation,unmarked,final,gu,ti,Noun_Testing,chef_two,NA,NA,,nork,NA,NA,nork,NA,41,Fri Feb 28 13:12:57 2020
6nom21,extrapolation,unmarked,final,gu,ti,Noun_Testing,chef_two,NA,NA,,nork,NA,NA,nork,NA,42,Fri Feb 28 13:13:01 2020
6nom21,extrapolation,unmarked,final,gu,ti,Noun_Testing,burglar_two,NA,NA,,tumbat,NA,NA,tumbat,NA,43,Fri Feb 28 13:13:06 2020
6nom21,extrapolation,unmarked,final,gu,ti,Noun_Testing,cowboy_two,NA,NA,,negid,NA,NA,negid,NA,44,Fri Feb 28 13:13:11 2020
6nom21,extrapolation,unmarked,final,gu,ti,Noun_Testing,waitress_two,NA,NA,,vaem,NA,NA,vaem,NA,45,Fri Feb 28 13:13:15 2020
6nom21,extrapolation,unmarked,final,gu,ti,Noun_Testing,waitress_two,NA,NA,,vaem,NA,NA,vaem,NA,46,Fri Feb 28 13:13:19 2020
6nom21,extrapolation,unmarked,final,gu,ti,Noun_Testing,waitress_two,NA,NA,,vaem,NA,NA,vaem,NA,47,Fri Feb 28 13:13:23 2020
6nom21,extrapolation,unmarked,final,gu,ti,Noun_Testing,burglar_two,NA,NA,,tumbat,NA,NA,tumbat,NA,48,Fri Feb 28 13:13:27 2020
6nom21,extrapolation,unmarked,final,gu,ti,SimplePhrase_Training,kick_burglar_pl_cowboy_pl,NA,NA,,kikim titumbat negid,NA,NA,,NA,49,Fri Feb 28 13:14:24 2020
6nom21,extrapolation,unmarked,final,gu,ti,SimplePhrase_Training,kick_chef_pl_cowboy_sg,NA,NA,,kikim tinork gunegid,NA,NA,,NA,50,Fri Feb 28 13:14:31 2020
6nom21,extrapolation,unmarked,final,gu,ti,SimplePhrase_Training,punch_chef_pl_waitress_sg,NA,NA,,straikim tinork guvaem,NA,NA,,NA,51,Fri Feb 28 13:14:39 2020
6nom21,extrapolation,unmarked,final,gu,ti,SimplePhrase_Training,point_burglar_pl_chef_sg,NA,NA,,poinim titumbat gunork,NA,NA,,NA,52,Fri Feb 28 13:14:46 2020
6nom21,extrapolation,unmarked,final,gu,ti,SimplePhrase_Training,punch_waitress_pl_chef_sg,NA,NA,,straikim tivaem gunork,NA,NA,,NA,53,Fri Feb 28 13:14:54 2020
6nom21,extrapolation,unmarked,final,gu,ti,SimplePhrase_Training,kick_chef_pl_waitress_sg,NA,NA,,kikim tinork guvaem,NA,NA,,NA,54,Fri Feb 28 13:15:01 2020
6nom21,extrapolation,unmarked,final,gu,ti,SimplePhrase_Training,punch_cowboy_pl_waitress_pl,NA,NA,,straikim tinegid vaem,NA,NA,,NA,55,Fri Feb 28 13:15:08 2020
6nom21,extrapolation,unmarked,final,gu,ti,SimplePhrase_Training,punch_chef_pl_cowboy_pl,NA,NA,,straikim tinork negid,NA,NA,,NA,56,Fri Feb 28 13:15:16 2020
6nom21,extrapolation,unmarked,final,gu,ti,SimplePhrase_Training,kick_burglar_pl_chef_pl,NA,NA,,kikim titumbat nork,NA,NA,,NA,57,Fri Feb 28 13:15:23 2020
6nom21,extrapolation,unmarked,final,gu,ti,SimplePhrase_Training,punch_cowboy_pl_burglar_sg,NA,NA,,straikim tinegid gutumbat,NA,NA,,NA,58,Fri Feb 28 13:15:31 2020
6nom21,extrapolation,unmarked,final,gu,ti,SimplePhrase_Training,point_cowboy_pl_chef_sg,NA,NA,,poinim tinegid gunork,NA,NA,,NA,59,Fri Feb 28 13:15:38 2020
6nom21,extrapolation,unmarked,final,gu,ti,SimplePhrase_Training,point_chef_pl_waitress_sg,NA,NA,,poinim tinork guvaem,NA,NA,,NA,60,Fri Feb 28 13:15:46 2020
6nom21,extrapolation,unmarked,final,gu,ti,SimplePhrase_Training,punch_burglar_pl_waitress_sg,NA,NA,,straikim titumbat guvaem,NA,NA,,NA,61,Fri Feb 28 13:15:53 2020
6nom21,extrapolation,unmarked,final,gu,ti,SimplePhrase_Training,point_chef_pl_cowboy_sg,NA,NA,,poinim tinork gunegid,NA,NA,,NA,62,Fri Feb 28 13:16:01 2020
6nom21,extrapolation,unmarked,final,gu,ti,SimplePhrase_Training,kick_waitress_pl_chef_pl,NA,NA,,kikim tivaem nork,NA,NA,,NA,63,Fri Feb 28 13:16:08 2020
6nom21,extrapolation,unmarked,final,gu,ti,SimplePhrase_Training,punch_cowboy_pl_chef_pl,NA,NA,,straikim tinegid nork,NA,NA,,NA,64,Fri Feb 28 13:16:15 2020
6nom21,extrapolation,unmarked,final,gu,ti,SimplePhrase_Training,chef_two,NA,NA,,nork,NA,NA,,NA,65,Fri Feb 28 13:16:20 2020
6nom21,extrapolation,unmarked,final,gu,ti,SimplePhrase_Training,point_burglar_pl_waitress_pl,NA,NA,,poinim titumbat vaem,NA,NA,,NA,66,Fri Feb 28 13:16:28 2020
6nom21,extrapolation,unmarked,final,gu,ti,SimplePhrase_Training,point_burglar_pl_cowboy_sg,NA,NA,,poinim titumbat gunegid,NA,NA,,NA,67,Fri Feb 28 13:16:35 2020
6nom21,extrapolation,unmarked,final,gu,ti,SimplePhrase_Training,punch_chef_pl_burglar_sg,NA,NA,,straikim tinork gutumbat,NA,NA,,NA,68,Fri Feb 28 13:16:43 2020
6nom21,extrapolation,unmarked,final,gu,ti,SimplePhrase_Training,point_cowboy_pl_burglar_sg,NA,NA,,poinim tinegid gutumbat,NA,NA,,NA,69,Fri Feb 28 13:16:50 2020
6nom21,extrapolation,unmarked,final,gu,ti,SimplePhrase_Training,punch_waitress_pl_cowboy_pl,NA,NA,,straikim tivaem negid,NA,NA,,NA,70,Fri Feb 28 13:16:58 2020
6nom21,extrapolation,unmarked,final,gu,ti,SimplePhrase_Training,cowboy_two,NA,NA,,negid,NA,NA,,NA,71,Fri Feb 28 13:17:02 2020
6nom21,extrapolation,unmarked,final,gu,ti,SimplePhrase_Training,punch_waitress_pl_burglar_sg,NA,NA,,straikim tivaem gutumbat,NA,NA,,NA,72,Fri Feb 28 13:17:10 2020
6nom21,extrapolation,unmarked,final,gu,ti,SimplePhrase_Training,punch_burglar_pl_cowboy_pl,NA,NA,,straikim titumbat negid,NA,NA,,NA,73,Fri Feb 28 13:17:18 2020
6nom21,extrapolation,unmarked,final,gu,ti,SimplePhrase_Training,kick_burglar_pl_waitress_pl,NA,NA,,kikim titumbat vaem,NA,NA,,NA,74,Fri Feb 28 13:17:25 2020
6nom21,extrapolation,unmarked,final,gu,ti,SimplePhrase_Training,punch_burglar_pl_chef_sg,NA,NA,,straikim titumbat gunork,NA,NA,,NA,75,Fri Feb 28 13:17:33 2020
6nom21,extrapolation,unmarked,final,gu,ti,SimplePhrase_Training,point_cowboy_pl_waitress_pl,NA,NA,,poinim tinegid vaem,NA,NA,,NA,76,Fri Feb 28 13:17:40 2020
6nom21,extrapolation,unmarked,final,gu,ti,SimplePhrase_Training,kick_waitress_pl_cowboy_pl,NA,NA,,kikim tivaem negid,NA,NA,,NA,77,Fri Feb 28 13:17:47 2020
6nom21,extrapolation,unmarked,final,gu,ti,SimplePhrase_Training,waitress_two,NA,NA,,vaem,NA,NA,,NA,78,Fri Feb 28 13:17:52 2020
6nom21,extrapolation,unmarked,final,gu,ti,SimplePhrase_Training,point_chef_pl_burglar_sg,NA,NA,,poinim tinork gutumbat,NA,NA,,NA,79,Fri Feb 28 13:17:59 2020
6nom21,extrapolation,unmarked,final,gu,ti,SimplePhrase_Training,chef_two,NA,NA,,nork,NA,NA,,NA,80,Fri Feb 28 13:18:04 2020
6nom21,extrapolation,unmarked,final,gu,ti,SimplePhrase_Training,kick_waitress_pl_burglar_pl,NA,NA,,kikim tivaem tumbat,NA,NA,,NA,81,Fri Feb 28 13:18:11 2020
6nom21,extrapolation,unmarked,final,gu,ti,SimplePhrase_Training,cowboy_two,NA,NA,,negid,NA,NA,,NA,82,Fri Feb 28 13:18:16 2020
6nom21,extrapolation,unmarked,final,gu,ti,SimplePhrase_Training,point_waitress_pl_cowboy_pl,NA,NA,,poinim tivaem negid,NA,NA,,NA,83,Fri Feb 28 13:18:23 2020
6nom21,extrapolation,unmarked,final,gu,ti,SimplePhrase_Training,kick_cowboy_pl_chef_sg,NA,NA,,kikim tinegid gunork,NA,NA,,NA,84,Fri Feb 28 13:18:30 2020
6nom21,extrapolation,unmarked,final,gu,ti,SimplePhrase_Training,kick_cowboy_pl_waitress_pl,NA,NA,,kikim tinegid vaem,NA,NA,,NA,85,Fri Feb 28 13:18:37 2020
6nom21,extrapolation,unmarked,final,gu,ti,SimplePhrase_Training,point_waitress_pl_burglar_pl,NA,NA,,poinim tivaem tumbat,NA,NA,,NA,86,Fri Feb 28 13:18:45 2020
6nom21,extrapolation,unmarked,final,gu,ti,SimplePhrase_Training,kick_chef_pl_burglar_pl,NA,NA,,kikim tinork tumbat,NA,NA,,NA,87,Fri Feb 28 13:18:52 2020
6nom21,extrapolation,unmarked,final,gu,ti,SimplePhrase_Training,waitress_two,NA,NA,,vaem,NA,NA,,NA,88,Fri Feb 28 13:18:57 2020
6nom21,extrapolation,unmarked,final,gu,ti,SimplePhrase_Training,kick_cowboy_pl_burglar_pl,NA,NA,,kikim tinegid tumbat,NA,NA,,NA,89,Fri Feb 28 13:19:04 2020
6nom21,extrapolation,unmarked,final,gu,ti,SimplePhrase_Training,point_waitress_pl_chef_sg,NA,NA,,poinim tivaem gunork,NA,NA,,NA,90,Fri Feb 28 13:19:11 2020
6nom21,extrapolation,unmarked,final,gu,ti,SimplePhrase_Training,burglar_two,NA,NA,,tumbat,NA,NA,,NA,91,Fri Feb 28 13:19:16 2020
6nom21,extrapolation,unmarked,final,gu,ti,SimplePhrase_Training,burglar_two,NA,NA,,tumbat,NA,NA,,NA,92,Fri Feb 28 13:19:21 2020
6nom21,extrapolation,unmarked,final,gu,ti,SimplePhrase_Comprehension,point_burglar_pl_waitress_sg,NA,NA,,poinim titumbat guvaem,correct,NA,,NA,93,Fri Feb 28 13:19:50 2020
6nom21,extrapolation,unmarked,final,gu,ti,SimplePhrase_Comprehension,kick_burglar_pl_cowboy_sg,NA,NA,,kikim titumbat gunegid,correct,NA,,NA,94,Fri Feb 28 13:20:03 2020
6nom21,extrapolation,unmarked,final,gu,ti,SimplePhrase_Comprehension,kick_chef_pl_burglar_sg,NA,NA,,kikim tinork gutumbat,correct,NA,,NA,95,Fri Feb 28 13:20:17 2020
6nom21,extrapolation,unmarked,final,gu,ti,SimplePhrase_Comprehension,kick_waitress_pl_chef_sg,NA,NA,,kikim tivaem gunork,correct,NA,,NA,96,Fri Feb 28 13:20:28 2020
6nom21,extrapolation,unmarked,final,gu,ti,SimplePhrase_Comprehension,punch_waitress_pl_chef_pl,NA,NA,,straikim tivaem nork,correct,NA,,NA,97,Fri Feb 28 13:20:38 2020
6nom21,extrapolation,unmarked,final,gu,ti,SimplePhrase_Comprehension,punch_cowboy_pl_waitress_sg,NA,NA,,straikim tinegid guvaem,correct,NA,,NA,98,Fri Feb 28 13:20:48 2020
6nom21,extrapolation,unmarked,final,gu,ti,SimplePhrase_Comprehension,kick_waitress_pl_burglar_sg,NA,NA,,kikim tivaem gutumbat,correct,NA,,NA,99,Fri Feb 28 13:20:56 2020
6nom21,extrapolation,unmarked,final,gu,ti,SimplePhrase_Comprehension,kick_waitress_pl_cowboy_sg,NA,NA,,kikim tivaem gunegid,correct,NA,,NA,100,Fri Feb 28 13:21:01 2020
6nom21,extrapolation,unmarked,final,gu,ti,SimplePhrase_Comprehension,punch_cowboy_pl_burglar_pl,NA,NA,,straikim tinegid tumbat,correct,NA,,NA,101,Fri Feb 28 13:21:07 2020
6nom21,extrapolation,unmarked,final,gu,ti,SimplePhrase_Comprehension,point_waitress_pl_cowboy_sg,NA,NA,,poinim tivaem gunegid,correct,NA,,NA,102,Fri Feb 28 13:21:14 2020
6nom21,extrapolation,unmarked,final,gu,ti,SimplePhrase_Comprehension,point_chef_pl_cowboy_pl,NA,NA,,poinim tinork negid,correct,NA,,NA,103,Fri Feb 28 13:21:19 2020
6nom21,extrapolation,unmarked,final,gu,ti,SimplePhrase_Comprehension,point_burglar_pl_chef_pl,NA,NA,,poinim titumbat nork,correct,NA,,NA,104,Fri Feb 28 13:21:25 2020
6nom21,extrapolation,unmarked,final,gu,ti,SimplePhrase_Comprehension,kick_chef_pl_cowboy_pl,NA,NA,,kikim tinork negid,correct,NA,,NA,105,Fri Feb 28 13:21:31 2020
6nom21,extrapolation,unmarked,final,gu,ti,SimplePhrase_Comprehension,kick_burglar_pl_chef_sg,NA,NA,,kikim titumbat gunork,correct,NA,,NA,106,Fri Feb 28 13:21:38 2020
6nom21,extrapolation,unmarked,final,gu,ti,SimplePhrase_Comprehension,point_cowboy_pl_chef_pl,NA,NA,,poinim tinegid nork,correct,NA,,NA,107,Fri Feb 28 13:21:43 2020
6nom21,extrapolation,unmarked,final,gu,ti,SimplePhrase_Comprehension,point_cowboy_pl_burglar_pl,NA,NA,,poinim tinegid tumbat,correct,NA,,NA,108,Fri Feb 28 13:21:53 2020
6nom21,extrapolation,unmarked,final,gu,ti,SimplePhrase_Comprehension,point_waitress_pl_burglar_sg,NA,NA,,poinim tivaem gutumbat,correct,NA,,NA,109,Fri Feb 28 13:22:00 2020
6nom21,extrapolation,unmarked,final,gu,ti,SimplePhrase_Comprehension,kick_cowboy_pl_chef_pl,NA,NA,,kikim tinegid nork,correct,NA,,NA,110,Fri Feb 28 13:22:06 2020
6nom21,extrapolation,unmarked,final,gu,ti,SimplePhrase_Comprehension,kick_chef_pl_waitress_pl,NA,NA,,kikim tinork vaem,correct,NA,,NA,111,Fri Feb 28 13:22:11 2020
6nom21,extrapolation,unmarked,final,gu,ti,SimplePhrase_Comprehension,point_burglar_pl_cowboy_pl,NA,NA,,poinim titumbat negid,correct,NA,,NA,112,Fri Feb 28 13:22:17 2020
6nom21,extrapolation,unmarked,final,gu,ti,SimplePhrase_Typing,kick_burglar_pl_chef_pl,NA,NA,,kikim titumbat nork,NA,kikim gutumbat nork,,NA,113,Fri Feb 28 13:22:57 2020
6nom21,extrapolation,unmarked,final,gu,ti,SimplePhrase_Typing,chef_two,NA,NA,,nork,NA,nork,,NA,114,Fri Feb 28 13:23:04 2020
6nom21,extrapolation,unmarked,final,gu,ti,SimplePhrase_Typing,punch_waitress_pl_burglar_sg,NA,NA,,straikim tivaem gutumbat,NA,straikim tivaem gutumbat,,NA,115,Fri Feb 28 13:23:37 2020
6nom21,extrapolation,unmarked,final,gu,ti,SimplePhrase_Typing,kick_waitress_pl_cowboy_pl,NA,NA,,kikim tivaem negid,NA,kikim tivaem negid,,NA,116,Fri Feb 28 13:23:53 2020
6nom21,extrapolation,unmarked,final,gu,ti,SimplePhrase_Typing,waitress_two,NA,NA,,vaem,NA,vaem,,NA,117,Fri Feb 28 13:23:59 2020
6nom21,extrapolation,unmarked,final,gu,ti,SimplePhrase_Typing,burglar_two,NA,NA,,tumbat,NA,tumbat,,NA,118,Fri Feb 28 13:24:06 2020
6nom21,extrapolation,unmarked,final,gu,ti,SimplePhrase_Typing,cowboy_two,NA,NA,,negid,NA,negid,,NA,119,Fri Feb 28 13:24:16 2020
6nom21,extrapolation,unmarked,final,gu,ti,SimplePhrase_Typing,kick_waitress_pl_chef_pl,NA,NA,,kikim tivaem nork,NA,kikim tivaem nork,,NA,120,Fri Feb 28 13:24:28 2020
6nom21,extrapolation,unmarked,final,gu,ti,SimplePhrase_Typing,kick_burglar_pl_waitress_pl,NA,NA,,kikim titumbat vaem,NA,kikim titumbat vaem,,NA,121,Fri Feb 28 13:24:38 2020
6nom21,extrapolation,unmarked,final,gu,ti,SimplePhrase_Typing,punch_burglar_pl_chef_sg,NA,NA,,straikim titumbat gunork,NA,straikim titumbat gunork,,NA,122,Fri Feb 28 13:24:53 2020
6nom21,extrapolation,unmarked,final,gu,ti,SimplePhrase_Typing,punch_waitress_pl_chef_sg,NA,NA,,straikim tivaem gunork,NA,straikim tivaem gunork,,NA,123,Fri Feb 28 13:25:05 2020
6nom21,extrapolation,unmarked,final,gu,ti,SimplePhrase_Typing,punch_chef_pl_burglar_sg,NA,NA,,straikim tinork gutumbat,NA,straikim tinork gutumbat,,NA,124,Fri Feb 28 13:25:18 2020
6nom21,extrapolation,unmarked,final,gu,ti,ComplexPhrase_Typing,point_cowboy_sg_chef_pl,chef,negid,1,poinim tigunegid nork,NA,poinim tigunegid nork,,NA,125,Fri Feb 28 13:25:54 2020
6nom21,extrapolation,unmarked,final,gu,ti,ComplexPhrase_Typing,punch_waitress_sg_cowboy_pl,cowboy,vaem,1,straikim tiguvaem negid,NA,straikim tiguvaem negid,,NA,126,Fri Feb 28 13:26:07 2020
6nom21,extrapolation,unmarked,final,gu,ti,ComplexPhrase_Typing,punch_waitress_sg_burglar_pl,burglar,vaem,1,straikim tiguvaem tumbat,NA,straikim tiguvaem tibald,,NA,127,Fri Feb 28 13:27:27 2020
6nom21,extrapolation,unmarked,final,gu,ti,ComplexPhrase_Typing,punch_burglar_sg_chef_pl,chef,tumbat,1,straikim tigutumbat nork,NA,straikim tigutangid nork,,NA,128,Fri Feb 28 13:28:23 2020
6nom21,extrapolation,unmarked,final,gu,ti,ComplexPhrase_Typing,punch_waitress_sg_burglar_pl,burglar,vaem,1,straikim tiguvaem tumbat,NA,straikim titangid guvaem,,NA,129,Fri Feb 28 13:28:31 2020
6nom21,extrapolation,unmarked,final,gu,ti,ComplexPhrase_Typing,punch_waitress_sg_cowboy_pl,cowboy,vaem,1,straikim tiguvaem negid,NA,straikim tiguvaem negid,,NA,130,Fri Feb 28 13:30:47 2020
6nom21,extrapolation,unmarked,final,gu,ti,ComplexPhrase_Typing,point_cowboy_sg_chef_pl,chef,negid,1,poinim tigunegid nork,NA,poinim tigunegid nork,,NA,131,Fri Feb 28 13:30:54 2020
6nom21,extrapolation,unmarked,final,gu,ti,ComplexPhrase_Typing,punch_burglar_sg_chef_pl,chef,tumbat,1,straikim tigutumbat nork,NA,straikim tigutibalt nork,,NA,132,Fri Feb 28 13:31:34 2020
6nom21,extrapolation,unmarked,final,gu,ti,ComplexPhrase_Typing,point_cowboy_sg_chef_pl,chef,negid,1,poinim tigunegid nork,NA,poinim tidunegid nork,,NA,133,Fri Feb 28 13:31:40 2020
6nom21,extrapolation,unmarked,final,gu,ti,ComplexPhrase_Typing,punch_burglar_sg_chef_pl,chef,tumbat,1,straikim tigutumbat nork,NA,straikim tidutibalt nork,,NA,134,Fri Feb 28 13:32:06 2020
6nom21,extrapolation,unmarked,final,gu,ti,ComplexPhrase_Typing,punch_waitress_sg_burglar_pl,burglar,vaem,1,straikim tiguvaem tumbat,NA,straikim tiduvaem tibalt,,NA,135,Fri Feb 28 13:32:13 2020
6nom21,extrapolation,unmarked,final,gu,ti,ComplexPhrase_Typing,punch_waitress_sg_cowboy_pl,cowboy,vaem,1,straikim tiguvaem negid,NA,straikim tiduvaem negid,,NA,136,Fri Feb 28 13:32:22 2020
6nom21,extrapolation,unmarked,final,gu,ti,ComplexPhrase_Testing,point_cowboy_pl_chef_sg,NA,NA,,poinim tinegid gunork,NA,NA,poinim tinegid gunork,NA,137,Fri Feb 28 13:33:14 2020
6nom21,extrapolation,unmarked,final,gu,ti,ComplexPhrase_Testing,kick_chef_sg_burglar_pl,burglar,nork,1,kikim tigunork tumbat,NA,NA,kikim tidunork tibalt,NA,138,Fri Feb 28 13:33:33 2020
6nom21,extrapolation,unmarked,final,gu,ti,ComplexPhrase_Testing,point_burglar_sg_chef_pl,chef,tumbat,1,poinim tigutumbat nork,NA,NA,poinim tigutibalt nork,NA,139,Fri Feb 28 13:33:44 2020
6nom21,extrapolation,unmarked,final,gu,ti,ComplexPhrase_Testing,kick_cowboy_pl_waitress_pl,waitress,NA,,kikim tinegid vaem,NA,NA,kikim tinegid vaem,NA,140,Fri Feb 28 13:33:50 2020
6nom21,extrapolation,unmarked,final,gu,ti,ComplexPhrase_Testing,punch_burglar_sg_waitress_pl,waitress,tumbat,1,straikim tigutumbat vaem,NA,NA,straikim tigutibalt vaem,NA,141,Fri Feb 28 13:34:02 2020
6nom21,extrapolation,unmarked,final,gu,ti,ComplexPhrase_Testing,kick_chef_sg_burglar_pl,burglar,nork,1,kikim tigunork tumbat,NA,NA,kikim tigunork tibalt,NA,142,Fri Feb 28 13:34:09 2020
6nom21,extrapolation,unmarked,final,gu,ti,ComplexPhrase_Testing,kick_chef_sg_waitress_pl,waitress,nork,1,kikim tigunork vaem,NA,NA,kikim tigunork vaem,NA,143,Fri Feb 28 13:34:16 2020
6nom21,extrapolation,unmarked,final,gu,ti,ComplexPhrase_Testing,punch_chef_sg_cowboy_pl,cowboy,nork,1,straikim tigunork negid,NA,NA,straikim tigunork negid,NA,144,Fri Feb 28 13:34:25 2020
6nom21,extrapolation,unmarked,final,gu,ti,ComplexPhrase_Testing,punch_waitress_sg_burglar_pl,burglar,vaem,1,straikim tiguvaem tumbat,NA,NA,straikim tiguvaem tibalt,NA,145,Fri Feb 28 13:34:36 2020
6nom21,extrapolation,unmarked,final,gu,ti,ComplexPhrase_Testing,punch_waitress_sg_cowboy_pl,cowboy,vaem,1,straikim tiguvaem negid,NA,NA,straikim tiguvaem negid,NA,146,Fri Feb 28 13:34:43 2020
6nom21,extrapolation,unmarked,final,gu,ti,ComplexPhrase_Testing,waitress_two,NA,NA,,vaem,NA,NA,vaem,NA,147,Fri Feb 28 13:34:45 2020
6nom21,extrapolation,unmarked,final,gu,ti,ComplexPhrase_Testing,point_burglar_pl_chef_sg,NA,NA,,poinim titumbat gunork,NA,NA,poinim titangid nork,NA,148,Fri Feb 28 13:34:55 2020
6nom21,extrapolation,unmarked,final,gu,ti,ComplexPhrase_Testing,punch_waitress_sg_burglar_pl,burglar,vaem,1,straikim tiguvaem tumbat,NA,NA,straikim tiguvaem tumbat,NA,149,Fri Feb 28 13:35:13 2020
6nom21,extrapolation,unmarked,final,gu,ti,ComplexPhrase_Testing,punch_waitress_sg_burglar_pl,burglar,vaem,1,straikim tiguvaem tumbat,NA,NA,straikim tiguvaem tumbat,NA,150,Fri Feb 28 13:35:18 2020
6nom21,extrapolation,unmarked,final,gu,ti,ComplexPhrase_Testing,point_waitress_sg_chef_pl,chef,vaem,1,poinim tiguvaem nork,NA,NA,poinim tiguvaem nork,NA,151,Fri Feb 28 13:35:24 2020
6nom21,extrapolation,unmarked,final,gu,ti,ComplexPhrase_Testing,kick_waitress_pl_burglar_pl,burglar,NA,,kikim tivaem tumbat,NA,NA,kikim tivaem tumbat,NA,152,Fri Feb 28 13:35:31 2020
6nom21,extrapolation,unmarked,final,gu,ti,ComplexPhrase_Testing,cowboy_two,NA,NA,,negid,NA,NA,negid,NA,153,Fri Feb 28 13:35:37 2020
6nom21,extrapolation,unmarked,final,gu,ti,ComplexPhrase_Testing,kick_waitress_sg_cowboy_pl,cowboy,vaem,1,kikim tiguvaem negid,NA,NA,kikim tiguvaem negid,NA,154,Fri Feb 28 13:35:44 2020
6nom21,extrapolation,unmarked,final,gu,ti,ComplexPhrase_Testing,point_waitress_sg_chef_pl,chef,vaem,1,poinim tiguvaem nork,NA,NA,poinim tiguvaem nork,NA,155,Fri Feb 28 13:35:51 2020
6nom21,extrapolation,unmarked,final,gu,ti,ComplexPhrase_Testing,kick_waitress_sg_cowboy_pl,cowboy,vaem,1,kikim tiguvaem negid,NA,NA,kikim tiguvaem negid,NA,156,Fri Feb 28 13:35:57 2020
6nom21,extrapolation,unmarked,final,gu,ti,ComplexPhrase_Testing,kick_cowboy_sg_burglar_pl,burglar,negid,1,kikim tigunegid tumbat,NA,NA,kikim tigunegid tumbat,NA,157,Fri Feb 28 13:36:04 2020
6nom21,extrapolation,unmarked,final,gu,ti,ComplexPhrase_Testing,punch_burglar_pl_waitress_sg,NA,NA,,straikim titumbat guvaem,NA,NA,straikim titumbat guvaem,NA,158,Fri Feb 28 13:36:09 2020
6nom21,extrapolation,unmarked,final,gu,ti,ComplexPhrase_Testing,point_burglar_pl_cowboy_sg,NA,NA,,poinim titumbat gunegid,NA,NA,poinim titumbat gunegid,NA,159,Fri Feb 28 13:36:18 2020
6nom21,extrapolation,unmarked,final,gu,ti,ComplexPhrase_Testing,point_waitress_sg_burglar_pl,burglar,vaem,1,poinim tiguvaem tumbat,NA,NA,poinim tiguvaem tumbat,NA,160,Fri Feb 28 13:36:29 2020
6nom21,extrapolation,unmarked,final,gu,ti,ComplexPhrase_Testing,point_chef_pl_cowboy_sg,NA,NA,,poinim tinork gunegid,NA,NA,poinim tinork gunegid,NA,161,Fri Feb 28 13:36:39 2020
6nom21,extrapolation,unmarked,final,gu,ti,ComplexPhrase_Testing,punch_chef_sg_cowboy_pl,cowboy,nork,1,straikim tigunork negid,NA,NA,straikim tigunork negid,NA,162,Fri Feb 28 13:36:48 2020
6nom21,extrapolation,unmarked,final,gu,ti,ComplexPhrase_Testing,point_waitress_sg_cowboy_pl,cowboy,vaem,1,poinim tiguvaem negid,NA,NA,poinim tiguvaem negid,NA,163,Fri Feb 28 13:36:55 2020
6nom21,extrapolation,unmarked,final,gu,ti,ComplexPhrase_Testing,point_waitress_pl_burglar_pl,burglar,NA,,poinim tivaem tumbat,NA,NA,poinim tivaem tumbat,NA,164,Fri Feb 28 13:37:20 2020
6nom21,extrapolation,unmarked,final,gu,ti,ComplexPhrase_Testing,punch_waitress_sg_cowboy_pl,cowboy,vaem,1,straikim tiguvaem negid,NA,NA,straikim tiguvaem negid,NA,165,Fri Feb 28 13:37:29 2020
6nom21,extrapolation,unmarked,final,gu,ti,ComplexPhrase_Testing,punch_chef_sg_cowboy_pl,cowboy,nork,1,straikim tigunork negid,NA,NA,straikim tigunork negid,NA,166,Fri Feb 28 13:37:35 2020
6nom21,extrapolation,unmarked,final,gu,ti,ComplexPhrase_Testing,point_burglar_sg_chef_pl,chef,tumbat,1,poinim tigutumbat nork,NA,NA,poinim tigutumbat nork,NA,167,Fri Feb 28 13:37:41 2020
6nom21,extrapolation,unmarked,final,gu,ti,ComplexPhrase_Testing,point_waitress_sg_cowboy_pl,cowboy,vaem,1,poinim tiguvaem negid,NA,NA,poinim tiguvaem negid,NA,168,Fri Feb 28 13:37:47 2020
6nom21,extrapolation,unmarked,final,gu,ti,ComplexPhrase_Testing,point_waitress_sg_burglar_pl,burglar,vaem,1,poinim tiguvaem tumbat,NA,NA,poinim tiguvaem tumbat,NA,169,Fri Feb 28 13:37:55 2020
6nom21,extrapolation,unmarked,final,gu,ti,ComplexPhrase_Testing,chef_two,NA,NA,,nork,NA,NA,nork,NA,170,Fri Feb 28 13:37:57 2020
6nom21,extrapolation,unmarked,final,gu,ti,ComplexPhrase_Testing,punch_cowboy_pl_chef_sg,NA,NA,,straikim tinegid gunork,NA,NA,straikim tinegid gunork,NA,171,Fri Feb 28 13:38:10 2020
6nom21,extrapolation,unmarked,final,gu,ti,ComplexPhrase_Testing,punch_waitress_sg_cowboy_pl,cowboy,vaem,1,straikim tiguvaem negid,NA,NA,straikim tiguvaem negid,NA,172,Fri Feb 28 13:38:19 2020
6nom21,extrapolation,unmarked,final,gu,ti,ComplexPhrase_Testing,point_cowboy_pl_chef_pl,chef,NA,,poinim tinegid nork,NA,NA,poinim tinegid nork,NA,173,Fri Feb 28 13:38:24 2020
6nom21,extrapolation,unmarked,final,gu,ti,ComplexPhrase_Testing,point_waitress_pl_chef_pl,chef,NA,,poinim tivaem nork,NA,NA,poinim tivaem nork,NA,174,Fri Feb 28 13:38:34 2020
6nom21,extrapolation,unmarked,final,gu,ti,ComplexPhrase_Testing,point_burglar_sg_chef_pl,chef,tumbat,1,poinim tigutumbat nork,NA,NA,poinim tigutumbat nork,NA,175,Fri Feb 28 13:38:42 2020
6nom21,extrapolation,unmarked,final,gu,ti,ComplexPhrase_Testing,kick_chef_sg_waitress_pl,waitress,nork,1,kikim tigunork vaem,NA,NA,kikim tigunork vaem,NA,176,Fri Feb 28 13:38:47 2020
6nom21,extrapolation,unmarked,final,gu,ti,ComplexPhrase_Testing,kick_chef_sg_burglar_pl,burglar,nork,1,kikim tigunork tumbat,NA,NA,kikim tigunork tumbat,NA,177,Fri Feb 28 13:38:54 2020
6nom21,extrapolation,unmarked,final,gu,ti,ComplexPhrase_Testing,kick_cowboy_sg_burglar_pl,burglar,negid,1,kikim tigunegid tumbat,NA,NA,kikim tigunegid tumbat,NA,178,Fri Feb 28 13:39:06 2020
6nom21,extrapolation,unmarked,final,gu,ti,ComplexPhrase_Testing,kick_chef_sg_waitress_pl,waitress,nork,1,kikim tigunork vaem,NA,NA,kikim tigunork vaem,NA,179,Fri Feb 28 13:39:14 2020
6nom21,extrapolation,unmarked,final,gu,ti,ComplexPhrase_Testing,point_waitress_sg_burglar_pl,burglar,vaem,1,poinim tiguvaem tumbat,NA,NA,poinim tiguvaem tumbat,NA,180,Fri Feb 28 13:39:20 2020
6nom21,extrapolation,unmarked,final,gu,ti,ComplexPhrase_Testing,point_burglar_pl_waitress_pl,waitress,NA,,poinim titumbat vaem,NA,NA,poinim titumbat vaem,NA,181,Fri Feb 28 13:39:25 2020
6nom21,extrapolation,unmarked,final,gu,ti,ComplexPhrase_Testing,punch_burglar_sg_waitress_pl,MISS,NA,,straikim tigutumbat vaem,NA,NA,,NA,182,Fri Feb 28 13:39:30 2020
6nom21,extrapolation,unmarked,final,gu,ti,ComplexPhrase_Testing,point_waitress_sg_cowboy_pl,cowboy,vaem,1,poinim tiguvaem negid,NA,NA,poinim tiguvaem negid,NA,183,Fri Feb 28 13:39:42 2020
6nom21,extrapolation,unmarked,final,gu,ti,ComplexPhrase_Testing,punch_burglar_sg_waitress_pl,waitress,tumbat,1,straikim tigutumbat vaem,NA,NA,straikim tigutumbat vaem,NA,184,Fri Feb 28 13:40:31 2020
6nom21,extrapolation,unmarked,final,gu,ti,ComplexPhrase_Testing,point_waitress_sg_chef_pl,chef,vaem,1,poinim tiguvaem nork,NA,NA,poinim tiguvaem nork,NA,185,Fri Feb 28 13:40:36 2020
6nom21,extrapolation,unmarked,final,gu,ti,ComplexPhrase_Testing,kick_cowboy_sg_burglar_pl,burglar,negid,1,kikim tigunegid tumbat,NA,NA,kikim tigunegid tumbat,NA,186,Fri Feb 28 13:40:42 2020
6nom21,extrapolation,unmarked,final,gu,ti,ComplexPhrase_Testing,kick_waitress_sg_cowboy_pl,cowboy,vaem,1,kikim tiguvaem negid,NA,NA,kikim tiguvaem negid,NA,187,Fri Feb 28 13:40:52 2020
6nom21,extrapolation,unmarked,final,gu,ti,ComplexPhrase_Testing,burglar_two,NA,,,tumbat,NA,NA,tumbat,NA,188,Fri Feb 28 13:40:55 2020
6nom21,extrapolation,unmarked,final,gu,ti,Questionnaire,NA,NA,,,NA,NA,NA,,perpetrator of action,MeaningCase,Fri Feb 28 13:42:18 2020
6nom21,extrapolation,unmarked,final,gu,ti,Questionnaire,NA,NA,,,NA,NA,NA,,singular noun,MeaningNum,Fri Feb 28 13:42:18 2020
6nom21,extrapolation,unmarked,final,gu,ti,Questionnaire,NA,NA,,,NA,NA,NA,,before,OrderCaseNoun,Fri Feb 28 13:42:18 2020
6nom21,extrapolation,unmarked,final,gu,ti,Questionnaire,NA,NA,,,NA,NA,NA,,before,OrderNumNoun,Fri Feb 28 13:42:18 2020
6nom21,extrapolation,unmarked,final,gu,ti,Questionnaire,NA,NA,,,NA,NA,NA,,English and Mandarin Chinese,Languages,Fri Feb 28 13:42:18 2020