ID,Condition,MajorityOrder,NounPosition,markerNum,markerCase,Phase,Meaning,NounItem,Noun,binaryResp,InputSentence,Selection,TypedResponse,SpokenResponse,AnswerQuest,Trial,date&time
6ja15,extrapolation,unmarked,final,セヒ,ギト,Noun_Training,chef,NA,NA,,タソヌ,NA,NA,,NA,1,Mon Oct 15 14:49:32 2018
6ja15,extrapolation,unmarked,final,セヒ,ギト,Noun_Training,cowboy,NA,NA,,ソギナ,NA,NA,,NA,2,Mon Oct 15 14:49:37 2018
6ja15,extrapolation,unmarked,final,セヒ,ギト,Noun_Training,waitress,NA,NA,,ネチビ,NA,NA,,NA,3,Mon Oct 15 14:49:42 2018
6ja15,extrapolation,unmarked,final,セヒ,ギト,Noun_Training,burglar,NA,NA,,ダクメ,NA,NA,,NA,4,Mon Oct 15 14:49:47 2018
6ja15,extrapolation,unmarked,final,セヒ,ギト,Noun_Training,cowboy,NA,NA,,ソギナ,NA,NA,,NA,5,Mon Oct 15 14:49:52 2018
6ja15,extrapolation,unmarked,final,セヒ,ギト,Noun_Training,burglar,NA,NA,,ダクメ,NA,NA,,NA,6,Mon Oct 15 14:49:57 2018
6ja15,extrapolation,unmarked,final,セヒ,ギト,Noun_Training,cowboy,NA,NA,,ソギナ,NA,NA,,NA,7,Mon Oct 15 14:50:02 2018
6ja15,extrapolation,unmarked,final,セヒ,ギト,Noun_Training,waitress,NA,NA,,ネチビ,NA,NA,,NA,8,Mon Oct 15 14:50:06 2018
6ja15,extrapolation,unmarked,final,セヒ,ギト,Noun_Training,waitress,NA,NA,,ネチビ,NA,NA,,NA,9,Mon Oct 15 14:50:11 2018
6ja15,extrapolation,unmarked,final,セヒ,ギト,Noun_Training,burglar,NA,NA,,ダクメ,NA,NA,,NA,10,Mon Oct 15 14:50:16 2018
6ja15,extrapolation,unmarked,final,セヒ,ギト,Noun_Training,chef,NA,NA,,タソヌ,NA,NA,,NA,11,Mon Oct 15 14:50:21 2018
6ja15,extrapolation,unmarked,final,セヒ,ギト,Noun_Training,waitress,NA,NA,,ネチビ,NA,NA,,NA,12,Mon Oct 15 14:50:26 2018
6ja15,extrapolation,unmarked,final,セヒ,ギト,Noun_Training,cowboy,NA,NA,,ソギナ,NA,NA,,NA,13,Mon Oct 15 14:50:31 2018
6ja15,extrapolation,unmarked,final,セヒ,ギト,Noun_Training,chef,NA,NA,,タソヌ,NA,NA,,NA,14,Mon Oct 15 14:50:36 2018
6ja15,extrapolation,unmarked,final,セヒ,ギト,Noun_Training,cowboy,NA,NA,,ソギナ,NA,NA,,NA,15,Mon Oct 15 14:50:41 2018
6ja15,extrapolation,unmarked,final,セヒ,ギト,Noun_Training,burglar,NA,NA,,ダクメ,NA,NA,,NA,16,Mon Oct 15 14:50:45 2018
6ja15,extrapolation,unmarked,final,セヒ,ギト,Noun_Training,waitress,NA,NA,,ネチビ,NA,NA,,NA,17,Mon Oct 15 14:50:50 2018
6ja15,extrapolation,unmarked,final,セヒ,ギト,Noun_Training,chef,NA,NA,,タソヌ,NA,NA,,NA,18,Mon Oct 15 14:50:55 2018
6ja15,extrapolation,unmarked,final,セヒ,ギト,Noun_Training,waitress,NA,NA,,ネチビ,NA,NA,,NA,19,Mon Oct 15 14:51:00 2018
6ja15,extrapolation,unmarked,final,セヒ,ギト,Noun_Training,cowboy,NA,NA,,ソギナ,NA,NA,,NA,20,Mon Oct 15 14:51:05 2018
6ja15,extrapolation,unmarked,final,セヒ,ギト,Noun_Training,burglar,NA,NA,,ダクメ,NA,NA,,NA,21,Mon Oct 15 14:51:10 2018
6ja15,extrapolation,unmarked,final,セヒ,ギト,Noun_Training,burglar,NA,NA,,ダクメ,NA,NA,,NA,22,Mon Oct 15 14:51:15 2018
6ja15,extrapolation,unmarked,final,セヒ,ギト,Noun_Training,chef,NA,NA,,タソヌ,NA,NA,,NA,23,Mon Oct 15 14:51:20 2018
6ja15,extrapolation,unmarked,final,セヒ,ギト,Noun_Training,chef,NA,NA,,タソヌ,NA,NA,,NA,24,Mon Oct 15 14:51:24 2018
6ja15,extrapolation,unmarked,final,セヒ,ギト,Noun_Selection,chef,NA,NA,,タソヌ,correct,NA,,NA,25,Mon Oct 15 14:51:51 2018
6ja15,extrapolation,unmarked,final,セヒ,ギト,Noun_Selection,chef,NA,NA,,タソヌ,correct,NA,,NA,26,Mon Oct 15 14:51:56 2018
6ja15,extrapolation,unmarked,final,セヒ,ギト,Noun_Selection,cowboy,NA,NA,,ソギナ,correct,NA,,NA,27,Mon Oct 15 14:51:59 2018
6ja15,extrapolation,unmarked,final,セヒ,ギト,Noun_Selection,burglar,NA,NA,,ダクメ,correct,NA,,NA,28,Mon Oct 15 14:52:03 2018
6ja15,extrapolation,unmarked,final,セヒ,ギト,Noun_Selection,cowboy,NA,NA,,ソギナ,correct,NA,,NA,29,Mon Oct 15 14:52:06 2018
6ja15,extrapolation,unmarked,final,セヒ,ギト,Noun_Selection,waitress,NA,NA,,ネチビ,correct,NA,,NA,30,Mon Oct 15 14:52:09 2018
6ja15,extrapolation,unmarked,final,セヒ,ギト,Noun_Selection,waitress,NA,NA,,ネチビ,correct,NA,,NA,31,Mon Oct 15 14:52:11 2018
6ja15,extrapolation,unmarked,final,セヒ,ギト,Noun_Selection,waitress,NA,NA,,ネチビ,correct,NA,,NA,32,Mon Oct 15 14:52:14 2018
6ja15,extrapolation,unmarked,final,セヒ,ギト,Noun_Selection,burglar,NA,NA,,ダクメ,correct,NA,,NA,33,Mon Oct 15 14:52:17 2018
6ja15,extrapolation,unmarked,final,セヒ,ギト,Noun_Selection,burglar,NA,NA,,ダクメ,correct,NA,,NA,34,Mon Oct 15 14:52:20 2018
6ja15,extrapolation,unmarked,final,セヒ,ギト,Noun_Selection,cowboy,NA,NA,,ソギナ,correct,NA,,NA,35,Mon Oct 15 14:52:23 2018
6ja15,extrapolation,unmarked,final,セヒ,ギト,Noun_Selection,chef,NA,NA,,タソヌ,correct,NA,,NA,36,Mon Oct 15 14:52:25 2018
6ja15,extrapolation,unmarked,final,セヒ,ギト,Noun_Testing,chef,NA,NA,,タソヌ,NA,NA,,NA,37,Mon Oct 15 14:53:00 2018
6ja15,extrapolation,unmarked,final,セヒ,ギト,Noun_Testing,cowboy,NA,NA,,ソギナ,NA,NA,,NA,38,Mon Oct 15 14:53:06 2018
6ja15,extrapolation,unmarked,final,セヒ,ギト,Noun_Testing,burglar,NA,NA,,ダクメ,NA,NA,,NA,39,Mon Oct 15 14:53:11 2018
6ja15,extrapolation,unmarked,final,セヒ,ギト,Noun_Testing,cowboy,NA,NA,,ソギナ,NA,NA,,NA,40,Mon Oct 15 14:53:16 2018
6ja15,extrapolation,unmarked,final,セヒ,ギト,Noun_Testing,waitress,NA,NA,,ネチビ,NA,NA,,NA,41,Mon Oct 15 14:53:20 2018
6ja15,extrapolation,unmarked,final,セヒ,ギト,Noun_Testing,chef,NA,NA,,タソヌ,NA,NA,,NA,42,Mon Oct 15 14:53:25 2018
6ja15,extrapolation,unmarked,final,セヒ,ギト,Noun_Testing,burglar,NA,NA,,ダクメ,NA,NA,,NA,43,Mon Oct 15 14:53:30 2018
6ja15,extrapolation,unmarked,final,セヒ,ギト,Noun_Testing,burglar,NA,NA,,ダクメ,NA,NA,,NA,44,Mon Oct 15 14:53:35 2018
6ja15,extrapolation,unmarked,final,セヒ,ギト,Noun_Testing,chef,NA,NA,,タソヌ,NA,NA,,NA,45,Mon Oct 15 14:53:40 2018
6ja15,extrapolation,unmarked,final,セヒ,ギト,Noun_Testing,waitress,NA,NA,,ネチビ,NA,NA,,NA,46,Mon Oct 15 14:53:45 2018
6ja15,extrapolation,unmarked,final,セヒ,ギト,Noun_Testing,cowboy,NA,NA,,ソギナ,NA,NA,,NA,47,Mon Oct 15 14:53:50 2018
6ja15,extrapolation,unmarked,final,セヒ,ギト,Noun_Testing,waitress,NA,NA,,ネチビ,NA,NA,,NA,48,Mon Oct 15 14:53:54 2018
6ja15,extrapolation,unmarked,final,セヒ,ギト,SimplePhrase_Training,kick_cowboy_pl_chef_sg,NA,NA,,ケルラ セヒ ソギナ ギト タソヌ,NA,NA,,NA,49,Mon Oct 15 14:54:44 2018
6ja15,extrapolation,unmarked,final,セヒ,ギト,SimplePhrase_Training,burglar_four,NA,NA,,セヒ ダクメ,NA,NA,,NA,50,Mon Oct 15 14:54:49 2018
6ja15,extrapolation,unmarked,final,セヒ,ギト,SimplePhrase_Training,point_cowboy_pl_chef_sg,NA,NA,,サスラ セヒ ソギナ ギト タソヌ,NA,NA,,NA,51,Mon Oct 15 14:54:57 2018
6ja15,extrapolation,unmarked,final,セヒ,ギト,SimplePhrase_Training,punch_cowboy_pl_chef_sg,NA,NA,,ナグラ セヒ ソギナ ギト タソヌ,NA,NA,,NA,52,Mon Oct 15 14:55:05 2018
6ja15,extrapolation,unmarked,final,セヒ,ギト,SimplePhrase_Training,cowboy_two,NA,NA,,セヒ ソギナ,NA,NA,,NA,53,Mon Oct 15 14:55:10 2018
6ja15,extrapolation,unmarked,final,セヒ,ギト,SimplePhrase_Training,punch_chef_sg_waitress_sg,NA,NA,,ナグラ タソヌ ギト ネチビ,NA,NA,,NA,54,Mon Oct 15 14:55:18 2018
6ja15,extrapolation,unmarked,final,セヒ,ギト,SimplePhrase_Training,cowboy_three,NA,NA,,セヒ ソギナ,NA,NA,,NA,55,Mon Oct 15 14:55:23 2018
6ja15,extrapolation,unmarked,final,セヒ,ギト,SimplePhrase_Training,kick_waitress_pl_cowboy_sg,NA,NA,,ケルラ セヒ ネチビ ギト ソギナ,NA,NA,,NA,56,Mon Oct 15 14:55:31 2018
6ja15,extrapolation,unmarked,final,セヒ,ギト,SimplePhrase_Training,point_burglar_sg_chef_sg,NA,NA,,サスラ ダクメ ギト タソヌ,NA,NA,,NA,57,Mon Oct 15 14:55:39 2018
6ja15,extrapolation,unmarked,final,セヒ,ギト,SimplePhrase_Training,burglar_three,NA,NA,,セヒ ダクメ,NA,NA,,NA,58,Mon Oct 15 14:55:44 2018
6ja15,extrapolation,unmarked,final,セヒ,ギト,SimplePhrase_Training,burglar,NA,NA,,ダクメ,NA,NA,,NA,59,Mon Oct 15 14:55:49 2018
6ja15,extrapolation,unmarked,final,セヒ,ギト,SimplePhrase_Training,cowboy_two,NA,NA,,セヒ ソギナ,NA,NA,,NA,60,Mon Oct 15 14:55:54 2018
6ja15,extrapolation,unmarked,final,セヒ,ギト,SimplePhrase_Training,punch_cowboy_sg_waitress_sg,NA,NA,,ナグラ ソギナ ギト ネチビ,NA,NA,,NA,61,Mon Oct 15 14:56:02 2018
6ja15,extrapolation,unmarked,final,セヒ,ギト,SimplePhrase_Training,kick_burglar_sg_cowboy_sg,NA,NA,,ケルラ ダクメ ギト ソギナ,NA,NA,,NA,62,Mon Oct 15 14:56:10 2018
6ja15,extrapolation,unmarked,final,セヒ,ギト,SimplePhrase_Training,point_waitress_pl_chef_sg,NA,NA,,サスラ セヒ ネチビ ギト タソヌ,NA,NA,,NA,63,Mon Oct 15 14:56:18 2018
6ja15,extrapolation,unmarked,final,セヒ,ギト,SimplePhrase_Training,punch_burglar_pl_cowboy_sg,NA,NA,,ナグラ セヒ ダクメ ギト ソギナ,NA,NA,,NA,64,Mon Oct 15 14:56:26 2018
6ja15,extrapolation,unmarked,final,セヒ,ギト,SimplePhrase_Training,kick_cowboy_sg_burglar_sg,NA,NA,,ケルラ ソギナ ギト ダクメ,NA,NA,,NA,65,Mon Oct 15 14:56:34 2018
6ja15,extrapolation,unmarked,final,セヒ,ギト,SimplePhrase_Training,waitress_four,NA,NA,,セヒ ネチビ,NA,NA,,NA,66,Mon Oct 15 14:56:39 2018
6ja15,extrapolation,unmarked,final,セヒ,ギト,SimplePhrase_Training,kick_waitress_pl_burglar_sg,NA,NA,,ケルラ セヒ ネチビ ギト ダクメ,NA,NA,,NA,67,Mon Oct 15 14:56:47 2018
6ja15,extrapolation,unmarked,final,セヒ,ギト,SimplePhrase_Training,point_chef_sg_cowboy_sg,NA,NA,,サスラ タソヌ ギト ソギナ,NA,NA,,NA,68,Mon Oct 15 14:56:55 2018
6ja15,extrapolation,unmarked,final,セヒ,ギト,SimplePhrase_Training,punch_waitress_pl_cowboy_sg,NA,NA,,ナグラ セヒ ネチビ ギト ソギナ,NA,NA,,NA,69,Mon Oct 15 14:57:03 2018
6ja15,extrapolation,unmarked,final,セヒ,ギト,SimplePhrase_Training,waitress_three,NA,NA,,セヒ ネチビ,NA,NA,,NA,70,Mon Oct 15 14:57:08 2018
6ja15,extrapolation,unmarked,final,セヒ,ギト,SimplePhrase_Training,kick_chef_sg_burglar_sg,NA,NA,,ケルラ タソヌ ギト ダクメ,NA,NA,,NA,71,Mon Oct 15 14:57:16 2018
6ja15,extrapolation,unmarked,final,セヒ,ギト,SimplePhrase_Training,waitress_three,NA,NA,,セヒ ネチビ,NA,NA,,NA,72,Mon Oct 15 14:57:21 2018
6ja15,extrapolation,unmarked,final,セヒ,ギト,SimplePhrase_Training,chef_four,NA,NA,,セヒ タソヌ,NA,NA,,NA,73,Mon Oct 15 14:57:26 2018
6ja15,extrapolation,unmarked,final,セヒ,ギト,SimplePhrase_Training,cowboy,NA,NA,,ソギナ,NA,NA,,NA,74,Mon Oct 15 14:57:31 2018
6ja15,extrapolation,unmarked,final,セヒ,ギト,SimplePhrase_Training,punch_waitress_sg_burglar_sg,NA,NA,,ナグラ ネチビ ギト ダクメ,NA,NA,,NA,75,Mon Oct 15 14:57:39 2018
6ja15,extrapolation,unmarked,final,セヒ,ギト,SimplePhrase_Training,punch_waitress_pl_chef_sg,NA,NA,,ナグラ セヒ ネチビ ギト タソヌ,NA,NA,,NA,76,Mon Oct 15 14:57:47 2018
6ja15,extrapolation,unmarked,final,セヒ,ギト,SimplePhrase_Training,punch_burglar_pl_chef_sg,NA,NA,,ナグラ セヒ ダクメ ギト タソヌ,NA,NA,,NA,77,Mon Oct 15 14:57:55 2018
6ja15,extrapolation,unmarked,final,セヒ,ギト,SimplePhrase_Training,chef_three,NA,NA,,セヒ タソヌ,NA,NA,,NA,78,Mon Oct 15 14:58:00 2018
6ja15,extrapolation,unmarked,final,セヒ,ギト,SimplePhrase_Training,burglar_two,NA,NA,,セヒ ダクメ,NA,NA,,NA,79,Mon Oct 15 14:58:05 2018
6ja15,extrapolation,unmarked,final,セヒ,ギト,SimplePhrase_Training,cowboy_four,NA,NA,,セヒ ソギナ,NA,NA,,NA,80,Mon Oct 15 14:58:10 2018
6ja15,extrapolation,unmarked,final,セヒ,ギト,SimplePhrase_Training,cowboy,NA,NA,,ソギナ,NA,NA,,NA,81,Mon Oct 15 14:58:15 2018
6ja15,extrapolation,unmarked,final,セヒ,ギト,SimplePhrase_Training,waitress,NA,NA,,ネチビ,NA,NA,,NA,82,Mon Oct 15 14:58:20 2018
6ja15,extrapolation,unmarked,final,セヒ,ギト,SimplePhrase_Training,point_burglar_sg_waitress_sg,NA,NA,,サスラ ダクメ ギト ネチビ,NA,NA,,NA,83,Mon Oct 15 14:58:28 2018
6ja15,extrapolation,unmarked,final,セヒ,ギト,SimplePhrase_Training,punch_chef_sg_burglar_sg,NA,NA,,ナグラ タソヌ ギト ダクメ,NA,NA,,NA,84,Mon Oct 15 14:58:35 2018
6ja15,extrapolation,unmarked,final,セヒ,ギト,SimplePhrase_Training,burglar,NA,NA,,ダクメ,NA,NA,,NA,85,Mon Oct 15 14:58:40 2018
6ja15,extrapolation,unmarked,final,セヒ,ギト,SimplePhrase_Training,point_cowboy_pl_waitress_sg,NA,NA,,サスラ セヒ ソギナ ギト ネチビ,NA,NA,,NA,86,Mon Oct 15 14:58:48 2018
6ja15,extrapolation,unmarked,final,セヒ,ギト,SimplePhrase_Training,kick_chef_pl_waitress_sg,NA,NA,,ケルラ セヒ タソヌ ギト ネチビ,NA,NA,,NA,87,Mon Oct 15 14:58:56 2018
6ja15,extrapolation,unmarked,final,セヒ,ギト,SimplePhrase_Training,point_waitress_pl_burglar_sg,NA,NA,,サスラ セヒ ネチビ ギト ダクメ,NA,NA,,NA,88,Mon Oct 15 14:59:04 2018
6ja15,extrapolation,unmarked,final,セヒ,ギト,SimplePhrase_Training,kick_burglar_sg_chef_sg,NA,NA,,ケルラ ダクメ ギト タソヌ,NA,NA,,NA,89,Mon Oct 15 14:59:12 2018
6ja15,extrapolation,unmarked,final,セヒ,ギト,SimplePhrase_Training,chef,NA,NA,,タソヌ,NA,NA,,NA,90,Mon Oct 15 14:59:17 2018
6ja15,extrapolation,unmarked,final,セヒ,ギト,SimplePhrase_Training,kick_cowboy_sg_waitress_sg,NA,NA,,ケルラ ソギナ ギト ネチビ,NA,NA,,NA,91,Mon Oct 15 14:59:25 2018
6ja15,extrapolation,unmarked,final,セヒ,ギト,SimplePhrase_Training,point_chef_sg_waitress_sg,NA,NA,,サスラ タソヌ ギト ネチビ,NA,NA,,NA,92,Mon Oct 15 14:59:32 2018
6ja15,extrapolation,unmarked,final,セヒ,ギト,SimplePhrase_Training,chef_two,NA,NA,,セヒ タソヌ,NA,NA,,NA,93,Mon Oct 15 14:59:37 2018
6ja15,extrapolation,unmarked,final,セヒ,ギト,SimplePhrase_Training,waitress,NA,NA,,ネチビ,NA,NA,,NA,94,Mon Oct 15 14:59:42 2018
6ja15,extrapolation,unmarked,final,セヒ,ギト,SimplePhrase_Training,chef,NA,NA,,タソヌ,NA,NA,,NA,95,Mon Oct 15 14:59:47 2018
6ja15,extrapolation,unmarked,final,セヒ,ギト,SimplePhrase_Training,kick_waitress_sg_chef_sg,NA,NA,,ケルラ ネチビ ギト タソヌ,NA,NA,,NA,96,Mon Oct 15 14:59:55 2018
6ja15,extrapolation,unmarked,final,セヒ,ギト,SimplePhrase_Training,point_cowboy_sg_burglar_sg,NA,NA,,サスラ ソギナ ギト ダクメ,NA,NA,,NA,97,Mon Oct 15 15:00:02 2018
6ja15,extrapolation,unmarked,final,セヒ,ギト,SimplePhrase_Training,punch_chef_pl_cowboy_sg,NA,NA,,ナグラ セヒ タソヌ ギト ソギナ,NA,NA,,NA,98,Mon Oct 15 15:00:11 2018
6ja15,extrapolation,unmarked,final,セヒ,ギト,SimplePhrase_Training,chef_two,NA,NA,,セヒ タソヌ,NA,NA,,NA,99,Mon Oct 15 15:00:16 2018
6ja15,extrapolation,unmarked,final,セヒ,ギト,SimplePhrase_Training,kick_burglar_sg_waitress_sg,NA,NA,,ケルラ ダクメ ギト ネチビ,NA,NA,,NA,100,Mon Oct 15 15:00:23 2018
6ja15,extrapolation,unmarked,final,セヒ,ギト,SimplePhrase_Training,kick_chef_pl_cowboy_sg,NA,NA,,ケルラ セヒ タソヌ ギト ソギナ,NA,NA,,NA,101,Mon Oct 15 15:00:31 2018
6ja15,extrapolation,unmarked,final,セヒ,ギト,SimplePhrase_Training,waitress_four,NA,NA,,セヒ ネチビ,NA,NA,,NA,102,Mon Oct 15 15:00:37 2018
6ja15,extrapolation,unmarked,final,セヒ,ギト,SimplePhrase_Training,punch_burglar_pl_waitress_sg,NA,NA,,ナグラ セヒ ダクメ ギト ネチビ,NA,NA,,NA,103,Mon Oct 15 15:00:45 2018
6ja15,extrapolation,unmarked,final,セヒ,ギト,SimplePhrase_Training,point_waitress_sg_cowboy_sg,NA,NA,,サスラ ネチビ ギト ソギナ,NA,NA,,NA,104,Mon Oct 15 15:00:52 2018
6ja15,extrapolation,unmarked,final,セヒ,ギト,SimplePhrase_Training,punch_cowboy_pl_burglar_sg,NA,NA,,ナグラ セヒ ソギナ ギト ダクメ,NA,NA,,NA,105,Mon Oct 15 15:01:00 2018
6ja15,extrapolation,unmarked,final,セヒ,ギト,SimplePhrase_Training,point_chef_pl_burglar_sg,NA,NA,,サスラ セヒ タソヌ ギト ダクメ,NA,NA,,NA,106,Mon Oct 15 15:01:08 2018
6ja15,extrapolation,unmarked,final,セヒ,ギト,SimplePhrase_Training,burglar_three,NA,NA,,セヒ ダクメ,NA,NA,,NA,107,Mon Oct 15 15:01:14 2018
6ja15,extrapolation,unmarked,final,セヒ,ギト,SimplePhrase_Training,cowboy_three,NA,NA,,セヒ ソギナ,NA,NA,,NA,108,Mon Oct 15 15:01:19 2018
6ja15,extrapolation,unmarked,final,セヒ,ギト,SimplePhrase_Training,waitress_two,NA,NA,,セヒ ネチビ,NA,NA,,NA,109,Mon Oct 15 15:01:24 2018
6ja15,extrapolation,unmarked,final,セヒ,ギト,SimplePhrase_Training,point_burglar_sg_cowboy_sg,NA,NA,,サスラ ダクメ ギト ソギナ,NA,NA,,NA,110,Mon Oct 15 15:01:32 2018
6ja15,extrapolation,unmarked,final,セヒ,ギト,SimplePhrase_Comprehension,punch_chef_pl_burglar_sg,NA,NA,,ナグラ セヒ タソヌ ギト ダクメ,correct,NA,,NA,111,Mon Oct 15 15:02:02 2018
6ja15,extrapolation,unmarked,final,セヒ,ギト,SimplePhrase_Comprehension,punch_burglar_sg_cowboy_sg,NA,NA,,ナグラ ダクメ ギト ソギナ,correct,NA,,NA,112,Mon Oct 15 15:02:09 2018
6ja15,extrapolation,unmarked,final,セヒ,ギト,SimplePhrase_Comprehension,waitress,NA,NA,,ネチビ,correct,NA,,NA,113,Mon Oct 15 15:02:13 2018
6ja15,extrapolation,unmarked,final,セヒ,ギト,SimplePhrase_Comprehension,cowboy_two,NA,NA,,セヒ ソギナ,correct,NA,,NA,114,Mon Oct 15 15:02:18 2018
6ja15,extrapolation,unmarked,final,セヒ,ギト,SimplePhrase_Comprehension,punch_chef_pl_waitress_sg,NA,NA,,ナグラ セヒ タソヌ ギト ネチビ,correct,NA,,NA,115,Mon Oct 15 15:02:24 2018
6ja15,extrapolation,unmarked,final,セヒ,ギト,SimplePhrase_Comprehension,burglar_four,NA,NA,,セヒ ダクメ,correct,NA,,NA,116,Mon Oct 15 15:02:28 2018
6ja15,extrapolation,unmarked,final,セヒ,ギト,SimplePhrase_Comprehension,point_chef_sg_burglar_sg,NA,NA,,サスラ タソヌ ギト ダクメ,correct,NA,,NA,117,Mon Oct 15 15:02:35 2018
6ja15,extrapolation,unmarked,final,セヒ,ギト,SimplePhrase_Comprehension,punch_burglar_sg_chef_sg,NA,NA,,ナグラ ダクメ ギト タソヌ,correct,NA,,NA,118,Mon Oct 15 15:02:41 2018
6ja15,extrapolation,unmarked,final,セヒ,ギト,SimplePhrase_Comprehension,chef_four,NA,NA,,セヒ タソヌ,correct,NA,,NA,119,Mon Oct 15 15:02:45 2018
6ja15,extrapolation,unmarked,final,セヒ,ギト,SimplePhrase_Comprehension,kick_chef_sg_cowboy_sg,NA,NA,,ケルラ タソヌ ギト ソギナ,correct,NA,,NA,120,Mon Oct 15 15:02:52 2018
6ja15,extrapolation,unmarked,final,セヒ,ギト,SimplePhrase_Comprehension,punch_burglar_sg_waitress_sg,NA,NA,,ナグラ ダクメ ギト ネチビ,correct,NA,,NA,121,Mon Oct 15 15:02:58 2018
6ja15,extrapolation,unmarked,final,セヒ,ギト,SimplePhrase_Comprehension,burglar,NA,NA,,ダクメ,correct,NA,,NA,122,Mon Oct 15 15:03:02 2018
6ja15,extrapolation,unmarked,final,セヒ,ギト,SimplePhrase_Comprehension,point_burglar_pl_waitress_sg,NA,NA,,サスラ セヒ ダクメ ギト ネチビ,correct,NA,,NA,123,Mon Oct 15 15:03:08 2018
6ja15,extrapolation,unmarked,final,セヒ,ギト,SimplePhrase_Comprehension,point_chef_pl_cowboy_sg,NA,NA,,サスラ セヒ タソヌ ギト ソギナ,correct,NA,,NA,124,Mon Oct 15 15:03:14 2018
6ja15,extrapolation,unmarked,final,セヒ,ギト,SimplePhrase_Comprehension,point_waitress_pl_cowboy_sg,NA,NA,,サスラ セヒ ネチビ ギト ソギナ,correct,NA,,NA,125,Mon Oct 15 15:03:21 2018
6ja15,extrapolation,unmarked,final,セヒ,ギト,SimplePhrase_Comprehension,cowboy,NA,NA,,ソギナ,correct,NA,,NA,126,Mon Oct 15 15:03:25 2018
6ja15,extrapolation,unmarked,final,セヒ,ギト,SimplePhrase_Comprehension,kick_chef_pl_burglar_sg,NA,NA,,ケルラ セヒ タソヌ ギト ダクメ,correct,NA,,NA,127,Mon Oct 15 15:03:31 2018
6ja15,extrapolation,unmarked,final,セヒ,ギト,SimplePhrase_Comprehension,punch_chef_sg_cowboy_sg,NA,NA,,ナグラ タソヌ ギト ソギナ,correct,NA,,NA,128,Mon Oct 15 15:03:41 2018
6ja15,extrapolation,unmarked,final,セヒ,ギト,SimplePhrase_Comprehension,waitress_four,NA,NA,,セヒ ネチビ,correct,NA,,NA,129,Mon Oct 15 15:03:45 2018
6ja15,extrapolation,unmarked,final,セヒ,ギト,SimplePhrase_Comprehension,chef_two,NA,NA,,セヒ タソヌ,correct,NA,,NA,130,Mon Oct 15 15:03:50 2018
6ja15,extrapolation,unmarked,final,セヒ,ギト,SimplePhrase_Comprehension,point_cowboy_sg_chef_sg,NA,NA,,サスラ ソギナ ギト タソヌ,correct,NA,,NA,131,Mon Oct 15 15:03:56 2018
6ja15,extrapolation,unmarked,final,セヒ,ギト,SimplePhrase_Comprehension,punch_waitress_sg_cowboy_sg,NA,NA,,ナグラ ネチビ ギト ソギナ,correct,NA,,NA,132,Mon Oct 15 15:04:03 2018
6ja15,extrapolation,unmarked,final,セヒ,ギト,SimplePhrase_Comprehension,burglar_two,NA,NA,,セヒ ダクメ,correct,NA,,NA,133,Mon Oct 15 15:04:07 2018
6ja15,extrapolation,unmarked,final,セヒ,ギト,SimplePhrase_Comprehension,kick_cowboy_sg_chef_sg,NA,NA,,ケルラ ソギナ ギト タソヌ,correct,NA,,NA,134,Mon Oct 15 15:04:13 2018
6ja15,extrapolation,unmarked,final,セヒ,ギト,SimplePhrase_Comprehension,point_burglar_pl_chef_sg,NA,NA,,サスラ セヒ ダクメ ギト タソヌ,correct,NA,,NA,135,Mon Oct 15 15:04:20 2018
6ja15,extrapolation,unmarked,final,セヒ,ギト,SimplePhrase_Comprehension,kick_burglar_pl_cowboy_sg,NA,NA,,ケルラ セヒ ダクメ ギト ソギナ,correct,NA,,NA,136,Mon Oct 15 15:04:27 2018
6ja15,extrapolation,unmarked,final,セヒ,ギト,SimplePhrase_Comprehension,punch_waitress_pl_burglar_sg,NA,NA,,ナグラ セヒ ネチビ ギト ダクメ,correct,NA,,NA,137,Mon Oct 15 15:04:33 2018
6ja15,extrapolation,unmarked,final,セヒ,ギト,SimplePhrase_Comprehension,burglar_three,NA,NA,,セヒ ダクメ,correct,NA,,NA,138,Mon Oct 15 15:04:38 2018
6ja15,extrapolation,unmarked,final,セヒ,ギト,SimplePhrase_Comprehension,waitress_two,NA,NA,,セヒ ネチビ,correct,NA,,NA,139,Mon Oct 15 15:04:42 2018
6ja15,extrapolation,unmarked,final,セヒ,ギト,SimplePhrase_Comprehension,chef,NA,NA,,タソヌ,correct,NA,,NA,140,Mon Oct 15 15:04:46 2018
6ja15,extrapolation,unmarked,final,セヒ,ギト,SimplePhrase_Comprehension,waitress_three,NA,NA,,セヒ ネチビ,correct,NA,,NA,141,Mon Oct 15 15:04:51 2018
6ja15,extrapolation,unmarked,final,セヒ,ギト,SimplePhrase_Comprehension,cowboy_three,NA,NA,,セヒ ソギナ,correct,NA,,NA,142,Mon Oct 15 15:04:55 2018
6ja15,extrapolation,unmarked,final,セヒ,ギト,SimplePhrase_Comprehension,point_waitress_sg_burglar_sg,NA,NA,,サスラ ネチビ ギト ダクメ,correct,NA,,NA,143,Mon Oct 15 15:05:01 2018
6ja15,extrapolation,unmarked,final,セヒ,ギト,SimplePhrase_Comprehension,point_burglar_pl_cowboy_sg,NA,NA,,サスラ セヒ ダクメ ギト ソギナ,correct,NA,,NA,144,Mon Oct 15 15:05:07 2018
6ja15,extrapolation,unmarked,final,セヒ,ギト,SimplePhrase_Typing,punch_chef_pl_cowboy_sg,NA,NA,,ナグラ セヒ タソヌ ギト ソギナ,NA,ナグラ セヒ タソヌ ギト ソギナ,,NA,145,Mon Oct 15 15:06:27 2018
6ja15,extrapolation,unmarked,final,セヒ,ギト,SimplePhrase_Typing,punch_waitress_sg_burglar_sg,NA,NA,,ナグラ ネチビ ギト ダクメ,NA,ナグラ ネチビ ギト ダクメ,,NA,146,Mon Oct 15 15:06:49 2018
6ja15,extrapolation,unmarked,final,セヒ,ギト,SimplePhrase_Typing,cowboy_three,NA,NA,,セヒ ソギナ,NA,セヒ ソギナ,,NA,147,Mon Oct 15 15:06:59 2018
6ja15,extrapolation,unmarked,final,セヒ,ギト,SimplePhrase_Typing,chef_two,NA,NA,,セヒ タソヌ,NA,セヒ タソヌ,,NA,148,Mon Oct 15 15:07:12 2018
6ja15,extrapolation,unmarked,final,セヒ,ギト,SimplePhrase_Typing,waitress_three,NA,NA,,セヒ ネチビ,NA,セヒ ネチビ,,NA,149,Mon Oct 15 15:07:22 2018
6ja15,extrapolation,unmarked,final,セヒ,ギト,SimplePhrase_Typing,punch_burglar_pl_waitress_sg,NA,NA,,ナグラ セヒ ダクメ ギト ネチビ,NA,ナグラ セヒ ダクメ ギト ネチビ,,NA,150,Mon Oct 15 15:08:00 2018
6ja15,extrapolation,unmarked,final,セヒ,ギト,SimplePhrase_Typing,burglar,NA,NA,,ダクメ,NA,ダクメ,,NA,151,Mon Oct 15 15:08:08 2018
6ja15,extrapolation,unmarked,final,セヒ,ギト,SimplePhrase_Typing,chef,NA,NA,,タソヌ,NA,タソヌ,,NA,152,Mon Oct 15 15:08:17 2018
6ja15,extrapolation,unmarked,final,セヒ,ギト,SimplePhrase_Typing,cowboy,NA,NA,,ソギナ,NA,ソギナ,,NA,153,Mon Oct 15 15:08:24 2018
6ja15,extrapolation,unmarked,final,セヒ,ギト,SimplePhrase_Typing,punch_chef_sg_burglar_sg,NA,NA,,ナグラ タソヌ ギト ダクメ,NA,ナグラ タソヌ ギト ダクメ,,NA,154,Mon Oct 15 15:08:44 2018
6ja15,extrapolation,unmarked,final,セヒ,ギト,SimplePhrase_Typing,kick_burglar_sg_cowboy_sg,NA,NA,,ケルラ ダクメ ギト ソギナ,NA,ケルラ ダクメ ギト ソギナ,,NA,155,Mon Oct 15 15:09:00 2018
6ja15,extrapolation,unmarked,final,セヒ,ギト,SimplePhrase_Typing,kick_waitress_pl_cowboy_sg,NA,NA,,ケルラ セヒ ネチビ ギト ソギナ,NA,ケルラ セヒ ネチビ ギト ソギナ,,NA,156,Mon Oct 15 15:09:22 2018
6ja15,extrapolation,unmarked,final,セヒ,ギト,SimplePhrase_Typing,point_chef_sg_waitress_sg,NA,NA,,サスラ タソヌ ギト ネチビ,NA,サスラ タソヌ ギト ネチビ,,NA,157,Mon Oct 15 15:09:41 2018
6ja15,extrapolation,unmarked,final,セヒ,ギト,SimplePhrase_Typing,waitress_four,NA,NA,,セヒ ネチビ,NA,セヒ ネチビ,,NA,158,Mon Oct 15 15:09:51 2018
6ja15,extrapolation,unmarked,final,セヒ,ギト,SimplePhrase_Typing,kick_chef_pl_waitress_sg,NA,NA,,ケルラ セヒ タソヌ ギト ネチビ,NA,ケルラ セヒ タソヌ ギト ネチビ,,NA,159,Mon Oct 15 15:10:14 2018
6ja15,extrapolation,unmarked,final,セヒ,ギト,SimplePhrase_Typing,waitress,NA,NA,,ネチビ,NA,ネチビ,,NA,160,Mon Oct 15 15:10:21 2018
6ja15,extrapolation,unmarked,final,セヒ,ギト,ComplexPhrase_Typing,point_waitress_sg_chef_pl,chef,tasonu,,サスラ ネチビ ギト セヒ タソヌ,NA,サスラ ネチビ ギト セヒ タソヌ,,NA,161,Mon Oct 15 15:11:13 2018
6ja15,extrapolation,unmarked,final,セヒ,ギト,ComplexPhrase_Typing,punch_chef_sg_burglar_pl,burglar,dakume,,ナグラ タソヌ ギト セヒ ダクメ,NA,ナグラ タソヌ ギト セヒ ダクメ,,NA,162,Mon Oct 15 15:11:29 2018
6ja15,extrapolation,unmarked,final,セヒ,ギト,ComplexPhrase_Typing,kick_waitress_sg_cowboy_pl,cowboy,sogina,,ケルラ ネチビ ギト セヒ ソギナ,NA,ケルラ ネチビ ギト セヒ ソギナ,,NA,163,Mon Oct 15 15:11:43 2018
6ja15,extrapolation,unmarked,final,セヒ,ギト,ComplexPhrase_Typing,point_cowboy_sg_chef_pl,chef,tasonu,,サスラ ソギナ ギト セヒ タソヌ,NA,サスラ ソギナ ギト セヒ タソヌ,,NA,164,Mon Oct 15 15:11:55 2018
6ja15,extrapolation,unmarked,final,セヒ,ギト,ComplexPhrase_Typing,point_cowboy_sg_chef_pl,chef,tasonu,,サスラ ソギナ ギト セヒ タソヌ,NA,サスラ ソギナ ギト セヒ タソヌ,,NA,165,Mon Oct 15 15:12:08 2018
6ja15,extrapolation,unmarked,final,セヒ,ギト,ComplexPhrase_Typing,point_waitress_sg_chef_pl,chef,tasonu,,サスラ ネチビ ギト セヒ タソヌ,NA,サスラ ネチビ ギト セヒ タソヌ,,NA,166,Mon Oct 15 15:12:21 2018
6ja15,extrapolation,unmarked,final,セヒ,ギト,ComplexPhrase_Typing,punch_chef_sg_burglar_pl,burglar,dakume,,ナグラ タソヌ ギト セヒ ダクメ,NA,ナグラ タソヌ ギト セヒ ダクメ,,NA,167,Mon Oct 15 15:12:37 2018
6ja15,extrapolation,unmarked,final,セヒ,ギト,ComplexPhrase_Typing,kick_waitress_sg_cowboy_pl,cowboy,sogina,,ケルラ ネチビ ギト セヒ ソギナ,NA,ケルラ ネチビ ギト セヒ ソギナ,,NA,168,Mon Oct 15 15:12:56 2018
6ja15,extrapolation,unmarked,final,セヒ,ギト,ComplexPhrase_Typing,point_cowboy_sg_chef_pl,chef,tasonu,,サスラ ソギナ ギト セヒ タソヌ,NA,サスラ ソギナ ギト セヒ タソヌ,,NA,169,Mon Oct 15 15:13:10 2018
6ja15,extrapolation,unmarked,final,セヒ,ギト,ComplexPhrase_Typing,kick_waitress_sg_cowboy_pl,cowboy,sogina,,ケルラ ネチビ ギト セヒ ソギナ,NA,ケルラ ネチビ ギト セヒ タソヌ,,NA,170,Mon Oct 15 15:13:21 2018
6ja15,extrapolation,unmarked,final,セヒ,ギト,ComplexPhrase_Typing,point_waitress_sg_chef_pl,chef,tasonu,,サスラ ネチビ ギト セヒ タソヌ,NA,サスラ ネチビ ギト セヒ タソヌ,,NA,171,Mon Oct 15 15:13:31 2018
6ja15,extrapolation,unmarked,final,セヒ,ギト,ComplexPhrase_Typing,punch_chef_sg_burglar_pl,burglar,dakume,,ナグラ タソヌ ギト セヒ ダクメ,NA,ナグラ タソヌ ギト セヒ ダクメ,,NA,172,Mon Oct 15 15:13:45 2018
6ja15,extrapolation,unmarked,final,セヒ,ギト,ComplexPhrase_Testing,punch_waitress_sg_burglar_pl,burglar,dakume,,ナグラ ネチビ ギト セヒ ダクメ,NA,NA,,NA,173,Mon Oct 15 15:14:46 2018
6ja15,extrapolation,unmarked,final,セヒ,ギト,ComplexPhrase_Testing,point_burglar_sg_chef_pl,chef,tasonu,,サスラ ダクメ ギト セヒ タソヌ,NA,NA,,NA,174,Mon Oct 15 15:14:58 2018
6ja15,extrapolation,unmarked,final,セヒ,ギト,ComplexPhrase_Testing,punch_cowboy_sg_chef_pl,chef,tasonu,,ナグラ ソギナ ギト セヒ タソヌ,NA,NA,,NA,175,Mon Oct 15 15:15:07 2018
6ja15,extrapolation,unmarked,final,セヒ,ギト,ComplexPhrase_Testing,kick_waitress_sg_chef_pl,chef,tasonu,,ケルラ ネチビ ギト セヒ タソヌ,NA,NA,,NA,176,Mon Oct 15 15:15:14 2018
6ja15,extrapolation,unmarked,final,セヒ,ギト,ComplexPhrase_Testing,kick_chef_sg_waitress_pl,waitress,nechibi,,ケルラ タソヌ ギト セヒ ネチビ,NA,NA,,NA,177,Mon Oct 15 15:15:21 2018
6ja15,extrapolation,unmarked,final,セヒ,ギト,ComplexPhrase_Testing,point_waitress_sg_cowboy_sg,NA,NA,,サスラ ネチビ ギト ソギナ,NA,NA,,NA,178,Mon Oct 15 15:15:27 2018
6ja15,extrapolation,unmarked,final,セヒ,ギト,ComplexPhrase_Testing,kick_waitress_sg_chef_pl,chef,tasonu,,ケルラ ネチビ ギト セヒ タソヌ,NA,NA,,NA,179,Mon Oct 15 15:15:38 2018
6ja15,extrapolation,unmarked,final,セヒ,ギト,ComplexPhrase_Testing,chef_three,NA,NA,,セヒ タソヌ,NA,NA,,NA,180,Mon Oct 15 15:15:41 2018
6ja15,extrapolation,unmarked,final,セヒ,ギト,ComplexPhrase_Testing,punch_chef_sg_waitress_pl,waitress,nechibi,,ナグラ タソヌ ギト セヒ ネチビ,NA,NA,,NA,181,Mon Oct 15 15:15:55 2018
6ja15,extrapolation,unmarked,final,セヒ,ギト,ComplexPhrase_Testing,kick_waitress_sg_cowboy_pl,cowboy,sogina,,ケルラ ネチビ ギト セヒ ソギナ,NA,NA,,NA,182,Mon Oct 15 15:16:02 2018
6ja15,extrapolation,unmarked,final,セヒ,ギト,ComplexPhrase_Testing,point_waitress_pl_burglar_sg,NA,NA,,サスラ セヒ ネチビ ギト ダクメ,NA,NA,,NA,183,Mon Oct 15 15:16:08 2018
6ja15,extrapolation,unmarked,final,セヒ,ギト,ComplexPhrase_Testing,burglar,NA,NA,,ダクメ,NA,NA,,NA,184,Mon Oct 15 15:16:14 2018
6ja15,extrapolation,unmarked,final,セヒ,ギト,ComplexPhrase_Testing,point_burglar_sg_chef_pl,chef,tasonu,,サスラ ダクメ ギト セヒ タソヌ,NA,NA,,NA,185,Mon Oct 15 15:16:24 2018
6ja15,extrapolation,unmarked,final,セヒ,ギト,ComplexPhrase_Testing,chef,NA,NA,,タソヌ,NA,NA,,NA,186,Mon Oct 15 15:16:27 2018
6ja15,extrapolation,unmarked,final,セヒ,ギト,ComplexPhrase_Testing,kick_waitress_sg_cowboy_pl,cowboy,sogina,,ケルラ ネチビ ギト セヒ ソギナ,NA,NA,,NA,187,Mon Oct 15 15:16:36 2018
6ja15,extrapolation,unmarked,final,セヒ,ギト,ComplexPhrase_Testing,waitress,NA,NA,,ネチビ,NA,NA,,NA,188,Mon Oct 15 15:16:39 2018
6ja15,extrapolation,unmarked,final,セヒ,ギト,ComplexPhrase_Testing,kick_cowboy_sg_chef_sg,NA,NA,,ケルラ ソギナ ギト タソヌ,NA,NA,,NA,189,Mon Oct 15 15:16:45 2018
6ja15,extrapolation,unmarked,final,セヒ,ギト,ComplexPhrase_Testing,cowboy,NA,NA,,ソギナ,NA,NA,,NA,190,Mon Oct 15 15:16:52 2018
6ja15,extrapolation,unmarked,final,セヒ,ギト,ComplexPhrase_Testing,punch_waitress_sg_burglar_pl,burglar,dakume,,ナグラ ネチビ ギト セヒ ダクメ,NA,NA,,NA,191,Mon Oct 15 15:17:03 2018
6ja15,extrapolation,unmarked,final,セヒ,ギト,ComplexPhrase_Testing,point_burglar_sg_chef_pl,chef,tasonu,,サスラ ダクメ ギト セヒ タソヌ,NA,NA,,NA,192,Mon Oct 15 15:17:09 2018
6ja15,extrapolation,unmarked,final,セヒ,ギト,ComplexPhrase_Testing,cowboy_four,NA,NA,,セヒ ソギナ,NA,NA,,NA,193,Mon Oct 15 15:17:11 2018
6ja15,extrapolation,unmarked,final,セヒ,ギト,ComplexPhrase_Testing,punch_burglar_sg_waitress_pl,waitress,nechibi,,ナグラ ダクメ ギト セヒ ネチビ,NA,NA,,NA,194,Mon Oct 15 15:17:21 2018
6ja15,extrapolation,unmarked,final,セヒ,ギト,ComplexPhrase_Testing,punch_chef_sg_waitress_pl,waitress,nechibi,,ナグラ タソヌ ギト セヒ ネチビ,NA,NA,,NA,195,Mon Oct 15 15:17:27 2018
6ja15,extrapolation,unmarked,final,セヒ,ギト,ComplexPhrase_Testing,point_cowboy_sg_chef_pl,chef,tasonu,,サスラ ソギナ ギト セヒ タソヌ,NA,NA,,NA,196,Mon Oct 15 15:17:35 2018
6ja15,extrapolation,unmarked,final,セヒ,ギト,ComplexPhrase_Testing,point_burglar_pl_chef_sg,NA,NA,,サスラ セヒ ダクメ ギト タソヌ,NA,NA,,NA,197,Mon Oct 15 15:17:42 2018
6ja15,extrapolation,unmarked,final,セヒ,ギト,ComplexPhrase_Testing,punch_chef_sg_waitress_pl,waitress,nechibi,,ナグラ タソヌ ギト セヒ ネチビ,NA,NA,,NA,198,Mon Oct 15 15:17:55 2018
6ja15,extrapolation,unmarked,final,セヒ,ギト,ComplexPhrase_Testing,point_waitress_sg_chef_pl,chef,tasonu,,サスラ ネチビ ギト セヒ タソヌ,NA,NA,,NA,199,Mon Oct 15 15:18:04 2018
6ja15,extrapolation,unmarked,final,セヒ,ギト,ComplexPhrase_Testing,burglar_two,NA,NA,,セヒ ダクメ,NA,NA,,NA,200,Mon Oct 15 15:18:07 2018
6ja15,extrapolation,unmarked,final,セヒ,ギト,ComplexPhrase_Testing,point_waitress_sg_chef_pl,chef,tasonu,,サスラ ネチビ ギト セヒ タソヌ,NA,NA,,NA,201,Mon Oct 15 15:18:17 2018
6ja15,extrapolation,unmarked,final,セヒ,ギト,ComplexPhrase_Testing,kick_cowboy_sg_chef_pl,chef,tasonu,,ケルラ ソギナ ギト セヒ タソヌ,NA,NA,,NA,202,Mon Oct 15 15:18:23 2018
6ja15,extrapolation,unmarked,final,セヒ,ギト,ComplexPhrase_Testing,kick_waitress_sg_cowboy_pl,cowboy,sogina,,ケルラ ネチビ ギト セヒ ソギナ,NA,NA,,NA,203,Mon Oct 15 15:18:28 2018
6ja15,extrapolation,unmarked,final,セヒ,ギト,ComplexPhrase_Testing,punch_waitress_sg_chef_sg,NA,NA,,ナグラ ネチビ ギト タソヌ,NA,NA,,NA,204,Mon Oct 15 15:18:36 2018
6ja15,extrapolation,unmarked,final,セヒ,ギト,ComplexPhrase_Testing,kick_chef_pl_burglar_sg,NA,NA,,ケルラ セヒ タソヌ ギト ダクメ,NA,NA,,NA,205,Mon Oct 15 15:18:49 2018
6ja15,extrapolation,unmarked,final,セヒ,ギト,ComplexPhrase_Testing,kick_cowboy_sg_chef_pl,chef,tasonu,,ケルラ ソギナ ギト セヒ タソヌ,NA,NA,,NA,206,Mon Oct 15 15:19:01 2018
6ja15,extrapolation,unmarked,final,セヒ,ギト,ComplexPhrase_Testing,cowboy_two,NA,NA,,セヒ ソギナ,NA,NA,,NA,207,Mon Oct 15 15:19:05 2018
6ja15,extrapolation,unmarked,final,セヒ,ギト,ComplexPhrase_Testing,kick_cowboy_sg_chef_pl,chef,tasonu,,ケルラ ソギナ ギト セヒ タソヌ,NA,NA,,NA,208,Mon Oct 15 15:19:14 2018
6ja15,extrapolation,unmarked,final,セヒ,ギト,ComplexPhrase_Testing,burglar_three,NA,NA,,セヒ ダクメ,NA,NA,,NA,209,Mon Oct 15 15:19:17 2018
6ja15,extrapolation,unmarked,final,セヒ,ギト,ComplexPhrase_Testing,cowboy_three,NA,NA,,セヒ ソギナ,NA,NA,,NA,210,Mon Oct 15 15:19:21 2018
6ja15,extrapolation,unmarked,final,セヒ,ギト,ComplexPhrase_Testing,kick_burglar_sg_chef_sg,NA,NA,,ケルラ ダクメ ギト タソヌ,NA,NA,,NA,211,Mon Oct 15 15:19:36 2018
6ja15,extrapolation,unmarked,final,セヒ,ギト,ComplexPhrase_Testing,point_cowboy_sg_chef_pl,chef,tasonu,,サスラ ソギナ ギト セヒ タソヌ,NA,NA,,NA,212,Mon Oct 15 15:19:48 2018
6ja15,extrapolation,unmarked,final,セヒ,ギト,ComplexPhrase_Testing,kick_chef_sg_waitress_pl,waitress,nechibi,,ケルラ タソヌ ギト セヒ ネチビ,NA,NA,,NA,213,Mon Oct 15 15:19:54 2018
6ja15,extrapolation,unmarked,final,セヒ,ギト,ComplexPhrase_Testing,punch_burglar_sg_chef_sg,NA,NA,,ナグラ ダクメ ギト タソヌ,NA,NA,,NA,214,Mon Oct 15 15:20:04 2018
6ja15,extrapolation,unmarked,final,セヒ,ギト,ComplexPhrase_Testing,punch_burglar_sg_waitress_pl,waitress,nechibi,,ナグラ ダクメ ギト セヒ ネチビ,NA,NA,,NA,215,Mon Oct 15 15:20:13 2018
6ja15,extrapolation,unmarked,final,セヒ,ギト,ComplexPhrase_Testing,point_waitress_sg_chef_pl,chef,tasonu,,サスラ ネチビ ギト セヒ タソヌ,NA,NA,,NA,216,Mon Oct 15 15:20:22 2018
6ja15,extrapolation,unmarked,final,セヒ,ギト,ComplexPhrase_Testing,kick_chef_sg_waitress_pl,waitress,nechibi,,ケルラ タソヌ ギト セヒ ネチビ,NA,NA,,NA,217,Mon Oct 15 15:20:26 2018
6ja15,extrapolation,unmarked,final,セヒ,ギト,ComplexPhrase_Testing,punch_burglar_pl_cowboy_sg,NA,NA,,ナグラ セヒ ダクメ ギト ソギナ,NA,NA,,NA,218,Mon Oct 15 15:20:31 2018
6ja15,extrapolation,unmarked,final,セヒ,ギト,ComplexPhrase_Testing,punch_cowboy_pl_chef_sg,NA,NA,,ナグラ セヒ ソギナ ギト タソヌ,NA,NA,,NA,219,Mon Oct 15 15:20:51 2018
6ja15,extrapolation,unmarked,final,セヒ,ギト,ComplexPhrase_Testing,punch_cowboy_sg_burglar_pl,burglar,dakume,,ナグラ ソギナ ギト セヒ ダクメ,NA,NA,,NA,220,Mon Oct 15 15:21:03 2018
6ja15,extrapolation,unmarked,final,セヒ,ギト,ComplexPhrase_Testing,punch_cowboy_sg_burglar_pl,burglar,dakume,,ナグラ ソギナ ギト セヒ ダクメ,NA,NA,,NA,221,Mon Oct 15 15:21:08 2018
6ja15,extrapolation,unmarked,final,セヒ,ギト,ComplexPhrase_Testing,punch_cowboy_sg_chef_pl,chef,tasonu,,ナグラ ソギナ ギト セヒ タソヌ,NA,NA,,NA,222,Mon Oct 15 15:21:14 2018
6ja15,extrapolation,unmarked,final,セヒ,ギト,ComplexPhrase_Testing,punch_cowboy_sg_burglar_pl,burglar,dakume,,ナグラ ソギナ ギト セヒ ダクメ,NA,NA,,NA,223,Mon Oct 15 15:21:18 2018
6ja15,extrapolation,unmarked,final,セヒ,ギト,ComplexPhrase_Testing,kick_burglar_pl_waitress_sg,NA,NA,,ケルラ セヒ ダクメ ギト ネチビ,NA,NA,,NA,224,Mon Oct 15 15:21:23 2018
6ja15,extrapolation,unmarked,final,セヒ,ギト,ComplexPhrase_Testing,punch_waitress_sg_burglar_pl,burglar,dakume,,ナグラ ネチビ ギト セヒ ダクメ,NA,NA,,NA,225,Mon Oct 15 15:21:33 2018
6ja15,extrapolation,unmarked,final,セヒ,ギト,ComplexPhrase_Testing,point_cowboy_sg_chef_pl,chef,tasonu,,サスラ ソギナ ギト セヒ タソヌ,NA,NA,,NA,226,Mon Oct 15 15:21:39 2018
6ja15,extrapolation,unmarked,final,セヒ,ギト,ComplexPhrase_Testing,kick_waitress_sg_chef_pl,chef,tasonu,,ケルラ ネチビ ギト セヒ タソヌ,NA,NA,,NA,227,Mon Oct 15 15:21:44 2018
6ja15,extrapolation,unmarked,final,セヒ,ギト,ComplexPhrase_Testing,punch_burglar_sg_waitress_pl,waitress,nechibi,,ナグラ ダクメ ギト セヒ ネチビ,NA,NA,,NA,228,Mon Oct 15 15:21:49 2018
6ja15,extrapolation,unmarked,final,セヒ,ギト,ComplexPhrase_Testing,point_chef_sg_burglar_sg,NA,NA,,サスラ タソヌ ギト ダクメ,NA,NA,,NA,229,Mon Oct 15 15:21:55 2018
6ja15,extrapolation,unmarked,final,セヒ,ギト,ComplexPhrase_Testing,punch_cowboy_sg_chef_pl,chef,tasonu,,ナグラ ソギナ ギト セヒ タソヌ,NA,NA,,NA,230,Mon Oct 15 15:22:05 2018
6ja15,extrapolation,unmarked,final,セヒ,ギト,Questionnaire,NA,NA,NA,,NA,NA,NA,,ミギヤジルシ,MeaningCase,Mon Oct 15 15:24:51 2018
6ja15,extrapolation,unmarked,final,セヒ,ギト,Questionnaire,NA,NA,NA,,NA,NA,NA,,フクスウケイ,MeaningNum,Mon Oct 15 15:24:51 2018
6ja15,extrapolation,unmarked,final,セヒ,ギト,Questionnaire,NA,NA,NA,,NA,NA,NA,,ウシロ,OrderCaseNoun,Mon Oct 15 15:24:51 2018
6ja15,extrapolation,unmarked,final,セヒ,ギト,Questionnaire,NA,NA,NA,,NA,NA,NA,,マエ,OrderNumNoun,Mon Oct 15 15:24:51 2018
6ja15,extrapolation,unmarked,final,セヒ,ギト,Questionnaire,NA,NA,NA,,NA,NA,NA,,ニホンゴ,Languages,Mon Oct 15 15:24:51 2018
