ID,Condition,MajorityOrder,NounPosition,markerNum,markerCase,Phase,Meaning,NounItem,Noun,binaryResp,InputSentence,Selection,TypedResponse,SpokenResponse,AnswerQuest,Trial,date&time
6sc11,extrapolation,unmarked,final,ti,"['gu', 'sa']",Noun_Training,burglar,NA,NA,,vaem,NA,NA,,NA,1,Wed Jun 13 11:35:42 2018
6sc11,extrapolation,unmarked,final,ti,"['gu', 'sa']",Noun_Training,cowboy,NA,NA,,negid,NA,NA,,NA,2,Wed Jun 13 11:35:47 2018
6sc11,extrapolation,unmarked,final,ti,"['gu', 'sa']",Noun_Training,chef,NA,NA,,nork,NA,NA,,NA,3,Wed Jun 13 11:35:52 2018
6sc11,extrapolation,unmarked,final,ti,"['gu', 'sa']",Noun_Training,waitress,NA,NA,,tumbat,NA,NA,,NA,4,Wed Jun 13 11:35:57 2018
6sc11,extrapolation,unmarked,final,ti,"['gu', 'sa']",Noun_Training,chef,NA,NA,,nork,NA,NA,,NA,5,Wed Jun 13 11:36:02 2018
6sc11,extrapolation,unmarked,final,ti,"['gu', 'sa']",Noun_Training,cowboy,NA,NA,,negid,NA,NA,,NA,6,Wed Jun 13 11:36:06 2018
6sc11,extrapolation,unmarked,final,ti,"['gu', 'sa']",Noun_Training,waitress,NA,NA,,tumbat,NA,NA,,NA,7,Wed Jun 13 11:36:11 2018
6sc11,extrapolation,unmarked,final,ti,"['gu', 'sa']",Noun_Training,waitress,NA,NA,,tumbat,NA,NA,,NA,8,Wed Jun 13 11:36:16 2018
6sc11,extrapolation,unmarked,final,ti,"['gu', 'sa']",Noun_Training,waitress,NA,NA,,tumbat,NA,NA,,NA,9,Wed Jun 13 11:36:21 2018
6sc11,extrapolation,unmarked,final,ti,"['gu', 'sa']",Noun_Training,burglar,NA,NA,,vaem,NA,NA,,NA,10,Wed Jun 13 11:36:26 2018
6sc11,extrapolation,unmarked,final,ti,"['gu', 'sa']",Noun_Training,burglar,NA,NA,,vaem,NA,NA,,NA,11,Wed Jun 13 11:36:31 2018
6sc11,extrapolation,unmarked,final,ti,"['gu', 'sa']",Noun_Training,chef,NA,NA,,nork,NA,NA,,NA,12,Wed Jun 13 11:36:36 2018
6sc11,extrapolation,unmarked,final,ti,"['gu', 'sa']",Noun_Training,cowboy,NA,NA,,negid,NA,NA,,NA,13,Wed Jun 13 11:36:40 2018
6sc11,extrapolation,unmarked,final,ti,"['gu', 'sa']",Noun_Training,chef,NA,NA,,nork,NA,NA,,NA,14,Wed Jun 13 11:36:45 2018
6sc11,extrapolation,unmarked,final,ti,"['gu', 'sa']",Noun_Training,cowboy,NA,NA,,negid,NA,NA,,NA,15,Wed Jun 13 11:36:50 2018
6sc11,extrapolation,unmarked,final,ti,"['gu', 'sa']",Noun_Training,cowboy,NA,NA,,negid,NA,NA,,NA,16,Wed Jun 13 11:36:55 2018
6sc11,extrapolation,unmarked,final,ti,"['gu', 'sa']",Noun_Training,chef,NA,NA,,nork,NA,NA,,NA,17,Wed Jun 13 11:37:00 2018
6sc11,extrapolation,unmarked,final,ti,"['gu', 'sa']",Noun_Training,burglar,NA,NA,,vaem,NA,NA,,NA,18,Wed Jun 13 11:37:04 2018
6sc11,extrapolation,unmarked,final,ti,"['gu', 'sa']",Noun_Training,burglar,NA,NA,,vaem,NA,NA,,NA,19,Wed Jun 13 11:37:09 2018
6sc11,extrapolation,unmarked,final,ti,"['gu', 'sa']",Noun_Training,burglar,NA,NA,,vaem,NA,NA,,NA,20,Wed Jun 13 11:37:14 2018
6sc11,extrapolation,unmarked,final,ti,"['gu', 'sa']",Noun_Training,cowboy,NA,NA,,negid,NA,NA,,NA,21,Wed Jun 13 11:37:19 2018
6sc11,extrapolation,unmarked,final,ti,"['gu', 'sa']",Noun_Training,chef,NA,NA,,nork,NA,NA,,NA,22,Wed Jun 13 11:37:24 2018
6sc11,extrapolation,unmarked,final,ti,"['gu', 'sa']",Noun_Training,waitress,NA,NA,,tumbat,NA,NA,,NA,23,Wed Jun 13 11:37:29 2018
6sc11,extrapolation,unmarked,final,ti,"['gu', 'sa']",Noun_Training,waitress,NA,NA,,tumbat,NA,NA,,NA,24,Wed Jun 13 11:37:33 2018
6sc11,extrapolation,unmarked,final,ti,"['gu', 'sa']",Noun_Selection,chef,NA,NA,,nork,correct,NA,,NA,25,Wed Jun 13 11:37:59 2018
6sc11,extrapolation,unmarked,final,ti,"['gu', 'sa']",Noun_Selection,cowboy,NA,NA,,negid,correct,NA,,NA,26,Wed Jun 13 11:38:03 2018
6sc11,extrapolation,unmarked,final,ti,"['gu', 'sa']",Noun_Selection,burglar,NA,NA,,vaem,correct,NA,,NA,27,Wed Jun 13 11:38:08 2018
6sc11,extrapolation,unmarked,final,ti,"['gu', 'sa']",Noun_Selection,waitress,NA,NA,,tumbat,correct,NA,,NA,28,Wed Jun 13 11:38:11 2018
6sc11,extrapolation,unmarked,final,ti,"['gu', 'sa']",Noun_Selection,burglar,NA,NA,,vaem,correct,NA,,NA,29,Wed Jun 13 11:38:15 2018
6sc11,extrapolation,unmarked,final,ti,"['gu', 'sa']",Noun_Selection,cowboy,NA,NA,,negid,correct,NA,,NA,30,Wed Jun 13 11:38:20 2018
6sc11,extrapolation,unmarked,final,ti,"['gu', 'sa']",Noun_Selection,chef,NA,NA,,nork,correct,NA,,NA,31,Wed Jun 13 11:38:23 2018
6sc11,extrapolation,unmarked,final,ti,"['gu', 'sa']",Noun_Selection,cowboy,NA,NA,,negid,correct,NA,,NA,32,Wed Jun 13 11:38:28 2018
6sc11,extrapolation,unmarked,final,ti,"['gu', 'sa']",Noun_Selection,waitress,NA,NA,,tumbat,correct,NA,,NA,33,Wed Jun 13 11:38:31 2018
6sc11,extrapolation,unmarked,final,ti,"['gu', 'sa']",Noun_Selection,burglar,NA,NA,,vaem,correct,NA,,NA,34,Wed Jun 13 11:38:35 2018
6sc11,extrapolation,unmarked,final,ti,"['gu', 'sa']",Noun_Selection,waitress,NA,NA,,tumbat,correct,NA,,NA,35,Wed Jun 13 11:38:38 2018
6sc11,extrapolation,unmarked,final,ti,"['gu', 'sa']",Noun_Selection,chef,NA,NA,,nork,correct,NA,,NA,36,Wed Jun 13 11:38:42 2018
6sc11,extrapolation,unmarked,final,ti,"['gu', 'sa']",Noun_Testing,waitress,NA,NA,,tumbat,NA,NA,tumbat,NA,37,Wed Jun 13 11:39:05 2018
6sc11,extrapolation,unmarked,final,ti,"['gu', 'sa']",Noun_Testing,burglar,NA,NA,,vaem,NA,NA,vaem,NA,38,Wed Jun 13 11:39:09 2018
6sc11,extrapolation,unmarked,final,ti,"['gu', 'sa']",Noun_Testing,cowboy,NA,NA,,negid,NA,NA,negid,NA,39,Wed Jun 13 11:39:15 2018
6sc11,extrapolation,unmarked,final,ti,"['gu', 'sa']",Noun_Testing,cowboy,NA,NA,,negid,NA,NA,negid,NA,40,Wed Jun 13 11:39:20 2018
6sc11,extrapolation,unmarked,final,ti,"['gu', 'sa']",Noun_Testing,burglar,NA,NA,,vaem,NA,NA,vaem,NA,41,Wed Jun 13 11:39:25 2018
6sc11,extrapolation,unmarked,final,ti,"['gu', 'sa']",Noun_Testing,waitress,NA,NA,,tumbat,NA,NA,tumbat,NA,42,Wed Jun 13 11:39:29 2018
6sc11,extrapolation,unmarked,final,ti,"['gu', 'sa']",Noun_Testing,chef,NA,NA,,nork,NA,NA,nork,NA,43,Wed Jun 13 11:39:33 2018
6sc11,extrapolation,unmarked,final,ti,"['gu', 'sa']",Noun_Testing,cowboy,NA,NA,,negid,NA,NA,negid,NA,44,Wed Jun 13 11:39:39 2018
6sc11,extrapolation,unmarked,final,ti,"['gu', 'sa']",Noun_Testing,chef,NA,NA,,nork,NA,NA,nork,NA,45,Wed Jun 13 11:39:43 2018
6sc11,extrapolation,unmarked,final,ti,"['gu', 'sa']",Noun_Testing,waitress,NA,NA,,tumbat,NA,NA,tumbat,NA,46,Wed Jun 13 11:39:48 2018
6sc11,extrapolation,unmarked,final,ti,"['gu', 'sa']",Noun_Testing,chef,NA,NA,,nork,NA,NA,nork,NA,47,Wed Jun 13 11:39:53 2018
6sc11,extrapolation,unmarked,final,ti,"['gu', 'sa']",Noun_Testing,burglar,NA,NA,,vaem,NA,NA,vaem,NA,48,Wed Jun 13 11:39:57 2018
6sc11,extrapolation,unmarked,final,ti,"['gu', 'sa']",SimplePhrase_Training,point_waitress_sg_chef_sg,NA,NA,,poinim tumbat gunork,NA,NA,,NA,49,Wed Jun 13 11:40:33 2018
6sc11,extrapolation,unmarked,final,ti,"['gu', 'sa']",SimplePhrase_Training,punch_waitress_sg_chef_sg,NA,NA,,straikim tumbat gunork,NA,NA,,NA,50,Wed Jun 13 11:40:40 2018
6sc11,extrapolation,unmarked,final,ti,"['gu', 'sa']",SimplePhrase_Training,kick_waitress_pl_cowboy_sg,NA,NA,,kikim titumbat sanegid,NA,NA,,NA,51,Wed Jun 13 11:40:48 2018
6sc11,extrapolation,unmarked,final,ti,"['gu', 'sa']",SimplePhrase_Training,kick_cowboy_pl_chef_sg,NA,NA,,kikim tinegid gunork,NA,NA,,NA,52,Wed Jun 13 11:40:55 2018
6sc11,extrapolation,unmarked,final,ti,"['gu', 'sa']",SimplePhrase_Training,punch_chef_pl_waitress_sg,NA,NA,,straikim tinork satumbat,NA,NA,,NA,53,Wed Jun 13 11:41:03 2018
6sc11,extrapolation,unmarked,final,ti,"['gu', 'sa']",SimplePhrase_Training,punch_chef_pl_cowboy_sg,NA,NA,,straikim tinork sanegid,NA,NA,,NA,54,Wed Jun 13 11:41:11 2018
6sc11,extrapolation,unmarked,final,ti,"['gu', 'sa']",SimplePhrase_Training,chef,NA,NA,,nork,NA,NA,,NA,55,Wed Jun 13 11:41:15 2018
6sc11,extrapolation,unmarked,final,ti,"['gu', 'sa']",SimplePhrase_Training,point_cowboy_sg_waitress_sg,NA,NA,,poinim negid satumbat,NA,NA,,NA,56,Wed Jun 13 11:41:23 2018
6sc11,extrapolation,unmarked,final,ti,"['gu', 'sa']",SimplePhrase_Training,point_chef_pl_burglar_sg,NA,NA,,poinim tinork guvaem,NA,NA,,NA,57,Wed Jun 13 11:41:30 2018
6sc11,extrapolation,unmarked,final,ti,"['gu', 'sa']",SimplePhrase_Training,chef,NA,NA,,nork,NA,NA,,NA,58,Wed Jun 13 11:41:35 2018
6sc11,extrapolation,unmarked,final,ti,"['gu', 'sa']",SimplePhrase_Training,kick_burglar_sg_cowboy_sg,NA,NA,,kikim vaem sanegid,NA,NA,,NA,59,Wed Jun 13 11:41:42 2018
6sc11,extrapolation,unmarked,final,ti,"['gu', 'sa']",SimplePhrase_Training,punch_chef_sg_waitress_sg,NA,NA,,straikim nork satumbat,NA,NA,,NA,60,Wed Jun 13 11:41:50 2018
6sc11,extrapolation,unmarked,final,ti,"['gu', 'sa']",SimplePhrase_Training,point_chef_sg_cowboy_sg,NA,NA,,poinim nork sanegid,NA,NA,,NA,61,Wed Jun 13 11:41:58 2018
6sc11,extrapolation,unmarked,final,ti,"['gu', 'sa']",SimplePhrase_Training,punch_waitress_pl_chef_sg,NA,NA,,straikim titumbat gunork,NA,NA,,NA,62,Wed Jun 13 11:42:05 2018
6sc11,extrapolation,unmarked,final,ti,"['gu', 'sa']",SimplePhrase_Training,point_burglar_sg_chef_sg,NA,NA,,poinim vaem gunork,NA,NA,,NA,63,Wed Jun 13 11:42:13 2018
6sc11,extrapolation,unmarked,final,ti,"['gu', 'sa']",SimplePhrase_Training,point_burglar_sg_cowboy_sg,NA,NA,,poinim vaem sanegid,NA,NA,,NA,64,Wed Jun 13 11:42:20 2018
6sc11,extrapolation,unmarked,final,ti,"['gu', 'sa']",SimplePhrase_Training,point_waitress_sg_burglar_sg,NA,NA,,poinim tumbat guvaem,NA,NA,,NA,65,Wed Jun 13 11:42:27 2018
6sc11,extrapolation,unmarked,final,ti,"['gu', 'sa']",SimplePhrase_Training,point_burglar_sg_waitress_sg,NA,NA,,poinim vaem satumbat,NA,NA,,NA,66,Wed Jun 13 11:42:34 2018
6sc11,extrapolation,unmarked,final,ti,"['gu', 'sa']",SimplePhrase_Training,kick_chef_sg_burglar_sg,NA,NA,,kikim nork guvaem,NA,NA,,NA,67,Wed Jun 13 11:42:42 2018
6sc11,extrapolation,unmarked,final,ti,"['gu', 'sa']",SimplePhrase_Training,point_cowboy_pl_waitress_sg,NA,NA,,poinim tinegid satumbat,NA,NA,,NA,68,Wed Jun 13 11:42:49 2018
6sc11,extrapolation,unmarked,final,ti,"['gu', 'sa']",SimplePhrase_Training,kick_burglar_sg_chef_sg,NA,NA,,kikim vaem gunork,NA,NA,,NA,69,Wed Jun 13 11:42:56 2018
6sc11,extrapolation,unmarked,final,ti,"['gu', 'sa']",SimplePhrase_Training,kick_chef_pl_burglar_sg,NA,NA,,kikim tinork guvaem,NA,NA,,NA,70,Wed Jun 13 11:43:04 2018
6sc11,extrapolation,unmarked,final,ti,"['gu', 'sa']",SimplePhrase_Training,kick_chef_sg_waitress_sg,NA,NA,,kikim nork satumbat,NA,NA,,NA,71,Wed Jun 13 11:43:11 2018
6sc11,extrapolation,unmarked,final,ti,"['gu', 'sa']",SimplePhrase_Training,kick_chef_pl_cowboy_sg,NA,NA,,kikim tinork sanegid,NA,NA,,NA,72,Wed Jun 13 11:43:19 2018
6sc11,extrapolation,unmarked,final,ti,"['gu', 'sa']",SimplePhrase_Training,punch_chef_sg_cowboy_sg,NA,NA,,straikim nork sanegid,NA,NA,,NA,73,Wed Jun 13 11:43:26 2018
6sc11,extrapolation,unmarked,final,ti,"['gu', 'sa']",SimplePhrase_Training,punch_waitress_pl_burglar_sg,NA,NA,,straikim titumbat guvaem,NA,NA,,NA,74,Wed Jun 13 11:43:34 2018
6sc11,extrapolation,unmarked,final,ti,"['gu', 'sa']",SimplePhrase_Training,kick_burglar_pl_chef_sg,NA,NA,,kikim tivaem gunork,NA,NA,,NA,75,Wed Jun 13 11:43:41 2018
6sc11,extrapolation,unmarked,final,ti,"['gu', 'sa']",SimplePhrase_Training,punch_burglar_pl_waitress_sg,NA,NA,,straikim tivaem satumbat,NA,NA,,NA,76,Wed Jun 13 11:43:49 2018
6sc11,extrapolation,unmarked,final,ti,"['gu', 'sa']",SimplePhrase_Training,point_burglar_pl_chef_sg,NA,NA,,poinim tivaem gunork,NA,NA,,NA,77,Wed Jun 13 11:43:56 2018
6sc11,extrapolation,unmarked,final,ti,"['gu', 'sa']",SimplePhrase_Training,point_burglar_pl_waitress_sg,NA,NA,,poinim tivaem satumbat,NA,NA,,NA,78,Wed Jun 13 11:44:04 2018
6sc11,extrapolation,unmarked,final,ti,"['gu', 'sa']",SimplePhrase_Training,kick_waitress_sg_cowboy_sg,NA,NA,,kikim tumbat sanegid,NA,NA,,NA,79,Wed Jun 13 11:44:11 2018
6sc11,extrapolation,unmarked,final,ti,"['gu', 'sa']",SimplePhrase_Training,point_cowboy_pl_burglar_sg,NA,NA,,poinim tinegid guvaem,NA,NA,,NA,80,Wed Jun 13 11:44:18 2018
6sc11,extrapolation,unmarked,final,ti,"['gu', 'sa']",SimplePhrase_Training,kick_waitress_pl_chef_sg,NA,NA,,kikim titumbat gunork,NA,NA,,NA,81,Wed Jun 13 11:44:26 2018
6sc11,extrapolation,unmarked,final,ti,"['gu', 'sa']",SimplePhrase_Training,kick_burglar_pl_waitress_sg,NA,NA,,kikim tivaem satumbat,NA,NA,,NA,82,Wed Jun 13 11:44:33 2018
6sc11,extrapolation,unmarked,final,ti,"['gu', 'sa']",SimplePhrase_Training,burglar,NA,NA,,vaem,NA,NA,,NA,83,Wed Jun 13 11:44:38 2018
6sc11,extrapolation,unmarked,final,ti,"['gu', 'sa']",SimplePhrase_Training,punch_burglar_pl_cowboy_sg,NA,NA,,straikim tivaem sanegid,NA,NA,,NA,84,Wed Jun 13 11:44:45 2018
6sc11,extrapolation,unmarked,final,ti,"['gu', 'sa']",SimplePhrase_Training,point_waitress_sg_cowboy_sg,NA,NA,,poinim tumbat sanegid,NA,NA,,NA,85,Wed Jun 13 11:44:53 2018
6sc11,extrapolation,unmarked,final,ti,"['gu', 'sa']",SimplePhrase_Training,cowboy,NA,NA,,negid,NA,NA,,NA,86,Wed Jun 13 11:44:58 2018
6sc11,extrapolation,unmarked,final,ti,"['gu', 'sa']",SimplePhrase_Training,waitress,NA,NA,,tumbat,NA,NA,,NA,87,Wed Jun 13 11:45:02 2018
6sc11,extrapolation,unmarked,final,ti,"['gu', 'sa']",SimplePhrase_Training,point_waitress_pl_cowboy_sg,NA,NA,,poinim titumbat sanegid,NA,NA,,NA,88,Wed Jun 13 11:45:10 2018
6sc11,extrapolation,unmarked,final,ti,"['gu', 'sa']",SimplePhrase_Training,kick_cowboy_sg_burglar_sg,NA,NA,,kikim negid guvaem,NA,NA,,NA,89,Wed Jun 13 11:45:17 2018
6sc11,extrapolation,unmarked,final,ti,"['gu', 'sa']",SimplePhrase_Training,waitress,NA,NA,,tumbat,NA,NA,,NA,90,Wed Jun 13 11:45:22 2018
6sc11,extrapolation,unmarked,final,ti,"['gu', 'sa']",SimplePhrase_Training,punch_waitress_sg_burglar_sg,NA,NA,,straikim tumbat guvaem,NA,NA,,NA,91,Wed Jun 13 11:45:29 2018
6sc11,extrapolation,unmarked,final,ti,"['gu', 'sa']",SimplePhrase_Training,point_chef_sg_waitress_sg,NA,NA,,poinim nork satumbat,NA,NA,,NA,92,Wed Jun 13 11:45:37 2018
6sc11,extrapolation,unmarked,final,ti,"['gu', 'sa']",SimplePhrase_Training,kick_waitress_sg_chef_sg,NA,NA,,kikim tumbat gunork,NA,NA,,NA,93,Wed Jun 13 11:45:44 2018
6sc11,extrapolation,unmarked,final,ti,"['gu', 'sa']",SimplePhrase_Training,punch_cowboy_sg_chef_sg,NA,NA,,straikim negid gunork,NA,NA,,NA,94,Wed Jun 13 11:45:52 2018
6sc11,extrapolation,unmarked,final,ti,"['gu', 'sa']",SimplePhrase_Training,punch_cowboy_sg_waitress_sg,NA,NA,,straikim negid satumbat,NA,NA,,NA,95,Wed Jun 13 11:45:59 2018
6sc11,extrapolation,unmarked,final,ti,"['gu', 'sa']",SimplePhrase_Training,kick_cowboy_pl_burglar_sg,NA,NA,,kikim tinegid guvaem,NA,NA,,NA,96,Wed Jun 13 11:46:06 2018
6sc11,extrapolation,unmarked,final,ti,"['gu', 'sa']",SimplePhrase_Training,punch_cowboy_sg_burglar_sg,NA,NA,,straikim negid guvaem,NA,NA,,NA,97,Wed Jun 13 11:46:14 2018
6sc11,extrapolation,unmarked,final,ti,"['gu', 'sa']",SimplePhrase_Training,cowboy,NA,NA,,negid,NA,NA,,NA,98,Wed Jun 13 11:46:19 2018
6sc11,extrapolation,unmarked,final,ti,"['gu', 'sa']",SimplePhrase_Training,burglar,NA,NA,,vaem,NA,NA,,NA,99,Wed Jun 13 11:46:23 2018
6sc11,extrapolation,unmarked,final,ti,"['gu', 'sa']",SimplePhrase_Training,punch_chef_sg_burglar_sg,NA,NA,,straikim nork guvaem,NA,NA,,NA,100,Wed Jun 13 11:46:31 2018
6sc11,extrapolation,unmarked,final,ti,"['gu', 'sa']",SimplePhrase_Training,point_chef_pl_waitress_sg,NA,NA,,poinim tinork satumbat,NA,NA,,NA,101,Wed Jun 13 11:46:39 2018
6sc11,extrapolation,unmarked,final,ti,"['gu', 'sa']",SimplePhrase_Training,point_waitress_pl_chef_sg,NA,NA,,poinim titumbat gunork,NA,NA,,NA,102,Wed Jun 13 11:46:46 2018
6sc11,extrapolation,unmarked,final,ti,"['gu', 'sa']",SimplePhrase_Training,punch_cowboy_pl_burglar_sg,NA,NA,,straikim tinegid guvaem,NA,NA,,NA,103,Wed Jun 13 11:46:54 2018
6sc11,extrapolation,unmarked,final,ti,"['gu', 'sa']",SimplePhrase_Training,kick_burglar_pl_cowboy_sg,NA,NA,,kikim tivaem sanegid,NA,NA,,NA,104,Wed Jun 13 11:47:01 2018
6sc11,extrapolation,unmarked,final,ti,"['gu', 'sa']",SimplePhrase_Comprehension,punch_burglar_sg_cowboy_sg,NA,NA,,straikim vaem sanegid,correct,NA,,NA,105,Wed Jun 13 11:47:28 2018
6sc11,extrapolation,unmarked,final,ti,"['gu', 'sa']",SimplePhrase_Comprehension,kick_cowboy_sg_waitress_sg,NA,NA,,kikim negid satumbat,correct,NA,,NA,106,Wed Jun 13 11:47:35 2018
6sc11,extrapolation,unmarked,final,ti,"['gu', 'sa']",SimplePhrase_Comprehension,punch_cowboy_pl_waitress_sg,NA,NA,,straikim tinegid satumbat,correct,NA,,NA,107,Wed Jun 13 11:47:44 2018
6sc11,extrapolation,unmarked,final,ti,"['gu', 'sa']",SimplePhrase_Comprehension,kick_waitress_sg_burglar_sg,NA,NA,,kikim tumbat guvaem,correct,NA,,NA,108,Wed Jun 13 11:47:51 2018
6sc11,extrapolation,unmarked,final,ti,"['gu', 'sa']",SimplePhrase_Comprehension,kick_chef_sg_cowboy_sg,NA,NA,,kikim nork sanegid,correct,NA,,NA,109,Wed Jun 13 11:47:59 2018
6sc11,extrapolation,unmarked,final,ti,"['gu', 'sa']",SimplePhrase_Comprehension,punch_waitress_sg_chef_sg,NA,NA,,straikim tumbat gunork,correct,NA,,NA,110,Wed Jun 13 11:48:06 2018
6sc11,extrapolation,unmarked,final,ti,"['gu', 'sa']",SimplePhrase_Comprehension,point_burglar_pl_cowboy_sg,NA,NA,,poinim tivaem sanegid,correct,NA,,NA,111,Wed Jun 13 11:48:14 2018
6sc11,extrapolation,unmarked,final,ti,"['gu', 'sa']",SimplePhrase_Comprehension,punch_waitress_pl_burglar_sg,NA,NA,,straikim titumbat guvaem,correct,NA,,NA,112,Wed Jun 13 11:48:21 2018
6sc11,extrapolation,unmarked,final,ti,"['gu', 'sa']",SimplePhrase_Comprehension,punch_chef_pl_cowboy_sg,NA,NA,,straikim tinork sanegid,correct,NA,,NA,113,Wed Jun 13 11:48:27 2018
6sc11,extrapolation,unmarked,final,ti,"['gu', 'sa']",SimplePhrase_Comprehension,point_chef_pl_cowboy_sg,NA,NA,,poinim tinork sanegid,correct,NA,,NA,114,Wed Jun 13 11:48:35 2018
6sc11,extrapolation,unmarked,final,ti,"['gu', 'sa']",SimplePhrase_Comprehension,kick_burglar_pl_chef_sg,NA,NA,,kikim tivaem gunork,correct,NA,,NA,115,Wed Jun 13 11:48:41 2018
6sc11,extrapolation,unmarked,final,ti,"['gu', 'sa']",SimplePhrase_Comprehension,kick_waitress_pl_burglar_sg,NA,NA,,kikim titumbat guvaem,correct,NA,,NA,116,Wed Jun 13 11:48:47 2018
6sc11,extrapolation,unmarked,final,ti,"['gu', 'sa']",SimplePhrase_Comprehension,punch_cowboy_pl_chef_sg,NA,NA,,straikim tinegid gunork,correct,NA,,NA,117,Wed Jun 13 11:48:55 2018
6sc11,extrapolation,unmarked,final,ti,"['gu', 'sa']",SimplePhrase_Comprehension,point_waitress_sg_burglar_sg,NA,NA,,poinim tumbat guvaem,correct,NA,,NA,118,Wed Jun 13 11:49:01 2018
6sc11,extrapolation,unmarked,final,ti,"['gu', 'sa']",SimplePhrase_Comprehension,punch_burglar_sg_chef_sg,NA,NA,,straikim vaem gunork,correct,NA,,NA,119,Wed Jun 13 11:49:07 2018
6sc11,extrapolation,unmarked,final,ti,"['gu', 'sa']",SimplePhrase_Comprehension,punch_cowboy_sg_waitress_sg,NA,NA,,straikim negid satumbat,correct,NA,,NA,120,Wed Jun 13 11:49:13 2018
6sc11,extrapolation,unmarked,final,ti,"['gu', 'sa']",SimplePhrase_Comprehension,point_chef_pl_burglar_sg,NA,NA,,poinim tinork guvaem,correct,NA,,NA,121,Wed Jun 13 11:49:19 2018
6sc11,extrapolation,unmarked,final,ti,"['gu', 'sa']",SimplePhrase_Comprehension,kick_chef_pl_waitress_sg,NA,NA,,kikim tinork satumbat,correct,NA,,NA,122,Wed Jun 13 11:49:25 2018
6sc11,extrapolation,unmarked,final,ti,"['gu', 'sa']",SimplePhrase_Comprehension,punch_waitress_sg_cowboy_sg,NA,NA,,straikim tumbat sanegid,correct,NA,,NA,123,Wed Jun 13 11:49:32 2018
6sc11,extrapolation,unmarked,final,ti,"['gu', 'sa']",SimplePhrase_Comprehension,kick_cowboy_sg_chef_sg,NA,NA,,kikim negid gunork,correct,NA,,NA,124,Wed Jun 13 11:49:39 2018
6sc11,extrapolation,unmarked,final,ti,"['gu', 'sa']",SimplePhrase_Comprehension,kick_burglar_sg_waitress_sg,NA,NA,,kikim vaem satumbat,correct,NA,,NA,125,Wed Jun 13 11:49:44 2018
6sc11,extrapolation,unmarked,final,ti,"['gu', 'sa']",SimplePhrase_Comprehension,point_chef_sg_burglar_sg,NA,NA,,poinim nork guvaem,correct,NA,,NA,126,Wed Jun 13 11:49:50 2018
6sc11,extrapolation,unmarked,final,ti,"['gu', 'sa']",SimplePhrase_Comprehension,punch_burglar_pl_chef_sg,NA,NA,,straikim tivaem gunork,correct,NA,,NA,127,Wed Jun 13 11:49:56 2018
6sc11,extrapolation,unmarked,final,ti,"['gu', 'sa']",SimplePhrase_Comprehension,punch_chef_pl_waitress_sg,NA,NA,,straikim tinork satumbat,correct,NA,,NA,128,Wed Jun 13 11:50:02 2018
6sc11,extrapolation,unmarked,final,ti,"['gu', 'sa']",SimplePhrase_Typing,point_waitress_sg_burglar_sg,NA,NA,,poinim tumbat guvaem,NA,poinim tumbat guvaem,,NA,129,Wed Jun 13 11:50:53 2018
6sc11,extrapolation,unmarked,final,ti,"['gu', 'sa']",SimplePhrase_Typing,burglar,NA,NA,,vaem,NA,vaem,,NA,130,Wed Jun 13 11:51:01 2018
6sc11,extrapolation,unmarked,final,ti,"['gu', 'sa']",SimplePhrase_Typing,kick_burglar_sg_cowboy_sg,NA,NA,,kikim vaem sanegid,NA,kikim vaem sanegid,,NA,131,Wed Jun 13 11:51:21 2018
6sc11,extrapolation,unmarked,final,ti,"['gu', 'sa']",SimplePhrase_Typing,kick_burglar_pl_waitress_sg,NA,NA,,kikim tivaem satumbat,NA,kikim tivaem satumbat,,NA,132,Wed Jun 13 11:51:35 2018
6sc11,extrapolation,unmarked,final,ti,"['gu', 'sa']",SimplePhrase_Typing,punch_chef_sg_cowboy_sg,NA,NA,,straikim nork sanegid,NA,straikim nork sanegid,,NA,133,Wed Jun 13 11:51:54 2018
6sc11,extrapolation,unmarked,final,ti,"['gu', 'sa']",SimplePhrase_Typing,kick_chef_sg_waitress_sg,NA,NA,,kikim nork satumbat,NA,kikim nork satumbat,,NA,134,Wed Jun 13 11:52:05 2018
6sc11,extrapolation,unmarked,final,ti,"['gu', 'sa']",SimplePhrase_Typing,punch_burglar_pl_cowboy_sg,NA,NA,,straikim tivaem sanegid,NA,straikim tivaem sanegid,,NA,135,Wed Jun 13 11:52:22 2018
6sc11,extrapolation,unmarked,final,ti,"['gu', 'sa']",SimplePhrase_Typing,punch_burglar_pl_waitress_sg,NA,NA,,straikim tivaem satumbat,NA,straikim tivaem satumbat,,NA,136,Wed Jun 13 11:52:37 2018
6sc11,extrapolation,unmarked,final,ti,"['gu', 'sa']",SimplePhrase_Typing,punch_waitress_pl_chef_sg,NA,NA,,straikim titumbat gunork,NA,straikim titambut gunork,,NA,137,Wed Jun 13 11:52:55 2018
6sc11,extrapolation,unmarked,final,ti,"['gu', 'sa']",SimplePhrase_Typing,chef,NA,NA,,nork,NA,nork,,NA,138,Wed Jun 13 11:53:01 2018
6sc11,extrapolation,unmarked,final,ti,"['gu', 'sa']",SimplePhrase_Typing,punch_waitress_pl_burglar_sg,NA,NA,,straikim titumbat guvaem,NA,straikim titumbat guvaem,,NA,139,Wed Jun 13 11:53:17 2018
6sc11,extrapolation,unmarked,final,ti,"['gu', 'sa']",SimplePhrase_Typing,kick_chef_pl_burglar_sg,NA,NA,,kikim tinork guvaem,NA,kikim tinork guvaem,,NA,140,Wed Jun 13 11:53:30 2018
6sc11,extrapolation,unmarked,final,ti,"['gu', 'sa']",SimplePhrase_Typing,point_burglar_sg_chef_sg,NA,NA,,poinim vaem gunork,NA,poinim vaem gunork,,NA,141,Wed Jun 13 11:53:43 2018
6sc11,extrapolation,unmarked,final,ti,"['gu', 'sa']",SimplePhrase_Typing,cowboy,NA,NA,,negid,NA,negid,,NA,142,Wed Jun 13 11:53:50 2018
6sc11,extrapolation,unmarked,final,ti,"['gu', 'sa']",SimplePhrase_Typing,punch_chef_pl_cowboy_sg,NA,NA,,straikim tinork sanegid,NA,straikim tinork sanegid,,NA,143,Wed Jun 13 11:54:03 2018
6sc11,extrapolation,unmarked,final,ti,"['gu', 'sa']",SimplePhrase_Typing,kick_cowboy_sg_burglar_sg,NA,NA,,kikim negid guvaem,NA,kikim negid guvaem,,NA,144,Wed Jun 13 11:54:17 2018
6sc11,extrapolation,unmarked,final,ti,"['gu', 'sa']",SimplePhrase_Typing,kick_cowboy_pl_chef_sg,NA,NA,,kikim tinegid gunork,NA,kikim tinegid gunork,,NA,145,Wed Jun 13 11:54:32 2018
6sc11,extrapolation,unmarked,final,ti,"['gu', 'sa']",SimplePhrase_Typing,kick_burglar_sg_chef_sg,NA,NA,,kikim vaem gunork,NA,kikim vaem gunork,,NA,146,Wed Jun 13 11:54:44 2018
6sc11,extrapolation,unmarked,final,ti,"['gu', 'sa']",SimplePhrase_Typing,waitress,NA,NA,,tumbat,NA,tumbat,,NA,147,Wed Jun 13 11:54:51 2018
6sc11,extrapolation,unmarked,final,ti,"['gu', 'sa']",SimplePhrase_Typing,point_chef_sg_waitress_sg,NA,NA,,poinim nork satumbat,NA,poinim nork satumbat,,NA,148,Wed Jun 13 11:55:03 2018
6sc11,extrapolation,unmarked,final,ti,"['gu', 'sa']",ComplexPhrase_Typing,punch_waitress_sg_chef_pl,chef,nork,0,straikim tumbat gutinork,NA,straikim tumbat tigunork,,NA,149,Wed Jun 13 11:55:46 2018
6sc11,extrapolation,unmarked,final,ti,"['gu', 'sa']",ComplexPhrase_Typing,kick_cowboy_sg_burglar_pl,burglar,vaem,0,kikim negid gutivaem,NA,kikim negid tiguvaem,,NA,150,Wed Jun 13 11:55:56 2018
6sc11,extrapolation,unmarked,final,ti,"['gu', 'sa']",ComplexPhrase_Typing,point_waitress_sg_cowboy_pl,cowboy,negid,0,poinim tumbat satinegid,NA,poinim tumbat tisanegid,,NA,151,Wed Jun 13 11:56:07 2018
6sc11,extrapolation,unmarked,final,ti,"['gu', 'sa']",ComplexPhrase_Typing,point_chef_sg_waitress_pl,waitress,tumbat,0,poinim nork satitumbat,NA,poinim nork tisatumbat,,NA,152,Wed Jun 13 11:56:15 2018
6sc11,extrapolation,unmarked,final,ti,"['gu', 'sa']",ComplexPhrase_Typing,punch_waitress_sg_chef_pl,chef,nork,0,straikim tumbat gutinork,NA,straikim tumbat tigunork,,NA,153,Wed Jun 13 11:56:23 2018
6sc11,extrapolation,unmarked,final,ti,"['gu', 'sa']",ComplexPhrase_Typing,point_chef_sg_waitress_pl,waitress,tumbat,0,poinim nork satitumbat,NA,poinim nork tisatumbat,,NA,154,Wed Jun 13 11:56:32 2018
6sc11,extrapolation,unmarked,final,ti,"['gu', 'sa']",ComplexPhrase_Typing,point_waitress_sg_cowboy_pl,cowboy,negid,0,poinim tumbat satinegid,NA,poinim tumbat tisanegid,,NA,155,Wed Jun 13 11:56:41 2018
6sc11,extrapolation,unmarked,final,ti,"['gu', 'sa']",ComplexPhrase_Typing,kick_cowboy_sg_burglar_pl,burglar,vaem,0,kikim negid gutivaem,NA,kikim negid tiguvaem,,NA,156,Wed Jun 13 11:56:47 2018
6sc11,extrapolation,unmarked,final,ti,"['gu', 'sa']",ComplexPhrase_Typing,kick_cowboy_sg_burglar_pl,burglar,vaem,0,kikim negid gutivaem,NA,kikim negid tiguvaem,,NA,157,Wed Jun 13 11:56:54 2018
6sc11,extrapolation,unmarked,final,ti,"['gu', 'sa']",ComplexPhrase_Typing,point_waitress_sg_cowboy_pl,cowboy,negid,0,poinim tumbat satinegid,NA,poinim tumbat tisanegid,,NA,158,Wed Jun 13 11:57:01 2018
6sc11,extrapolation,unmarked,final,ti,"['gu', 'sa']",ComplexPhrase_Typing,punch_waitress_sg_chef_pl,chef,nork,0,straikim tumbat gutinork,NA,straikim tumbat tigunork,,NA,159,Wed Jun 13 11:57:09 2018
6sc11,extrapolation,unmarked,final,ti,"['gu', 'sa']",ComplexPhrase_Typing,point_chef_sg_waitress_pl,waitress,tumbat,0,poinim nork satitumbat,NA,poinim nork tisatumbat,,NA,160,Wed Jun 13 11:57:17 2018
6sc11,extrapolation,unmarked,final,ti,"['gu', 'sa']",ComplexPhrase_Testing,point_cowboy_pl_burglar_sg,NA,NA,,poinim tinegid guvaem,NA,NA,poinim tinegid guvaem,NA,161,Wed Jun 13 11:57:57 2018
6sc11,extrapolation,unmarked,final,ti,"['gu', 'sa']",ComplexPhrase_Testing,kick_burglar_sg_chef_pl,chef,nork,0,kikim vaem gutinork,NA,NA,kikim vaem tigunork,NA,162,Wed Jun 13 11:58:06 2018
6sc11,extrapolation,unmarked,final,ti,"['gu', 'sa']",ComplexPhrase_Testing,kick_waitress_sg_cowboy_pl,cowboy,negid,0,kikim tumbat satinegid,NA,NA,kikim tumbat tisanegid,NA,163,Wed Jun 13 11:58:13 2018
6sc11,extrapolation,unmarked,final,ti,"['gu', 'sa']",ComplexPhrase_Testing,kick_waitress_sg_burglar_sg,NA,NA,,kikim tumbat guvaem,NA,NA,kikim tumbat guvaem,NA,164,Wed Jun 13 11:58:18 2018
6sc11,extrapolation,unmarked,final,ti,"['gu', 'sa']",ComplexPhrase_Testing,punch_burglar_sg_chef_pl,chef,nork,0,straikim vaem gutinork,NA,NA,straikim vaem tigunork,NA,165,Wed Jun 13 11:58:27 2018
6sc11,extrapolation,unmarked,final,ti,"['gu', 'sa']",ComplexPhrase_Testing,kick_waitress_sg_chef_pl,chef,nork,0,kikim tumbat gutinork,NA,NA,kikim tumbat tigunork,NA,166,Wed Jun 13 11:58:33 2018
6sc11,extrapolation,unmarked,final,ti,"['gu', 'sa']",ComplexPhrase_Testing,punch_burglar_sg_chef_pl,chef,nork,0,straikim vaem gutinork,NA,NA,straikim vaem tigunork,NA,167,Wed Jun 13 11:58:38 2018
6sc11,extrapolation,unmarked,final,ti,"['gu', 'sa']",ComplexPhrase_Testing,kick_burglar_pl_cowboy_sg,NA,NA,,kikim tivaem sanegid,NA,NA,kikim tivaem sanegid,NA,168,Wed Jun 13 11:58:44 2018
6sc11,extrapolation,unmarked,final,ti,"['gu', 'sa']",ComplexPhrase_Testing,kick_waitress_sg_cowboy_pl,cowboy,negid,0,kikim tumbat satinegid,NA,NA,kikim tumbat tisanegid,NA,169,Wed Jun 13 11:58:52 2018
6sc11,extrapolation,unmarked,final,ti,"['gu', 'sa']",ComplexPhrase_Testing,point_chef_pl_waitress_sg,NA,NA,,poinim tinork satumbat,NA,NA,poinim tinork satumbat,NA,170,Wed Jun 13 11:58:57 2018
6sc11,extrapolation,unmarked,final,ti,"['gu', 'sa']",ComplexPhrase_Testing,point_chef_sg_waitress_pl,waitress,tumbat,0,poinim nork satitumbat,NA,NA,poinim nork tisatumbat,NA,171,Wed Jun 13 11:59:06 2018
6sc11,extrapolation,unmarked,final,ti,"['gu', 'sa']",ComplexPhrase_Testing,point_waitress_sg_cowboy_pl,cowboy,negid,0,poinim tumbat satinegid,NA,NA,poinim tumbat tisanegid,NA,172,Wed Jun 13 11:59:12 2018
6sc11,extrapolation,unmarked,final,ti,"['gu', 'sa']",ComplexPhrase_Testing,cowboy,NA,NA,,negid,NA,NA,negid,NA,173,Wed Jun 13 11:59:14 2018
6sc11,extrapolation,unmarked,final,ti,"['gu', 'sa']",ComplexPhrase_Testing,point_burglar_sg_cowboy_pl,cowboy,negid,0,poinim vaem satinegid,NA,NA,poinim vaem tisanegid,NA,174,Wed Jun 13 11:59:21 2018
6sc11,extrapolation,unmarked,final,ti,"['gu', 'sa']",ComplexPhrase_Testing,kick_chef_sg_burglar_pl,burglar,vaem,0,kikim nork gutivaem,NA,NA,kikim nork tiguvaem,NA,175,Wed Jun 13 11:59:25 2018
6sc11,extrapolation,unmarked,final,ti,"['gu', 'sa']",ComplexPhrase_Testing,kick_waitress_sg_burglar_pl,burglar,vaem,0,kikim tumbat gutivaem,NA,NA,kikim tumbat tiguvaem,NA,176,Wed Jun 13 11:59:31 2018
6sc11,extrapolation,unmarked,final,ti,"['gu', 'sa']",ComplexPhrase_Testing,punch_cowboy_sg_burglar_pl,burglar,vaem,0,straikim negid gutivaem,NA,NA,straikim negid tiguvaem,NA,177,Wed Jun 13 11:59:37 2018
6sc11,extrapolation,unmarked,final,ti,"['gu', 'sa']",ComplexPhrase_Testing,point_chef_sg_waitress_pl,waitress,tumbat,0,poinim nork satitumbat,NA,NA,poinim nork tisatumbat,NA,178,Wed Jun 13 11:59:42 2018
6sc11,extrapolation,unmarked,final,ti,"['gu', 'sa']",ComplexPhrase_Testing,burglar,NA,NA,,vaem,NA,NA,vaem,NA,179,Wed Jun 13 11:59:45 2018
6sc11,extrapolation,unmarked,final,ti,"['gu', 'sa']",ComplexPhrase_Testing,punch_cowboy_sg_burglar_pl,burglar,vaem,0,straikim negid gutivaem,NA,NA,straikim negid tiguvaem,NA,180,Wed Jun 13 11:59:52 2018
6sc11,extrapolation,unmarked,final,ti,"['gu', 'sa']",ComplexPhrase_Testing,kick_waitress_sg_chef_pl,chef,nork,0,kikim tumbat gutinork,NA,NA,kikim tumbat tigunork,NA,181,Wed Jun 13 11:59:58 2018
6sc11,extrapolation,unmarked,final,ti,"['gu', 'sa']",ComplexPhrase_Testing,kick_chef_sg_waitress_pl,waitress,tumbat,0,kikim nork satitumbat,NA,NA,kikim nork tisatumbat,NA,182,Wed Jun 13 12:00:03 2018
6sc11,extrapolation,unmarked,final,ti,"['gu', 'sa']",ComplexPhrase_Testing,kick_chef_sg_waitress_pl,waitress,tumbat,0,kikim nork satitumbat,NA,NA,kikim nork tisatumbat,NA,183,Wed Jun 13 12:00:08 2018
6sc11,extrapolation,unmarked,final,ti,"['gu', 'sa']",ComplexPhrase_Testing,kick_waitress_sg_cowboy_pl,cowboy,negid,0,kikim tumbat satinegid,NA,NA,kikim tumbat tisanegid,NA,184,Wed Jun 13 12:00:13 2018
6sc11,extrapolation,unmarked,final,ti,"['gu', 'sa']",ComplexPhrase_Testing,kick_burglar_sg_chef_pl,chef,nork,0,kikim vaem gutinork,NA,NA,kikim vaem tigunork,NA,185,Wed Jun 13 12:00:17 2018
6sc11,extrapolation,unmarked,final,ti,"['gu', 'sa']",ComplexPhrase_Testing,point_cowboy_sg_chef_sg,NA,NA,,poinim negid gunork,NA,NA,poinim negid gunork,NA,186,Wed Jun 13 12:00:22 2018
6sc11,extrapolation,unmarked,final,ti,"['gu', 'sa']",ComplexPhrase_Testing,point_burglar_sg_cowboy_pl,cowboy,negid,0,poinim vaem satinegid,NA,NA,poinim vaem tisanegid,NA,187,Wed Jun 13 12:00:30 2018
6sc11,extrapolation,unmarked,final,ti,"['gu', 'sa']",ComplexPhrase_Testing,kick_burglar_sg_chef_pl,chef,nork,0,kikim vaem gutinork,NA,NA,kikim vaem tigunork,NA,188,Wed Jun 13 12:00:35 2018
6sc11,extrapolation,unmarked,final,ti,"['gu', 'sa']",ComplexPhrase_Testing,punch_chef_sg_waitress_pl,waitress,tumbat,0,straikim nork satitumbat,NA,NA,straikim nork tisatumbat,NA,189,Wed Jun 13 12:00:40 2018
6sc11,extrapolation,unmarked,final,ti,"['gu', 'sa']",ComplexPhrase_Testing,chef,NA,NA,,nork,NA,NA,nork,NA,190,Wed Jun 13 12:00:42 2018
6sc11,extrapolation,unmarked,final,ti,"['gu', 'sa']",ComplexPhrase_Testing,kick_waitress_sg_burglar_pl,burglar,vaem,0,kikim tumbat gutivaem,NA,NA,kikim tumbat tiguvaem,NA,191,Wed Jun 13 12:00:48 2018
6sc11,extrapolation,unmarked,final,ti,"['gu', 'sa']",ComplexPhrase_Testing,punch_chef_pl_waitress_sg,NA,NA,,straikim tinork satumbat,NA,NA,straikim tinork satumbat,NA,192,Wed Jun 13 12:00:53 2018
6sc11,extrapolation,unmarked,final,ti,"['gu', 'sa']",ComplexPhrase_Testing,kick_chef_sg_burglar_sg,NA,NA,,kikim nork guvaem,NA,NA,kikim nork guvaem,NA,193,Wed Jun 13 12:01:01 2018
6sc11,extrapolation,unmarked,final,ti,"['gu', 'sa']",ComplexPhrase_Testing,kick_waitress_sg_chef_pl,chef,nork,0,kikim tumbat gutinork,NA,NA,kikim tumbat tigunork,NA,194,Wed Jun 13 12:01:09 2018
6sc11,extrapolation,unmarked,final,ti,"['gu', 'sa']",ComplexPhrase_Testing,kick_chef_sg_waitress_sg,NA,NA,,kikim nork satumbat,NA,NA,kikim nork satumbat,NA,195,Wed Jun 13 12:01:13 2018
6sc11,extrapolation,unmarked,final,ti,"['gu', 'sa']",ComplexPhrase_Testing,point_cowboy_pl_chef_sg,NA,NA,,poinim tinegid gunork,NA,NA,poinim tinegid gunork,NA,196,Wed Jun 13 12:01:23 2018
6sc11,extrapolation,unmarked,final,ti,"['gu', 'sa']",ComplexPhrase_Testing,punch_burglar_sg_chef_pl,chef,nork,0,straikim vaem gutinork,NA,NA,straikim vaem tigunork,NA,197,Wed Jun 13 12:01:31 2018
6sc11,extrapolation,unmarked,final,ti,"['gu', 'sa']",ComplexPhrase_Testing,punch_cowboy_sg_burglar_pl,burglar,vaem,0,straikim negid gutivaem,NA,NA,straikim negid tiguvaem,NA,198,Wed Jun 13 12:01:36 2018
6sc11,extrapolation,unmarked,final,ti,"['gu', 'sa']",ComplexPhrase_Testing,kick_chef_sg_waitress_pl,waitress,tumbat,0,kikim nork satitumbat,NA,NA,kikim nork tisatumbat,NA,199,Wed Jun 13 12:01:40 2018
6sc11,extrapolation,unmarked,final,ti,"['gu', 'sa']",ComplexPhrase_Testing,point_waitress_sg_cowboy_pl,cowboy,negid,0,poinim tumbat satinegid,NA,NA,poinim tumbat tisanegid,NA,200,Wed Jun 13 12:01:45 2018
6sc11,extrapolation,unmarked,final,ti,"['gu', 'sa']",ComplexPhrase_Testing,point_chef_sg_waitress_sg,NA,NA,,poinim nork satumbat,NA,NA,poinim nork satumbat,NA,201,Wed Jun 13 12:01:50 2018
6sc11,extrapolation,unmarked,final,ti,"['gu', 'sa']",ComplexPhrase_Testing,punch_chef_sg_waitress_pl,waitress,tumbat,0,straikim nork satitumbat,NA,NA,straikim nork tisatumbat,NA,202,Wed Jun 13 12:01:57 2018
6sc11,extrapolation,unmarked,final,ti,"['gu', 'sa']",ComplexPhrase_Testing,point_waitress_sg_cowboy_pl,cowboy,negid,0,poinim tumbat satinegid,NA,NA,poinim tumbat tisanegid,NA,203,Wed Jun 13 12:02:01 2018
6sc11,extrapolation,unmarked,final,ti,"['gu', 'sa']",ComplexPhrase_Testing,point_burglar_sg_cowboy_pl,cowboy,negid,0,poinim vaem satinegid,NA,NA,poinim vaem tisanegid,NA,204,Wed Jun 13 12:02:06 2018
6sc11,extrapolation,unmarked,final,ti,"['gu', 'sa']",ComplexPhrase_Testing,kick_waitress_sg_burglar_pl,burglar,vaem,0,kikim tumbat gutivaem,NA,NA,kikim tumbat tiguvaem,NA,205,Wed Jun 13 12:02:10 2018
6sc11,extrapolation,unmarked,final,ti,"['gu', 'sa']",ComplexPhrase_Testing,kick_chef_sg_burglar_pl,burglar,vaem,0,kikim nork gutivaem,NA,NA,kikim nork tiguvaem,NA,206,Wed Jun 13 12:02:14 2018
6sc11,extrapolation,unmarked,final,ti,"['gu', 'sa']",ComplexPhrase_Testing,kick_chef_sg_burglar_pl,burglar,vaem,0,kikim nork gutivaem,NA,NA,kikim nork tiguvaem,NA,207,Wed Jun 13 12:02:19 2018
6sc11,extrapolation,unmarked,final,ti,"['gu', 'sa']",ComplexPhrase_Testing,kick_waitress_pl_chef_sg,NA,NA,,kikim titumbat gunork,NA,NA,kikim titumbat gunork,NA,208,Wed Jun 13 12:02:23 2018
6sc11,extrapolation,unmarked,final,ti,"['gu', 'sa']",ComplexPhrase_Testing,punch_burglar_sg_cowboy_sg,NA,NA,,straikim vaem sanegid,NA,NA,straikim vaem sanegid,NA,209,Wed Jun 13 12:02:32 2018
6sc11,extrapolation,unmarked,final,ti,"['gu', 'sa']",ComplexPhrase_Testing,punch_chef_sg_waitress_pl,waitress,tumbat,0,straikim nork satitumbat,NA,NA,straikim nork tisatumbat,NA,210,Wed Jun 13 12:02:39 2018
6sc11,extrapolation,unmarked,final,ti,"['gu', 'sa']",ComplexPhrase_Testing,waitress,NA,NA,,tumbat,NA,NA,tumbat,NA,211,Wed Jun 13 12:02:41 2018
6sc11,extrapolation,unmarked,final,ti,"['gu', 'sa']",ComplexPhrase_Testing,point_chef_sg_waitress_pl,waitress,tumbat,0,poinim nork satitumbat,NA,NA,poinim nork tisatumbat,NA,212,Wed Jun 13 12:02:47 2018
6sc11,extrapolation,unmarked,final,ti,"['gu', 'sa']",Questionnaire,NA,NA,NA,,NA,NA,NA,,male and female,MeaningCase,Wed Jun 13 12:04:30 2018
6sc11,extrapolation,unmarked,final,ti,"['gu', 'sa']",Questionnaire,NA,NA,NA,,NA,NA,NA,,two,MeaningNum,Wed Jun 13 12:04:30 2018
6sc11,extrapolation,unmarked,final,ti,"['gu', 'sa']",Questionnaire,NA,NA,NA,,NA,NA,NA,,before,OrderCaseNoun,Wed Jun 13 12:04:30 2018
6sc11,extrapolation,unmarked,final,ti,"['gu', 'sa']",Questionnaire,NA,NA,NA,,NA,NA,NA,,before,OrderNumNoun,Wed Jun 13 12:04:30 2018
6sc11,extrapolation,unmarked,final,ti,"['gu', 'sa']",Questionnaire,NA,NA,NA,,NA,NA,NA,,gu/sa after ti,OrderNumCase,Wed Jun 13 12:04:30 2018
6sc11,extrapolation,unmarked,final,ti,"['gu', 'sa']",Questionnaire,NA,NA,NA,,NA,NA,NA,,Tamil,Languages,Wed Jun 13 12:04:30 2018