ID,Condition,MajorityOrder,NounPosition,markerNum,markerCase,Phase,Meaning,NounItem,Noun,BinaryResp,InputSentence,Selection,TypedResponse,SpokenResponse,AnswerQuest,Trial,date&time
5nom06,extrapolation,unmarked,initial,ti,gu,Noun_Training,chef_two,NA,NA,,tumbat,NA,NA,,NA,1,Thu Feb  6 15:16:30 2020
5nom06,extrapolation,unmarked,initial,ti,gu,Noun_Training,chef_two,NA,NA,,tumbat,NA,NA,,NA,2,Thu Feb  6 15:16:35 2020
5nom06,extrapolation,unmarked,initial,ti,gu,Noun_Training,burglar_two,NA,NA,,vaem,NA,NA,,NA,3,Thu Feb  6 15:16:40 2020
5nom06,extrapolation,unmarked,initial,ti,gu,Noun_Training,cowboy_two,NA,NA,,nork,NA,NA,,NA,4,Thu Feb  6 15:16:45 2020
5nom06,extrapolation,unmarked,initial,ti,gu,Noun_Training,burglar_two,NA,NA,,vaem,NA,NA,,NA,5,Thu Feb  6 15:16:50 2020
5nom06,extrapolation,unmarked,initial,ti,gu,Noun_Training,chef_two,NA,NA,,tumbat,NA,NA,,NA,6,Thu Feb  6 15:16:55 2020
5nom06,extrapolation,unmarked,initial,ti,gu,Noun_Training,cowboy_two,NA,NA,,nork,NA,NA,,NA,7,Thu Feb  6 15:17:00 2020
5nom06,extrapolation,unmarked,initial,ti,gu,Noun_Training,burglar_two,NA,NA,,vaem,NA,NA,,NA,8,Thu Feb  6 15:17:04 2020
5nom06,extrapolation,unmarked,initial,ti,gu,Noun_Training,burglar_two,NA,NA,,vaem,NA,NA,,NA,9,Thu Feb  6 15:17:09 2020
5nom06,extrapolation,unmarked,initial,ti,gu,Noun_Training,waitress_two,NA,NA,,negid,NA,NA,,NA,10,Thu Feb  6 15:17:14 2020
5nom06,extrapolation,unmarked,initial,ti,gu,Noun_Training,waitress_two,NA,NA,,negid,NA,NA,,NA,11,Thu Feb  6 15:17:19 2020
5nom06,extrapolation,unmarked,initial,ti,gu,Noun_Training,cowboy_two,NA,NA,,nork,NA,NA,,NA,12,Thu Feb  6 15:17:24 2020
5nom06,extrapolation,unmarked,initial,ti,gu,Noun_Training,burglar_two,NA,NA,,vaem,NA,NA,,NA,13,Thu Feb  6 15:17:28 2020
5nom06,extrapolation,unmarked,initial,ti,gu,Noun_Training,chef_two,NA,NA,,tumbat,NA,NA,,NA,14,Thu Feb  6 15:17:33 2020
5nom06,extrapolation,unmarked,initial,ti,gu,Noun_Training,chef_two,NA,NA,,tumbat,NA,NA,,NA,15,Thu Feb  6 15:17:38 2020
5nom06,extrapolation,unmarked,initial,ti,gu,Noun_Training,cowboy_two,NA,NA,,nork,NA,NA,,NA,16,Thu Feb  6 15:17:43 2020
5nom06,extrapolation,unmarked,initial,ti,gu,Noun_Training,chef_two,NA,NA,,tumbat,NA,NA,,NA,17,Thu Feb  6 15:17:48 2020
5nom06,extrapolation,unmarked,initial,ti,gu,Noun_Training,cowboy_two,NA,NA,,nork,NA,NA,,NA,18,Thu Feb  6 15:17:53 2020
5nom06,extrapolation,unmarked,initial,ti,gu,Noun_Training,burglar_two,NA,NA,,vaem,NA,NA,,NA,19,Thu Feb  6 15:17:58 2020
5nom06,extrapolation,unmarked,initial,ti,gu,Noun_Training,waitress_two,NA,NA,,negid,NA,NA,,NA,20,Thu Feb  6 15:18:02 2020
5nom06,extrapolation,unmarked,initial,ti,gu,Noun_Training,waitress_two,NA,NA,,negid,NA,NA,,NA,21,Thu Feb  6 15:18:07 2020
5nom06,extrapolation,unmarked,initial,ti,gu,Noun_Training,waitress_two,NA,NA,,negid,NA,NA,,NA,22,Thu Feb  6 15:18:12 2020
5nom06,extrapolation,unmarked,initial,ti,gu,Noun_Training,waitress_two,NA,NA,,negid,NA,NA,,NA,23,Thu Feb  6 15:18:17 2020
5nom06,extrapolation,unmarked,initial,ti,gu,Noun_Training,cowboy_two,NA,NA,,nork,NA,NA,,NA,24,Thu Feb  6 15:18:22 2020
5nom06,extrapolation,unmarked,initial,ti,gu,Noun_Selection,chef_two,NA,NA,,tumbat,correct,NA,,NA,25,Thu Feb  6 15:18:44 2020
5nom06,extrapolation,unmarked,initial,ti,gu,Noun_Selection,chef_two,NA,NA,,tumbat,correct,NA,,NA,26,Thu Feb  6 15:18:47 2020
5nom06,extrapolation,unmarked,initial,ti,gu,Noun_Selection,burglar_two,NA,NA,,vaem,correct,NA,,NA,27,Thu Feb  6 15:18:50 2020
5nom06,extrapolation,unmarked,initial,ti,gu,Noun_Selection,waitress_two,NA,NA,,negid,correct,NA,,NA,28,Thu Feb  6 15:18:53 2020
5nom06,extrapolation,unmarked,initial,ti,gu,Noun_Selection,cowboy_two,NA,NA,,nork,correct,NA,,NA,29,Thu Feb  6 15:18:55 2020
5nom06,extrapolation,unmarked,initial,ti,gu,Noun_Selection,burglar_two,NA,NA,,vaem,correct,NA,,NA,30,Thu Feb  6 15:18:58 2020
5nom06,extrapolation,unmarked,initial,ti,gu,Noun_Selection,cowboy_two,NA,NA,,nork,correct,NA,,NA,31,Thu Feb  6 15:19:02 2020
5nom06,extrapolation,unmarked,initial,ti,gu,Noun_Selection,waitress_two,NA,NA,,negid,correct,NA,,NA,32,Thu Feb  6 15:19:04 2020
5nom06,extrapolation,unmarked,initial,ti,gu,Noun_Selection,burglar_two,NA,NA,,vaem,correct,NA,,NA,33,Thu Feb  6 15:19:08 2020
5nom06,extrapolation,unmarked,initial,ti,gu,Noun_Selection,chef_two,NA,NA,,tumbat,correct,NA,,NA,34,Thu Feb  6 15:19:11 2020
5nom06,extrapolation,unmarked,initial,ti,gu,Noun_Selection,cowboy_two,NA,NA,,nork,correct,NA,,NA,35,Thu Feb  6 15:19:14 2020
5nom06,extrapolation,unmarked,initial,ti,gu,Noun_Selection,waitress_two,NA,NA,,negid,correct,NA,,NA,36,Thu Feb  6 15:19:17 2020
5nom06,extrapolation,unmarked,initial,ti,gu,Noun_Testing,burglar_two,NA,NA,,vaem,NA,NA,vaem,NA,37,Thu Feb  6 15:19:39 2020
5nom06,extrapolation,unmarked,initial,ti,gu,Noun_Testing,chef_two,NA,NA,,tumbat,NA,NA,tumbat,NA,38,Thu Feb  6 15:19:43 2020
5nom06,extrapolation,unmarked,initial,ti,gu,Noun_Testing,waitress_two,NA,NA,,negid,NA,NA,negid,NA,39,Thu Feb  6 15:19:48 2020
5nom06,extrapolation,unmarked,initial,ti,gu,Noun_Testing,burglar_two,NA,NA,,vaem,NA,NA,vaem,NA,40,Thu Feb  6 15:19:52 2020
5nom06,extrapolation,unmarked,initial,ti,gu,Noun_Testing,cowboy_two,NA,NA,,nork,NA,NA,nork,NA,41,Thu Feb  6 15:19:56 2020
5nom06,extrapolation,unmarked,initial,ti,gu,Noun_Testing,cowboy_two,NA,NA,,nork,NA,NA,nork,NA,42,Thu Feb  6 15:20:00 2020
5nom06,extrapolation,unmarked,initial,ti,gu,Noun_Testing,waitress_two,NA,NA,,negid,NA,NA,negid,NA,43,Thu Feb  6 15:20:04 2020
5nom06,extrapolation,unmarked,initial,ti,gu,Noun_Testing,chef_two,NA,NA,,tumbat,NA,NA,tumbat,NA,44,Thu Feb  6 15:20:08 2020
5nom06,extrapolation,unmarked,initial,ti,gu,Noun_Testing,burglar_two,NA,NA,,vaem,NA,NA,vaem,NA,45,Thu Feb  6 15:20:12 2020
5nom06,extrapolation,unmarked,initial,ti,gu,Noun_Testing,chef_two,NA,NA,,tumbat,NA,NA,tumbat,NA,46,Thu Feb  6 15:20:16 2020
5nom06,extrapolation,unmarked,initial,ti,gu,Noun_Testing,waitress_two,NA,NA,,negid,NA,NA,negid,NA,47,Thu Feb  6 15:20:20 2020
5nom06,extrapolation,unmarked,initial,ti,gu,Noun_Testing,cowboy_two,NA,NA,,nork,NA,NA,nork,NA,48,Thu Feb  6 15:20:25 2020
5nom06,extrapolation,unmarked,initial,ti,gu,SimplePhrase_Training,cowboy_two,NA,NA,,nork,NA,NA,nork,NA,49,Thu Feb  6 15:21:06 2020
5nom06,extrapolation,unmarked,initial,ti,gu,SimplePhrase_Training,point_burglar_pl_cowboy_sg,NA,NA,,poinim vaemgu norkti,NA,NA,,NA,50,Thu Feb  6 15:21:14 2020
5nom06,extrapolation,unmarked,initial,ti,gu,SimplePhrase_Training,punch_waitress_pl_cowboy_sg,NA,NA,,straikim negidgu norkti,NA,NA,,NA,51,Thu Feb  6 15:21:22 2020
5nom06,extrapolation,unmarked,initial,ti,gu,SimplePhrase_Training,waitress_two,NA,NA,,negid,NA,NA,,NA,52,Thu Feb  6 15:21:26 2020
5nom06,extrapolation,unmarked,initial,ti,gu,SimplePhrase_Training,point_chef_pl_cowboy_sg,NA,NA,,poinim tumbatgu norkti,NA,NA,,NA,53,Thu Feb  6 15:21:34 2020
5nom06,extrapolation,unmarked,initial,ti,gu,SimplePhrase_Training,kick_burglar_pl_cowboy_pl,NA,NA,,kikim vaemgu nork,NA,NA,,NA,54,Thu Feb  6 15:21:41 2020
5nom06,extrapolation,unmarked,initial,ti,gu,SimplePhrase_Training,kick_cowboy_pl_waitress_pl,NA,NA,,kikim norkgu negid,NA,NA,,NA,55,Thu Feb  6 15:21:48 2020
5nom06,extrapolation,unmarked,initial,ti,gu,SimplePhrase_Training,burglar_two,NA,NA,,vaem,NA,NA,,NA,56,Thu Feb  6 15:21:53 2020
5nom06,extrapolation,unmarked,initial,ti,gu,SimplePhrase_Training,punch_cowboy_pl_chef_sg,NA,NA,,straikim norkgu tumbatti,NA,NA,,NA,57,Thu Feb  6 15:22:01 2020
5nom06,extrapolation,unmarked,initial,ti,gu,SimplePhrase_Training,kick_burglar_pl_waitress_sg,NA,NA,,kikim vaemgu negidti,NA,NA,,NA,58,Thu Feb  6 15:22:08 2020
5nom06,extrapolation,unmarked,initial,ti,gu,SimplePhrase_Training,point_waitress_pl_cowboy_sg,NA,NA,,poinim negidgu norkti,NA,NA,,NA,59,Thu Feb  6 15:22:16 2020
5nom06,extrapolation,unmarked,initial,ti,gu,SimplePhrase_Training,point_chef_pl_burglar_pl,NA,NA,,poinim tumbatgu vaem,NA,NA,,NA,60,Thu Feb  6 15:22:23 2020
5nom06,extrapolation,unmarked,initial,ti,gu,SimplePhrase_Training,punch_cowboy_pl_burglar_sg,NA,NA,,straikim norkgu vaemti,NA,NA,,NA,61,Thu Feb  6 15:22:31 2020
5nom06,extrapolation,unmarked,initial,ti,gu,SimplePhrase_Training,kick_waitress_pl_burglar_pl,NA,NA,,kikim negidgu vaem,NA,NA,,NA,62,Thu Feb  6 15:22:38 2020
5nom06,extrapolation,unmarked,initial,ti,gu,SimplePhrase_Training,punch_cowboy_pl_waitress_pl,NA,NA,,straikim norkgu negid,NA,NA,,NA,63,Thu Feb  6 15:22:45 2020
5nom06,extrapolation,unmarked,initial,ti,gu,SimplePhrase_Training,kick_chef_pl_burglar_sg,NA,NA,,kikim tumbatgu vaemti,NA,NA,,NA,64,Thu Feb  6 15:22:53 2020
5nom06,extrapolation,unmarked,initial,ti,gu,SimplePhrase_Training,point_cowboy_pl_chef_sg,NA,NA,,poinim norkgu tumbatti,NA,NA,,NA,65,Thu Feb  6 15:23:00 2020
5nom06,extrapolation,unmarked,initial,ti,gu,SimplePhrase_Training,kick_waitress_pl_chef_pl,NA,NA,,kikim negidgu tumbat,NA,NA,,NA,66,Thu Feb  6 15:23:08 2020
5nom06,extrapolation,unmarked,initial,ti,gu,SimplePhrase_Training,point_waitress_pl_chef_pl,NA,NA,,poinim negidgu tumbat,NA,NA,,NA,67,Thu Feb  6 15:23:15 2020
5nom06,extrapolation,unmarked,initial,ti,gu,SimplePhrase_Training,burglar_two,NA,NA,,vaem,NA,NA,,NA,68,Thu Feb  6 15:23:20 2020
5nom06,extrapolation,unmarked,initial,ti,gu,SimplePhrase_Training,punch_burglar_pl_waitress_pl,NA,NA,,straikim vaemgu negid,NA,NA,,NA,69,Thu Feb  6 15:23:27 2020
5nom06,extrapolation,unmarked,initial,ti,gu,SimplePhrase_Training,chef_two,NA,NA,,tumbat,NA,NA,,NA,70,Thu Feb  6 15:23:32 2020
5nom06,extrapolation,unmarked,initial,ti,gu,SimplePhrase_Training,point_burglar_pl_waitress_pl,NA,NA,,poinim vaemgu negid,NA,NA,,NA,71,Thu Feb  6 15:23:39 2020
5nom06,extrapolation,unmarked,initial,ti,gu,SimplePhrase_Training,punch_chef_pl_cowboy_pl,NA,NA,,straikim tumbatgu nork,NA,NA,,NA,72,Thu Feb  6 15:23:47 2020
5nom06,extrapolation,unmarked,initial,ti,gu,SimplePhrase_Training,punch_waitress_pl_chef_pl,NA,NA,,straikim negidgu tumbat,NA,NA,,NA,73,Thu Feb  6 15:23:54 2020
5nom06,extrapolation,unmarked,initial,ti,gu,SimplePhrase_Training,kick_cowboy_pl_chef_pl,NA,NA,,kikim norkgu tumbat,NA,NA,,NA,74,Thu Feb  6 15:24:02 2020
5nom06,extrapolation,unmarked,initial,ti,gu,SimplePhrase_Training,point_waitress_pl_burglar_sg,NA,NA,,poinim negidgu vaemti,NA,NA,,NA,75,Thu Feb  6 15:24:09 2020
5nom06,extrapolation,unmarked,initial,ti,gu,SimplePhrase_Training,point_burglar_pl_chef_sg,NA,NA,,poinim vaemgu tumbatti,NA,NA,,NA,76,Thu Feb  6 15:24:17 2020
5nom06,extrapolation,unmarked,initial,ti,gu,SimplePhrase_Training,punch_waitress_pl_burglar_pl,NA,NA,,straikim negidgu vaem,NA,NA,,NA,77,Thu Feb  6 15:24:24 2020
5nom06,extrapolation,unmarked,initial,ti,gu,SimplePhrase_Training,kick_waitress_pl_cowboy_pl,NA,NA,,kikim negidgu nork,NA,NA,,NA,78,Thu Feb  6 15:24:32 2020
5nom06,extrapolation,unmarked,initial,ti,gu,SimplePhrase_Training,punch_chef_pl_waitress_pl,NA,NA,,straikim tumbatgu negid,NA,NA,,NA,79,Thu Feb  6 15:24:39 2020
5nom06,extrapolation,unmarked,initial,ti,gu,SimplePhrase_Training,chef_two,NA,NA,,tumbat,NA,NA,,NA,80,Thu Feb  6 15:24:44 2020
5nom06,extrapolation,unmarked,initial,ti,gu,SimplePhrase_Training,point_cowboy_pl_burglar_sg,NA,NA,,poinim norkgu vaemti,NA,NA,,NA,81,Thu Feb  6 15:24:51 2020
5nom06,extrapolation,unmarked,initial,ti,gu,SimplePhrase_Training,kick_burglar_pl_chef_pl,NA,NA,,kikim vaemgu tumbat,NA,NA,,NA,82,Thu Feb  6 15:24:59 2020
5nom06,extrapolation,unmarked,initial,ti,gu,SimplePhrase_Training,punch_burglar_pl_cowboy_pl,NA,NA,,straikim vaemgu nork,NA,NA,,NA,83,Thu Feb  6 15:25:06 2020
5nom06,extrapolation,unmarked,initial,ti,gu,SimplePhrase_Training,kick_cowboy_pl_burglar_sg,NA,NA,,kikim norkgu vaemti,NA,NA,,NA,84,Thu Feb  6 15:25:14 2020
5nom06,extrapolation,unmarked,initial,ti,gu,SimplePhrase_Training,waitress_two,NA,NA,,negid,NA,NA,,NA,85,Thu Feb  6 15:25:19 2020
5nom06,extrapolation,unmarked,initial,ti,gu,SimplePhrase_Training,point_chef_pl_waitress_pl,NA,NA,,poinim tumbatgu negid,NA,NA,,NA,86,Thu Feb  6 15:25:26 2020
5nom06,extrapolation,unmarked,initial,ti,gu,SimplePhrase_Training,punch_burglar_pl_chef_sg,NA,NA,,straikim vaemgu tumbatti,NA,NA,,NA,87,Thu Feb  6 15:25:33 2020
5nom06,extrapolation,unmarked,initial,ti,gu,SimplePhrase_Training,point_cowboy_pl_waitress_sg,NA,NA,,poinim norkgu negidti,NA,NA,,NA,88,Thu Feb  6 15:25:41 2020
5nom06,extrapolation,unmarked,initial,ti,gu,SimplePhrase_Training,kick_chef_pl_waitress_sg,NA,NA,,kikim tumbatgu negidti,NA,NA,,NA,89,Thu Feb  6 15:25:48 2020
5nom06,extrapolation,unmarked,initial,ti,gu,SimplePhrase_Training,kick_chef_pl_cowboy_sg,NA,NA,,kikim tumbatgu norkti,NA,NA,,NA,90,Thu Feb  6 15:25:56 2020
5nom06,extrapolation,unmarked,initial,ti,gu,SimplePhrase_Training,punch_chef_pl_burglar_sg,NA,NA,,straikim tumbatgu vaemti,NA,NA,,NA,91,Thu Feb  6 15:26:04 2020
5nom06,extrapolation,unmarked,initial,ti,gu,SimplePhrase_Training,cowboy_two,NA,NA,,nork,NA,NA,,NA,92,Thu Feb  6 15:26:09 2020
5nom06,extrapolation,unmarked,initial,ti,gu,SimplePhrase_Comprehension,point_burglar_pl_chef_pl,NA,NA,,poinim vaemgu tumbat,correct,NA,,NA,93,Thu Feb  6 15:26:32 2020
5nom06,extrapolation,unmarked,initial,ti,gu,SimplePhrase_Comprehension,kick_burglar_pl_waitress_pl,NA,NA,,kikim vaemgu negid,correct,NA,,NA,94,Thu Feb  6 15:26:37 2020
5nom06,extrapolation,unmarked,initial,ti,gu,SimplePhrase_Comprehension,point_cowboy_pl_chef_pl,NA,NA,,poinim norkgu tumbat,correct,NA,,NA,95,Thu Feb  6 15:26:43 2020
5nom06,extrapolation,unmarked,initial,ti,gu,SimplePhrase_Comprehension,point_burglar_pl_cowboy_pl,NA,NA,,poinim vaemgu nork,correct,NA,,NA,96,Thu Feb  6 15:26:48 2020
5nom06,extrapolation,unmarked,initial,ti,gu,SimplePhrase_Comprehension,punch_burglar_pl_cowboy_sg,NA,NA,,straikim vaemgu norkti,correct,NA,,NA,97,Thu Feb  6 15:26:54 2020
5nom06,extrapolation,unmarked,initial,ti,gu,SimplePhrase_Comprehension,point_waitress_pl_burglar_pl,NA,NA,,poinim negidgu vaem,correct,NA,,NA,98,Thu Feb  6 15:27:00 2020
5nom06,extrapolation,unmarked,initial,ti,gu,SimplePhrase_Comprehension,point_burglar_pl_waitress_sg,NA,NA,,poinim vaemgu negidti,correct,NA,,NA,99,Thu Feb  6 15:27:08 2020
5nom06,extrapolation,unmarked,initial,ti,gu,SimplePhrase_Comprehension,point_waitress_pl_chef_sg,NA,NA,,poinim negidgu tumbatti,correct,NA,,NA,100,Thu Feb  6 15:27:13 2020
5nom06,extrapolation,unmarked,initial,ti,gu,SimplePhrase_Comprehension,point_chef_pl_burglar_sg,NA,NA,,poinim tumbatgu vaemti,correct,NA,,NA,101,Thu Feb  6 15:27:19 2020
5nom06,extrapolation,unmarked,initial,ti,gu,SimplePhrase_Comprehension,kick_chef_pl_burglar_pl,NA,NA,,kikim tumbatgu vaem,correct,NA,,NA,102,Thu Feb  6 15:27:25 2020
5nom06,extrapolation,unmarked,initial,ti,gu,SimplePhrase_Comprehension,point_waitress_pl_cowboy_pl,NA,NA,,poinim negidgu nork,correct,NA,,NA,103,Thu Feb  6 15:27:30 2020
5nom06,extrapolation,unmarked,initial,ti,gu,SimplePhrase_Comprehension,kick_cowboy_pl_burglar_pl,NA,NA,,kikim norkgu vaem,correct,NA,,NA,104,Thu Feb  6 15:27:38 2020
5nom06,extrapolation,unmarked,initial,ti,gu,SimplePhrase_Comprehension,punch_burglar_pl_waitress_sg,NA,NA,,straikim vaemgu negidti,correct,NA,,NA,105,Thu Feb  6 15:27:44 2020
5nom06,extrapolation,unmarked,initial,ti,gu,SimplePhrase_Comprehension,point_cowboy_pl_burglar_pl,NA,NA,,poinim norkgu vaem,correct,NA,,NA,106,Thu Feb  6 15:27:50 2020
5nom06,extrapolation,unmarked,initial,ti,gu,SimplePhrase_Comprehension,kick_cowboy_pl_chef_sg,NA,NA,,kikim norkgu tumbatti,correct,NA,,NA,107,Thu Feb  6 15:27:59 2020
5nom06,extrapolation,unmarked,initial,ti,gu,SimplePhrase_Comprehension,kick_waitress_pl_chef_sg,NA,NA,,kikim negidgu tumbatti,correct,NA,,NA,108,Thu Feb  6 15:28:05 2020
5nom06,extrapolation,unmarked,initial,ti,gu,SimplePhrase_Comprehension,kick_burglar_pl_cowboy_sg,NA,NA,,kikim vaemgu norkti,correct,NA,,NA,109,Thu Feb  6 15:28:11 2020
5nom06,extrapolation,unmarked,initial,ti,gu,SimplePhrase_Comprehension,punch_waitress_pl_cowboy_pl,NA,NA,,straikim negidgu nork,correct,NA,,NA,110,Thu Feb  6 15:28:17 2020
5nom06,extrapolation,unmarked,initial,ti,gu,SimplePhrase_Comprehension,kick_waitress_pl_cowboy_sg,NA,NA,,kikim negidgu norkti,correct,NA,,NA,111,Thu Feb  6 15:28:23 2020
5nom06,extrapolation,unmarked,initial,ti,gu,SimplePhrase_Comprehension,kick_burglar_pl_chef_sg,NA,NA,,kikim vaemgu tumbatti,correct,NA,,NA,112,Thu Feb  6 15:28:29 2020
5nom06,extrapolation,unmarked,initial,ti,gu,SimplePhrase_Typing,kick_burglar_pl_cowboy_pl,NA,NA,,kikim vaemgu nork,NA,kikim vaemgu nork,,NA,113,Thu Feb  6 15:29:51 2020
5nom06,extrapolation,unmarked,initial,ti,gu,SimplePhrase_Typing,punch_waitress_pl_burglar_pl,NA,NA,,straikim negidgu vaem,NA,straikim negidgu vaem,,NA,114,Thu Feb  6 15:30:05 2020
5nom06,extrapolation,unmarked,initial,ti,gu,SimplePhrase_Typing,waitress_two,NA,NA,,negid,NA,negid,,NA,115,Thu Feb  6 15:30:11 2020
5nom06,extrapolation,unmarked,initial,ti,gu,SimplePhrase_Typing,point_waitress_pl_chef_pl,NA,NA,,poinim negidgu tumbat,NA,poinim negidgu tumbat,,NA,116,Thu Feb  6 15:30:23 2020
5nom06,extrapolation,unmarked,initial,ti,gu,SimplePhrase_Typing,punch_burglar_pl_cowboy_pl,NA,NA,,straikim vaemgu nork,NA,straikim vaemgu nork,,NA,117,Thu Feb  6 15:30:32 2020
5nom06,extrapolation,unmarked,initial,ti,gu,SimplePhrase_Typing,point_waitress_pl_burglar_sg,NA,NA,,poinim negidgu vaemti,NA,poinim negidgu vaemti,,NA,118,Thu Feb  6 15:30:43 2020
5nom06,extrapolation,unmarked,initial,ti,gu,SimplePhrase_Typing,kick_cowboy_pl_burglar_sg,NA,NA,,kikim norkgu vaemti,NA,kikim norkgu vaemti,,NA,119,Thu Feb  6 15:30:52 2020
5nom06,extrapolation,unmarked,initial,ti,gu,SimplePhrase_Typing,kick_burglar_pl_waitress_sg,NA,NA,,kikim vaemgu negidti,NA,kikim vaemgu negidti,,NA,120,Thu Feb  6 15:31:04 2020
5nom06,extrapolation,unmarked,initial,ti,gu,SimplePhrase_Typing,cowboy_two,NA,NA,,nork,NA,nork,,NA,121,Thu Feb  6 15:31:12 2020
5nom06,extrapolation,unmarked,initial,ti,gu,SimplePhrase_Typing,burglar_two,NA,NA,,vaem,NA,vaem,,NA,122,Thu Feb  6 15:31:20 2020
5nom06,extrapolation,unmarked,initial,ti,gu,SimplePhrase_Typing,punch_cowboy_pl_chef_sg,NA,NA,,straikim norkgu tumbatti,NA,straikim norkgu tumbatti,,NA,123,Thu Feb  6 15:31:32 2020
5nom06,extrapolation,unmarked,initial,ti,gu,SimplePhrase_Typing,chef_two,NA,NA,,tumbat,NA,tumbat,,NA,124,Thu Feb  6 15:31:41 2020
5nom06,extrapolation,unmarked,initial,ti,gu,ComplexPhrase_Typing,punch_burglar_sg_cowboy_pl,cowboy,vaem,0,straikim vaemguti nork,NA,straikim vaemguti nork,,NA,125,Thu Feb  6 15:32:31 2020
5nom06,extrapolation,unmarked,initial,ti,gu,ComplexPhrase_Typing,point_waitress_sg_burglar_pl,burglar,negid,0,poinim negidguti vaem,NA,poinim negidguti vaem,,NA,126,Thu Feb  6 15:32:42 2020
5nom06,extrapolation,unmarked,initial,ti,gu,ComplexPhrase_Typing,kick_cowboy_sg_burglar_pl,burglar,nork,0,kikim norkguti vaem,NA,kikim norkguti vaem,,NA,127,Thu Feb  6 15:32:52 2020
5nom06,extrapolation,unmarked,initial,ti,gu,ComplexPhrase_Typing,point_chef_sg_cowboy_pl,cowboy,tumbat,1,poinim tumbatguti nork,NA,poinim tumbatguti nork,,NA,128,Thu Feb  6 15:33:12 2020
5nom06,extrapolation,unmarked,initial,ti,gu,ComplexPhrase_Typing,point_waitress_sg_burglar_pl,burglar,negid,0,poinim negidguti vaem,NA,poinim negidguti vaem,,NA,129,Thu Feb  6 15:33:24 2020
5nom06,extrapolation,unmarked,initial,ti,gu,ComplexPhrase_Typing,punch_burglar_sg_cowboy_pl,cowboy,vaem,0,straikim vaemguti nork,NA,straikim vaemguti nork,,NA,130,Thu Feb  6 15:33:30 2020
5nom06,extrapolation,unmarked,initial,ti,gu,ComplexPhrase_Typing,kick_cowboy_sg_burglar_pl,burglar,nork,0,kikim norkguti vaem,NA,kikim norkguti vaem,,NA,131,Thu Feb  6 15:33:43 2020
5nom06,extrapolation,unmarked,initial,ti,gu,ComplexPhrase_Typing,point_chef_sg_cowboy_pl,NA,NA,,poinim tumbatguti nork,NA,poinim tumbati nork,,NA,132,Thu Feb  6 15:34:03 2020
5nom06,extrapolation,unmarked,initial,ti,gu,ComplexPhrase_Typing,kick_cowboy_sg_burglar_pl,burglar,nork,0,kikim norkguti vaem,NA,kikim norkguti vaem,,NA,133,Thu Feb  6 15:34:09 2020
5nom06,extrapolation,unmarked,initial,ti,gu,ComplexPhrase_Typing,point_chef_sg_cowboy_pl,cowboy,tumbat,0,poinim tumbatguti nork,NA,poinim tumbatguti nork,,NA,134,Thu Feb  6 15:34:15 2020
5nom06,extrapolation,unmarked,initial,ti,gu,ComplexPhrase_Typing,punch_burglar_sg_cowboy_pl,cowboy,vaem,0,straikim vaemguti nork,NA,straikim vaemguti nork,,NA,135,Thu Feb  6 15:34:22 2020
5nom06,extrapolation,unmarked,initial,ti,gu,ComplexPhrase_Typing,point_waitress_sg_burglar_pl,burglar,negid,0,poinim negidguti vaem,NA,poinim negidguti vaem,,NA,136,Thu Feb  6 15:34:28 2020
5nom06,extrapolation,unmarked,initial,ti,gu,ComplexPhrase_Testing,burglar_two,NA,NA,,vaem,NA,NA,vaem,NA,137,Thu Feb  6 15:35:11 2020
5nom06,extrapolation,unmarked,initial,ti,gu,ComplexPhrase_Testing,point_waitress_sg_burglar_pl,burglar,negid,0,poinim negidguti vaem,NA,NA,poinim negidguti vaem,NA,138,Thu Feb  6 15:35:19 2020
5nom06,extrapolation,unmarked,initial,ti,gu,ComplexPhrase_Testing,point_waitress_sg_chef_pl,chef,negid,0,poinim negidguti tumbat,NA,NA,poinim negidguti tumbat,NA,139,Thu Feb  6 15:35:25 2020
5nom06,extrapolation,unmarked,initial,ti,gu,ComplexPhrase_Testing,point_chef_pl_burglar_sg,NA,NA,,poinim tumbatgu vaemti,NA,NA,poinim tumbatgu vaemti,NA,140,Thu Feb  6 15:35:32 2020
5nom06,extrapolation,unmarked,initial,ti,gu,ComplexPhrase_Testing,punch_chef_sg_waitress_pl,waitress,tumbat,0,straikim tumbatguti negid,NA,NA,straikim tumbatguti negid,NA,141,Thu Feb  6 15:35:41 2020
5nom06,extrapolation,unmarked,initial,ti,gu,ComplexPhrase_Testing,chef_two,NA,NA,,tumbat,NA,NA,tumbat,NA,142,Thu Feb  6 15:35:44 2020
5nom06,extrapolation,unmarked,initial,ti,gu,ComplexPhrase_Testing,kick_waitress_sg_burglar_pl,burglar,negid,0,kikim negidguti vaem,NA,NA,kikim negidguti vaem,NA,143,Thu Feb  6 15:35:52 2020
5nom06,extrapolation,unmarked,initial,ti,gu,ComplexPhrase_Testing,kick_cowboy_sg_burglar_pl,burglar,nork,0,kikim norkguti vaem,NA,NA,kikim norkguti vaem,NA,144,Thu Feb  6 15:35:56 2020
5nom06,extrapolation,unmarked,initial,ti,gu,ComplexPhrase_Testing,punch_chef_pl_cowboy_pl,NA,NA,,straikim tumbatgu nork,NA,NA,straikim tumbatgu nork,NA,145,Thu Feb  6 15:36:00 2020
5nom06,extrapolation,unmarked,initial,ti,gu,ComplexPhrase_Testing,punch_burglar_pl_chef_pl,NA,NA,,straikim vaemgu tumbat,NA,NA,straikim vaemgu tumbat,NA,146,Thu Feb  6 15:36:08 2020
5nom06,extrapolation,unmarked,initial,ti,gu,ComplexPhrase_Testing,kick_cowboy_sg_chef_pl,chef,nork,0,kikim norkguti tumbat,NA,NA,kikim norkguti tumbat,NA,147,Thu Feb  6 15:36:18 2020
5nom06,extrapolation,unmarked,initial,ti,gu,ComplexPhrase_Testing,point_burglar_pl_cowboy_sg,NA,NA,,poinim vaemgu norkti,NA,NA,poinim vaemgu norkti,NA,148,Thu Feb  6 15:36:23 2020
5nom06,extrapolation,unmarked,initial,ti,gu,ComplexPhrase_Testing,punch_burglar_sg_chef_pl,chef,vaem,0,straikim vaemguti tumbat,NA,NA,straikim vaemguti tumbat,NA,149,Thu Feb  6 15:36:32 2020
5nom06,extrapolation,unmarked,initial,ti,gu,ComplexPhrase_Testing,kick_cowboy_pl_waitress_sg,NA,NA,,kikim norkgu negidti,NA,NA,kikim norkgu negidti,NA,150,Thu Feb  6 15:36:38 2020
5nom06,extrapolation,unmarked,initial,ti,gu,ComplexPhrase_Testing,point_burglar_sg_chef_pl,chef,vaem,0,poinim vaemguti tumbat,NA,NA,poinim vaemguti tumbat,NA,151,Thu Feb  6 15:36:49 2020
5nom06,extrapolation,unmarked,initial,ti,gu,ComplexPhrase_Testing,point_cowboy_sg_burglar_pl,burglar,nork,0,poinim norkguti vaem,NA,NA,poinim norkguti vaem,NA,152,Thu Feb  6 15:36:54 2020
5nom06,extrapolation,unmarked,initial,ti,gu,ComplexPhrase_Testing,point_waitress_sg_chef_pl,chef,negid,0,poinim negidguti tumbat,NA,NA,poinim negidguti tumbat,NA,153,Thu Feb  6 15:37:00 2020
5nom06,extrapolation,unmarked,initial,ti,gu,ComplexPhrase_Testing,point_burglar_sg_chef_pl,chef,vaem,0,poinim vaemguti tumbat,NA,NA,poinim vaemguti tumbat,NA,154,Thu Feb  6 15:37:03 2020
5nom06,extrapolation,unmarked,initial,ti,gu,ComplexPhrase_Testing,point_chef_sg_cowboy_pl,cowboy,tumbat,0,poinim tumbatguti nork,NA,NA,poinim tumbatguti nork,NA,155,Thu Feb  6 15:37:07 2020
5nom06,extrapolation,unmarked,initial,ti,gu,ComplexPhrase_Testing,kick_waitress_sg_burglar_pl,burglar,negid,0,kikim negidguti vaem,NA,NA,kikim negidguti vaem,NA,156,Thu Feb  6 15:37:14 2020
5nom06,extrapolation,unmarked,initial,ti,gu,ComplexPhrase_Testing,punch_cowboy_pl_burglar_pl,NA,NA,,straikim norkgu vaem,NA,NA,straikim norkgu vaem,NA,157,Thu Feb  6 15:37:19 2020
5nom06,extrapolation,unmarked,initial,ti,gu,ComplexPhrase_Testing,kick_chef_sg_waitress_pl,waitress,tumbat,0,kikim tumbatguti negid,NA,NA,kikim tumbatguti negid,NA,158,Thu Feb  6 15:37:28 2020
5nom06,extrapolation,unmarked,initial,ti,gu,ComplexPhrase_Testing,punch_chef_sg_waitress_pl,waitress,tumbat,0,straikim tumbatguti negid,NA,NA,straikim tumbatguti nork,NA,159,Thu Feb  6 15:37:34 2020
5nom06,extrapolation,unmarked,initial,ti,gu,ComplexPhrase_Testing,punch_burglar_sg_chef_pl,chef,vaem,0,straikim vaemguti tumbat,NA,NA,straikim vaemguti tumbat,NA,160,Thu Feb  6 15:37:40 2020
5nom06,extrapolation,unmarked,initial,ti,gu,ComplexPhrase_Testing,point_waitress_sg_burglar_pl,burglar,negid,0,poinim negidguti vaem,NA,NA,poinim negidguti vaem,NA,161,Thu Feb  6 15:37:45 2020
5nom06,extrapolation,unmarked,initial,ti,gu,ComplexPhrase_Testing,punch_burglar_sg_waitress_pl,waitress,vaem,0,straikim vaemguti negid,NA,NA,straikim vaemguti negid,NA,162,Thu Feb  6 15:37:52 2020
5nom06,extrapolation,unmarked,initial,ti,gu,ComplexPhrase_Testing,punch_burglar_sg_waitress_pl,waitress,vaem,0,straikim vaemguti negid,NA,NA,straikim vaemguti negid,NA,163,Thu Feb  6 15:37:57 2020
5nom06,extrapolation,unmarked,initial,ti,gu,ComplexPhrase_Testing,cowboy_two,NA,NA,,nork,NA,NA,nork,NA,164,Thu Feb  6 15:37:59 2020
5nom06,extrapolation,unmarked,initial,ti,gu,ComplexPhrase_Testing,point_chef_sg_cowboy_pl,cowboy,tumbat,0,poinim tumbatguti nork,NA,NA,poinim tumbatguti nork,NA,165,Thu Feb  6 15:38:05 2020
5nom06,extrapolation,unmarked,initial,ti,gu,ComplexPhrase_Testing,waitress_two,NA,NA,,negid,NA,NA,negid,NA,166,Thu Feb  6 15:38:10 2020
5nom06,extrapolation,unmarked,initial,ti,gu,ComplexPhrase_Testing,kick_chef_pl_waitress_pl,NA,NA,,kikim tumbatgu negid,NA,NA,kikim tumbatgu negid,NA,167,Thu Feb  6 15:38:17 2020
5nom06,extrapolation,unmarked,initial,ti,gu,ComplexPhrase_Testing,kick_waitress_sg_burglar_pl,burglar,negid,0,kikim negidguti vaem,NA,NA,kikim negidguti vaem,NA,168,Thu Feb  6 15:38:25 2020
5nom06,extrapolation,unmarked,initial,ti,gu,ComplexPhrase_Testing,kick_cowboy_sg_burglar_pl,burglar,nork,0,kikim norkguti vaem,NA,NA,kikim norkguti vaem,NA,169,Thu Feb  6 15:38:34 2020
5nom06,extrapolation,unmarked,initial,ti,gu,ComplexPhrase_Testing,kick_cowboy_sg_burglar_pl,burglar,nork,0,kikim norkguti vaem,NA,NA,kikim norkguti vaem,NA,170,Thu Feb  6 15:38:37 2020
5nom06,extrapolation,unmarked,initial,ti,gu,ComplexPhrase_Testing,point_cowboy_pl_chef_sg,NA,NA,,poinim norkgu tumbatti,NA,NA,poinim norkgu tumbatti,NA,171,Thu Feb  6 15:38:46 2020
5nom06,extrapolation,unmarked,initial,ti,gu,ComplexPhrase_Testing,point_chef_sg_cowboy_pl,cowboy,tumbat,0,poinim tumbatguti nork,NA,NA,poinim tumbatguti nork,NA,172,Thu Feb  6 15:38:53 2020
5nom06,extrapolation,unmarked,initial,ti,gu,ComplexPhrase_Testing,punch_chef_sg_waitress_pl,waitress,tumbat,0,straikim tumbatguti negid,NA,NA,straikim tumbatguti negid,NA,173,Thu Feb  6 15:38:57 2020
5nom06,extrapolation,unmarked,initial,ti,gu,ComplexPhrase_Testing,point_waitress_sg_chef_pl,chef,negid,0,poinim negidguti tumbat,NA,NA,poinim negidguti tumbat,NA,174,Thu Feb  6 15:39:00 2020
5nom06,extrapolation,unmarked,initial,ti,gu,ComplexPhrase_Testing,point_waitress_sg_burglar_pl,burglar,negid,0,poinim negidguti vaem,NA,NA,poinim negidguti vaem,NA,175,Thu Feb  6 15:39:03 2020
5nom06,extrapolation,unmarked,initial,ti,gu,ComplexPhrase_Testing,punch_burglar_sg_waitress_pl,waitress,vaem,0,straikim vaemguti negid,NA,NA,straikim vaemguti negid,NA,176,Thu Feb  6 15:39:07 2020
5nom06,extrapolation,unmarked,initial,ti,gu,ComplexPhrase_Testing,kick_cowboy_sg_chef_pl,chef,nork,0,kikim norkguti tumbat,NA,NA,kikim norkguti tumbat,NA,177,Thu Feb  6 15:39:12 2020
5nom06,extrapolation,unmarked,initial,ti,gu,ComplexPhrase_Testing,point_cowboy_sg_burglar_pl,burglar,nork,0,poinim norkguti vaem,NA,NA,poinim norkguti vaem,NA,178,Thu Feb  6 15:39:18 2020
5nom06,extrapolation,unmarked,initial,ti,gu,ComplexPhrase_Testing,kick_chef_sg_waitress_pl,waitress,tumbat,0,kikim tumbatguti negid,NA,NA,kikim tumbatguti negid,NA,179,Thu Feb  6 15:39:23 2020
5nom06,extrapolation,unmarked,initial,ti,gu,ComplexPhrase_Testing,point_burglar_sg_chef_pl,chef,vaem,0,poinim vaemguti tumbat,NA,NA,poinim vaemguti tumbat,NA,180,Thu Feb  6 15:39:27 2020
5nom06,extrapolation,unmarked,initial,ti,gu,ComplexPhrase_Testing,kick_chef_sg_waitress_pl,waitress,tumbat,0,kikim tumbatguti negid,NA,NA,kikim tumbatguti negid,NA,181,Thu Feb  6 15:39:33 2020
5nom06,extrapolation,unmarked,initial,ti,gu,ComplexPhrase_Testing,kick_cowboy_sg_chef_pl,chef,nork,0,kikim norkguti tumbat,NA,NA,kikim norkguti tumbat,NA,182,Thu Feb  6 15:39:41 2020
5nom06,extrapolation,unmarked,initial,ti,gu,ComplexPhrase_Testing,kick_burglar_pl_cowboy_sg,NA,NA,,kikim vaemgu norkti,NA,NA,kikim vaemgu norkti,NA,183,Thu Feb  6 15:39:46 2020
5nom06,extrapolation,unmarked,initial,ti,gu,ComplexPhrase_Testing,punch_chef_pl_burglar_sg,NA,NA,,straikim tumbatgu vaemti,NA,NA,straikim tumbatgu vaemti,NA,184,Thu Feb  6 15:39:53 2020
5nom06,extrapolation,unmarked,initial,ti,gu,ComplexPhrase_Testing,punch_burglar_sg_chef_pl,chef,vaem,0,straikim vaemguti tumbat,NA,NA,straikim vaemguti tumbat,NA,185,Thu Feb  6 15:40:03 2020
5nom06,extrapolation,unmarked,initial,ti,gu,ComplexPhrase_Testing,point_burglar_pl_cowboy_pl,NA,NA,,poinim vaemgu nork,NA,NA,poinim vaemgu nork,NA,186,Thu Feb  6 15:40:10 2020
5nom06,extrapolation,unmarked,initial,ti,gu,ComplexPhrase_Testing,point_cowboy_sg_burglar_pl,burglar,nork,0,poinim norkguti vaem,NA,NA,poinim norkguti vaem,NA,187,Thu Feb  6 15:40:19 2020
5nom06,extrapolation,unmarked,initial,ti,gu,ComplexPhrase_Testing,kick_burglar_pl_chef_pl,NA,NA,,kikim vaemgu tumbat,NA,NA,kikim vaemgu tumbat,NA,188,Thu Feb  6 15:40:24 2020
5nom06,extrapolation,unmarked,initial,ti,gu,Questionnaire,NA,NA,,,NA,NA,NA,,is doing,MeaningCase,Thu Feb  6 15:41:17 2020
5nom06,extrapolation,unmarked,initial,ti,gu,Questionnaire,NA,NA,,,NA,NA,NA,,singular,MeaningNum,Thu Feb  6 15:41:17 2020
5nom06,extrapolation,unmarked,initial,ti,gu,Questionnaire,NA,NA,,,NA,NA,NA,,after,OrderCaseNoun,Thu Feb  6 15:41:17 2020
5nom06,extrapolation,unmarked,initial,ti,gu,Questionnaire,NA,NA,,,NA,NA,NA,,after,OrderNumNoun,Thu Feb  6 15:41:17 2020
5nom06,extrapolation,unmarked,initial,ti,gu,Questionnaire,NA,NA,,,NA,NA,NA,,English,Languages,Thu Feb  6 15:41:17 2020