ID,Condition,MajorityOrder,NounPosition,markerNum,markerCase,Phase,Meaning,NounItem,Noun,BinaryResp,InputSentence,Selection,TypedResponse,SpokenResponse,AnswerQuest,Trial,date&time
6nom11,extrapolation,unmarked,final,sa,gu,Noun_Training,cowboy_two,NA,NA,,vaem,NA,NA,,NA,1,Thu Feb 13 14:04:13 2020
6nom11,extrapolation,unmarked,final,sa,gu,Noun_Training,cowboy_two,NA,NA,,vaem,NA,NA,,NA,2,Thu Feb 13 14:04:18 2020
6nom11,extrapolation,unmarked,final,sa,gu,Noun_Training,waitress_two,NA,NA,,tumbat,NA,NA,,NA,3,Thu Feb 13 14:04:23 2020
6nom11,extrapolation,unmarked,final,sa,gu,Noun_Training,burglar_two,NA,NA,,negid,NA,NA,,NA,4,Thu Feb 13 14:04:27 2020
6nom11,extrapolation,unmarked,final,sa,gu,Noun_Training,chef_two,NA,NA,,nork,NA,NA,,NA,5,Thu Feb 13 14:04:32 2020
6nom11,extrapolation,unmarked,final,sa,gu,Noun_Training,chef_two,NA,NA,,nork,NA,NA,,NA,6,Thu Feb 13 14:04:37 2020
6nom11,extrapolation,unmarked,final,sa,gu,Noun_Training,cowboy_two,NA,NA,,vaem,NA,NA,,NA,7,Thu Feb 13 14:04:42 2020
6nom11,extrapolation,unmarked,final,sa,gu,Noun_Training,burglar_two,NA,NA,,negid,NA,NA,,NA,8,Thu Feb 13 14:04:47 2020
6nom11,extrapolation,unmarked,final,sa,gu,Noun_Training,cowboy_two,NA,NA,,vaem,NA,NA,,NA,9,Thu Feb 13 14:04:52 2020
6nom11,extrapolation,unmarked,final,sa,gu,Noun_Training,waitress_two,NA,NA,,tumbat,NA,NA,,NA,10,Thu Feb 13 14:04:56 2020
6nom11,extrapolation,unmarked,final,sa,gu,Noun_Training,burglar_two,NA,NA,,negid,NA,NA,,NA,11,Thu Feb 13 14:05:01 2020
6nom11,extrapolation,unmarked,final,sa,gu,Noun_Training,cowboy_two,NA,NA,,vaem,NA,NA,,NA,12,Thu Feb 13 14:05:06 2020
6nom11,extrapolation,unmarked,final,sa,gu,Noun_Training,burglar_two,NA,NA,,negid,NA,NA,,NA,13,Thu Feb 13 14:05:11 2020
6nom11,extrapolation,unmarked,final,sa,gu,Noun_Training,waitress_two,NA,NA,,tumbat,NA,NA,,NA,14,Thu Feb 13 14:05:16 2020
6nom11,extrapolation,unmarked,final,sa,gu,Noun_Training,burglar_two,NA,NA,,negid,NA,NA,,NA,15,Thu Feb 13 14:05:20 2020
6nom11,extrapolation,unmarked,final,sa,gu,Noun_Training,waitress_two,NA,NA,,tumbat,NA,NA,,NA,16,Thu Feb 13 14:05:25 2020
6nom11,extrapolation,unmarked,final,sa,gu,Noun_Training,burglar_two,NA,NA,,negid,NA,NA,,NA,17,Thu Feb 13 14:05:30 2020
6nom11,extrapolation,unmarked,final,sa,gu,Noun_Training,chef_two,NA,NA,,nork,NA,NA,,NA,18,Thu Feb 13 14:05:35 2020
6nom11,extrapolation,unmarked,final,sa,gu,Noun_Training,chef_two,NA,NA,,nork,NA,NA,,NA,19,Thu Feb 13 14:05:40 2020
6nom11,extrapolation,unmarked,final,sa,gu,Noun_Training,waitress_two,NA,NA,,tumbat,NA,NA,,NA,20,Thu Feb 13 14:05:45 2020
6nom11,extrapolation,unmarked,final,sa,gu,Noun_Training,chef_two,NA,NA,,nork,NA,NA,,NA,21,Thu Feb 13 14:05:50 2020
6nom11,extrapolation,unmarked,final,sa,gu,Noun_Training,chef_two,NA,NA,,nork,NA,NA,,NA,22,Thu Feb 13 14:05:55 2020
6nom11,extrapolation,unmarked,final,sa,gu,Noun_Training,waitress_two,NA,NA,,tumbat,NA,NA,,NA,23,Thu Feb 13 14:05:59 2020
6nom11,extrapolation,unmarked,final,sa,gu,Noun_Training,cowboy_two,NA,NA,,vaem,NA,NA,,NA,24,Thu Feb 13 14:06:04 2020
6nom11,extrapolation,unmarked,final,sa,gu,Noun_Selection,chef_two,NA,NA,,nork,correct,NA,,NA,25,Thu Feb 13 14:06:28 2020
6nom11,extrapolation,unmarked,final,sa,gu,Noun_Selection,cowboy_two,NA,NA,,vaem,correct,NA,,NA,26,Thu Feb 13 14:06:33 2020
6nom11,extrapolation,unmarked,final,sa,gu,Noun_Selection,cowboy_two,NA,NA,,vaem,correct,NA,,NA,27,Thu Feb 13 14:06:37 2020
6nom11,extrapolation,unmarked,final,sa,gu,Noun_Selection,waitress_two,NA,NA,,tumbat,correct,NA,,NA,28,Thu Feb 13 14:06:40 2020
6nom11,extrapolation,unmarked,final,sa,gu,Noun_Selection,chef_two,NA,NA,,nork,correct,NA,,NA,29,Thu Feb 13 14:06:44 2020
6nom11,extrapolation,unmarked,final,sa,gu,Noun_Selection,waitress_two,NA,NA,,tumbat,correct,NA,,NA,30,Thu Feb 13 14:06:48 2020
6nom11,extrapolation,unmarked,final,sa,gu,Noun_Selection,waitress_two,NA,NA,,tumbat,correct,NA,,NA,31,Thu Feb 13 14:06:51 2020
6nom11,extrapolation,unmarked,final,sa,gu,Noun_Selection,burglar_two,NA,NA,,negid,correct,NA,,NA,32,Thu Feb 13 14:06:55 2020
6nom11,extrapolation,unmarked,final,sa,gu,Noun_Selection,burglar_two,NA,NA,,negid,correct,NA,,NA,33,Thu Feb 13 14:06:59 2020
6nom11,extrapolation,unmarked,final,sa,gu,Noun_Selection,chef_two,NA,NA,,nork,correct,NA,,NA,34,Thu Feb 13 14:07:03 2020
6nom11,extrapolation,unmarked,final,sa,gu,Noun_Selection,cowboy_two,NA,NA,,vaem,correct,NA,,NA,35,Thu Feb 13 14:07:07 2020
6nom11,extrapolation,unmarked,final,sa,gu,Noun_Selection,burglar_two,NA,NA,,negid,correct,NA,,NA,36,Thu Feb 13 14:07:12 2020
6nom11,extrapolation,unmarked,final,sa,gu,Noun_Testing,waitress_two,NA,NA,,tumbat,NA,NA,tumbat,NA,37,Thu Feb 13 14:07:36 2020
6nom11,extrapolation,unmarked,final,sa,gu,Noun_Testing,burglar_two,NA,NA,,negid,NA,NA,negid,NA,38,Thu Feb 13 14:07:42 2020
6nom11,extrapolation,unmarked,final,sa,gu,Noun_Testing,burglar_two,NA,NA,,negid,NA,NA,negid,NA,39,Thu Feb 13 14:07:46 2020
6nom11,extrapolation,unmarked,final,sa,gu,Noun_Testing,chef_two,NA,NA,,nork,NA,NA,vaem,NA,40,Thu Feb 13 14:07:50 2020
6nom11,extrapolation,unmarked,final,sa,gu,Noun_Testing,chef_two,NA,NA,,nork,NA,NA,nork,NA,41,Thu Feb 13 14:07:55 2020
6nom11,extrapolation,unmarked,final,sa,gu,Noun_Testing,waitress_two,NA,NA,,tumbat,NA,NA,tumbat,NA,42,Thu Feb 13 14:07:59 2020
6nom11,extrapolation,unmarked,final,sa,gu,Noun_Testing,cowboy_two,NA,NA,,vaem,NA,NA,vaem,NA,43,Thu Feb 13 14:08:03 2020
6nom11,extrapolation,unmarked,final,sa,gu,Noun_Testing,waitress_two,NA,NA,,tumbat,NA,NA,tumbat,NA,44,Thu Feb 13 14:08:07 2020
6nom11,extrapolation,unmarked,final,sa,gu,Noun_Testing,cowboy_two,NA,NA,,vaem,NA,NA,vaem,NA,45,Thu Feb 13 14:08:11 2020
6nom11,extrapolation,unmarked,final,sa,gu,Noun_Testing,cowboy_two,NA,NA,,vaem,NA,NA,vaem,NA,46,Thu Feb 13 14:08:15 2020
6nom11,extrapolation,unmarked,final,sa,gu,Noun_Testing,chef_two,NA,NA,,nork,NA,NA,nork,NA,47,Thu Feb 13 14:08:20 2020
6nom11,extrapolation,unmarked,final,sa,gu,Noun_Testing,burglar_two,NA,NA,,negid,NA,NA,negid,NA,48,Thu Feb 13 14:08:25 2020
6nom11,extrapolation,unmarked,final,sa,gu,SimplePhrase_Training,chef_two,NA,NA,,nork,NA,NA,,NA,49,Thu Feb 13 14:09:07 2020
6nom11,extrapolation,unmarked,final,sa,gu,SimplePhrase_Training,point_chef_pl_waitress_pl,NA,NA,,poinim gunork tumbat,NA,NA,,NA,50,Thu Feb 13 14:09:15 2020
6nom11,extrapolation,unmarked,final,sa,gu,SimplePhrase_Training,kick_cowboy_pl_waitress_sg,NA,NA,,kikim guvaem satumbat,NA,NA,,NA,51,Thu Feb 13 14:09:22 2020
6nom11,extrapolation,unmarked,final,sa,gu,SimplePhrase_Training,kick_chef_pl_burglar_sg,NA,NA,,kikim gunork sanegid,NA,NA,,NA,52,Thu Feb 13 14:09:30 2020
6nom11,extrapolation,unmarked,final,sa,gu,SimplePhrase_Training,punch_waitress_pl_burglar_sg,NA,NA,,straikim gutumbat sanegid,NA,NA,,NA,53,Thu Feb 13 14:09:37 2020
6nom11,extrapolation,unmarked,final,sa,gu,SimplePhrase_Training,chef_two,NA,NA,,nork,NA,NA,,NA,54,Thu Feb 13 14:09:42 2020
6nom11,extrapolation,unmarked,final,sa,gu,SimplePhrase_Training,point_burglar_pl_waitress_sg,NA,NA,,poinim gunegid satumbat,NA,NA,,NA,55,Thu Feb 13 14:09:50 2020
6nom11,extrapolation,unmarked,final,sa,gu,SimplePhrase_Training,waitress_two,NA,NA,,tumbat,NA,NA,,NA,56,Thu Feb 13 14:09:55 2020
6nom11,extrapolation,unmarked,final,sa,gu,SimplePhrase_Training,point_burglar_pl_cowboy_pl,NA,NA,,poinim gunegid vaem,NA,NA,,NA,57,Thu Feb 13 14:10:02 2020
6nom11,extrapolation,unmarked,final,sa,gu,SimplePhrase_Training,kick_chef_pl_cowboy_pl,NA,NA,,kikim gunork vaem,NA,NA,,NA,58,Thu Feb 13 14:10:09 2020
6nom11,extrapolation,unmarked,final,sa,gu,SimplePhrase_Training,punch_burglar_pl_waitress_sg,NA,NA,,straikim gunegid satumbat,NA,NA,,NA,59,Thu Feb 13 14:10:16 2020
6nom11,extrapolation,unmarked,final,sa,gu,SimplePhrase_Training,point_waitress_pl_cowboy_sg,NA,NA,,poinim gutumbat savaem,NA,NA,,NA,60,Thu Feb 13 14:10:24 2020
6nom11,extrapolation,unmarked,final,sa,gu,SimplePhrase_Training,punch_burglar_pl_cowboy_pl,NA,NA,,straikim gunegid vaem,NA,NA,,NA,61,Thu Feb 13 14:10:31 2020
6nom11,extrapolation,unmarked,final,sa,gu,SimplePhrase_Training,cowboy_two,NA,NA,,vaem,NA,NA,,NA,62,Thu Feb 13 14:10:36 2020
6nom11,extrapolation,unmarked,final,sa,gu,SimplePhrase_Training,kick_cowboy_pl_chef_pl,NA,NA,,kikim guvaem nork,NA,NA,,NA,63,Thu Feb 13 14:10:43 2020
6nom11,extrapolation,unmarked,final,sa,gu,SimplePhrase_Training,punch_chef_pl_cowboy_sg,NA,NA,,straikim gunork savaem,NA,NA,,NA,64,Thu Feb 13 14:10:51 2020
6nom11,extrapolation,unmarked,final,sa,gu,SimplePhrase_Training,kick_waitress_pl_burglar_sg,NA,NA,,kikim gutumbat sanegid,NA,NA,,NA,65,Thu Feb 13 14:10:58 2020
6nom11,extrapolation,unmarked,final,sa,gu,SimplePhrase_Training,punch_burglar_pl_chef_pl,NA,NA,,straikim gunegid nork,NA,NA,,NA,66,Thu Feb 13 14:11:05 2020
6nom11,extrapolation,unmarked,final,sa,gu,SimplePhrase_Training,punch_cowboy_pl_burglar_pl,NA,NA,,straikim guvaem negid,NA,NA,,NA,67,Thu Feb 13 14:11:13 2020
6nom11,extrapolation,unmarked,final,sa,gu,SimplePhrase_Training,point_cowboy_pl_waitress_pl,NA,NA,,poinim guvaem tumbat,NA,NA,,NA,68,Thu Feb 13 14:11:20 2020
6nom11,extrapolation,unmarked,final,sa,gu,SimplePhrase_Training,point_waitress_pl_burglar_sg,NA,NA,,poinim gutumbat sanegid,NA,NA,,NA,69,Thu Feb 13 14:11:28 2020
6nom11,extrapolation,unmarked,final,sa,gu,SimplePhrase_Training,point_chef_pl_cowboy_sg,NA,NA,,poinim gunork savaem,NA,NA,,NA,70,Thu Feb 13 14:11:35 2020
6nom11,extrapolation,unmarked,final,sa,gu,SimplePhrase_Training,kick_burglar_pl_waitress_pl,NA,NA,,kikim gunegid tumbat,NA,NA,,NA,71,Thu Feb 13 14:11:42 2020
6nom11,extrapolation,unmarked,final,sa,gu,SimplePhrase_Training,kick_waitress_pl_cowboy_pl,NA,NA,,kikim gutumbat vaem,NA,NA,,NA,72,Thu Feb 13 14:11:49 2020
6nom11,extrapolation,unmarked,final,sa,gu,SimplePhrase_Training,point_cowboy_pl_burglar_pl,NA,NA,,poinim guvaem negid,NA,NA,,NA,73,Thu Feb 13 14:11:57 2020
6nom11,extrapolation,unmarked,final,sa,gu,SimplePhrase_Training,kick_waitress_pl_chef_pl,NA,NA,,kikim gutumbat nork,NA,NA,,NA,74,Thu Feb 13 14:12:04 2020
6nom11,extrapolation,unmarked,final,sa,gu,SimplePhrase_Training,point_burglar_pl_chef_sg,NA,NA,,poinim gunegid sanork,NA,NA,,NA,75,Thu Feb 13 14:12:11 2020
6nom11,extrapolation,unmarked,final,sa,gu,SimplePhrase_Training,kick_burglar_pl_chef_pl,NA,NA,,kikim gunegid nork,NA,NA,,NA,76,Thu Feb 13 14:12:19 2020
6nom11,extrapolation,unmarked,final,sa,gu,SimplePhrase_Training,waitress_two,NA,NA,,tumbat,NA,NA,,NA,77,Thu Feb 13 14:12:23 2020
6nom11,extrapolation,unmarked,final,sa,gu,SimplePhrase_Training,punch_cowboy_pl_waitress_sg,NA,NA,,straikim guvaem satumbat,NA,NA,,NA,78,Thu Feb 13 14:12:31 2020
6nom11,extrapolation,unmarked,final,sa,gu,SimplePhrase_Training,kick_burglar_pl_cowboy_pl,NA,NA,,kikim gunegid vaem,NA,NA,,NA,79,Thu Feb 13 14:12:38 2020
6nom11,extrapolation,unmarked,final,sa,gu,SimplePhrase_Training,burglar_two,NA,NA,,negid,NA,NA,,NA,80,Thu Feb 13 14:12:43 2020
6nom11,extrapolation,unmarked,final,sa,gu,SimplePhrase_Training,burglar_two,NA,NA,,negid,NA,NA,,NA,81,Thu Feb 13 14:12:48 2020
6nom11,extrapolation,unmarked,final,sa,gu,SimplePhrase_Training,punch_waitress_pl_cowboy_sg,NA,NA,,straikim gutumbat savaem,NA,NA,,NA,82,Thu Feb 13 14:12:55 2020
6nom11,extrapolation,unmarked,final,sa,gu,SimplePhrase_Training,point_waitress_pl_chef_sg,NA,NA,,poinim gutumbat sanork,NA,NA,,NA,83,Thu Feb 13 14:13:03 2020
6nom11,extrapolation,unmarked,final,sa,gu,SimplePhrase_Training,punch_cowboy_pl_chef_pl,NA,NA,,straikim guvaem nork,NA,NA,,NA,84,Thu Feb 13 14:13:10 2020
6nom11,extrapolation,unmarked,final,sa,gu,SimplePhrase_Training,point_cowboy_pl_chef_sg,NA,NA,,poinim guvaem sanork,NA,NA,,NA,85,Thu Feb 13 14:13:18 2020
6nom11,extrapolation,unmarked,final,sa,gu,SimplePhrase_Training,kick_chef_pl_waitress_pl,NA,NA,,kikim gunork tumbat,NA,NA,,NA,86,Thu Feb 13 14:13:25 2020
6nom11,extrapolation,unmarked,final,sa,gu,SimplePhrase_Training,punch_chef_pl_waitress_sg,NA,NA,,straikim gunork satumbat,NA,NA,,NA,87,Thu Feb 13 14:13:33 2020
6nom11,extrapolation,unmarked,final,sa,gu,SimplePhrase_Training,punch_chef_pl_burglar_pl,NA,NA,,straikim gunork negid,NA,NA,,NA,88,Thu Feb 13 14:13:40 2020
6nom11,extrapolation,unmarked,final,sa,gu,SimplePhrase_Training,punch_waitress_pl_chef_pl,NA,NA,,straikim gutumbat nork,NA,NA,,NA,89,Thu Feb 13 14:13:48 2020
6nom11,extrapolation,unmarked,final,sa,gu,SimplePhrase_Training,cowboy_two,NA,NA,,vaem,NA,NA,,NA,90,Thu Feb 13 14:13:53 2020
6nom11,extrapolation,unmarked,final,sa,gu,SimplePhrase_Training,point_chef_pl_burglar_sg,NA,NA,,poinim gunork sanegid,NA,NA,,NA,91,Thu Feb 13 14:14:00 2020
6nom11,extrapolation,unmarked,final,sa,gu,SimplePhrase_Training,kick_cowboy_pl_burglar_sg,NA,NA,,kikim guvaem sanegid,NA,NA,,NA,92,Thu Feb 13 14:14:07 2020
6nom11,extrapolation,unmarked,final,sa,gu,SimplePhrase_Comprehension,punch_cowboy_pl_burglar_sg,NA,NA,,straikim guvaem sanegid,correct,NA,,NA,93,Thu Feb 13 14:14:34 2020
6nom11,extrapolation,unmarked,final,sa,gu,SimplePhrase_Comprehension,kick_chef_pl_waitress_sg,NA,NA,,kikim gunork satumbat,correct,NA,,NA,94,Thu Feb 13 14:14:40 2020
6nom11,extrapolation,unmarked,final,sa,gu,SimplePhrase_Comprehension,point_waitress_pl_cowboy_pl,NA,NA,,poinim gutumbat vaem,correct,NA,,NA,95,Thu Feb 13 14:14:45 2020
6nom11,extrapolation,unmarked,final,sa,gu,SimplePhrase_Comprehension,punch_chef_pl_waitress_pl,NA,NA,,straikim gunork tumbat,correct,NA,,NA,96,Thu Feb 13 14:14:51 2020
6nom11,extrapolation,unmarked,final,sa,gu,SimplePhrase_Comprehension,point_cowboy_pl_chef_pl,NA,NA,,poinim guvaem nork,correct,NA,,NA,97,Thu Feb 13 14:14:57 2020
6nom11,extrapolation,unmarked,final,sa,gu,SimplePhrase_Comprehension,punch_burglar_pl_cowboy_sg,NA,NA,,straikim gunegid savaem,correct,NA,,NA,98,Thu Feb 13 14:15:03 2020
6nom11,extrapolation,unmarked,final,sa,gu,SimplePhrase_Comprehension,kick_burglar_pl_waitress_sg,NA,NA,,kikim gunegid satumbat,correct,NA,,NA,99,Thu Feb 13 14:15:09 2020
6nom11,extrapolation,unmarked,final,sa,gu,SimplePhrase_Comprehension,punch_burglar_pl_waitress_pl,NA,NA,,straikim gunegid tumbat,correct,NA,,NA,100,Thu Feb 13 14:15:15 2020
6nom11,extrapolation,unmarked,final,sa,gu,SimplePhrase_Comprehension,punch_chef_pl_cowboy_pl,NA,NA,,straikim gunork vaem,correct,NA,,NA,101,Thu Feb 13 14:15:21 2020
6nom11,extrapolation,unmarked,final,sa,gu,SimplePhrase_Comprehension,punch_waitress_pl_chef_sg,NA,NA,,straikim gutumbat sanork,correct,NA,,NA,102,Thu Feb 13 14:15:27 2020
6nom11,extrapolation,unmarked,final,sa,gu,SimplePhrase_Comprehension,point_cowboy_pl_burglar_sg,NA,NA,,poinim guvaem sanegid,wrong,NA,,NA,103,Thu Feb 13 14:15:36 2020
6nom11,extrapolation,unmarked,final,sa,gu,SimplePhrase_Comprehension,kick_burglar_pl_cowboy_sg,NA,NA,,kikim gunegid savaem,correct,NA,,NA,104,Thu Feb 13 14:15:42 2020
6nom11,extrapolation,unmarked,final,sa,gu,SimplePhrase_Comprehension,kick_waitress_pl_chef_sg,NA,NA,,kikim gutumbat sanork,correct,NA,,NA,105,Thu Feb 13 14:15:48 2020
6nom11,extrapolation,unmarked,final,sa,gu,SimplePhrase_Comprehension,punch_waitress_pl_cowboy_pl,NA,NA,,straikim gutumbat vaem,correct,NA,,NA,106,Thu Feb 13 14:15:53 2020
6nom11,extrapolation,unmarked,final,sa,gu,SimplePhrase_Comprehension,point_chef_pl_burglar_pl,NA,NA,,poinim gunork negid,correct,NA,,NA,107,Thu Feb 13 14:15:59 2020
6nom11,extrapolation,unmarked,final,sa,gu,SimplePhrase_Comprehension,point_burglar_pl_chef_pl,NA,NA,,poinim gunegid nork,correct,NA,,NA,108,Thu Feb 13 14:16:05 2020
6nom11,extrapolation,unmarked,final,sa,gu,SimplePhrase_Comprehension,punch_chef_pl_burglar_sg,NA,NA,,straikim gunork sanegid,correct,NA,,NA,109,Thu Feb 13 14:16:11 2020
6nom11,extrapolation,unmarked,final,sa,gu,SimplePhrase_Comprehension,point_burglar_pl_cowboy_sg,NA,NA,,poinim gunegid savaem,correct,NA,,NA,110,Thu Feb 13 14:16:18 2020
6nom11,extrapolation,unmarked,final,sa,gu,SimplePhrase_Comprehension,point_waitress_pl_chef_pl,NA,NA,,poinim gutumbat nork,correct,NA,,NA,111,Thu Feb 13 14:16:24 2020
6nom11,extrapolation,unmarked,final,sa,gu,SimplePhrase_Comprehension,kick_chef_pl_burglar_pl,NA,NA,,kikim gunork negid,correct,NA,,NA,112,Thu Feb 13 14:16:30 2020
6nom11,extrapolation,unmarked,final,sa,gu,SimplePhrase_Typing,chef_two,NA,NA,,nork,NA,nork,,NA,113,Thu Feb 13 14:17:01 2020
6nom11,extrapolation,unmarked,final,sa,gu,SimplePhrase_Typing,kick_waitress_pl_chef_pl,NA,NA,,kikim gutumbat nork,NA,kikim gutumbat nork,,NA,114,Thu Feb 13 14:17:20 2020
6nom11,extrapolation,unmarked,final,sa,gu,SimplePhrase_Typing,point_chef_pl_waitress_pl,NA,NA,,poinim gunork tumbat,NA,poinim gunork tumbat,,NA,115,Thu Feb 13 14:17:33 2020
6nom11,extrapolation,unmarked,final,sa,gu,SimplePhrase_Typing,kick_chef_pl_waitress_pl,NA,NA,,kikim gunork tumbat,NA,kikim gunork tumbat,,NA,116,Thu Feb 13 14:17:47 2020
6nom11,extrapolation,unmarked,final,sa,gu,SimplePhrase_Typing,point_waitress_pl_chef_sg,NA,NA,,poinim gutumbat sanork,NA,poinim gutumbat sanork,,NA,117,Thu Feb 13 14:18:00 2020
6nom11,extrapolation,unmarked,final,sa,gu,SimplePhrase_Typing,kick_cowboy_pl_burglar_sg,NA,NA,,kikim guvaem sanegid,NA,kikim guvaem sanegid,,NA,118,Thu Feb 13 14:18:12 2020
6nom11,extrapolation,unmarked,final,sa,gu,SimplePhrase_Typing,kick_chef_pl_burglar_sg,NA,NA,,kikim gunork sanegid,NA,kikim gunork sanegid,,NA,119,Thu Feb 13 14:18:25 2020
6nom11,extrapolation,unmarked,final,sa,gu,SimplePhrase_Typing,waitress_two,NA,NA,,tumbat,NA,tumbat,,NA,120,Thu Feb 13 14:18:33 2020
6nom11,extrapolation,unmarked,final,sa,gu,SimplePhrase_Typing,point_cowboy_pl_burglar_pl,NA,NA,,poinim guvaem negid,NA,poinim guvaem negid,,NA,121,Thu Feb 13 14:18:44 2020
6nom11,extrapolation,unmarked,final,sa,gu,SimplePhrase_Typing,cowboy_two,NA,NA,,vaem,NA,vaem,,NA,122,Thu Feb 13 14:18:51 2020
6nom11,extrapolation,unmarked,final,sa,gu,SimplePhrase_Typing,burglar_two,NA,NA,,negid,NA,negid,,NA,123,Thu Feb 13 14:18:57 2020
6nom11,extrapolation,unmarked,final,sa,gu,SimplePhrase_Typing,point_chef_pl_cowboy_sg,NA,NA,,poinim gunork savaem,NA,poinim gunork savaem,,NA,124,Thu Feb 13 14:19:07 2020
6nom11,extrapolation,unmarked,final,sa,gu,ComplexPhrase_Typing,kick_cowboy_sg_chef_pl,chef,vaem,1,kikim gusavaem nork,NA,kikim gusavaem nork,,NA,125,Thu Feb 13 14:20:10 2020
6nom11,extrapolation,unmarked,final,sa,gu,ComplexPhrase_Typing,punch_cowboy_sg_burglar_pl,burglar,vaem,1,straikim gusavaem negid,NA,straikim gusavaem negid,,NA,126,Thu Feb 13 14:20:18 2020
6nom11,extrapolation,unmarked,final,sa,gu,ComplexPhrase_Typing,point_waitress_sg_chef_pl,chef,tumbat,1,poinim gusatumbat nork,NA,poinim gusatumbat nork,,NA,127,Thu Feb 13 14:20:26 2020
6nom11,extrapolation,unmarked,final,sa,gu,ComplexPhrase_Typing,punch_chef_sg_cowboy_pl,cowboy,nork,1,straikim gusanork vaem,NA,straikim gusanork vaem,,NA,128,Thu Feb 13 14:20:38 2020
6nom11,extrapolation,unmarked,final,sa,gu,ComplexPhrase_Typing,punch_cowboy_sg_burglar_pl,burglar,vaem,1,straikim gusavaem negid,NA,straikim gusavaem negid,,NA,129,Thu Feb 13 14:20:44 2020
6nom11,extrapolation,unmarked,final,sa,gu,ComplexPhrase_Typing,point_waitress_sg_chef_pl,chef,tumbat,1,poinim gusatumbat nork,NA,poinim gusatumbat nork,,NA,130,Thu Feb 13 14:20:49 2020
6nom11,extrapolation,unmarked,final,sa,gu,ComplexPhrase_Typing,punch_chef_sg_cowboy_pl,cowboy,nork,1,straikim gusanork vaem,NA,straikim gusanork vaem,,NA,131,Thu Feb 13 14:20:54 2020
6nom11,extrapolation,unmarked,final,sa,gu,ComplexPhrase_Typing,kick_cowboy_sg_chef_pl,chef,vaem,1,kikim gusavaem nork,NA,kikim gusavaem nork,,NA,132,Thu Feb 13 14:21:00 2020
6nom11,extrapolation,unmarked,final,sa,gu,ComplexPhrase_Typing,punch_chef_sg_cowboy_pl,cowboy,nork,1,straikim gusanork vaem,NA,straikim gusanork vaem,,NA,133,Thu Feb 13 14:21:07 2020
6nom11,extrapolation,unmarked,final,sa,gu,ComplexPhrase_Typing,punch_cowboy_sg_burglar_pl,burglar,vaem,1,straikim gusavaem negid,NA,straikim gusavaem negid,,NA,134,Thu Feb 13 14:21:12 2020
6nom11,extrapolation,unmarked,final,sa,gu,ComplexPhrase_Typing,kick_cowboy_sg_chef_pl,chef,vaem,1,kikim gusavaem nork,NA,kikim gusavaem nork,,NA,135,Thu Feb 13 14:21:16 2020
6nom11,extrapolation,unmarked,final,sa,gu,ComplexPhrase_Typing,point_waitress_sg_chef_pl,chef,tumbat,1,poinim gusatumbat nork,NA,poinim gusatumbat nork,,NA,136,Thu Feb 13 14:21:21 2020
6nom11,extrapolation,unmarked,final,sa,gu,ComplexPhrase_Testing,point_burglar_pl_chef_sg,NA,negid,,poinim gunegid sanork,NA,NA,poinim gunegid sanork,NA,137,Thu Feb 13 14:22:02 2020
6nom11,extrapolation,unmarked,final,sa,gu,ComplexPhrase_Testing,punch_waitress_sg_burglar_pl,burglar,tumbat,1,straikim gusatumbat negid,NA,NA,straikim gusatumbat negid,NA,138,Thu Feb 13 14:22:12 2020
6nom11,extrapolation,unmarked,final,sa,gu,ComplexPhrase_Testing,cowboy_two,NA,NA,,vaem,NA,NA,vaem,NA,139,Thu Feb 13 14:22:15 2020
6nom11,extrapolation,unmarked,final,sa,gu,ComplexPhrase_Testing,burglar_two,NA,NA,,negid,NA,NA,negid,NA,140,Thu Feb 13 14:22:19 2020
6nom11,extrapolation,unmarked,final,sa,gu,ComplexPhrase_Testing,waitress_two,NA,NA,,tumbat,NA,NA,tumbat,NA,141,Thu Feb 13 14:22:23 2020
6nom11,extrapolation,unmarked,final,sa,gu,ComplexPhrase_Testing,punch_chef_pl_burglar_pl,burglar,NA,,straikim gunork negid,NA,NA,straikim gunork negid,NA,142,Thu Feb 13 14:22:33 2020
6nom11,extrapolation,unmarked,final,sa,gu,ComplexPhrase_Testing,kick_burglar_sg_waitress_pl,waitress,negid,1,kikim gusanegid tumbat,NA,NA,kikim gusanegid tumbat,NA,143,Thu Feb 13 14:22:42 2020
6nom11,extrapolation,unmarked,final,sa,gu,ComplexPhrase_Testing,punch_waitress_sg_burglar_pl,burglar,tumbat,1,straikim gusatumbat negid,NA,NA,straikim gusatumbat negid,NA,144,Thu Feb 13 14:22:46 2020
6nom11,extrapolation,unmarked,final,sa,gu,ComplexPhrase_Testing,punch_cowboy_sg_waitress_pl,waitress,vaem,1,straikim gusavaem tumbat,NA,NA,straikim gusavaem tumbat,NA,145,Thu Feb 13 14:22:51 2020
6nom11,extrapolation,unmarked,final,sa,gu,ComplexPhrase_Testing,punch_cowboy_sg_burglar_pl,burglar,vaem,1,straikim gusavaem negid,NA,NA,straikim gusavaem negid,NA,146,Thu Feb 13 14:22:55 2020
6nom11,extrapolation,unmarked,final,sa,gu,ComplexPhrase_Testing,punch_waitress_sg_burglar_pl,burglar,tumbat,1,straikim gusatumbat negid,NA,NA,straikim gusatumbat negid,NA,147,Thu Feb 13 14:23:02 2020
6nom11,extrapolation,unmarked,final,sa,gu,ComplexPhrase_Testing,punch_chef_sg_cowboy_pl,cowboy,nork,1,straikim gusanork vaem,NA,NA,straikim gusanork vaem,NA,148,Thu Feb 13 14:23:06 2020
6nom11,extrapolation,unmarked,final,sa,gu,ComplexPhrase_Testing,punch_cowboy_sg_burglar_pl,burglar,vaem,1,straikim gusavaem negid,NA,NA,straikim gusavaem negid,NA,149,Thu Feb 13 14:23:10 2020
6nom11,extrapolation,unmarked,final,sa,gu,ComplexPhrase_Testing,kick_cowboy_pl_chef_sg,NA,NA,,kikim guvaem sanork,NA,NA,kikim guvaem sanork,NA,150,Thu Feb 13 14:23:22 2020
6nom11,extrapolation,unmarked,final,sa,gu,ComplexPhrase_Testing,punch_waitress_sg_cowboy_pl,cowboy,tumbat,1,straikim gusatumbat vaem,NA,NA,straikim gusatumbat vaem,NA,151,Thu Feb 13 14:23:32 2020
6nom11,extrapolation,unmarked,final,sa,gu,ComplexPhrase_Testing,point_waitress_pl_chef_pl,chef,NA,,poinim gutumbat nork,NA,NA,poinim gutumbat nork,NA,152,Thu Feb 13 14:23:37 2020
6nom11,extrapolation,unmarked,final,sa,gu,ComplexPhrase_Testing,punch_burglar_sg_waitress_pl,waitress,negid,1,straikim gusanegid tumbat,NA,NA,straikim gusanegid tumbat,NA,153,Thu Feb 13 14:23:45 2020
6nom11,extrapolation,unmarked,final,sa,gu,ComplexPhrase_Testing,punch_waitress_pl_burglar_pl,burglar,NA,,straikim gutumbat negid,NA,NA,straikim gutumbat negid,NA,154,Thu Feb 13 14:23:51 2020
6nom11,extrapolation,unmarked,final,sa,gu,ComplexPhrase_Testing,kick_waitress_sg_cowboy_pl,cowboy,tumbat,1,kikim gusatumbat vaem,NA,NA,kikim gusatumbat vaem,NA,155,Thu Feb 13 14:24:01 2020
6nom11,extrapolation,unmarked,final,sa,gu,ComplexPhrase_Testing,punch_cowboy_sg_waitress_pl,waitress,vaem,1,straikim gusavaem tumbat,NA,NA,straikim gusavaem tumbat,NA,156,Thu Feb 13 14:24:06 2020
6nom11,extrapolation,unmarked,final,sa,gu,ComplexPhrase_Testing,kick_chef_pl_burglar_pl,burglar,NA,,kikim gunork negid,NA,NA,kikim gunork negid,NA,157,Thu Feb 13 14:24:11 2020
6nom11,extrapolation,unmarked,final,sa,gu,ComplexPhrase_Testing,punch_burglar_sg_waitress_pl,waitress,negid,1,straikim gusanegid tumbat,NA,NA,straikim gusanegid tumbat,NA,158,Thu Feb 13 14:24:20 2020
6nom11,extrapolation,unmarked,final,sa,gu,ComplexPhrase_Testing,kick_chef_pl_waitress_sg,NA,NA,,kikim gunork satumbat,NA,NA,kikim gunork satumbat,NA,159,Thu Feb 13 14:24:26 2020
6nom11,extrapolation,unmarked,final,sa,gu,ComplexPhrase_Testing,punch_chef_sg_cowboy_pl,cowboy,nork,1,straikim gusanork vaem,NA,NA,straikim gusanork vaem,NA,160,Thu Feb 13 14:24:35 2020
6nom11,extrapolation,unmarked,final,sa,gu,ComplexPhrase_Testing,point_waitress_sg_cowboy_pl,cowboy,tumbat,1,poinim gusatumbat vaem,NA,NA,poinim gusatumbat vaem,NA,161,Thu Feb 13 14:24:42 2020
6nom11,extrapolation,unmarked,final,sa,gu,ComplexPhrase_Testing,punch_waitress_pl_cowboy_sg,NA,NA,,straikim gutumbat savaem,NA,NA,straikim gutumbat savaem,NA,162,Thu Feb 13 14:24:49 2020
6nom11,extrapolation,unmarked,final,sa,gu,ComplexPhrase_Testing,kick_waitress_sg_cowboy_pl,cowboy,tumbat,1,kikim gusatumbat vaem,NA,NA,kikim gusatumbat vaem,NA,163,Thu Feb 13 14:25:00 2020
6nom11,extrapolation,unmarked,final,sa,gu,ComplexPhrase_Testing,kick_burglar_sg_waitress_pl,waitress,negid,1,kikim gusanegid tumbat,NA,NA,kikim gusanegid tumbat,NA,164,Thu Feb 13 14:25:05 2020
6nom11,extrapolation,unmarked,final,sa,gu,ComplexPhrase_Testing,punch_burglar_sg_waitress_pl,waitress,negid,1,straikim gusanegid tumbat,NA,NA,straikim gusanegid tumbat,NA,165,Thu Feb 13 14:25:09 2020
6nom11,extrapolation,unmarked,final,sa,gu,ComplexPhrase_Testing,point_cowboy_sg_chef_pl,chef,vaem,1,poinim gusavaem nork,NA,NA,poinim gusavaem nork,NA,166,Thu Feb 13 14:25:16 2020
6nom11,extrapolation,unmarked,final,sa,gu,ComplexPhrase_Testing,punch_burglar_sg_chef_pl,chef,negid,1,straikim gusanegid nork,NA,NA,straikim gusanegid nork,NA,167,Thu Feb 13 14:25:20 2020
6nom11,extrapolation,unmarked,final,sa,gu,ComplexPhrase_Testing,point_chef_pl_cowboy_pl,cowboy,NA,,poinim gunork vaem,NA,NA,poinim gunork vaem,NA,168,Thu Feb 13 14:25:26 2020
6nom11,extrapolation,unmarked,final,sa,gu,ComplexPhrase_Testing,punch_cowboy_sg_burglar_pl,burglar,vaem,1,straikim gusavaem negid,NA,NA,straikim gusavaem negid,NA,169,Thu Feb 13 14:25:41 2020
6nom11,extrapolation,unmarked,final,sa,gu,ComplexPhrase_Testing,punch_chef_pl_cowboy_sg,NA,NA,,straikim gunork savaem,NA,NA,straikim gunork savaem,NA,170,Thu Feb 13 14:25:47 2020
6nom11,extrapolation,unmarked,final,sa,gu,ComplexPhrase_Testing,kick_waitress_sg_burglar_pl,burglar,tumbat,1,kikim gusatumbat negid,NA,NA,kikim gusatumbat negid,NA,171,Thu Feb 13 14:25:58 2020
6nom11,extrapolation,unmarked,final,sa,gu,ComplexPhrase_Testing,kick_waitress_sg_burglar_pl,burglar,tumbat,1,kikim gusatumbat negid,NA,NA,kikim gusatumbat negid,NA,172,Thu Feb 13 14:26:03 2020
6nom11,extrapolation,unmarked,final,sa,gu,ComplexPhrase_Testing,point_waitress_sg_cowboy_pl,cowboy,tumbat,1,poinim gusatumbat vaem,NA,NA,poinim gusatumbat vaem,NA,173,Thu Feb 13 14:26:11 2020
6nom11,extrapolation,unmarked,final,sa,gu,ComplexPhrase_Testing,point_cowboy_sg_chef_pl,chef,vaem,1,poinim gusavaem nork,NA,NA,poinim gusavaem nork,NA,174,Thu Feb 13 14:26:16 2020
6nom11,extrapolation,unmarked,final,sa,gu,ComplexPhrase_Testing,chef_two,NA,NA,,nork,NA,NA,nork,NA,175,Thu Feb 13 14:26:19 2020
6nom11,extrapolation,unmarked,final,sa,gu,ComplexPhrase_Testing,kick_waitress_sg_burglar_pl,burglar,tumbat,1,kikim gusatumbat negid,NA,NA,kikim gusatumbat negid,NA,176,Thu Feb 13 14:26:25 2020
6nom11,extrapolation,unmarked,final,sa,gu,ComplexPhrase_Testing,point_waitress_sg_cowboy_pl,cowboy,tumbat,1,poinim gusatumbat vaem,NA,NA,poinim gusatumbat vaem,NA,177,Thu Feb 13 14:26:29 2020
6nom11,extrapolation,unmarked,final,sa,gu,ComplexPhrase_Testing,kick_waitress_sg_cowboy_pl,cowboy,tumbat,1,kikim gusatumbat vaem,NA,NA,kikim gusatumbat vaem,NA,178,Thu Feb 13 14:26:34 2020
6nom11,extrapolation,unmarked,final,sa,gu,ComplexPhrase_Testing,punch_burglar_sg_chef_pl,chef,negid,1,straikim gusanegid nork,NA,NA,straikim gusanegid nork,NA,179,Thu Feb 13 14:26:39 2020
6nom11,extrapolation,unmarked,final,sa,gu,ComplexPhrase_Testing,punch_waitress_sg_cowboy_pl,cowboy,tumbat,1,straikim gusatumbat vaem,NA,NA,straikim gusatumbat vaem,NA,180,Thu Feb 13 14:26:46 2020
6nom11,extrapolation,unmarked,final,sa,gu,ComplexPhrase_Testing,kick_burglar_pl_chef_sg,NA,NA,,kikim gunegid sanork,NA,NA,kikim gunegid sanork,NA,181,Thu Feb 13 14:26:55 2020
6nom11,extrapolation,unmarked,final,sa,gu,ComplexPhrase_Testing,kick_waitress_pl_burglar_pl,burglar,NA,,kikim gutumbat negid,NA,NA,kikim gutumbat negid,NA,182,Thu Feb 13 14:27:04 2020
6nom11,extrapolation,unmarked,final,sa,gu,ComplexPhrase_Testing,kick_burglar_sg_waitress_pl,waitress,negid,1,kikim gusanegid tumbat,NA,NA,kikim gusanegid tumbat,NA,183,Thu Feb 13 14:27:13 2020
6nom11,extrapolation,unmarked,final,sa,gu,ComplexPhrase_Testing,punch_burglar_sg_chef_pl,chef,negid,1,straikim gusanegid nork,NA,NA,straikim gusanegid nork,NA,184,Thu Feb 13 14:27:17 2020
6nom11,extrapolation,unmarked,final,sa,gu,ComplexPhrase_Testing,punch_waitress_sg_cowboy_pl,cowboy,tumbat,1,straikim gusatumbat vaem,NA,NA,straikim gusatumbat vaem,NA,185,Thu Feb 13 14:27:22 2020
6nom11,extrapolation,unmarked,final,sa,gu,ComplexPhrase_Testing,punch_cowboy_sg_waitress_pl,waitress,vaem,1,straikim gusavaem tumbat,NA,NA,straikim gusavaem tumbat,NA,186,Thu Feb 13 14:27:30 2020
6nom11,extrapolation,unmarked,final,sa,gu,ComplexPhrase_Testing,punch_chef_sg_cowboy_pl,cowboy,nork,1,straikim gusanork vaem,NA,NA,straikim gusanork vaem,NA,187,Thu Feb 13 14:27:33 2020
6nom11,extrapolation,unmarked,final,sa,gu,ComplexPhrase_Testing,point_cowboy_sg_chef_pl,chef,vaem,1,poinim gusavaem nork,NA,NA,poinim gusavaem nork,NA,188,Thu Feb 13 14:27:37 2020
6nom11,extrapolation,unmarked,final,sa,gu,Questionnaire,NA,NA,,,NA,NA,NA,,singular,MeaningNum,Thu Feb 13 14:29:11 2020
6nom11,extrapolation,unmarked,final,sa,gu,Questionnaire,NA,NA,,,NA,NA,NA,,doing an action to someone else,MeaningCase,Thu Feb 13 14:29:11 2020
6nom11,extrapolation,unmarked,final,sa,gu,Questionnaire,NA,NA,,,NA,NA,NA,,before,OrderNumNoun,Thu Feb 13 14:29:11 2020
6nom11,extrapolation,unmarked,final,sa,gu,Questionnaire,NA,NA,,,NA,NA,NA,,before,OrderCaseNoun,Thu Feb 13 14:29:11 2020
6nom11,extrapolation,unmarked,final,sa,gu,Questionnaire,NA,NA,,,NA,NA,NA,,english,Languages,Thu Feb 13 14:29:11 2020