ID,Condition,MajorityOrder,NounPosition,markerNum,markerCase,Phase,Meaning,NounItem,InputSentence,Selection,TypedResponse,SpokenResponse,AnswerQuest,Trial,date&time
508,extrapolation,unmarked,initial,gu,sa,Noun_Training,chef,NA,vaem,NA,NA,,NA,1,Thu May  3 13:35:33 2018
508,extrapolation,unmarked,initial,gu,sa,Noun_Training,burglar,NA,tumbat,NA,NA,,NA,2,Thu May  3 13:35:38 2018
508,extrapolation,unmarked,initial,gu,sa,Noun_Training,cowboy,NA,negid,NA,NA,,NA,3,Thu May  3 13:35:43 2018
508,extrapolation,unmarked,initial,gu,sa,Noun_Training,waitress,NA,nork,NA,NA,,NA,4,Thu May  3 13:35:48 2018
508,extrapolation,unmarked,initial,gu,sa,Noun_Training,cowboy,NA,negid,NA,NA,,NA,5,Thu May  3 13:35:53 2018
508,extrapolation,unmarked,initial,gu,sa,Noun_Training,burglar,NA,tumbat,NA,NA,,NA,6,Thu May  3 13:35:58 2018
508,extrapolation,unmarked,initial,gu,sa,Noun_Training,cowboy,NA,negid,NA,NA,,NA,7,Thu May  3 13:36:02 2018
508,extrapolation,unmarked,initial,gu,sa,Noun_Training,waitress,NA,nork,NA,NA,,NA,8,Thu May  3 13:36:07 2018
508,extrapolation,unmarked,initial,gu,sa,Noun_Training,chef,NA,vaem,NA,NA,,NA,9,Thu May  3 13:36:12 2018
508,extrapolation,unmarked,initial,gu,sa,Noun_Training,waitress,NA,nork,NA,NA,,NA,10,Thu May  3 13:36:17 2018
508,extrapolation,unmarked,initial,gu,sa,Noun_Training,burglar,NA,tumbat,NA,NA,,NA,11,Thu May  3 13:36:22 2018
508,extrapolation,unmarked,initial,gu,sa,Noun_Training,waitress,NA,nork,NA,NA,,NA,12,Thu May  3 13:36:27 2018
508,extrapolation,unmarked,initial,gu,sa,Noun_Training,burglar,NA,tumbat,NA,NA,,NA,13,Thu May  3 13:36:32 2018
508,extrapolation,unmarked,initial,gu,sa,Noun_Training,waitress,NA,nork,NA,NA,,NA,14,Thu May  3 13:36:37 2018
508,extrapolation,unmarked,initial,gu,sa,Noun_Training,burglar,NA,tumbat,NA,NA,,NA,15,Thu May  3 13:36:42 2018
508,extrapolation,unmarked,initial,gu,sa,Noun_Training,waitress,NA,nork,NA,NA,,NA,16,Thu May  3 13:36:47 2018
508,extrapolation,unmarked,initial,gu,sa,Noun_Training,chef,NA,vaem,NA,NA,,NA,17,Thu May  3 13:36:51 2018
508,extrapolation,unmarked,initial,gu,sa,Noun_Training,cowboy,NA,negid,NA,NA,,NA,18,Thu May  3 13:36:56 2018
508,extrapolation,unmarked,initial,gu,sa,Noun_Training,chef,NA,vaem,NA,NA,,NA,19,Thu May  3 13:37:01 2018
508,extrapolation,unmarked,initial,gu,sa,Noun_Training,cowboy,NA,negid,NA,NA,,NA,20,Thu May  3 13:37:06 2018
508,extrapolation,unmarked,initial,gu,sa,Noun_Training,burglar,NA,tumbat,NA,NA,,NA,21,Thu May  3 13:37:11 2018
508,extrapolation,unmarked,initial,gu,sa,Noun_Training,chef,NA,vaem,NA,NA,,NA,22,Thu May  3 13:37:15 2018
508,extrapolation,unmarked,initial,gu,sa,Noun_Training,cowboy,NA,negid,NA,NA,,NA,23,Thu May  3 13:37:20 2018
508,extrapolation,unmarked,initial,gu,sa,Noun_Training,chef,NA,vaem,NA,NA,,NA,24,Thu May  3 13:37:25 2018
508,extrapolation,unmarked,initial,gu,sa,Noun_Selection,chef,NA,vaem,correct,NA,,NA,25,Thu May  3 13:37:48 2018
508,extrapolation,unmarked,initial,gu,sa,Noun_Selection,burglar,NA,tumbat,wrong,NA,,NA,26,Thu May  3 13:37:55 2018
508,extrapolation,unmarked,initial,gu,sa,Noun_Selection,chef,NA,vaem,correct,NA,,NA,27,Thu May  3 13:37:59 2018
508,extrapolation,unmarked,initial,gu,sa,Noun_Selection,waitress,NA,nork,correct,NA,,NA,28,Thu May  3 13:38:02 2018
508,extrapolation,unmarked,initial,gu,sa,Noun_Selection,cowboy,NA,negid,correct,NA,,NA,29,Thu May  3 13:38:05 2018
508,extrapolation,unmarked,initial,gu,sa,Noun_Selection,burglar,NA,tumbat,correct,NA,,NA,30,Thu May  3 13:38:08 2018
508,extrapolation,unmarked,initial,gu,sa,Noun_Selection,chef,NA,vaem,correct,NA,,NA,31,Thu May  3 13:38:12 2018
508,extrapolation,unmarked,initial,gu,sa,Noun_Selection,waitress,NA,nork,correct,NA,,NA,32,Thu May  3 13:38:15 2018
508,extrapolation,unmarked,initial,gu,sa,Noun_Selection,cowboy,NA,negid,correct,NA,,NA,33,Thu May  3 13:38:18 2018
508,extrapolation,unmarked,initial,gu,sa,Noun_Selection,waitress,NA,nork,correct,NA,,NA,34,Thu May  3 13:38:21 2018
508,extrapolation,unmarked,initial,gu,sa,Noun_Selection,cowboy,NA,negid,correct,NA,,NA,35,Thu May  3 13:38:25 2018
508,extrapolation,unmarked,initial,gu,sa,Noun_Selection,burglar,NA,tumbat,correct,NA,,NA,36,Thu May  3 13:38:28 2018
508,extrapolation,unmarked,initial,gu,sa,Noun_Testing,burglar,NA,tumbat,NA,NA,,NA,37,Thu May  3 13:38:51 2018
508,extrapolation,unmarked,initial,gu,sa,Noun_Testing,chef,NA,vaem,NA,NA,,NA,38,Thu May  3 13:38:56 2018
508,extrapolation,unmarked,initial,gu,sa,Noun_Testing,waitress,NA,nork,NA,NA,,NA,39,Thu May  3 13:39:00 2018
508,extrapolation,unmarked,initial,gu,sa,Noun_Testing,waitress,NA,nork,NA,NA,,NA,40,Thu May  3 13:39:04 2018
508,extrapolation,unmarked,initial,gu,sa,Noun_Testing,cowboy,NA,negid,NA,NA,,NA,41,Thu May  3 13:39:10 2018
508,extrapolation,unmarked,initial,gu,sa,Noun_Testing,chef,NA,vaem,NA,NA,,NA,42,Thu May  3 13:39:15 2018
508,extrapolation,unmarked,initial,gu,sa,Noun_Testing,burglar,NA,tumbat,NA,NA,,NA,43,Thu May  3 13:39:19 2018
508,extrapolation,unmarked,initial,gu,sa,Noun_Testing,burglar,NA,tumbat,NA,NA,,NA,44,Thu May  3 13:39:23 2018
508,extrapolation,unmarked,initial,gu,sa,Noun_Testing,cowboy,NA,negid,NA,NA,,NA,45,Thu May  3 13:39:29 2018
508,extrapolation,unmarked,initial,gu,sa,Noun_Testing,waitress,NA,nork,NA,NA,,NA,46,Thu May  3 13:39:33 2018
508,extrapolation,unmarked,initial,gu,sa,Noun_Testing,chef,NA,vaem,NA,NA,,NA,47,Thu May  3 13:39:38 2018
508,extrapolation,unmarked,initial,gu,sa,Noun_Testing,cowboy,NA,negid,NA,NA,,NA,48,Thu May  3 13:39:43 2018
508,extrapolation,unmarked,initial,gu,sa,SimplePhrase_Training,burglar_three,NA,tumbat gu,NA,NA,,NA,49,Thu May  3 13:40:16 2018
508,extrapolation,unmarked,initial,gu,sa,SimplePhrase_Training,kick_cowboy_sg_burglar_sg,NA,kikim negid tumbat sa,NA,NA,,NA,50,Thu May  3 13:40:24 2018
508,extrapolation,unmarked,initial,gu,sa,SimplePhrase_Training,punch_waitress_pl_cowboy_sg,NA,straikim nork gu negid sa,NA,NA,,NA,51,Thu May  3 13:40:31 2018
508,extrapolation,unmarked,initial,gu,sa,SimplePhrase_Training,burglar_two,NA,tumbat gu,NA,NA,,NA,52,Thu May  3 13:40:36 2018
508,extrapolation,unmarked,initial,gu,sa,SimplePhrase_Training,kick_burglar_pl_chef_sg,NA,kikim tumbat gu vaem sa,NA,NA,,NA,53,Thu May  3 13:40:44 2018
508,extrapolation,unmarked,initial,gu,sa,SimplePhrase_Training,point_burglar_pl_chef_sg,NA,poinim tumbat gu vaem sa,NA,NA,,NA,54,Thu May  3 13:40:51 2018
508,extrapolation,unmarked,initial,gu,sa,SimplePhrase_Training,point_cowboy_pl_waitress_sg,NA,poinim negid gu nork sa,NA,NA,,NA,55,Thu May  3 13:40:59 2018
508,extrapolation,unmarked,initial,gu,sa,SimplePhrase_Training,kick_waitress_pl_cowboy_sg,NA,kikim nork gu negid sa,NA,NA,,NA,56,Thu May  3 13:41:06 2018
508,extrapolation,unmarked,initial,gu,sa,SimplePhrase_Training,kick_waitress_pl_chef_sg,NA,kikim nork gu vaem sa,NA,NA,,NA,57,Thu May  3 13:41:14 2018
508,extrapolation,unmarked,initial,gu,sa,SimplePhrase_Training,kick_cowboy_pl_waitress_sg,NA,kikim negid gu nork sa,NA,NA,,NA,58,Thu May  3 13:41:21 2018
508,extrapolation,unmarked,initial,gu,sa,SimplePhrase_Training,kick_burglar_pl_waitress_sg,NA,kikim tumbat gu nork sa,NA,NA,,NA,59,Thu May  3 13:41:29 2018
508,extrapolation,unmarked,initial,gu,sa,SimplePhrase_Training,punch_chef_pl_waitress_sg,NA,straikim vaem gu nork sa,NA,NA,,NA,60,Thu May  3 13:41:36 2018
508,extrapolation,unmarked,initial,gu,sa,SimplePhrase_Training,punch_cowboy_sg_burglar_sg,NA,straikim negid tumbat sa,NA,NA,,NA,61,Thu May  3 13:41:44 2018
508,extrapolation,unmarked,initial,gu,sa,SimplePhrase_Training,kick_cowboy_sg_chef_sg,NA,kikim negid vaem sa,NA,NA,,NA,62,Thu May  3 13:41:51 2018
508,extrapolation,unmarked,initial,gu,sa,SimplePhrase_Training,point_cowboy_sg_chef_sg,NA,poinim negid vaem sa,NA,NA,,NA,63,Thu May  3 13:41:58 2018
508,extrapolation,unmarked,initial,gu,sa,SimplePhrase_Training,point_waitress_pl_chef_sg,NA,poinim nork gu vaem sa,NA,NA,,NA,64,Thu May  3 13:42:06 2018
508,extrapolation,unmarked,initial,gu,sa,SimplePhrase_Training,punch_cowboy_sg_chef_sg,NA,straikim negid vaem sa,NA,NA,,NA,65,Thu May  3 13:42:13 2018
508,extrapolation,unmarked,initial,gu,sa,SimplePhrase_Training,point_chef_pl_burglar_sg,NA,poinim vaem gu tumbat sa,NA,NA,,NA,66,Thu May  3 13:42:21 2018
508,extrapolation,unmarked,initial,gu,sa,SimplePhrase_Training,waitress_three,NA,nork gu,NA,NA,,NA,67,Thu May  3 13:42:26 2018
508,extrapolation,unmarked,initial,gu,sa,SimplePhrase_Training,waitress_four,NA,nork gu,NA,NA,,NA,68,Thu May  3 13:42:31 2018
508,extrapolation,unmarked,initial,gu,sa,SimplePhrase_Training,waitress_four,NA,nork gu,NA,NA,,NA,69,Thu May  3 13:42:36 2018
508,extrapolation,unmarked,initial,gu,sa,SimplePhrase_Training,cowboy_three,NA,negid gu,NA,NA,,NA,70,Thu May  3 13:42:41 2018
508,extrapolation,unmarked,initial,gu,sa,SimplePhrase_Training,chef_two,NA,vaem gu,NA,NA,,NA,71,Thu May  3 13:42:46 2018
508,extrapolation,unmarked,initial,gu,sa,SimplePhrase_Training,point_cowboy_pl_burglar_sg,NA,poinim negid gu tumbat sa,NA,NA,,NA,72,Thu May  3 13:42:53 2018
508,extrapolation,unmarked,initial,gu,sa,SimplePhrase_Training,waitress_two,NA,nork gu,NA,NA,,NA,73,Thu May  3 13:42:58 2018
508,extrapolation,unmarked,initial,gu,sa,SimplePhrase_Training,point_waitress_sg_cowboy_sg,NA,poinim nork negid sa,NA,NA,,NA,74,Thu May  3 13:43:06 2018
508,extrapolation,unmarked,initial,gu,sa,SimplePhrase_Training,point_waitress_sg_burglar_sg,NA,poinim nork tumbat sa,NA,NA,,NA,75,Thu May  3 13:43:13 2018
508,extrapolation,unmarked,initial,gu,sa,SimplePhrase_Training,burglar_four,NA,tumbat gu,NA,NA,,NA,76,Thu May  3 13:43:18 2018
508,extrapolation,unmarked,initial,gu,sa,SimplePhrase_Training,point_burglar_pl_cowboy_sg,NA,poinim tumbat gu negid sa,NA,NA,,NA,77,Thu May  3 13:43:26 2018
508,extrapolation,unmarked,initial,gu,sa,SimplePhrase_Training,kick_chef_sg_waitress_sg,NA,kikim vaem nork sa,NA,NA,,NA,78,Thu May  3 13:43:33 2018
508,extrapolation,unmarked,initial,gu,sa,SimplePhrase_Training,kick_chef_sg_cowboy_sg,NA,kikim vaem negid sa,NA,NA,,NA,79,Thu May  3 13:43:40 2018
508,extrapolation,unmarked,initial,gu,sa,SimplePhrase_Training,punch_waitress_pl_chef_sg,NA,straikim nork gu vaem sa,NA,NA,,NA,80,Thu May  3 13:43:48 2018
508,extrapolation,unmarked,initial,gu,sa,SimplePhrase_Training,chef,NA,vaem,NA,NA,,NA,81,Thu May  3 13:43:53 2018
508,extrapolation,unmarked,initial,gu,sa,SimplePhrase_Training,punch_waitress_sg_burglar_sg,NA,straikim nork tumbat sa,NA,NA,,NA,82,Thu May  3 13:44:00 2018
508,extrapolation,unmarked,initial,gu,sa,SimplePhrase_Training,cowboy,NA,negid,NA,NA,,NA,83,Thu May  3 13:44:05 2018
508,extrapolation,unmarked,initial,gu,sa,SimplePhrase_Training,chef_three,NA,vaem gu,NA,NA,,NA,84,Thu May  3 13:44:10 2018
508,extrapolation,unmarked,initial,gu,sa,SimplePhrase_Training,point_chef_pl_waitress_sg,NA,poinim vaem gu nork sa,NA,NA,,NA,85,Thu May  3 13:44:18 2018
508,extrapolation,unmarked,initial,gu,sa,SimplePhrase_Training,chef,NA,vaem,NA,NA,,NA,86,Thu May  3 13:44:22 2018
508,extrapolation,unmarked,initial,gu,sa,SimplePhrase_Training,chef_three,NA,vaem gu,NA,NA,,NA,87,Thu May  3 13:44:27 2018
508,extrapolation,unmarked,initial,gu,sa,SimplePhrase_Training,kick_burglar_sg_cowboy_sg,NA,kikim tumbat negid sa,NA,NA,,NA,88,Thu May  3 13:44:35 2018
508,extrapolation,unmarked,initial,gu,sa,SimplePhrase_Training,kick_waitress_pl_burglar_sg,NA,kikim nork gu tumbat sa,NA,NA,,NA,89,Thu May  3 13:44:42 2018
508,extrapolation,unmarked,initial,gu,sa,SimplePhrase_Training,kick_chef_sg_burglar_sg,NA,kikim vaem tumbat sa,NA,NA,,NA,90,Thu May  3 13:44:49 2018
508,extrapolation,unmarked,initial,gu,sa,SimplePhrase_Training,punch_cowboy_sg_waitress_sg,NA,straikim negid nork sa,NA,NA,,NA,91,Thu May  3 13:44:57 2018
508,extrapolation,unmarked,initial,gu,sa,SimplePhrase_Training,point_burglar_pl_waitress_sg,NA,poinim tumbat gu nork sa,NA,NA,,NA,92,Thu May  3 13:45:04 2018
508,extrapolation,unmarked,initial,gu,sa,SimplePhrase_Training,waitress,NA,nork,NA,NA,,NA,93,Thu May  3 13:45:09 2018
508,extrapolation,unmarked,initial,gu,sa,SimplePhrase_Training,punch_burglar_sg_chef_sg,NA,straikim tumbat vaem sa,NA,NA,,NA,94,Thu May  3 13:45:17 2018
508,extrapolation,unmarked,initial,gu,sa,SimplePhrase_Training,punch_burglar_sg_cowboy_sg,NA,straikim tumbat negid sa,NA,NA,,NA,95,Thu May  3 13:45:24 2018
508,extrapolation,unmarked,initial,gu,sa,SimplePhrase_Training,cowboy_three,NA,negid gu,NA,NA,,NA,96,Thu May  3 13:45:29 2018
508,extrapolation,unmarked,initial,gu,sa,SimplePhrase_Training,cowboy_two,NA,negid gu,NA,NA,,NA,97,Thu May  3 13:45:34 2018
508,extrapolation,unmarked,initial,gu,sa,SimplePhrase_Training,burglar_four,NA,tumbat gu,NA,NA,,NA,98,Thu May  3 13:45:39 2018
508,extrapolation,unmarked,initial,gu,sa,SimplePhrase_Training,cowboy,NA,negid,NA,NA,,NA,99,Thu May  3 13:45:44 2018
508,extrapolation,unmarked,initial,gu,sa,SimplePhrase_Training,chef_four,NA,vaem gu,NA,NA,,NA,100,Thu May  3 13:45:49 2018
508,extrapolation,unmarked,initial,gu,sa,SimplePhrase_Training,waitress_two,NA,nork gu,NA,NA,,NA,101,Thu May  3 13:45:54 2018
508,extrapolation,unmarked,initial,gu,sa,SimplePhrase_Training,punch_burglar_sg_waitress_sg,NA,straikim tumbat nork sa,NA,NA,,NA,102,Thu May  3 13:46:02 2018
508,extrapolation,unmarked,initial,gu,sa,SimplePhrase_Training,cowboy_four,NA,negid gu,NA,NA,,NA,103,Thu May  3 13:46:07 2018
508,extrapolation,unmarked,initial,gu,sa,SimplePhrase_Training,burglar,NA,tumbat,NA,NA,,NA,104,Thu May  3 13:46:11 2018
508,extrapolation,unmarked,initial,gu,sa,SimplePhrase_Training,point_chef_pl_cowboy_sg,NA,poinim vaem gu negid sa,NA,NA,,NA,105,Thu May  3 13:46:19 2018
508,extrapolation,unmarked,initial,gu,sa,SimplePhrase_Training,punch_chef_sg_cowboy_sg,NA,straikim vaem negid sa,NA,NA,,NA,106,Thu May  3 13:46:26 2018
508,extrapolation,unmarked,initial,gu,sa,SimplePhrase_Training,burglar,NA,tumbat,NA,NA,,NA,107,Thu May  3 13:46:31 2018
508,extrapolation,unmarked,initial,gu,sa,SimplePhrase_Training,punch_chef_sg_burglar_sg,NA,straikim vaem tumbat sa,NA,NA,,NA,108,Thu May  3 13:46:39 2018
508,extrapolation,unmarked,initial,gu,sa,SimplePhrase_Training,burglar_two,NA,tumbat gu,NA,NA,,NA,109,Thu May  3 13:46:44 2018
508,extrapolation,unmarked,initial,gu,sa,SimplePhrase_Training,waitress,NA,nork,NA,NA,,NA,110,Thu May  3 13:46:49 2018
508,extrapolation,unmarked,initial,gu,sa,SimplePhrase_Comprehension,burglar_four,NA,tumbat gu,wrong,NA,,NA,111,Thu May  3 13:47:10 2018
508,extrapolation,unmarked,initial,gu,sa,SimplePhrase_Comprehension,punch_burglar_pl_chef_sg,NA,straikim tumbat gu vaem sa,correct,NA,,NA,112,Thu May  3 13:47:18 2018
508,extrapolation,unmarked,initial,gu,sa,SimplePhrase_Comprehension,cowboy_two,NA,negid gu,correct,NA,,NA,113,Thu May  3 13:47:22 2018
508,extrapolation,unmarked,initial,gu,sa,SimplePhrase_Comprehension,punch_waitress_pl_burglar_sg,NA,straikim nork gu tumbat sa,correct,NA,,NA,114,Thu May  3 13:47:28 2018
508,extrapolation,unmarked,initial,gu,sa,SimplePhrase_Comprehension,cowboy_four,NA,negid gu,correct,NA,,NA,115,Thu May  3 13:47:32 2018
508,extrapolation,unmarked,initial,gu,sa,SimplePhrase_Comprehension,kick_chef_pl_cowboy_sg,NA,kikim vaem gu negid sa,correct,NA,,NA,116,Thu May  3 13:47:38 2018
508,extrapolation,unmarked,initial,gu,sa,SimplePhrase_Comprehension,chef_three,NA,vaem gu,correct,NA,,NA,117,Thu May  3 13:47:42 2018
508,extrapolation,unmarked,initial,gu,sa,SimplePhrase_Comprehension,waitress_four,NA,nork gu,correct,NA,,NA,118,Thu May  3 13:47:46 2018
508,extrapolation,unmarked,initial,gu,sa,SimplePhrase_Comprehension,punch_chef_pl_burglar_sg,NA,straikim vaem gu tumbat sa,correct,NA,,NA,119,Thu May  3 13:47:52 2018
508,extrapolation,unmarked,initial,gu,sa,SimplePhrase_Comprehension,kick_cowboy_sg_waitress_sg,NA,kikim negid nork sa,correct,NA,,NA,120,Thu May  3 13:47:57 2018
508,extrapolation,unmarked,initial,gu,sa,SimplePhrase_Comprehension,kick_cowboy_pl_burglar_sg,NA,kikim negid gu tumbat sa,correct,NA,,NA,121,Thu May  3 13:48:04 2018
508,extrapolation,unmarked,initial,gu,sa,SimplePhrase_Comprehension,chef,NA,vaem,correct,NA,,NA,122,Thu May  3 13:48:08 2018
508,extrapolation,unmarked,initial,gu,sa,SimplePhrase_Comprehension,point_burglar_sg_chef_sg,NA,poinim tumbat vaem sa,correct,NA,,NA,123,Thu May  3 13:48:14 2018
508,extrapolation,unmarked,initial,gu,sa,SimplePhrase_Comprehension,point_burglar_sg_waitress_sg,NA,poinim tumbat nork sa,correct,NA,,NA,124,Thu May  3 13:48:20 2018
508,extrapolation,unmarked,initial,gu,sa,SimplePhrase_Comprehension,point_chef_sg_waitress_sg,NA,poinim vaem nork sa,correct,NA,,NA,125,Thu May  3 13:48:25 2018
508,extrapolation,unmarked,initial,gu,sa,SimplePhrase_Comprehension,punch_burglar_pl_waitress_sg,NA,straikim tumbat gu nork sa,correct,NA,,NA,126,Thu May  3 13:48:31 2018
508,extrapolation,unmarked,initial,gu,sa,SimplePhrase_Comprehension,punch_waitress_sg_chef_sg,NA,straikim nork vaem sa,correct,NA,,NA,127,Thu May  3 13:48:37 2018
508,extrapolation,unmarked,initial,gu,sa,SimplePhrase_Comprehension,point_waitress_pl_cowboy_sg,NA,poinim nork gu negid sa,correct,NA,,NA,128,Thu May  3 13:48:43 2018
508,extrapolation,unmarked,initial,gu,sa,SimplePhrase_Comprehension,point_chef_sg_burglar_sg,NA,poinim vaem tumbat sa,correct,NA,,NA,129,Thu May  3 13:48:48 2018
508,extrapolation,unmarked,initial,gu,sa,SimplePhrase_Comprehension,waitress_three,NA,nork gu,correct,NA,,NA,130,Thu May  3 13:48:52 2018
508,extrapolation,unmarked,initial,gu,sa,SimplePhrase_Comprehension,kick_cowboy_pl_chef_sg,NA,kikim negid gu vaem sa,correct,NA,,NA,131,Thu May  3 13:48:58 2018
508,extrapolation,unmarked,initial,gu,sa,SimplePhrase_Comprehension,point_burglar_sg_cowboy_sg,NA,poinim tumbat negid sa,wrong,NA,,NA,132,Thu May  3 13:49:07 2018
508,extrapolation,unmarked,initial,gu,sa,SimplePhrase_Comprehension,cowboy,NA,negid,correct,NA,,NA,133,Thu May  3 13:49:11 2018
508,extrapolation,unmarked,initial,gu,sa,SimplePhrase_Comprehension,cowboy_three,NA,negid gu,correct,NA,,NA,134,Thu May  3 13:49:15 2018
508,extrapolation,unmarked,initial,gu,sa,SimplePhrase_Comprehension,waitress,NA,nork,correct,NA,,NA,135,Thu May  3 13:49:19 2018
508,extrapolation,unmarked,initial,gu,sa,SimplePhrase_Comprehension,kick_waitress_sg_cowboy_sg,NA,kikim nork negid sa,correct,NA,,NA,136,Thu May  3 13:49:25 2018
508,extrapolation,unmarked,initial,gu,sa,SimplePhrase_Comprehension,point_waitress_pl_burglar_sg,NA,poinim nork gu tumbat sa,correct,NA,,NA,137,Thu May  3 13:49:30 2018
508,extrapolation,unmarked,initial,gu,sa,SimplePhrase_Comprehension,burglar,NA,tumbat,correct,NA,,NA,138,Thu May  3 13:49:34 2018
508,extrapolation,unmarked,initial,gu,sa,SimplePhrase_Comprehension,point_cowboy_sg_burglar_sg,NA,poinim negid tumbat sa,correct,NA,,NA,139,Thu May  3 13:49:40 2018
508,extrapolation,unmarked,initial,gu,sa,SimplePhrase_Comprehension,punch_chef_sg_waitress_sg,NA,straikim vaem nork sa,correct,NA,,NA,140,Thu May  3 13:49:46 2018
508,extrapolation,unmarked,initial,gu,sa,SimplePhrase_Comprehension,waitress_two,NA,nork gu,correct,NA,,NA,141,Thu May  3 13:49:50 2018
508,extrapolation,unmarked,initial,gu,sa,SimplePhrase_Comprehension,chef_two,NA,vaem gu,correct,NA,,NA,142,Thu May  3 13:49:55 2018
508,extrapolation,unmarked,initial,gu,sa,SimplePhrase_Comprehension,burglar_two,NA,tumbat gu,correct,NA,,NA,143,Thu May  3 13:49:59 2018
508,extrapolation,unmarked,initial,gu,sa,SimplePhrase_Comprehension,kick_burglar_pl_cowboy_sg,NA,kikim tumbat gu negid sa,correct,NA,,NA,144,Thu May  3 13:50:04 2018
508,extrapolation,unmarked,initial,gu,sa,SimplePhrase_Typing,kick_burglar_pl_chef_sg,NA,kikim tumbat gu vaem sa,NA,kikim tumbat gu vaem sa,,NA,145,Thu May  3 13:50:49 2018
508,extrapolation,unmarked,initial,gu,sa,SimplePhrase_Typing,point_burglar_pl_chef_sg,NA,poinim tumbat gu vaem sa,NA,poinim tumbat gu vaem sa,,NA,146,Thu May  3 13:51:05 2018
508,extrapolation,unmarked,initial,gu,sa,SimplePhrase_Typing,burglar_two,NA,tumbat gu,NA,tumbat gu,,NA,147,Thu May  3 13:51:18 2018
508,extrapolation,unmarked,initial,gu,sa,SimplePhrase_Typing,kick_chef_sg_cowboy_sg,NA,kikim vaem negid sa,NA,kikim vaem negid sa,,NA,148,Thu May  3 13:51:32 2018
508,extrapolation,unmarked,initial,gu,sa,SimplePhrase_Typing,chef,NA,vaem,NA,vaem,,NA,149,Thu May  3 13:51:38 2018
508,extrapolation,unmarked,initial,gu,sa,SimplePhrase_Typing,waitress_three,NA,nork gu,NA,nork gu,,NA,150,Thu May  3 13:51:46 2018
508,extrapolation,unmarked,initial,gu,sa,SimplePhrase_Typing,punch_cowboy_sg_burglar_sg,NA,straikim negid tumbat sa,NA,straikim negid tumbat sa,,NA,151,Thu May  3 13:52:01 2018
508,extrapolation,unmarked,initial,gu,sa,SimplePhrase_Typing,cowboy,NA,negid,NA,negid,,NA,152,Thu May  3 13:52:06 2018
508,extrapolation,unmarked,initial,gu,sa,SimplePhrase_Typing,punch_chef_sg_burglar_sg,NA,straikim vaem tumbat sa,NA,straikim vaem tumbat sa,,NA,153,Thu May  3 13:52:17 2018
508,extrapolation,unmarked,initial,gu,sa,SimplePhrase_Typing,point_chef_pl_waitress_sg,NA,poinim vaem gu nork sa,NA,poinim vaem gu nork sa,,NA,154,Thu May  3 13:52:29 2018
508,extrapolation,unmarked,initial,gu,sa,SimplePhrase_Typing,burglar,NA,tumbat,NA,tumbat,,NA,155,Thu May  3 13:52:35 2018
508,extrapolation,unmarked,initial,gu,sa,SimplePhrase_Typing,chef_three,NA,vaem gu,NA,vaem gu,,NA,156,Thu May  3 13:52:41 2018
508,extrapolation,unmarked,initial,gu,sa,SimplePhrase_Typing,waitress,NA,nork,NA,nork,,NA,157,Thu May  3 13:52:47 2018
508,extrapolation,unmarked,initial,gu,sa,SimplePhrase_Typing,chef_two,NA,vaem gu,NA,vaem gu,,NA,158,Thu May  3 13:52:54 2018
508,extrapolation,unmarked,initial,gu,sa,SimplePhrase_Typing,kick_waitress_pl_cowboy_sg,NA,kikim nork gu negid sa,NA,kikim nork gu negid sa,,NA,159,Thu May  3 13:53:05 2018
508,extrapolation,unmarked,initial,gu,sa,SimplePhrase_Typing,punch_burglar_sg_waitress_sg,NA,straikim tumbat nork sa,NA,straikim tumbat nork sa,,NA,160,Thu May  3 13:53:16 2018
508,extrapolation,unmarked,initial,gu,sa,ComplexPhrase_Typing,punch_chef_sg_waitress_pl,waitress,straikim vaem nork gu sa,NA,straikim vaem nork gu sa,,NA,161,Thu May  3 13:54:14 2018
508,extrapolation,unmarked,initial,gu,sa,ComplexPhrase_Typing,point_burglar_sg_cowboy_pl,cowboy,poinim tumbat negid gu sa,NA,poinim tumbat negid gu sa,,NA,162,Thu May  3 13:54:38 2018
508,extrapolation,unmarked,initial,gu,sa,ComplexPhrase_Typing,punch_burglar_sg_chef_pl,chef,straikim tumbat vaem gu sa,NA,straikim tumbat vaem gu sa,,NA,163,Thu May  3 13:54:47 2018
508,extrapolation,unmarked,initial,gu,sa,ComplexPhrase_Typing,point_waitress_sg_chef_pl,chef,poinim nork vaem gu sa,NA,poinim nork vaem gu sa,,NA,164,Thu May  3 13:54:56 2018
508,extrapolation,unmarked,initial,gu,sa,ComplexPhrase_Typing,punch_burglar_sg_chef_pl,chef,straikim tumbat vaem gu sa,NA,straikim tumbat vaem gu sa,,NA,165,Thu May  3 13:55:04 2018
508,extrapolation,unmarked,initial,gu,sa,ComplexPhrase_Typing,point_burglar_sg_cowboy_pl,cowboy,poinim tumbat negid gu sa,NA,poinim tumbat negid gu sa,,NA,166,Thu May  3 13:55:09 2018
508,extrapolation,unmarked,initial,gu,sa,ComplexPhrase_Typing,point_waitress_sg_chef_pl,chef,poinim nork vaem gu sa,NA,poinim nork vaem gu sa,,NA,167,Thu May  3 13:55:14 2018
508,extrapolation,unmarked,initial,gu,sa,ComplexPhrase_Typing,punch_chef_sg_waitress_pl,waitress,straikim vaem nork gu sa,NA,straikim vaem nork gu sa,,NA,168,Thu May  3 13:55:24 2018
508,extrapolation,unmarked,initial,gu,sa,ComplexPhrase_Typing,point_burglar_sg_cowboy_pl,cowboy,poinim tumbat negid gu sa,NA,poinim tumbat negid gusa,,NA,169,Thu May  3 13:55:32 2018
508,extrapolation,unmarked,initial,gu,sa,ComplexPhrase_Typing,point_waitress_sg_chef_pl,chef,poinim nork vaem gu sa,NA,poinim nork vaem gu sa,,NA,170,Thu May  3 13:55:41 2018
508,extrapolation,unmarked,initial,gu,sa,ComplexPhrase_Typing,punch_burglar_sg_chef_pl,chef,straikim tumbat vaem gu sa,NA,straikim tumbat vaem gu sa,,NA,171,Thu May  3 13:55:49 2018
508,extrapolation,unmarked,initial,gu,sa,ComplexPhrase_Typing,punch_chef_sg_waitress_pl,waitress,straikim vaem nork gu sa,NA,straikim vaem nork gu sa,,NA,172,Thu May  3 13:55:54 2018
508,extrapolation,unmarked,initial,gu,sa,ComplexPhrase_Testing,kick_burglar_sg_cowboy_sg,NA,kikim tumbat negid sa,NA,NA,,NA,173,Thu May  3 13:56:32 2018
508,extrapolation,unmarked,initial,gu,sa,ComplexPhrase_Testing,point_waitress_sg_burglar_pl,burglar,poinim nork tumbat gu sa,NA,NA,,NA,174,Thu May  3 13:56:41 2018
508,extrapolation,unmarked,initial,gu,sa,ComplexPhrase_Testing,point_waitress_sg_chef_pl,chef,poinim nork vaem gu sa,NA,NA,,NA,175,Thu May  3 13:56:46 2018
508,extrapolation,unmarked,initial,gu,sa,ComplexPhrase_Testing,point_waitress_sg_chef_pl,chef,poinim nork vaem gu sa,NA,NA,,NA,176,Thu May  3 13:56:53 2018
508,extrapolation,unmarked,initial,gu,sa,ComplexPhrase_Testing,punch_burglar_pl_chef_sg,NA,straikim tumbat gu vaem sa,NA,NA,,NA,177,Thu May  3 13:57:03 2018
508,extrapolation,unmarked,initial,gu,sa,ComplexPhrase_Testing,punch_waitress_sg_burglar_sg,NA,straikim nork tumbat sa,NA,NA,,NA,178,Thu May  3 13:57:14 2018
508,extrapolation,unmarked,initial,gu,sa,ComplexPhrase_Testing,point_chef_sg_waitress_pl,waitress,poinim vaem nork gu sa,NA,NA,,NA,179,Thu May  3 13:57:22 2018
508,extrapolation,unmarked,initial,gu,sa,ComplexPhrase_Testing,cowboy_four,NA,negid gu,NA,NA,,NA,180,Thu May  3 13:57:30 2018
508,extrapolation,unmarked,initial,gu,sa,ComplexPhrase_Testing,punch_waitress_sg_burglar_pl,burglar,straikim nork tumbat gu sa,NA,NA,,NA,181,Thu May  3 13:57:37 2018
508,extrapolation,unmarked,initial,gu,sa,ComplexPhrase_Testing,burglar,NA,tumbat,NA,NA,,NA,182,Thu May  3 13:57:39 2018
508,extrapolation,unmarked,initial,gu,sa,ComplexPhrase_Testing,kick_waitress_sg_cowboy_sg,NA,kikim nork negid sa,NA,NA,,NA,183,Thu May  3 13:57:49 2018
508,extrapolation,unmarked,initial,gu,sa,ComplexPhrase_Testing,punch_chef_sg_burglar_pl,burglar,straikim vaem tumbat gu sa,NA,NA,,NA,184,Thu May  3 13:57:58 2018
508,extrapolation,unmarked,initial,gu,sa,ComplexPhrase_Testing,kick_cowboy_sg_waitress_sg,NA,kikim negid nork sa,NA,NA,,NA,185,Thu May  3 13:58:05 2018
508,extrapolation,unmarked,initial,gu,sa,ComplexPhrase_Testing,punch_chef_sg_waitress_pl,waitress,straikim vaem nork gu sa,NA,NA,,NA,186,Thu May  3 13:58:16 2018
508,extrapolation,unmarked,initial,gu,sa,ComplexPhrase_Testing,kick_cowboy_sg_chef_pl,chef,kikim negid vaem gu sa,NA,NA,,NA,187,Thu May  3 13:58:23 2018
508,extrapolation,unmarked,initial,gu,sa,ComplexPhrase_Testing,kick_waitress_sg_burglar_pl,burglar,kikim nork tumbat gu sa,NA,NA,,NA,188,Thu May  3 13:58:29 2018
508,extrapolation,unmarked,initial,gu,sa,ComplexPhrase_Testing,point_cowboy_sg_burglar_pl,burglar,poinim negid tumbat gu sa,NA,NA,,NA,189,Thu May  3 13:58:39 2018
508,extrapolation,unmarked,initial,gu,sa,ComplexPhrase_Testing,point_burglar_sg_cowboy_pl,cowboy,poinim tumbat negid gu sa,NA,NA,,NA,190,Thu May  3 13:58:44 2018
508,extrapolation,unmarked,initial,gu,sa,ComplexPhrase_Testing,point_chef_sg_waitress_sg,NA,poinim vaem nork sa,NA,NA,,NA,191,Thu May  3 13:58:49 2018
508,extrapolation,unmarked,initial,gu,sa,ComplexPhrase_Testing,chef,NA,vaem,NA,NA,,NA,192,Thu May  3 13:58:55 2018
508,extrapolation,unmarked,initial,gu,sa,ComplexPhrase_Testing,chef_three,NA,vaem gu,NA,NA,,NA,193,Thu May  3 13:58:59 2018
508,extrapolation,unmarked,initial,gu,sa,ComplexPhrase_Testing,point_chef_pl_waitress_sg,NA,poinim vaem gu nork sa,NA,NA,,NA,194,Thu May  3 13:59:06 2018
508,extrapolation,unmarked,initial,gu,sa,ComplexPhrase_Testing,point_chef_sg_waitress_pl,waitress,poinim vaem nork gu sa,NA,NA,,NA,195,Thu May  3 13:59:17 2018
508,extrapolation,unmarked,initial,gu,sa,ComplexPhrase_Testing,punch_chef_sg_burglar_pl,burglar,straikim vaem tumbat gu sa,NA,NA,,NA,196,Thu May  3 13:59:24 2018
508,extrapolation,unmarked,initial,gu,sa,ComplexPhrase_Testing,punch_cowboy_sg_chef_pl,chef,straikim negid vaem gu sa,NA,NA,,NA,197,Thu May  3 13:59:30 2018
508,extrapolation,unmarked,initial,gu,sa,ComplexPhrase_Testing,chef_two,NA,vaem gu,NA,NA,,NA,198,Thu May  3 13:59:35 2018
508,extrapolation,unmarked,initial,gu,sa,ComplexPhrase_Testing,point_chef_sg_waitress_pl,waitress,poinim vaem nork gu sa,NA,NA,,NA,199,Thu May  3 13:59:41 2018
508,extrapolation,unmarked,initial,gu,sa,ComplexPhrase_Testing,point_waitress_sg_burglar_pl,burglar,poinim nork tumbat gu sa,NA,NA,,NA,200,Thu May  3 13:59:46 2018
508,extrapolation,unmarked,initial,gu,sa,ComplexPhrase_Testing,kick_waitress_sg_burglar_pl,burglar,kikim nork tumbat gu sa,NA,NA,,NA,201,Thu May  3 13:59:51 2018
508,extrapolation,unmarked,initial,gu,sa,ComplexPhrase_Testing,punch_cowboy_sg_chef_pl,chef,straikim negid vaem gu sa,NA,NA,,NA,202,Thu May  3 13:59:56 2018
508,extrapolation,unmarked,initial,gu,sa,ComplexPhrase_Testing,punch_waitress_sg_burglar_pl,burglar,straikim nork tumbat gu sa,NA,NA,,NA,203,Thu May  3 14:00:02 2018
508,extrapolation,unmarked,initial,gu,sa,ComplexPhrase_Testing,punch_chef_sg_waitress_pl,waitress,straikim vaem nork gu sa,NA,NA,,NA,204,Thu May  3 14:00:06 2018
508,extrapolation,unmarked,initial,gu,sa,ComplexPhrase_Testing,point_cowboy_sg_burglar_pl,burglar,poinim negid tumbat gu sa,NA,NA,,NA,205,Thu May  3 14:00:12 2018
508,extrapolation,unmarked,initial,gu,sa,ComplexPhrase_Testing,point_waitress_sg_burglar_pl,burglar,poinim nork tumbat gu sa,NA,NA,,NA,206,Thu May  3 14:00:16 2018
508,extrapolation,unmarked,initial,gu,sa,ComplexPhrase_Testing,point_burglar_sg_cowboy_pl,cowboy,poinim tumbat negid gu sa,NA,NA,,NA,207,Thu May  3 14:00:21 2018
508,extrapolation,unmarked,initial,gu,sa,ComplexPhrase_Testing,punch_chef_sg_waitress_pl,waitress,straikim vaem nork gu sa,NA,NA,,NA,208,Thu May  3 14:00:27 2018
508,extrapolation,unmarked,initial,gu,sa,ComplexPhrase_Testing,kick_waitress_sg_burglar_pl,burglar,kikim nork tumbat gu sa,NA,NA,,NA,209,Thu May  3 14:00:32 2018
508,extrapolation,unmarked,initial,gu,sa,ComplexPhrase_Testing,cowboy_three,NA,negid gu,NA,NA,,NA,210,Thu May  3 14:00:35 2018
508,extrapolation,unmarked,initial,gu,sa,ComplexPhrase_Testing,kick_cowboy_pl_chef_sg,NA,kikim negid gu vaem sa,NA,NA,,NA,211,Thu May  3 14:00:43 2018
508,extrapolation,unmarked,initial,gu,sa,ComplexPhrase_Testing,waitress,NA,nork,NA,NA,,NA,212,Thu May  3 14:00:48 2018
508,extrapolation,unmarked,initial,gu,sa,ComplexPhrase_Testing,kick_cowboy_sg_chef_pl,chef,kikim negid vaem gu sa,NA,NA,,NA,213,Thu May  3 14:00:56 2018
508,extrapolation,unmarked,initial,gu,sa,ComplexPhrase_Testing,point_burglar_sg_cowboy_pl,cowboy,poinim tumbat negid gu sa,NA,NA,,NA,214,Thu May  3 14:01:02 2018
508,extrapolation,unmarked,initial,gu,sa,ComplexPhrase_Testing,point_waitress_sg_chef_pl,chef,poinim nork vaem gu sa,NA,NA,,NA,215,Thu May  3 14:01:07 2018
508,extrapolation,unmarked,initial,gu,sa,ComplexPhrase_Testing,kick_waitress_pl_chef_sg,NA,kikim nork gu vaem sa,NA,NA,,NA,216,Thu May  3 14:01:12 2018
508,extrapolation,unmarked,initial,gu,sa,ComplexPhrase_Testing,punch_chef_sg_burglar_pl,burglar,straikim vaem tumbat gu sa,NA,NA,,NA,217,Thu May  3 14:01:21 2018
508,extrapolation,unmarked,initial,gu,sa,ComplexPhrase_Testing,punch_burglar_sg_chef_pl,chef,straikim tumbat vaem gu sa,NA,NA,,NA,218,Thu May  3 14:01:26 2018
508,extrapolation,unmarked,initial,gu,sa,ComplexPhrase_Testing,punch_burglar_sg_chef_pl,chef,straikim tumbat vaem gu sa,NA,NA,,NA,219,Thu May  3 14:01:31 2018
508,extrapolation,unmarked,initial,gu,sa,ComplexPhrase_Testing,punch_waitress_sg_burglar_pl,burglar,straikim nork tumbat gu sa,NA,NA,,NA,220,Thu May  3 14:01:37 2018
508,extrapolation,unmarked,initial,gu,sa,ComplexPhrase_Testing,waitress_two,NA,nork gu,NA,NA,,NA,221,Thu May  3 14:01:41 2018
508,extrapolation,unmarked,initial,gu,sa,ComplexPhrase_Testing,kick_chef_pl_waitress_sg,NA,kikim vaem gu nork sa,NA,NA,,NA,222,Thu May  3 14:01:51 2018
508,extrapolation,unmarked,initial,gu,sa,ComplexPhrase_Testing,point_cowboy_sg_burglar_sg,NA,poinim negid tumbat sa,NA,NA,,NA,223,Thu May  3 14:02:00 2018
508,extrapolation,unmarked,initial,gu,sa,ComplexPhrase_Testing,kick_cowboy_sg_chef_pl,chef,kikim negid vaem gu sa,NA,NA,,NA,224,Thu May  3 14:02:09 2018
508,extrapolation,unmarked,initial,gu,sa,ComplexPhrase_Testing,punch_burglar_sg_chef_pl,chef,straikim tumbat vaem gu sa,NA,NA,,NA,225,Thu May  3 14:02:15 2018
508,extrapolation,unmarked,initial,gu,sa,ComplexPhrase_Testing,cowboy,NA,negid,NA,NA,,NA,226,Thu May  3 14:02:18 2018
508,extrapolation,unmarked,initial,gu,sa,ComplexPhrase_Testing,chef_four,NA,vaem gu,NA,NA,,NA,227,Thu May  3 14:02:23 2018
508,extrapolation,unmarked,initial,gu,sa,ComplexPhrase_Testing,point_cowboy_sg_burglar_pl,burglar,poinim negid tumbat gu sa,NA,NA,,NA,228,Thu May  3 14:02:31 2018
508,extrapolation,unmarked,initial,gu,sa,ComplexPhrase_Testing,punch_cowboy_sg_chef_pl,chef,straikim negid vaem gu sa,NA,NA,,NA,229,Thu May  3 14:02:38 2018
508,extrapolation,unmarked,initial,gu,sa,ComplexPhrase_Testing,punch_burglar_pl_cowboy_sg,NA,straikim tumbat gu negid sa,NA,NA,,NA,230,Thu May  3 14:02:43 2018
508,extrapolation,unmarked,initial,gu,sa,Questionnaire,NA,NA,NA,NA,NA,,more than one,MeaningNum,Thu May  3 14:03:51 2018
508,extrapolation,unmarked,initial,gu,sa,Questionnaire,NA,NA,NA,NA,NA,,end of sentence containing a verb,MeaningCase,Thu May  3 14:03:51 2018
508,extrapolation,unmarked,initial,gu,sa,Questionnaire,NA,NA,NA,NA,NA,,after,OrderNumNoun,Thu May  3 14:03:51 2018
508,extrapolation,unmarked,initial,gu,sa,Questionnaire,NA,NA,NA,NA,NA,,after,OrderCaseNoun,Thu May  3 14:03:51 2018
508,extrapolation,unmarked,initial,gu,sa,Questionnaire,NA,NA,NA,NA,NA,,english and hindi,Languages,Thu May  3 14:03:51 2018
