ID,Condition,MajorityOrder,NounPosition,markerNum,markerCase,Phase,Meaning,NounItem,InputSentence,Selection,TypedResponse,SpokenResponse,AnswerQuest,Trial,date&time
509,extrapolation,unmarked,initial,ti,gu,Noun_Training,cowboy,NA,tumbat,NA,NA,,NA,1,Mon Apr 16 09:37:45 2018
509,extrapolation,unmarked,initial,ti,gu,Noun_Training,cowboy,NA,tumbat,NA,NA,,NA,2,Mon Apr 16 09:37:50 2018
509,extrapolation,unmarked,initial,ti,gu,Noun_Training,burglar,NA,nork,NA,NA,,NA,3,Mon Apr 16 09:37:55 2018
509,extrapolation,unmarked,initial,ti,gu,Noun_Training,cowboy,NA,tumbat,NA,NA,,NA,4,Mon Apr 16 09:38:00 2018
509,extrapolation,unmarked,initial,ti,gu,Noun_Training,cowboy,NA,tumbat,NA,NA,,NA,5,Mon Apr 16 09:38:05 2018
509,extrapolation,unmarked,initial,ti,gu,Noun_Training,waitress,NA,vaem,NA,NA,,NA,6,Mon Apr 16 09:38:10 2018
509,extrapolation,unmarked,initial,ti,gu,Noun_Training,waitress,NA,vaem,NA,NA,,NA,7,Mon Apr 16 09:38:15 2018
509,extrapolation,unmarked,initial,ti,gu,Noun_Training,chef,NA,negid,NA,NA,,NA,8,Mon Apr 16 09:38:19 2018
509,extrapolation,unmarked,initial,ti,gu,Noun_Training,waitress,NA,vaem,NA,NA,,NA,9,Mon Apr 16 09:38:24 2018
509,extrapolation,unmarked,initial,ti,gu,Noun_Training,chef,NA,negid,NA,NA,,NA,10,Mon Apr 16 09:38:29 2018
509,extrapolation,unmarked,initial,ti,gu,Noun_Training,waitress,NA,vaem,NA,NA,,NA,11,Mon Apr 16 09:38:34 2018
509,extrapolation,unmarked,initial,ti,gu,Noun_Training,burglar,NA,nork,NA,NA,,NA,12,Mon Apr 16 09:38:39 2018
509,extrapolation,unmarked,initial,ti,gu,Noun_Training,burglar,NA,nork,NA,NA,,NA,13,Mon Apr 16 09:38:43 2018
509,extrapolation,unmarked,initial,ti,gu,Noun_Training,burglar,NA,nork,NA,NA,,NA,14,Mon Apr 16 09:38:48 2018
509,extrapolation,unmarked,initial,ti,gu,Noun_Training,chef,NA,negid,NA,NA,,NA,15,Mon Apr 16 09:38:53 2018
509,extrapolation,unmarked,initial,ti,gu,Noun_Training,burglar,NA,nork,NA,NA,,NA,16,Mon Apr 16 09:38:58 2018
509,extrapolation,unmarked,initial,ti,gu,Noun_Training,chef,NA,negid,NA,NA,,NA,17,Mon Apr 16 09:39:03 2018
509,extrapolation,unmarked,initial,ti,gu,Noun_Training,cowboy,NA,tumbat,NA,NA,,NA,18,Mon Apr 16 09:39:08 2018
509,extrapolation,unmarked,initial,ti,gu,Noun_Training,chef,NA,negid,NA,NA,,NA,19,Mon Apr 16 09:39:13 2018
509,extrapolation,unmarked,initial,ti,gu,Noun_Training,cowboy,NA,tumbat,NA,NA,,NA,20,Mon Apr 16 09:39:17 2018
509,extrapolation,unmarked,initial,ti,gu,Noun_Training,chef,NA,negid,NA,NA,,NA,21,Mon Apr 16 09:39:22 2018
509,extrapolation,unmarked,initial,ti,gu,Noun_Training,waitress,NA,vaem,NA,NA,,NA,22,Mon Apr 16 09:39:27 2018
509,extrapolation,unmarked,initial,ti,gu,Noun_Training,waitress,NA,vaem,NA,NA,,NA,23,Mon Apr 16 09:39:32 2018
509,extrapolation,unmarked,initial,ti,gu,Noun_Training,burglar,NA,nork,NA,NA,,NA,24,Mon Apr 16 09:39:37 2018
509,extrapolation,unmarked,initial,ti,gu,Noun_Selection,chef,NA,negid,correct,NA,,NA,25,Mon Apr 16 09:40:00 2018
509,extrapolation,unmarked,initial,ti,gu,Noun_Selection,waitress,NA,vaem,correct,NA,,NA,26,Mon Apr 16 09:40:04 2018
509,extrapolation,unmarked,initial,ti,gu,Noun_Selection,cowboy,NA,tumbat,correct,NA,,NA,27,Mon Apr 16 09:40:08 2018
509,extrapolation,unmarked,initial,ti,gu,Noun_Selection,burglar,NA,nork,correct,NA,,NA,28,Mon Apr 16 09:40:11 2018
509,extrapolation,unmarked,initial,ti,gu,Noun_Selection,cowboy,NA,tumbat,correct,NA,,NA,29,Mon Apr 16 09:40:15 2018
509,extrapolation,unmarked,initial,ti,gu,Noun_Selection,burglar,NA,nork,correct,NA,,NA,30,Mon Apr 16 09:40:20 2018
509,extrapolation,unmarked,initial,ti,gu,Noun_Selection,waitress,NA,vaem,correct,NA,,NA,31,Mon Apr 16 09:40:24 2018
509,extrapolation,unmarked,initial,ti,gu,Noun_Selection,cowboy,NA,tumbat,correct,NA,,NA,32,Mon Apr 16 09:40:27 2018
509,extrapolation,unmarked,initial,ti,gu,Noun_Selection,waitress,NA,vaem,correct,NA,,NA,33,Mon Apr 16 09:40:30 2018
509,extrapolation,unmarked,initial,ti,gu,Noun_Selection,burglar,NA,nork,correct,NA,,NA,34,Mon Apr 16 09:40:34 2018
509,extrapolation,unmarked,initial,ti,gu,Noun_Selection,chef,NA,negid,correct,NA,,NA,35,Mon Apr 16 09:40:38 2018
509,extrapolation,unmarked,initial,ti,gu,Noun_Selection,chef,NA,negid,correct,NA,,NA,36,Mon Apr 16 09:40:41 2018
509,extrapolation,unmarked,initial,ti,gu,Noun_Testing,cowboy,NA,tumbat,NA,NA,,NA,37,Mon Apr 16 09:41:00 2018
509,extrapolation,unmarked,initial,ti,gu,Noun_Testing,cowboy,NA,tumbat,NA,NA,,NA,38,Mon Apr 16 09:41:13 2018
509,extrapolation,unmarked,initial,ti,gu,Noun_Testing,waitress,NA,vaem,NA,NA,,NA,39,Mon Apr 16 09:41:22 2018
509,extrapolation,unmarked,initial,ti,gu,Noun_Testing,cowboy,NA,tumbat,NA,NA,,NA,40,Mon Apr 16 09:41:26 2018
509,extrapolation,unmarked,initial,ti,gu,Noun_Testing,waitress,NA,vaem,NA,NA,,NA,41,Mon Apr 16 09:41:30 2018
509,extrapolation,unmarked,initial,ti,gu,Noun_Testing,burglar,NA,nork,NA,NA,,NA,42,Mon Apr 16 09:41:33 2018
509,extrapolation,unmarked,initial,ti,gu,Noun_Testing,chef,NA,negid,NA,NA,,NA,43,Mon Apr 16 09:41:37 2018
509,extrapolation,unmarked,initial,ti,gu,Noun_Testing,waitress,NA,vaem,NA,NA,,NA,44,Mon Apr 16 09:41:41 2018
509,extrapolation,unmarked,initial,ti,gu,Noun_Testing,chef,NA,negid,NA,NA,,NA,45,Mon Apr 16 09:41:44 2018
509,extrapolation,unmarked,initial,ti,gu,Noun_Testing,chef,NA,negid,NA,NA,,NA,46,Mon Apr 16 09:41:48 2018
509,extrapolation,unmarked,initial,ti,gu,Noun_Testing,burglar,NA,nork,NA,NA,,NA,47,Mon Apr 16 09:41:51 2018
509,extrapolation,unmarked,initial,ti,gu,Noun_Testing,burglar,NA,nork,NA,NA,,NA,48,Mon Apr 16 09:41:55 2018
509,extrapolation,unmarked,initial,ti,gu,SimplePhrase_Training,burglar,NA,nork,NA,NA,,NA,49,Mon Apr 16 09:42:35 2018
509,extrapolation,unmarked,initial,ti,gu,SimplePhrase_Training,point_waitress_pl_chef_sg,NA,poinim vaem ti negid gu,NA,NA,,NA,50,Mon Apr 16 09:42:43 2018
509,extrapolation,unmarked,initial,ti,gu,SimplePhrase_Training,point_chef_pl_cowboy_sg,NA,poinim negid ti tumbat gu,NA,NA,,NA,51,Mon Apr 16 09:42:51 2018
509,extrapolation,unmarked,initial,ti,gu,SimplePhrase_Training,waitress_four,NA,vaem ti,NA,NA,,NA,52,Mon Apr 16 09:42:56 2018
509,extrapolation,unmarked,initial,ti,gu,SimplePhrase_Training,punch_cowboy_sg_chef_sg,NA,straikim tumbat negid gu,NA,NA,,NA,53,Mon Apr 16 09:43:03 2018
509,extrapolation,unmarked,initial,ti,gu,SimplePhrase_Training,kick_burglar_pl_waitress_sg,NA,kikim nork ti vaem gu,NA,NA,,NA,54,Mon Apr 16 09:43:11 2018
509,extrapolation,unmarked,initial,ti,gu,SimplePhrase_Training,punch_waitress_pl_burglar_sg,NA,straikim vaem ti nork gu,NA,NA,,NA,55,Mon Apr 16 09:43:18 2018
509,extrapolation,unmarked,initial,ti,gu,SimplePhrase_Training,waitress_three,NA,vaem ti,NA,NA,,NA,56,Mon Apr 16 09:43:23 2018
509,extrapolation,unmarked,initial,ti,gu,SimplePhrase_Training,kick_burglar_pl_cowboy_sg,NA,kikim nork ti tumbat gu,NA,NA,,NA,57,Mon Apr 16 09:43:31 2018
509,extrapolation,unmarked,initial,ti,gu,SimplePhrase_Training,chef_three,NA,negid ti,NA,NA,,NA,58,Mon Apr 16 09:43:36 2018
509,extrapolation,unmarked,initial,ti,gu,SimplePhrase_Training,kick_chef_pl_waitress_sg,NA,kikim negid ti vaem gu,NA,NA,,NA,59,Mon Apr 16 09:43:43 2018
509,extrapolation,unmarked,initial,ti,gu,SimplePhrase_Training,point_burglar_sg_cowboy_sg,NA,poinim nork tumbat gu,NA,NA,,NA,60,Mon Apr 16 09:43:51 2018
509,extrapolation,unmarked,initial,ti,gu,SimplePhrase_Training,punch_waitress_pl_cowboy_sg,NA,straikim vaem ti tumbat gu,NA,NA,,NA,61,Mon Apr 16 09:43:59 2018
509,extrapolation,unmarked,initial,ti,gu,SimplePhrase_Training,cowboy_three,NA,tumbat ti,NA,NA,,NA,62,Mon Apr 16 09:44:04 2018
509,extrapolation,unmarked,initial,ti,gu,SimplePhrase_Training,cowboy,NA,tumbat,NA,NA,,NA,63,Mon Apr 16 09:44:08 2018
509,extrapolation,unmarked,initial,ti,gu,SimplePhrase_Training,punch_chef_pl_burglar_sg,NA,straikim negid ti nork gu,NA,NA,,NA,64,Mon Apr 16 09:44:16 2018
509,extrapolation,unmarked,initial,ti,gu,SimplePhrase_Training,punch_cowboy_pl_waitress_sg,NA,straikim tumbat ti vaem gu,NA,NA,,NA,65,Mon Apr 16 09:44:24 2018
509,extrapolation,unmarked,initial,ti,gu,SimplePhrase_Training,point_burglar_sg_chef_sg,NA,poinim nork negid gu,NA,NA,,NA,66,Mon Apr 16 09:44:31 2018
509,extrapolation,unmarked,initial,ti,gu,SimplePhrase_Training,point_waitress_pl_burglar_sg,NA,poinim vaem ti nork gu,NA,NA,,NA,67,Mon Apr 16 09:44:39 2018
509,extrapolation,unmarked,initial,ti,gu,SimplePhrase_Training,kick_chef_sg_burglar_sg,NA,kikim negid nork gu,NA,NA,,NA,68,Mon Apr 16 09:44:46 2018
509,extrapolation,unmarked,initial,ti,gu,SimplePhrase_Training,cowboy_two,NA,tumbat ti,NA,NA,,NA,69,Mon Apr 16 09:44:51 2018
509,extrapolation,unmarked,initial,ti,gu,SimplePhrase_Training,punch_cowboy_sg_burglar_sg,NA,straikim tumbat nork gu,NA,NA,,NA,70,Mon Apr 16 09:44:58 2018
509,extrapolation,unmarked,initial,ti,gu,SimplePhrase_Training,chef_four,NA,negid ti,NA,NA,,NA,71,Mon Apr 16 09:45:04 2018
509,extrapolation,unmarked,initial,ti,gu,SimplePhrase_Training,burglar_two,NA,nork ti,NA,NA,,NA,72,Mon Apr 16 09:45:09 2018
509,extrapolation,unmarked,initial,ti,gu,SimplePhrase_Training,burglar_four,NA,nork ti,NA,NA,,NA,73,Mon Apr 16 09:45:14 2018
509,extrapolation,unmarked,initial,ti,gu,SimplePhrase_Training,punch_burglar_pl_chef_sg,NA,straikim nork ti negid gu,NA,NA,,NA,74,Mon Apr 16 09:45:22 2018
509,extrapolation,unmarked,initial,ti,gu,SimplePhrase_Training,point_chef_sg_waitress_sg,NA,poinim negid vaem gu,NA,NA,,NA,75,Mon Apr 16 09:45:29 2018
509,extrapolation,unmarked,initial,ti,gu,SimplePhrase_Training,burglar_four,NA,nork ti,NA,NA,,NA,76,Mon Apr 16 09:45:34 2018
509,extrapolation,unmarked,initial,ti,gu,SimplePhrase_Training,point_cowboy_sg_waitress_sg,NA,poinim tumbat vaem gu,NA,NA,,NA,77,Mon Apr 16 09:45:41 2018
509,extrapolation,unmarked,initial,ti,gu,SimplePhrase_Training,point_chef_sg_burglar_sg,NA,poinim negid nork gu,NA,NA,,NA,78,Mon Apr 16 09:45:48 2018
509,extrapolation,unmarked,initial,ti,gu,SimplePhrase_Training,punch_burglar_pl_cowboy_sg,NA,straikim nork ti tumbat gu,NA,NA,,NA,79,Mon Apr 16 09:45:56 2018
509,extrapolation,unmarked,initial,ti,gu,SimplePhrase_Training,kick_cowboy_sg_waitress_sg,NA,kikim tumbat vaem gu,NA,NA,,NA,80,Mon Apr 16 09:46:03 2018
509,extrapolation,unmarked,initial,ti,gu,SimplePhrase_Training,kick_cowboy_sg_chef_sg,NA,kikim tumbat negid gu,NA,NA,,NA,81,Mon Apr 16 09:46:11 2018
509,extrapolation,unmarked,initial,ti,gu,SimplePhrase_Training,burglar_three,NA,nork ti,NA,NA,,NA,82,Mon Apr 16 09:46:16 2018
509,extrapolation,unmarked,initial,ti,gu,SimplePhrase_Training,chef_two,NA,negid ti,NA,NA,,NA,83,Mon Apr 16 09:46:21 2018
509,extrapolation,unmarked,initial,ti,gu,SimplePhrase_Training,kick_waitress_pl_chef_sg,NA,kikim vaem ti negid gu,NA,NA,,NA,84,Mon Apr 16 09:46:28 2018
509,extrapolation,unmarked,initial,ti,gu,SimplePhrase_Training,point_waitress_pl_cowboy_sg,NA,poinim vaem ti tumbat gu,NA,NA,,NA,85,Mon Apr 16 09:46:36 2018
509,extrapolation,unmarked,initial,ti,gu,SimplePhrase_Training,punch_burglar_sg_waitress_sg,NA,straikim nork vaem gu,NA,NA,,NA,86,Mon Apr 16 09:46:43 2018
509,extrapolation,unmarked,initial,ti,gu,SimplePhrase_Training,kick_waitress_sg_cowboy_sg,NA,kikim vaem tumbat gu,NA,NA,,NA,87,Mon Apr 16 09:46:51 2018
509,extrapolation,unmarked,initial,ti,gu,SimplePhrase_Training,chef_three,NA,negid ti,NA,NA,,NA,88,Mon Apr 16 09:46:56 2018
509,extrapolation,unmarked,initial,ti,gu,SimplePhrase_Training,waitress,NA,vaem,NA,NA,,NA,89,Mon Apr 16 09:47:00 2018
509,extrapolation,unmarked,initial,ti,gu,SimplePhrase_Training,kick_cowboy_pl_burglar_sg,NA,kikim tumbat ti nork gu,NA,NA,,NA,90,Mon Apr 16 09:47:08 2018
509,extrapolation,unmarked,initial,ti,gu,SimplePhrase_Training,punch_waitress_sg_chef_sg,NA,straikim vaem negid gu,NA,NA,,NA,91,Mon Apr 16 09:47:15 2018
509,extrapolation,unmarked,initial,ti,gu,SimplePhrase_Training,burglar,NA,nork,NA,NA,,NA,92,Mon Apr 16 09:47:20 2018
509,extrapolation,unmarked,initial,ti,gu,SimplePhrase_Training,waitress_two,NA,vaem ti,NA,NA,,NA,93,Mon Apr 16 09:47:25 2018
509,extrapolation,unmarked,initial,ti,gu,SimplePhrase_Training,punch_chef_sg_cowboy_sg,NA,straikim negid tumbat gu,NA,NA,,NA,94,Mon Apr 16 09:47:33 2018
509,extrapolation,unmarked,initial,ti,gu,SimplePhrase_Training,point_cowboy_sg_chef_sg,NA,poinim tumbat negid gu,NA,NA,,NA,95,Mon Apr 16 09:47:40 2018
509,extrapolation,unmarked,initial,ti,gu,SimplePhrase_Training,point_cowboy_pl_burglar_sg,NA,poinim tumbat ti nork gu,NA,NA,,NA,96,Mon Apr 16 09:47:48 2018
509,extrapolation,unmarked,initial,ti,gu,SimplePhrase_Training,punch_chef_pl_waitress_sg,NA,straikim negid ti vaem gu,NA,NA,,NA,97,Mon Apr 16 09:47:55 2018
509,extrapolation,unmarked,initial,ti,gu,SimplePhrase_Training,burglar_three,NA,nork ti,NA,NA,,NA,98,Mon Apr 16 09:48:00 2018
509,extrapolation,unmarked,initial,ti,gu,SimplePhrase_Training,kick_burglar_sg_chef_sg,NA,kikim nork negid gu,NA,NA,,NA,99,Mon Apr 16 09:48:08 2018
509,extrapolation,unmarked,initial,ti,gu,SimplePhrase_Training,cowboy,NA,tumbat,NA,NA,,NA,100,Mon Apr 16 09:48:13 2018
509,extrapolation,unmarked,initial,ti,gu,SimplePhrase_Training,chef,NA,negid,NA,NA,,NA,101,Mon Apr 16 09:48:17 2018
509,extrapolation,unmarked,initial,ti,gu,SimplePhrase_Training,kick_waitress_sg_burglar_sg,NA,kikim vaem nork gu,NA,NA,,NA,102,Mon Apr 16 09:48:25 2018
509,extrapolation,unmarked,initial,ti,gu,SimplePhrase_Training,point_burglar_pl_waitress_sg,NA,poinim nork ti vaem gu,NA,NA,,NA,103,Mon Apr 16 09:48:32 2018
509,extrapolation,unmarked,initial,ti,gu,SimplePhrase_Training,chef_four,NA,negid ti,NA,NA,,NA,104,Mon Apr 16 09:48:37 2018
509,extrapolation,unmarked,initial,ti,gu,SimplePhrase_Training,kick_chef_sg_cowboy_sg,NA,kikim negid tumbat gu,NA,NA,,NA,105,Mon Apr 16 09:48:44 2018
509,extrapolation,unmarked,initial,ti,gu,SimplePhrase_Training,waitress_three,NA,vaem ti,NA,NA,,NA,106,Mon Apr 16 09:48:49 2018
509,extrapolation,unmarked,initial,ti,gu,SimplePhrase_Training,cowboy_four,NA,tumbat ti,NA,NA,,NA,107,Mon Apr 16 09:48:54 2018
509,extrapolation,unmarked,initial,ti,gu,SimplePhrase_Training,waitress,NA,vaem,NA,NA,,NA,108,Mon Apr 16 09:48:59 2018
509,extrapolation,unmarked,initial,ti,gu,SimplePhrase_Training,burglar_two,NA,nork ti,NA,NA,,NA,109,Mon Apr 16 09:49:04 2018
509,extrapolation,unmarked,initial,ti,gu,SimplePhrase_Training,chef,NA,negid,NA,NA,,NA,110,Mon Apr 16 09:49:09 2018
509,extrapolation,unmarked,initial,ti,gu,SimplePhrase_Comprehension,kick_waitress_pl_burglar_sg,NA,kikim vaem ti nork gu,correct,NA,,NA,111,Mon Apr 16 09:49:32 2018
509,extrapolation,unmarked,initial,ti,gu,SimplePhrase_Comprehension,cowboy,NA,tumbat,correct,NA,,NA,112,Mon Apr 16 09:49:36 2018
509,extrapolation,unmarked,initial,ti,gu,SimplePhrase_Comprehension,cowboy_four,NA,tumbat ti,correct,NA,,NA,113,Mon Apr 16 09:49:41 2018
509,extrapolation,unmarked,initial,ti,gu,SimplePhrase_Comprehension,punch_waitress_sg_burglar_sg,NA,straikim vaem nork gu,correct,NA,,NA,114,Mon Apr 16 09:49:47 2018
509,extrapolation,unmarked,initial,ti,gu,SimplePhrase_Comprehension,kick_chef_sg_waitress_sg,NA,kikim negid vaem gu,correct,NA,,NA,115,Mon Apr 16 09:49:52 2018
509,extrapolation,unmarked,initial,ti,gu,SimplePhrase_Comprehension,point_burglar_pl_cowboy_sg,NA,poinim nork ti tumbat gu,correct,NA,,NA,116,Mon Apr 16 09:49:59 2018
509,extrapolation,unmarked,initial,ti,gu,SimplePhrase_Comprehension,point_waitress_sg_burglar_sg,NA,poinim vaem nork gu,correct,NA,,NA,117,Mon Apr 16 09:50:04 2018
509,extrapolation,unmarked,initial,ti,gu,SimplePhrase_Comprehension,point_chef_sg_cowboy_sg,NA,poinim negid tumbat gu,correct,NA,,NA,118,Mon Apr 16 09:50:10 2018
509,extrapolation,unmarked,initial,ti,gu,SimplePhrase_Comprehension,chef,NA,negid,correct,NA,,NA,119,Mon Apr 16 09:50:14 2018
509,extrapolation,unmarked,initial,ti,gu,SimplePhrase_Comprehension,point_cowboy_pl_waitress_sg,NA,poinim tumbat ti vaem gu,correct,NA,,NA,120,Mon Apr 16 09:50:22 2018
509,extrapolation,unmarked,initial,ti,gu,SimplePhrase_Comprehension,kick_cowboy_pl_waitress_sg,NA,kikim tumbat ti vaem gu,correct,NA,,NA,121,Mon Apr 16 09:50:27 2018
509,extrapolation,unmarked,initial,ti,gu,SimplePhrase_Comprehension,burglar_two,NA,nork ti,correct,NA,,NA,122,Mon Apr 16 09:50:32 2018
509,extrapolation,unmarked,initial,ti,gu,SimplePhrase_Comprehension,kick_chef_pl_burglar_sg,NA,kikim negid ti nork gu,correct,NA,,NA,123,Mon Apr 16 09:50:37 2018
509,extrapolation,unmarked,initial,ti,gu,SimplePhrase_Comprehension,punch_waitress_sg_cowboy_sg,NA,straikim vaem tumbat gu,correct,NA,,NA,124,Mon Apr 16 09:50:43 2018
509,extrapolation,unmarked,initial,ti,gu,SimplePhrase_Comprehension,waitress_three,NA,vaem ti,correct,NA,,NA,125,Mon Apr 16 09:50:47 2018
509,extrapolation,unmarked,initial,ti,gu,SimplePhrase_Comprehension,punch_cowboy_pl_chef_sg,NA,straikim tumbat ti negid gu,correct,NA,,NA,126,Mon Apr 16 09:50:54 2018
509,extrapolation,unmarked,initial,ti,gu,SimplePhrase_Comprehension,waitress,NA,vaem,correct,NA,,NA,127,Mon Apr 16 09:50:58 2018
509,extrapolation,unmarked,initial,ti,gu,SimplePhrase_Comprehension,cowboy_three,NA,tumbat ti,correct,NA,,NA,128,Mon Apr 16 09:51:02 2018
509,extrapolation,unmarked,initial,ti,gu,SimplePhrase_Comprehension,burglar_four,NA,nork ti,correct,NA,,NA,129,Mon Apr 16 09:51:06 2018
509,extrapolation,unmarked,initial,ti,gu,SimplePhrase_Comprehension,point_waitress_sg_cowboy_sg,NA,poinim vaem tumbat gu,correct,NA,,NA,130,Mon Apr 16 09:51:15 2018
509,extrapolation,unmarked,initial,ti,gu,SimplePhrase_Comprehension,cowboy_two,NA,tumbat ti,correct,NA,,NA,131,Mon Apr 16 09:51:19 2018
509,extrapolation,unmarked,initial,ti,gu,SimplePhrase_Comprehension,waitress_two,NA,vaem ti,correct,NA,,NA,132,Mon Apr 16 09:51:27 2018
509,extrapolation,unmarked,initial,ti,gu,SimplePhrase_Comprehension,kick_cowboy_sg_burglar_sg,NA,kikim tumbat nork gu,correct,NA,,NA,133,Mon Apr 16 09:51:34 2018
509,extrapolation,unmarked,initial,ti,gu,SimplePhrase_Comprehension,punch_cowboy_sg_waitress_sg,NA,straikim tumbat vaem gu,correct,NA,,NA,134,Mon Apr 16 09:51:39 2018
509,extrapolation,unmarked,initial,ti,gu,SimplePhrase_Comprehension,chef_three,NA,negid ti,correct,NA,,NA,135,Mon Apr 16 09:51:44 2018
509,extrapolation,unmarked,initial,ti,gu,SimplePhrase_Comprehension,kick_burglar_pl_chef_sg,NA,kikim nork ti negid gu,correct,NA,,NA,136,Mon Apr 16 09:51:53 2018
509,extrapolation,unmarked,initial,ti,gu,SimplePhrase_Comprehension,kick_burglar_sg_waitress_sg,NA,kikim nork vaem gu,correct,NA,,NA,137,Mon Apr 16 09:52:01 2018
509,extrapolation,unmarked,initial,ti,gu,SimplePhrase_Comprehension,punch_chef_sg_burglar_sg,NA,straikim negid nork gu,correct,NA,,NA,138,Mon Apr 16 09:52:11 2018
509,extrapolation,unmarked,initial,ti,gu,SimplePhrase_Comprehension,burglar_three,NA,nork ti,correct,NA,,NA,139,Mon Apr 16 09:52:15 2018
509,extrapolation,unmarked,initial,ti,gu,SimplePhrase_Comprehension,point_chef_pl_waitress_sg,NA,poinim negid ti vaem gu,correct,NA,,NA,140,Mon Apr 16 09:52:23 2018
509,extrapolation,unmarked,initial,ti,gu,SimplePhrase_Comprehension,kick_cowboy_pl_chef_sg,NA,kikim tumbat ti negid gu,correct,NA,,NA,141,Mon Apr 16 09:52:29 2018
509,extrapolation,unmarked,initial,ti,gu,SimplePhrase_Comprehension,chef_two,NA,negid ti,correct,NA,,NA,142,Mon Apr 16 09:52:35 2018
509,extrapolation,unmarked,initial,ti,gu,SimplePhrase_Comprehension,punch_cowboy_pl_burglar_sg,NA,straikim tumbat ti nork gu,correct,NA,,NA,143,Mon Apr 16 09:52:41 2018
509,extrapolation,unmarked,initial,ti,gu,SimplePhrase_Comprehension,burglar,NA,nork,correct,NA,,NA,144,Mon Apr 16 09:52:46 2018
509,extrapolation,unmarked,initial,ti,gu,SimplePhrase_Typing,point_cowboy_sg_chef_sg,NA,poinim tumbat negid gu,NA,poinim tumbat ti negid gu,,NA,145,Mon Apr 16 09:54:15 2018
509,extrapolation,unmarked,initial,ti,gu,SimplePhrase_Typing,burglar_three,NA,nork ti,NA,nork ti,,NA,146,Mon Apr 16 09:54:25 2018
509,extrapolation,unmarked,initial,ti,gu,SimplePhrase_Typing,waitress_three,NA,vaem ti,NA,vaem ti,,NA,147,Mon Apr 16 09:54:34 2018
509,extrapolation,unmarked,initial,ti,gu,SimplePhrase_Typing,waitress,NA,vaem,NA,vaem,,NA,148,Mon Apr 16 09:54:40 2018
509,extrapolation,unmarked,initial,ti,gu,SimplePhrase_Typing,kick_burglar_pl_cowboy_sg,NA,kikim nork ti tumbat gu,NA,kikim nork ti tumbat gu,,NA,149,Mon Apr 16 09:55:07 2018
509,extrapolation,unmarked,initial,ti,gu,SimplePhrase_Typing,waitress_four,NA,vaem ti,NA,vaem ti,,NA,150,Mon Apr 16 09:55:15 2018
509,extrapolation,unmarked,initial,ti,gu,SimplePhrase_Typing,punch_burglar_sg_waitress_sg,NA,straikim nork vaem gu,NA,straikim nork vaem gu,,NA,151,Mon Apr 16 09:55:44 2018
509,extrapolation,unmarked,initial,ti,gu,SimplePhrase_Typing,point_waitress_pl_burglar_sg,NA,poinim vaem ti nork gu,NA,poinim vaem ti tumbat gu,,NA,152,Mon Apr 16 09:55:58 2018
509,extrapolation,unmarked,initial,ti,gu,SimplePhrase_Typing,point_cowboy_sg_waitress_sg,NA,poinim tumbat vaem gu,NA,poinim tumbat vaem gu,,NA,153,Mon Apr 16 09:56:13 2018
509,extrapolation,unmarked,initial,ti,gu,SimplePhrase_Typing,kick_waitress_pl_chef_sg,NA,kikim vaem ti negid gu,NA,kikim vaem ti negid gu,,NA,154,Mon Apr 16 09:56:27 2018
509,extrapolation,unmarked,initial,ti,gu,SimplePhrase_Typing,chef,NA,negid,NA,negid,,NA,155,Mon Apr 16 09:56:34 2018
509,extrapolation,unmarked,initial,ti,gu,SimplePhrase_Typing,burglar,NA,nork,NA,nork,,NA,156,Mon Apr 16 09:56:41 2018
509,extrapolation,unmarked,initial,ti,gu,SimplePhrase_Typing,burglar_two,NA,nork ti,NA,nork ti,,NA,157,Mon Apr 16 09:56:51 2018
509,extrapolation,unmarked,initial,ti,gu,SimplePhrase_Typing,point_waitress_pl_cowboy_sg,NA,poinim vaem ti tumbat gu,NA,poinim vaem ti tumbat gu,,NA,158,Mon Apr 16 09:57:04 2018
509,extrapolation,unmarked,initial,ti,gu,SimplePhrase_Typing,cowboy,NA,tumbat,NA,tumbat,,NA,159,Mon Apr 16 09:57:11 2018
509,extrapolation,unmarked,initial,ti,gu,SimplePhrase_Typing,point_chef_sg_burglar_sg,NA,poinim negid nork gu,NA,poinim negid nork gu,,NA,160,Mon Apr 16 09:57:26 2018
509,extrapolation,unmarked,initial,ti,gu,ComplexPhrase_Typing,point_burglar_sg_waitress_pl,waitress,poinim nork vaem ti gu,NA,poinim nork ti vaem gu,,NA,161,Mon Apr 16 09:58:04 2018
509,extrapolation,unmarked,initial,ti,gu,ComplexPhrase_Typing,kick_chef_sg_waitress_pl,waitress,kikim negid vaem ti gu,NA,kikim negid ti vaem gu,,NA,162,Mon Apr 16 09:58:16 2018
509,extrapolation,unmarked,initial,ti,gu,ComplexPhrase_Typing,punch_chef_sg_cowboy_pl,cowboy,straikim negid tumbat ti gu,NA,straikim negid ti tumbat gu,,NA,163,Mon Apr 16 09:58:33 2018
509,extrapolation,unmarked,initial,ti,gu,ComplexPhrase_Typing,point_cowboy_sg_chef_pl,chef,poinim tumbat negid ti gu,NA,poinim tumbat ti negid gu,,NA,164,Mon Apr 16 09:58:39 2018
509,extrapolation,unmarked,initial,ti,gu,ComplexPhrase_Typing,kick_chef_sg_waitress_pl,waitress,kikim negid vaem ti gu,NA,"kikim negid ti vaue, gu",,NA,165,Mon Apr 16 09:59:00 2018
509,extrapolation,unmarked,initial,ti,gu,ComplexPhrase_Typing,point_cowboy_sg_chef_pl,chef,poinim tumbat negid ti gu,NA,poinim tumbat ti negid gu,,NA,166,Mon Apr 16 09:59:10 2018
509,extrapolation,unmarked,initial,ti,gu,ComplexPhrase_Typing,point_burglar_sg_waitress_pl,waitress,poinim nork vaem ti gu,NA,poinim nork ti vaem gu,,NA,167,Mon Apr 16 09:59:21 2018
509,extrapolation,unmarked,initial,ti,gu,ComplexPhrase_Typing,punch_chef_sg_cowboy_pl,cowboy,straikim negid tumbat ti gu,NA,straikim negid ti tumbat gu,,NA,168,Mon Apr 16 09:59:30 2018
509,extrapolation,unmarked,initial,ti,gu,ComplexPhrase_Typing,point_cowboy_sg_chef_pl,chef,poinim tumbat negid ti gu,NA,poinim tumbat ti negid gu,,NA,169,Mon Apr 16 09:59:39 2018
509,extrapolation,unmarked,initial,ti,gu,ComplexPhrase_Typing,kick_chef_sg_waitress_pl,waitress,kikim negid vaem ti gu,NA,kikim negid ti vaem gu,,NA,170,Mon Apr 16 09:59:54 2018
509,extrapolation,unmarked,initial,ti,gu,ComplexPhrase_Typing,point_burglar_sg_waitress_pl,waitress,poinim nork vaem ti gu,NA,poinim nork ti vaem gu,,NA,171,Mon Apr 16 10:00:00 2018
509,extrapolation,unmarked,initial,ti,gu,ComplexPhrase_Typing,punch_chef_sg_cowboy_pl,cowboy,straikim negid tumbat ti gu,NA,straikim negid ti tumbat gu,,NA,172,Mon Apr 16 10:00:12 2018
509,extrapolation,unmarked,initial,ti,gu,ComplexPhrase_Testing,punch_cowboy_sg_waitress_pl,waitress,straikim tumbat vaem ti gu,NA,NA,,NA,173,Mon Apr 16 10:01:04 2018
509,extrapolation,unmarked,initial,ti,gu,ComplexPhrase_Testing,waitress_two,NA,vaem ti,NA,NA,,NA,174,Mon Apr 16 10:01:09 2018
509,extrapolation,unmarked,initial,ti,gu,ComplexPhrase_Testing,kick_burglar_sg_waitress_pl,waitress,kikim nork vaem ti gu,NA,NA,,NA,175,Mon Apr 16 10:01:22 2018
509,extrapolation,unmarked,initial,ti,gu,ComplexPhrase_Testing,punch_cowboy_sg_burglar_pl,burglar,straikim tumbat nork ti gu,NA,NA,,NA,176,Mon Apr 16 10:01:29 2018
509,extrapolation,unmarked,initial,ti,gu,ComplexPhrase_Testing,cowboy_three,NA,tumbat ti,NA,NA,,NA,177,Mon Apr 16 10:01:33 2018
509,extrapolation,unmarked,initial,ti,gu,ComplexPhrase_Testing,kick_burglar_sg_waitress_pl,waitress,kikim nork vaem ti gu,NA,NA,,NA,178,Mon Apr 16 10:01:40 2018
509,extrapolation,unmarked,initial,ti,gu,ComplexPhrase_Testing,point_burglar_sg_chef_pl,chef,poinim nork negid ti gu,NA,NA,,NA,179,Mon Apr 16 10:01:48 2018
509,extrapolation,unmarked,initial,ti,gu,ComplexPhrase_Testing,punch_cowboy_sg_burglar_pl,burglar,straikim tumbat nork ti gu,NA,NA,,NA,180,Mon Apr 16 10:02:00 2018
509,extrapolation,unmarked,initial,ti,gu,ComplexPhrase_Testing,punch_chef_sg_burglar_pl,burglar,straikim negid nork ti gu,NA,NA,,NA,181,Mon Apr 16 10:02:05 2018
509,extrapolation,unmarked,initial,ti,gu,ComplexPhrase_Testing,cowboy,NA,tumbat,NA,NA,,NA,182,Mon Apr 16 10:02:08 2018
509,extrapolation,unmarked,initial,ti,gu,ComplexPhrase_Testing,punch_waitress_sg_cowboy_pl,cowboy,straikim vaem tumbat ti gu,NA,NA,,NA,183,Mon Apr 16 10:02:15 2018
509,extrapolation,unmarked,initial,ti,gu,ComplexPhrase_Testing,kick_cowboy_sg_chef_pl,chef,kikim tumbat negid ti gu,NA,NA,,NA,184,Mon Apr 16 10:02:18 2018
509,extrapolation,unmarked,initial,ti,gu,ComplexPhrase_Testing,punch_waitress_pl_burglar_sg,NA,straikim vaem ti nork gu,NA,NA,,NA,185,Mon Apr 16 10:02:25 2018
509,extrapolation,unmarked,initial,ti,gu,ComplexPhrase_Testing,point_waitress_sg_cowboy_pl,cowboy,poinim vaem tumbat ti gu,NA,NA,,NA,186,Mon Apr 16 10:02:39 2018
509,extrapolation,unmarked,initial,ti,gu,ComplexPhrase_Testing,kick_cowboy_sg_burglar_pl,burglar,kikim tumbat nork ti gu,NA,NA,,NA,187,Mon Apr 16 10:02:44 2018
509,extrapolation,unmarked,initial,ti,gu,ComplexPhrase_Testing,point_burglar_sg_cowboy_sg,NA,poinim nork tumbat gu,NA,NA,,NA,188,Mon Apr 16 10:02:49 2018
509,extrapolation,unmarked,initial,ti,gu,ComplexPhrase_Testing,point_burglar_sg_chef_pl,chef,poinim nork negid ti gu,NA,NA,,NA,189,Mon Apr 16 10:03:02 2018
509,extrapolation,unmarked,initial,ti,gu,ComplexPhrase_Testing,point_cowboy_sg_chef_pl,chef,poinim tumbat negid ti gu,NA,NA,,NA,190,Mon Apr 16 10:03:08 2018
509,extrapolation,unmarked,initial,ti,gu,ComplexPhrase_Testing,punch_waitress_sg_cowboy_pl,cowboy,straikim vaem tumbat ti gu,NA,NA,,NA,191,Mon Apr 16 10:03:12 2018
509,extrapolation,unmarked,initial,ti,gu,ComplexPhrase_Testing,cowboy_two,NA,tumbat ti,NA,NA,,NA,192,Mon Apr 16 10:03:15 2018
509,extrapolation,unmarked,initial,ti,gu,ComplexPhrase_Testing,punch_cowboy_sg_chef_sg,NA,straikim tumbat negid gu,NA,NA,,NA,193,Mon Apr 16 10:03:24 2018
509,extrapolation,unmarked,initial,ti,gu,ComplexPhrase_Testing,point_chef_pl_burglar_sg,NA,poinim negid ti nork gu,NA,NA,,NA,194,Mon Apr 16 10:03:35 2018
509,extrapolation,unmarked,initial,ti,gu,ComplexPhrase_Testing,chef,NA,negid,NA,NA,,NA,195,Mon Apr 16 10:03:40 2018
509,extrapolation,unmarked,initial,ti,gu,ComplexPhrase_Testing,punch_cowboy_sg_burglar_pl,burglar,straikim tumbat nork ti gu,NA,NA,,NA,196,Mon Apr 16 10:03:51 2018
509,extrapolation,unmarked,initial,ti,gu,ComplexPhrase_Testing,kick_chef_sg_burglar_sg,NA,kikim negid nork gu,NA,NA,,NA,197,Mon Apr 16 10:03:57 2018
509,extrapolation,unmarked,initial,ti,gu,ComplexPhrase_Testing,burglar_four,NA,nork ti,NA,NA,,NA,198,Mon Apr 16 10:04:03 2018
509,extrapolation,unmarked,initial,ti,gu,ComplexPhrase_Testing,point_cowboy_sg_chef_pl,chef,poinim tumbat negid ti gu,NA,NA,,NA,199,Mon Apr 16 10:04:12 2018
509,extrapolation,unmarked,initial,ti,gu,ComplexPhrase_Testing,punch_burglar_pl_waitress_sg,NA,straikim nork ti vaem gu,NA,NA,,NA,200,Mon Apr 16 10:04:19 2018
509,extrapolation,unmarked,initial,ti,gu,ComplexPhrase_Testing,punch_waitress_sg_cowboy_pl,cowboy,straikim vaem tumbat ti gu,NA,NA,,NA,201,Mon Apr 16 10:04:34 2018
509,extrapolation,unmarked,initial,ti,gu,ComplexPhrase_Testing,kick_cowboy_sg_chef_pl,chef,kikim tumbat negid ti gu,NA,NA,,NA,202,Mon Apr 16 10:04:39 2018
509,extrapolation,unmarked,initial,ti,gu,ComplexPhrase_Testing,kick_burglar_sg_cowboy_pl,cowboy,kikim nork tumbat ti gu,NA,NA,,NA,203,Mon Apr 16 10:04:48 2018
509,extrapolation,unmarked,initial,ti,gu,ComplexPhrase_Testing,kick_cowboy_sg_burglar_pl,burglar,kikim tumbat nork ti gu,NA,NA,,NA,204,Mon Apr 16 10:04:55 2018
509,extrapolation,unmarked,initial,ti,gu,ComplexPhrase_Testing,waitress,NA,vaem,NA,NA,,NA,205,Mon Apr 16 10:04:56 2018
509,extrapolation,unmarked,initial,ti,gu,ComplexPhrase_Testing,punch_burglar_sg_waitress_sg,NA,straikim nork vaem gu,NA,NA,,NA,206,Mon Apr 16 10:05:13 2018
509,extrapolation,unmarked,initial,ti,gu,ComplexPhrase_Testing,point_burglar_sg_chef_sg,NA,poinim nork negid gu,NA,NA,,NA,207,Mon Apr 16 10:05:22 2018
509,extrapolation,unmarked,initial,ti,gu,ComplexPhrase_Testing,punch_chef_sg_waitress_pl,waitress,straikim negid vaem ti gu,NA,NA,,NA,208,Mon Apr 16 10:05:33 2018
509,extrapolation,unmarked,initial,ti,gu,ComplexPhrase_Testing,kick_burglar_sg_cowboy_pl,cowboy,kikim nork tumbat ti gu,NA,NA,,NA,209,Mon Apr 16 10:05:37 2018
509,extrapolation,unmarked,initial,ti,gu,ComplexPhrase_Testing,point_cowboy_sg_chef_pl,chef,poinim tumbat negid ti gu,NA,NA,,NA,210,Mon Apr 16 10:05:41 2018
509,extrapolation,unmarked,initial,ti,gu,ComplexPhrase_Testing,punch_chef_sg_waitress_pl,waitress,straikim negid vaem ti gu,NA,NA,,NA,211,Mon Apr 16 10:05:45 2018
509,extrapolation,unmarked,initial,ti,gu,ComplexPhrase_Testing,point_waitress_sg_cowboy_pl,cowboy,poinim vaem tumbat ti gu,NA,NA,,NA,212,Mon Apr 16 10:05:49 2018
509,extrapolation,unmarked,initial,ti,gu,ComplexPhrase_Testing,punch_chef_sg_burglar_pl,burglar,straikim negid nork ti gu,NA,NA,,NA,213,Mon Apr 16 10:05:54 2018
509,extrapolation,unmarked,initial,ti,gu,ComplexPhrase_Testing,punch_cowboy_sg_waitress_pl,waitress,straikim tumbat vaem ti gu,NA,NA,,NA,214,Mon Apr 16 10:05:58 2018
509,extrapolation,unmarked,initial,ti,gu,ComplexPhrase_Testing,punch_cowboy_sg_waitress_pl,waitress,straikim tumbat vaem ti gu,NA,NA,,NA,215,Mon Apr 16 10:06:04 2018
509,extrapolation,unmarked,initial,ti,gu,ComplexPhrase_Testing,kick_cowboy_sg_burglar_pl,burglar,kikim tumbat nork ti gu,NA,NA,,NA,216,Mon Apr 16 10:06:08 2018
509,extrapolation,unmarked,initial,ti,gu,ComplexPhrase_Testing,punch_chef_pl_waitress_sg,NA,straikim negid ti vaem gu,NA,NA,,NA,217,Mon Apr 16 10:06:14 2018
509,extrapolation,unmarked,initial,ti,gu,ComplexPhrase_Testing,punch_chef_sg_burglar_pl,burglar,straikim negid nork ti gu,NA,NA,,NA,218,Mon Apr 16 10:06:26 2018
509,extrapolation,unmarked,initial,ti,gu,ComplexPhrase_Testing,point_waitress_pl_burglar_sg,NA,poinim vaem ti nork gu,NA,NA,,NA,219,Mon Apr 16 10:06:32 2018
509,extrapolation,unmarked,initial,ti,gu,ComplexPhrase_Testing,chef_two,NA,negid ti,NA,NA,,NA,220,Mon Apr 16 10:06:38 2018
509,extrapolation,unmarked,initial,ti,gu,ComplexPhrase_Testing,kick_burglar_sg_waitress_pl,waitress,kikim nork vaem ti gu,NA,NA,,NA,221,Mon Apr 16 10:06:43 2018
509,extrapolation,unmarked,initial,ti,gu,ComplexPhrase_Testing,burglar,NA,nork,NA,NA,,NA,222,Mon Apr 16 10:06:45 2018
509,extrapolation,unmarked,initial,ti,gu,ComplexPhrase_Testing,kick_burglar_sg_cowboy_pl,cowboy,kikim nork tumbat ti gu,NA,NA,,NA,223,Mon Apr 16 10:06:50 2018
509,extrapolation,unmarked,initial,ti,gu,ComplexPhrase_Testing,point_waitress_sg_cowboy_pl,cowboy,poinim vaem tumbat ti gu,NA,NA,,NA,224,Mon Apr 16 10:06:53 2018
509,extrapolation,unmarked,initial,ti,gu,ComplexPhrase_Testing,punch_burglar_sg_cowboy_sg,NA,straikim nork tumbat gu,NA,NA,,NA,225,Mon Apr 16 10:06:56 2018
509,extrapolation,unmarked,initial,ti,gu,ComplexPhrase_Testing,kick_cowboy_pl_chef_sg,NA,kikim tumbat ti negid gu,NA,NA,,NA,226,Mon Apr 16 10:07:04 2018
509,extrapolation,unmarked,initial,ti,gu,ComplexPhrase_Testing,point_burglar_sg_chef_pl,chef,poinim nork negid ti gu,NA,NA,,NA,227,Mon Apr 16 10:07:11 2018
509,extrapolation,unmarked,initial,ti,gu,ComplexPhrase_Testing,chef_four,NA,negid ti,NA,NA,,NA,228,Mon Apr 16 10:07:14 2018
509,extrapolation,unmarked,initial,ti,gu,ComplexPhrase_Testing,kick_cowboy_sg_chef_pl,chef,kikim tumbat negid ti gu,NA,NA,,NA,229,Mon Apr 16 10:07:19 2018
509,extrapolation,unmarked,initial,ti,gu,ComplexPhrase_Testing,punch_chef_sg_waitress_pl,waitress,straikim negid vaem ti gu,NA,NA,,NA,230,Mon Apr 16 10:07:23 2018
509,extrapolation,unmarked,initial,ti,gu,Questionnaire,NA,NA,NA,NA,NA,,,MeaningCase,Mon Apr 16 10:08:45 2018
509,extrapolation,unmarked,initial,ti,gu,Questionnaire,NA,NA,NA,NA,NA,,,MeaningNum,Mon Apr 16 10:08:45 2018
509,extrapolation,unmarked,initial,ti,gu,Questionnaire,NA,NA,NA,NA,NA,,after,OrderCaseNoun,Mon Apr 16 10:08:45 2018
509,extrapolation,unmarked,initial,ti,gu,Questionnaire,NA,NA,NA,NA,NA,,after,OrderNumNoun,Mon Apr 16 10:08:45 2018
509,extrapolation,unmarked,initial,ti,gu,Questionnaire,NA,NA,NA,NA,NA,,English and French,Languages,Mon Apr 16 10:08:45 2018
